product_id,title,product_description,rating,ratings_count,initial_price,discount,final_price,currency,images,delivery_options,product_details,breadcrumbs,product_specifications,amount_of_stars,what_customers_said,seller_name,sizes,best_offer,more_offers,category,price,quantity,total_amount
8376765,Lino Perros,Women Navy Blue Solid Backpack,3.8,15,3995,58.0,1677.9,INR,"http://assets.myntassets.com/assets/images/8376765/2019/2/14/c93b7d05-6311-497e-ad00-7395c266a9771550142767008-Lino-Perros-Women-Navy-Blue-Solid-Backpack-3271550142765402-1.jpg,http://assets.myntassets.com/assets/images/8376765/2019/2/14/3d5659ce-855a-4e08-9880-970866c824a31550142766980-Lino-Perros-Women-Navy-Blue-Solid-Backpack-3271550142765402-2.jpg,http://assets.myntassets.com/assets/images/8376765/2019/2/14/6a75cfc6-b0a0-4a7a-9561-cd425d3314f31550142766954-Lino-Perros-Women-Navy-Blue-Solid-Backpack-3271550142765402-3.jpg,http://assets.myntassets.com/assets/images/8376765/2019/2/14/6e5b0338-2242-4f64-8fcf-2fc2e7fff5851550142766927-Lino-Perros-Women-Navy-Blue-Solid-Backpack-3271550142765402-4.jpg,http://assets.myntassets.com/assets/images/8376765/2019/2/14/4ccfa2c4-f356-464b-94fd-b48633ab171e1550142766902-Lino-Perros-Women-Navy-Blue-Solid-Backpack-3271550142765402-5.jpg,http://assets.myntassets.com/assets/images/8376765/2019/2/14/0db3b6e8-676d-4459-8e4a-7c8b86ce401f1550142766879-Lino-Perros-Women-Navy-Blue-Solid-Backpack-3271550142765402-6.jpg","[""100% Original Products"",""Pay on delivery might be available"",""Easy 14 days returns and exchanges"",""Try & Buy might be available""]","{""description"":""Navy Blue solid backpackNon-Padded haul loop1 main compartment with flap and button closureNon-Padded backPadded shoulder strap: Non-PaddedWater-resistance: No"",""material_and_care"":""Synthetic Leather. Wipe with a clean, dry cloth to remove dust"",""size_and_fit"":""Height: 34 cm. Width: 33 cm. Depth: 14 cm. Volume: 15.7 litres""}","[{""name"":""Accessories"",""url"":""https://www.myntra.com/accessories""},{""name"":""Women"",""url"":""https://www.myntra.com/women-accessories""},{""name"":""Backpacks"",""url"":""https://www.myntra.com/backpacks""},{""name"":""Lino Perros"",""url"":""https://www.myntra.com/lino-perros-backpacks""},{""name"":""More by Lino Perros"",""url"":""https://www.myntra.com/lino-perros""}]","[{""specification_name"":""Add-Ons"",""specification_value"":""NA""},{""specification_name"":""Back"",""specification_value"":""Non-Padded""},{""specification_name"":""Compartment Closure"",""specification_value"":""Flap""},{""specification_name"":""External Pocket"",""specification_value"":""Zip Pocket""},{""specification_name"":""Features"",""specification_value"":""NA""},{""specification_name"":""Features 2"",""specification_value"":""NA""},{""specification_name"":""Haul Loop Type"",""specification_value"":""Non-Padded""},{""specification_name"":""Laptop Compartment"",""specification_value"":""NA""},{""specification_name"":""Laptop Size"",""specification_value"":""NA""},{""specification_name"":""Material"",""specification_value"":""Synthetic Leather""},{""specification_name"":""Number of External Pockets"",""specification_value"":""2""},{""specification_name"":""Number of Main Compartments"",""specification_value"":""1""},{""specification_name"":""Number of Zips"",""specification_value"":""NA""},{""specification_name"":""Occasion"",""specification_value"":""Casual""},{""specification_name"":""Padded Shoulder Strap"",""specification_value"":""Non-Padded""},{""specification_name"":""Print or Pattern Type"",""specification_value"":""Solid""},{""specification_name"":""Shoulder Strap Type"",""specification_value"":""Ergonomic""},{""specification_name"":""Side Pockets"",""specification_value"":""NA""},{""specification_name"":""Size"",""specification_value"":""Medium""},{""specification_name"":""Surface Styling"",""specification_value"":""Tasselled""},{""specification_name"":""Tablet Sleeve"",""specification_value"":""NA""},{""specification_name"":""Technology"",""specification_value"":""NA""},{""specification_name"":""Volume in Litres"",""specification_value"":""Up to 23 Litres""},{""specification_name"":""Warranty"",""specification_value"":""NA""},{""specification_name"":""Water Resistance"",""specification_value"":""No""}]","{""1_star"":2,""2_stars"":0,""3_stars"":3,""4_stars"":4,""5_stars"":6}",No review,Unknown,"[{""size"":""Onesize""}]",{},"[{""offer_name"":""10% Instant Discount on Citi Credit & Debit Cards "",""offer_value"":"" Min Spend ₹3,000; Max Discount ₹1,000. ""},{""offer_name"":""EMI option available""}]",backpacks,1677.9,1,1677.9
9136281,Tommy Hilfiger,Unisex Navy Blue Striped Backpack,4.5,67,2899,35.0,1884.35,INR,"http://assets.myntassets.com/assets/images/9136281/2021/1/5/76e86881-810a-4c7f-9860-4fc07a93571a1609850007038-Tommy-Hilfiger-Stripe-Line-Signature-Tape-3481609850004862-1.jpg,http://assets.myntassets.com/assets/images/9136281/2021/1/5/dd37695f-aa65-432c-b854-b82e2e59592b1609850006992-Tommy-Hilfiger-Stripe-Line-Signature-Tape-3481609850004862-2.jpg,http://assets.myntassets.com/assets/images/9136281/2021/1/5/6abe094e-6728-45c8-be56-6ac519ac26781609850006938-Tommy-Hilfiger-Stripe-Line-Signature-Tape-3481609850004862-3.jpg,http://assets.myntassets.com/assets/images/9136281/2021/1/5/1564a20b-0dee-48eb-87a5-0fa3ceec96101609850006886-Tommy-Hilfiger-Stripe-Line-Signature-Tape-3481609850004862-4.jpg,http://assets.myntassets.com/assets/images/9136281/2021/1/5/68a140ec-b3f6-4d88-ae24-27344e819c8e1609850006827-Tommy-Hilfiger-Stripe-Line-Signature-Tape-3481609850004862-5.jpg,http://assets.myntassets.com/assets/images/9136281/2021/1/5/38d10c2b-e6c0-443c-b5f9-764d477f4dc71609850006776-Tommy-Hilfiger-Stripe-Line-Signature-Tape-3481609850004862-6.jpg,http://assets.myntassets.com/assets/images/9136281/2021/1/5/87c7c398-6e9a-431c-944f-1cc09e6aecbd1609850006717-Tommy-Hilfiger-Stripe-Line-Signature-Tape-3481609850004862-7.jpg,http://assets.myntassets.com/assets/images/9136281/2021/1/12/7256ddcf-1e4f-4f0d-ba73-6202d871bacd1610454343109-Tommy-Hilfiger-Unisex-Navy-Blue-Striped-Backpack-83416104543-12.jpg","[""100% Original Products"",""Pay on delivery might be available"",""Easy 14 days returns and exchanges"",""Try & Buy might be available""]","{""description"":""Navy Blue backpackNon-Padded haul loop1 main compartment with zip closurePadded Mesh backZip PocketPadded shoulder strap: PaddedWater-resistance: YesWarranty: 2 yearsWarranty provided by brand/manufacturer"",""material_and_care"":""Polyester. Wipe with a clean, dry cloth to remove dust"",""size_and_fit"":""Height: 47 cm. Width: 31 cm. Depth: 14 cm. Laptop Sleeve: 36 cm ( Can hold upto 15 inch laptop)""}","[{""name"":""Accessories"",""url"":""https://www.myntra.com/accessories""},{""name"":""Unisex"",""url"":""https://www.myntra.com/unisex-accessories""},{""name"":""Backpacks"",""url"":""https://www.myntra.com/backpacks""},{""name"":""Tommy Hilfiger"",""url"":""https://www.myntra.com/tommy-hilfiger-backpacks""},{""name"":""More by Tommy Hilfiger"",""url"":""https://www.myntra.com/tommy-hilfiger""}]","[{""specification_name"":""Add-Ons"",""specification_value"":""NA""},{""specification_name"":""Back"",""specification_value"":""Padded Mesh""},{""specification_name"":""Compartment Closure"",""specification_value"":""Zip""},{""specification_name"":""External Pocket"",""specification_value"":""Zip Pocket""},{""specification_name"":""Features"",""specification_value"":""NA""},{""specification_name"":""Features 2"",""specification_value"":""NA""},{""specification_name"":""Haul Loop Type"",""specification_value"":""Non-Padded""},{""specification_name"":""Laptop Compartment"",""specification_value"":""Padded""},{""specification_name"":""Laptop Size"",""specification_value"":""Up to 15 inch""},{""specification_name"":""Material"",""specification_value"":""Polyester""},{""specification_name"":""Number of External Pockets"",""specification_value"":""1""},{""specification_name"":""Number of Main Compartments"",""specification_value"":""1""},{""specification_name"":""Number of Zips"",""specification_value"":""3 and more""},{""specification_name"":""Occasion"",""specification_value"":""Casual""},{""specification_name"":""Padded Shoulder Strap"",""specification_value"":""Padded""},{""specification_name"":""Print or Pattern Type"",""specification_value"":""Striped""},{""specification_name"":""Shoulder Strap Type"",""specification_value"":""NA""},{""specification_name"":""Side Pockets"",""specification_value"":""NA""},{""specification_name"":""Size"",""specification_value"":""Medium""},{""specification_name"":""Surface Styling"",""specification_value"":""NA""},{""specification_name"":""Sustainable"",""specification_value"":""Regular""},{""specification_name"":""Tablet Sleeve"",""specification_value"":""NA""},{""specification_name"":""Technology"",""specification_value"":""NA""},{""specification_name"":""Volume in Litres"",""specification_value"":""24 to 30 Litres""},{""specification_name"":""Warranty"",""specification_value"":""2 years""},{""specification_name"":""Water Resistance"",""specification_value"":""Yes""}]","{""1_star"":3,""2_stars"":4,""3_stars"":2,""4_stars"":8,""5_stars"":50}",No review,Unknown,"[{""size"":""Onesize""}]",{},"[{""offer_name"":""10% Instant Discount on Citi Credit & Debit Cards "",""offer_value"":"" Min Spend ₹3,000; Max Discount ₹1,000. ""},{""offer_name"":""EMI option available""}]",backpacks,1884.35,1,1884.35
17633752,Lavie,Aries Women Pink Mini Backpack,4.4,226,2999,65.0,1049.65,INR,"http://assets.myntassets.com/assets/images/17633752/2022/12/2/798da268-99f2-43c5-bc75-676b69ade7ac1669953532805LavieAriesWomenPinkMiniBackpack1.jpg,http://assets.myntassets.com/assets/images/17633752/2022/12/2/e7a55c7e-c8b1-4e43-8d1f-bcb08951b1521669953532852LavieAriesWomenPinkMiniBackpack2.jpg,http://assets.myntassets.com/assets/images/17633752/2022/12/2/c17326b2-2fef-4c64-ae83-ad3513e7c9fa1669953532877LavieAriesWomenPinkMiniBackpack3.jpg,http://assets.myntassets.com/assets/images/17633752/2022/12/2/a940d041-10c7-4a1c-8e27-72539e3a66271669953532899LavieAriesWomenPinkMiniBackpack4.jpg,http://assets.myntassets.com/assets/images/17633752/2022/12/2/1211f99f-e7f4-41f5-b92f-2fd6d4285f091669953532920LavieAriesWomenPinkMiniBackpack5.jpg,http://assets.myntassets.com/assets/images/17633752/2022/12/2/48bd56a9-cc30-4f96-9c6f-ffacea424abb1669953532941LavieAriesWomenPinkMiniBackpack6.jpg,http://assets.myntassets.com/assets/images/17633752/2022/12/2/c92d3c39-a88c-42e0-821a-3554fe8ce6b51669953532961LavieAriesWomenPinkMiniBackpack7.jpg,http://assets.myntassets.com/assets/images/17633752/2022/12/2/b36253c0-e8c5-42ba-a588-dd344c6200fd1669953532830LavieAriesWomenPinkMiniBackpack11.jpg","[""100% Original Products"",""Pay on delivery might be available"",""Easy 14 days returns and exchanges"",""Try & Buy might be available""]","{""description"":""Pink solid backpacks  Non-padded sternum shoulder straps, has 1 main compartment with zip closure,  Zip pocket,   Non-padded back  Water Resistance: no "",""material_and_care"":""Material: Synthetic. Wipe with a damp cloth"",""size_and_fit"":""Dimensions:&nbsp;28.5 X 23.5 X 11 cm. Volume: Up to 23 Litres. Laptop compartment can hold laptop""}","[{""name"":""Accessories"",""url"":""https://www.myntra.com/accessories""},{""name"":""Women"",""url"":""https://www.myntra.com/women-accessories""},{""name"":""Backpacks"",""url"":""https://www.myntra.com/backpacks""},{""name"":""Lavie"",""url"":""https://www.myntra.com/lavie-backpacks""},{""name"":""More by Lavie"",""url"":""https://www.myntra.com/lavie""}]","[{""specification_name"":""Add-Ons"",""specification_value"":""NA""},{""specification_name"":""Back"",""specification_value"":""Non-Padded""},{""specification_name"":""Compartment Closure"",""specification_value"":""Zip""},{""specification_name"":""External Pocket"",""specification_value"":""Zip Pocket""},{""specification_name"":""Features"",""specification_value"":""NA""},{""specification_name"":""Features 2"",""specification_value"":""NA""},{""specification_name"":""Haul Loop Type"",""specification_value"":""NA""},{""specification_name"":""Laptop Compartment"",""specification_value"":""NA""},{""specification_name"":""Laptop Size"",""specification_value"":""NA""},{""specification_name"":""Material"",""specification_value"":""Synthetic""},{""specification_name"":""Number of External Pockets"",""specification_value"":""NA""},{""specification_name"":""Number of Main Compartments"",""specification_value"":""1""},{""specification_name"":""Number of Zips"",""specification_value"":""1""},{""specification_name"":""Occasion"",""specification_value"":""Casual""},{""specification_name"":""Padded Shoulder Strap"",""specification_value"":""Non-Padded""},{""specification_name"":""Print or Pattern Type"",""specification_value"":""Solid""},{""specification_name"":""Shoulder Strap Type"",""specification_value"":""Sternum""},{""specification_name"":""Side Pockets"",""specification_value"":""NA""},{""specification_name"":""Size"",""specification_value"":""Small""},{""specification_name"":""Surface Styling"",""specification_value"":""NA""},{""specification_name"":""Sustainable"",""specification_value"":""Regular""},{""specification_name"":""Tablet Sleeve"",""specification_value"":""NA""},{""specification_name"":""Technology"",""specification_value"":""NA""},{""specification_name"":""Volume in Litres"",""specification_value"":""Up to 23 Litres""},{""specification_name"":""Warranty"",""specification_value"":""NA""},{""specification_name"":""Water Resistance"",""specification_value"":""No""}]","{""1_star"":9,""2_stars"":5,""3_stars"":10,""4_stars"":55,""5_stars"":147}",No review,Unknown,"[{""size"":""S""}]",{},"[{""offer_name"":""10% Instant Discount on Citi Credit & Debit Cards "",""offer_value"":"" Min Spend ₹3,000; Max Discount ₹1,000. ""},{""offer_name"":""EMI option available""}]",backpacks,1049.65,1,1049.65
1376949,F Gear,Unisex Navy & Grey Printed Burner Backpack,4.4,1052,1675,52.0,804.0,INR,"http://assets.myntassets.com/assets/images/1376949/2022/12/1/756cb321-b3b8-4246-b3c7-317980b06b071669873465440-F-Gear-Unisex-Navy--Grey-Printed-Burner-Backpack-41416698734-1.jpg,http://assets.myntassets.com/assets/images/1376949/2022/12/1/51c8350e-219f-4184-b5cf-b2287f5439151669873465427-F-Gear-Unisex-Navy--Grey-Printed-Burner-Backpack-41416698734-2.jpg,http://assets.myntassets.com/assets/images/1376949/2022/12/1/263412e0-976b-4ac2-bdef-00fef46526d01669873465413-F-Gear-Unisex-Navy--Grey-Printed-Burner-Backpack-41416698734-3.jpg,http://assets.myntassets.com/assets/images/1376949/2022/12/1/86c2ff0c-5132-444e-adcb-c8dab239c0491669873465396-F-Gear-Unisex-Navy--Grey-Printed-Burner-Backpack-41416698734-4.jpg","[""100% Original Products"",""Pay on delivery might be available"",""Easy 14 days returns and exchanges"",""Try & Buy might be available""]","{""description"":""Navy and grey printed backpackOne haul loop, two padded and adjustable shoulder strapsTwo main zip compartments, one with a slip pocket and the other with two slip pocketsTwo slip pockets on the frontA zip pocket on either sideWarranty: 1 year against manufacturing defects"",""material_and_care"":""Polyester. Wipe with a clean, dry cloth when needed"",""size_and_fit"":""Height: 45 cm. Width: 31 cm. Depth: 20 cm""}","[{""name"":""Accessories"",""url"":""https://www.myntra.com/accessories""},{""name"":""Unisex"",""url"":""https://www.myntra.com/unisex-accessories""},{""name"":""Backpacks"",""url"":""https://www.myntra.com/backpacks""},{""name"":""F Gear"",""url"":""https://www.myntra.com/f-gear-backpacks""},{""name"":""More by F Gear"",""url"":""https://www.myntra.com/f-gear""}]","[{""specification_name"":""Compartment Closure"",""specification_value"":""Drawstring""},{""specification_name"":""Laptop Size"",""specification_value"":""Up to 16 inch""},{""specification_name"":""Material"",""specification_value"":""Leather""},{""specification_name"":""Number of Main Compartments"",""specification_value"":""2""},{""specification_name"":""Occasion"",""specification_value"":""Casual""},{""specification_name"":""Size"",""specification_value"":""Medium""}]","{""1_star"":33,""2_stars"":21,""3_stars"":69,""4_stars"":282,""5_stars"":647}",No review,Unknown,"[{""size"":""Onesize""}]",{},"[{""offer_name"":""10% Instant Discount on Citi Credit & Debit Cards "",""offer_value"":"" Min Spend ₹3,000; Max Discount ₹1,000. ""},{""offer_name"":""EMI option available""}]",backpacks,804.0,1,804.0
13939916,MYTRIDENT,Men Blue Solid Bath Robe,4.7,12,2899,17.0,2406.17,INR,"http://assets.myntassets.com/assets/images/productimage/2021/3/23/ce9de137-9aae-4010-b713-0712565ce90b1616473101960-1.jpg,http://assets.myntassets.com/assets/images/productimage/2021/3/23/7c680a61-4200-4542-9eb9-c1a7742621921616473101982-2.jpg,http://assets.myntassets.com/assets/images/productimage/2021/3/23/759a27f1-33e2-4121-8998-0c4dd1fa1aad1616473102004-3.jpg,http://assets.myntassets.com/assets/images/productimage/2021/3/23/18f83973-dd78-4cc7-9571-503c193e1c501616473102027-4.jpg,http://assets.myntassets.com/assets/images/productimage/2021/3/23/2f6ba43c-9c7c-4c20-a8f5-25fa35a09e6d1616473102051-5.jpg","[""100% Original Products"",""Pay on delivery might be available"",""Easy 14 days returns and exchanges"",""Try & Buy might be available""]","{""description"":""Blue solid bath robe, has a shawl collar with an open front, three-quarter sleeves, two patch pockets on the front, and belt loops on either side of the waistComes with a fabric beltFeatures:Highly absorbentBreathableRemain soft after multiple wash and dry cycles"",""material_and_care"":""Terry cotton. Warm machine-wash. Wash separately on first use. Do not bleach. Line dry in shade. Do not iron. Do not dry clean"",""size_and_fit"":""The model (height (6') is wearing size M""}","[{""name"":""Men"",""url"":""https://www.myntra.com/men-home""},{""name"":""Bath Robe"",""url"":""https://www.myntra.com/bath-robe""},{""name"":""MYTRIDENT"",""url"":""https://www.myntra.com/mytrident-bath-robe""},{""name"":""More by MYTRIDENT"",""url"":""https://www.myntra.com/mytrident""}]","[{""specification_name"":""Body or Garment Size"",""specification_value"":""Garment Measurements in""},{""specification_name"":""Sustainable"",""specification_value"":""Regular""}]","{""1_star"":0,""2_stars"":0,""3_stars"":0,""4_stars"":4,""5_stars"":8}",No review,Unknown,"[{""size"":""M"",""value"":""45.0in"",""value_name"":""Front Length""},{""size"":""M"",""value"":""41.0in"",""value_name"":""Waist""},{""size"":""M"",""value"":""22.0in"",""value_name"":""Across Shoulder""},{""size"":""M"",""value"":""40.0in"",""value_name"":""Chest""},{""size"":""M"",""value"":""16.0in"",""value_name"":""Sleeve-Length""}]",{},"[{""offer_name"":""10% Instant Discount on IndusInd Bank Debit Cards "",""offer_value"":"" Min Spend ₹2,500; Max Discount ₹1,000. ""},{""offer_name"":""10% Instant Discount on Citi Credit & Debit Cards "",""offer_value"":"" Min Spend ₹3,000; Max Discount ₹1,000. ""},{""offer_name"":""10% Instant Discount on Yes Bank Credit Cards "",""offer_value"":"" Min Spend ₹3,500; Max Discount ₹1,000. ""},{""offer_name"":""Flat ₹100 Cashback on Mobiwkik Wallet/Zip "",""offer_value"":"" Min Spend ₹1,999. ""},{""offer_name"":""7.5% Discount on Myntra Kotak Credit Card."",""offer_value"":"" Max Discount Up to ₹750 on every spends. ""}]",bath-robe,2406.17,1,2406.17
17198778,H&M,Beige & Tan Solid Stoneware Soap Dispenser,4.5,42,1399,0.0,1399.0,INR,"http://assets.myntassets.com/assets/images/17198778/2022/2/17/e3712bfd-2755-4038-8068-94b0594ee28b1645110215872Stonewaresoapdispenser2.jpg,http://assets.myntassets.com/assets/images/17198778/2022/2/17/65080958-7535-464c-a7e2-9e0a50c9aa6a1645110216133Stonewaresoapdispenser3.jpg","[""100% Original Products"",""Pay on delivery might be available"",""Easy 14 days returns and exchanges""]","{""description"":""Soap dispenser in glazed stoneware with a plastic pump."",""material_and_care"":""100% Stoneware. Wipe with a damp cloth to remove the dust"",""size_and_fit"":""Dimension:. Diameter 8 cm.. Height excluding pump 13 cm.""}","[{""name"":""Unisex"",""url"":""https://www.myntra.com/unisex-home""},{""name"":""Bathroom Accessories"",""url"":""https://www.myntra.com/bathroom-accessories""},{""name"":""H&M"",""url"":""https://www.myntra.com/h&m-bathroom-accessories""},{""name"":""More by H&M"",""url"":""https://www.myntra.com/h&m""}]","[{""specification_name"":""Finish"",""specification_value"":""Matte""},{""specification_name"":""Material"",""specification_value"":""Stoneware""},{""specification_name"":""Mounting Type"",""specification_value"":""None""},{""specification_name"":""Print or Pattern Type"",""specification_value"":""Solid""},{""specification_name"":""Set Size"",""specification_value"":""1""},{""specification_name"":""Sustainable"",""specification_value"":""Regular""},{""specification_name"":""Theme"",""specification_value"":""Contemporary""},{""specification_name"":""Type"",""specification_value"":""Soap Dispenser""}]","{""1_star"":2,""2_stars"":2,""3_stars"":0,""4_stars"":5,""5_stars"":33}",No review,H &███Hen███ & █████████eta█████████████████████,"[{""size"":""Onesize""}]","{""applicable_on"":""Orders above Rs. 1499 (only on first purchase)"",""best_price"":""1026"",""coupon_code"":""MYNTRA400"",""coupon_discount"":"" Rs. 373.0 off (check cart for final savings)""}","[{""offer_name"":""10% Instant Discount on IndusInd Bank Debit Cards "",""offer_value"":"" Min Spend ₹2,500; Max Discount ₹1,000. ""},{""offer_name"":""10% Instant Discount on Citi Credit & Debit Cards "",""offer_value"":"" Min Spend ₹3,000; Max Discount ₹1,000. ""},{""offer_name"":""10% Instant Discount on Yes Bank Credit Cards "",""offer_value"":"" Min Spend ₹3,500; Max Discount ₹1,000. ""},{""offer_name"":""Flat ₹100 Cashback on Mobiwkik Wallet/Zip "",""offer_value"":"" Min Spend ₹1,999. ""},{""offer_name"":""7.5% Discount on Myntra Kotak Credit Card."",""offer_value"":"" Max Discount Up to ₹750 on every spends. ""}]",bathroom-accessories,1399.0,1,1399.0
19851824,AVI Living,Grey Solid 500 GSM Pure Cotton Bath Towel,4.0,5,1399,65.0,489.65,INR,"http://assets.myntassets.com/assets/images/19851824/2022/9/9/141b1edb-8ecd-4e7c-9a28-c24d4c640a3a1662703127540AVILivingZeroTwistCottonTowelCottonBathTowelGSM550Grey1.jpg,http://assets.myntassets.com/assets/images/19851824/2022/9/9/3fba7561-ac16-457d-8928-8859c3f7dea81662703127563AVILivingZeroTwistCottonTowelCottonBathTowelGSM550Grey2.jpg,http://assets.myntassets.com/assets/images/19851824/2022/9/9/534c076e-2655-49bd-9ea2-df7ddb013bea1662703127551AVILivingZeroTwistCottonTowelCottonBathTowelGSM550Grey3.jpg,http://assets.myntassets.com/assets/images/19851824/2022/9/9/0132494f-fbfd-4bec-b50e-43e80ca19f561662703127528AVILivingZeroTwistCottonTowelCottonBathTowelGSM550Grey4.jpg,http://assets.myntassets.com/assets/images/19851824/2022/9/9/723e4b2e-539f-4b23-afca-7b11d569e70d1662703127574AVILivingZeroTwistCottonTowelCottonBathTowelGSM550Grey5.jpg","[""100% Original Products"",""Pay on delivery might be available"",""Easy 14 days returns and exchanges"",""Try & Buy might be available""]","{""description"":""Set content: 1 Bath TowelFeature: OEKO-TEX 100 Certified to be Free from Harmful ChemicalsMaterial: 100% CottonGSM: 500Colour: Grey"",""material_and_care"":""Cotton. Machine wash cold, gentle cycle. Do not bleach. Tumble dry low, delicate cycle. Remove promptly or line dry."",""size_and_fit"":""Dimensions: 142.24 cm x 76.2 cm (Length x Width)""}","[{""name"":""Unisex"",""url"":""https://www.myntra.com/unisex-home""},{""name"":""Bath Towels"",""url"":""https://www.myntra.com/bath-towels""},{""name"":""AVI Living"",""url"":""https://www.myntra.com/avi-living-bath-towels""},{""name"":""More by AVI Living"",""url"":""https://www.myntra.com/avi-living""}]","[{""specification_name"":""Fabric"",""specification_value"":""Cotton""},{""specification_name"":""GSM"",""specification_value"":""550""},{""specification_name"":""Pattern"",""specification_value"":""Solid""},{""specification_name"":""Set Size"",""specification_value"":""1""},{""specification_name"":""Sustainable"",""specification_value"":""Regular""},{""specification_name"":""Type"",""specification_value"":""Regular""},{""specification_name"":""Use For"",""specification_value"":""Adult""}]","{""1_star"":0,""2_stars"":1,""3_stars"":0,""4_stars"":2,""5_stars"":2}",No review,Unknown,"[{""size"":""Onesize""}]",{},"[{""offer_name"":""10% Instant Discount on Citi Credit & Debit Cards "",""offer_value"":"" Min Spend ₹3,000; Max Discount ₹1,000. ""}]",bath-towels,489.65,1,489.65
18602872,My Room,Yellow & Green Floral 140 TC King Bedsheet with 2 Pillow Covers,4.7,10,2999,54.0,1379.54,INR,"http://assets.myntassets.com/assets/images/18602872/2022/8/16/fd780651-1615-47e7-bb13-216afd52f25f1660639355241-My-Room-Yellow--Green-Floral-140-TC-King-Bedsheet-with-2-Pil-1.jpg,http://assets.myntassets.com/assets/images/18602872/2022/8/16/e845a5a5-bccf-4ef2-b796-221a2af13d961660639355231-My-Room-Yellow--Green-Floral-140-TC-King-Bedsheet-with-2-Pil-2.jpg,http://assets.myntassets.com/assets/images/18602872/2022/8/16/a149b1bb-9b67-412f-88b3-89827d4141201660639355220-My-Room-Yellow--Green-Floral-140-TC-King-Bedsheet-with-2-Pil-3.jpg,http://assets.myntassets.com/assets/images/18602872/2022/8/16/9d555f58-8501-4d58-abeb-57ac6f3101c01660639355209-My-Room-Yellow--Green-Floral-140-TC-King-Bedsheet-with-2-Pil-4.jpg","[""100% Original Products"",""Pay on delivery might be available"",""Easy 14 days returns and exchanges""]","{""description"":""Set content: 1 king bedsheet with 2 pillow covers  Quality: fine  Thread count: 140  Colour: yellow and green  Pattern: floral"",""material_and_care"":""Cotton. Machine wash cold. Wash dark colours seperately. Do not soak. Do not bleach, tumble dry low , warm iron if necessary"",""size_and_fit"":""1N King bedsheet 2.74 metre x 2.74 metre &amp; 2N Pillow Covers 43cms x 68cms""}","[{""name"":""Unisex"",""url"":""https://www.myntra.com/unisex-home""},{""name"":""Bedsheets"",""url"":""https://www.myntra.com/bedsheets""},{""name"":""My Room"",""url"":""https://www.myntra.com/my-room-bedsheets""},{""name"":""More by My Room"",""url"":""https://www.myntra.com/my-room""}]","[{""specification_name"":""Bed Size"",""specification_value"":""King""},{""specification_name"":""Fabric"",""specification_value"":""Cotton""},{""specification_name"":""GSM"",""specification_value"":""NA""},{""specification_name"":""Number of Bedsheets"",""specification_value"":""1""},{""specification_name"":""Number of Pillow Covers"",""specification_value"":""2""},{""specification_name"":""Print or Pattern Type"",""specification_value"":""Floral""},{""specification_name"":""Quality"",""specification_value"":""Fine""},{""specification_name"":""Sustainable"",""specification_value"":""Regular""},{""specification_name"":""Thread Count"",""specification_value"":""140""},{""specification_name"":""Type"",""specification_value"":""Flat""},{""specification_name"":""Wash Care"",""specification_value"":""Machine Wash""}]","{""1_star"":0,""2_stars"":0,""3_stars"":0,""4_stars"":3,""5_stars"":7}",No review,Unknown,"[{""size"":""Single""},{""size"":""Double Queen""},{""size"":""Super King""}]",{},"[{""offer_name"":""10% Instant Discount on Citi Credit & Debit Cards "",""offer_value"":"" Min Spend ₹3,000; Max Discount ₹1,000. ""},{""offer_name"":""EMI option available""}]",bedsheets,1379.54,1,1379.54
18602850,My Room,Ethnic Print 144 TC Super King Bedsheet with 2 Pillow Covers,4.5,22,2999,54.0,1379.54,INR,"http://assets.myntassets.com/assets/images/18602850/2022/8/16/990a6062-8048-47e4-adb2-92709b8a6d531660639260775-My-Room-Unisex-Grey-Bedsheets-1011660639260505-1.jpg,http://assets.myntassets.com/assets/images/18602850/2022/8/16/d4245a24-5d74-42c0-a3a4-b9605bf3abca1660639260766-My-Room-Unisex-Grey-Bedsheets-1011660639260505-2.jpg,http://assets.myntassets.com/assets/images/18602850/2022/8/16/b7899064-7d84-4398-9d59-44cfe8f3c3651660639260755-My-Room-Unisex-Grey-Bedsheets-1011660639260505-3.jpg,http://assets.myntassets.com/assets/images/18602850/2022/8/16/78cdc6b9-1c6a-473e-94a5-a50782f15cb31660639260745-My-Room-Unisex-Grey-Bedsheets-1011660639260505-4.jpg","[""100% Original Products"",""Pay on delivery might be available"",""Easy 14 days returns and exchanges""]","{""description"":""Dimensions: Super King bedsheet 2.74 metre x 2.74 metre & 2N Pillow Covers 43cms x 68cms"",""material_and_care"":""Machine wash cold. Wash dark colours seperately. Do not soak. Do not bleach, tumble dry low , warm iron if necessary"",""size_and_fit"":""/""}","[{""name"":""Unisex"",""url"":""https://www.myntra.com/unisex-home""},{""name"":""Bedsheets"",""url"":""https://www.myntra.com/bedsheets""},{""name"":""My Room"",""url"":""https://www.myntra.com/my-room-bedsheets""},{""name"":""More by My Room"",""url"":""https://www.myntra.com/my-room""}]","[{""specification_name"":""Bed Size"",""specification_value"":""King""},{""specification_name"":""Fabric"",""specification_value"":""Cotton""},{""specification_name"":""GSM"",""specification_value"":""NA""},{""specification_name"":""Number of Bedsheets"",""specification_value"":""1""},{""specification_name"":""Number of Pillow Covers"",""specification_value"":""2""},{""specification_name"":""Print or Pattern Type"",""specification_value"":""Abstract""},{""specification_name"":""Quality"",""specification_value"":""Regular""},{""specification_name"":""Sustainable"",""specification_value"":""Regular""},{""specification_name"":""Thread Count"",""specification_value"":""140""},{""specification_name"":""Type"",""specification_value"":""Flat""},{""specification_name"":""Wash Care"",""specification_value"":""Machine Wash""}]","{""1_star"":1,""2_stars"":1,""3_stars"":1,""4_stars"":2,""5_stars"":17}",No review,Unknown,"[{""size"":""Super King""}]",{},"[{""offer_name"":""10% Instant Discount on Citi Credit & Debit Cards "",""offer_value"":"" Min Spend ₹3,000; Max Discount ₹1,000. ""},{""offer_name"":""EMI option available""}]",bedsheets,1379.54,1,1379.54
8961147,Story@home,Pink & White Floral 160 TC Cotton 1 King Bedsheet with 2 Pillow Covers,3.7,7,2199,53.0,1033.53,INR,"http://assets.myntassets.com/assets/images/8961147/2021/7/5/26d0354d-96cb-49a3-bc8e-45cb9059d8fe1625469256587StoryhomePinkWhiteFloral160TCCotton1KingBedsheetwith2PillowC1.jpg,http://assets.myntassets.com/assets/images/8961147/2021/7/5/3b477da3-76e6-43f0-ad3e-096f5c89fdca1625469256597StoryhomePinkWhiteFloral160TCCotton1KingBedsheetwith2PillowC2.jpg,http://assets.myntassets.com/assets/images/8961147/2021/7/5/5cff65bc-ec5f-4533-a75a-63894c0f9e6c1625469256606StoryhomePinkWhiteFloral160TCCotton1KingBedsheetwith2PillowC3.jpg,http://assets.myntassets.com/assets/images/8961147/2021/7/5/6c380918-d78e-479b-aad4-d0c6041799561625469256617StoryhomePinkWhiteFloral160TCCotton1KingBedsheetwith2PillowC4.jpg","[""100% Original Products"",""Pay on delivery might be available"",""Easy 14 days returns and exchanges""]","{""description"":""Set content: 1 King bedsheet with 2 pillow coversQuality: RegularThread count: 160Colour: Pink and WhitePattern: Floral"",""material_and_care"":""100% Cotton. Machine-wash"",""size_and_fit"":""King bedsheet: 2.7 metres&nbsp;x 2.7 metres (length x width). Pillow covers: 69 cm x 46 cm (length x width)""}","[{""name"":""Unisex"",""url"":""https://www.myntra.com/unisex-home""},{""name"":""Bedsheets"",""url"":""https://www.myntra.com/bedsheets""},{""name"":""Story@home"",""url"":""https://www.myntra.com/story@home-bedsheets""},{""name"":""More by Story@home"",""url"":""https://www.myntra.com/story@home""}]","[{""specification_name"":""Bed Size"",""specification_value"":""King""},{""specification_name"":""Fabric"",""specification_value"":""Cotton""},{""specification_name"":""Number of Bedsheets"",""specification_value"":""1""},{""specification_name"":""Number of Pillow Covers"",""specification_value"":""2""},{""specification_name"":""Print or Pattern Type"",""specification_value"":""Floral""},{""specification_name"":""Quality"",""specification_value"":""Regular""},{""specification_name"":""Thread Count"",""specification_value"":""160""},{""specification_name"":""Type"",""specification_value"":""Flat""},{""specification_name"":""Wash Care"",""specification_value"":""Machine Wash""}]","{""1_star"":1,""2_stars"":1,""3_stars"":0,""4_stars"":2,""5_stars"":3}",No review,Unknown,"[{""size"":""Double King""}]",{},"[{""offer_name"":""10% Instant Discount on Citi Credit & Debit Cards "",""offer_value"":"" Min Spend ₹3,000; Max Discount ₹1,000. ""},{""offer_name"":""EMI option available""}]",bedsheets,1033.53,1,1033.53
8430275,MYTRIDENT,Sea Green Floral Flat 120 TC Cotton 1 Queen Bedsheet with 2 Pillow Covers,4.4,26,2199,46.0,1187.46,INR,"http://assets.myntassets.com/assets/images/productimage/2019/1/8/4dc84fae-a4de-4032-af19-fe342a69c4b51546897808007-1.jpg,http://assets.myntassets.com/assets/images/productimage/2019/1/8/ffb5cd86-4a00-46ad-91df-c851e2817ea71546897808028-2.jpg,http://assets.myntassets.com/assets/images/productimage/2019/1/8/ef8c69e9-446a-4305-8174-400139d634621546897808064-3.jpg","[""100% Original Products"",""Pay on delivery might be available"",""Easy 14 days returns and exchanges""]","{""description"":""Set content: 1 Queen bedsheet with 2 pillow coversQuality: RegularThread count: 120Colour: Sea GreenPattern: Floral flat"",""material_and_care"":""Cotton.  Machine-wash"",""size_and_fit"":""Queen Size Bedsheet:. Length: 2.24 m. Width:&nbsp;2.54 m,. Pillow Covers:. Length: 43 cm. Width:&nbsp;68 cm""}","[{""name"":""Unisex"",""url"":""https://www.myntra.com/unisex-home""},{""name"":""Bedsheets"",""url"":""https://www.myntra.com/bedsheets""},{""name"":""MYTRIDENT"",""url"":""https://www.myntra.com/mytrident-bedsheets""},{""name"":""More by MYTRIDENT"",""url"":""https://www.myntra.com/mytrident""}]","[{""specification_name"":""Bed Size"",""specification_value"":""Queen""},{""specification_name"":""Fabric"",""specification_value"":""Cotton""},{""specification_name"":""Number of Bedsheets"",""specification_value"":""1""},{""specification_name"":""Number of Pillow Covers"",""specification_value"":""2""},{""specification_name"":""Print or Pattern Type"",""specification_value"":""Floral""},{""specification_name"":""Quality"",""specification_value"":""Regular""},{""specification_name"":""Thread Count"",""specification_value"":""120""},{""specification_name"":""Type"",""specification_value"":""Flat""},{""specification_name"":""Wash Care"",""specification_value"":""Machine Wash""}]","{""1_star"":0,""2_stars"":1,""3_stars"":2,""4_stars"":9,""5_stars"":14}",No review,Unknown,"[{""size"":""Double Queen""}]",{},"[{""offer_name"":""10% Instant Discount on Citi Credit & Debit Cards "",""offer_value"":"" Min Spend ₹3,000; Max Discount ₹1,000. ""},{""offer_name"":""EMI option available""}]",bedsheets,1187.46,1,1187.46
18346118,Arrabi,Pink & White Graphic 300 TC King Bedsheet with 2 Pillow Covers,0.0,0,3329,74.0,865.54,INR,"http://assets.myntassets.com/assets/images/18346118/2022/5/20/e6d86141-8c7f-4934-a364-23bef1c2d1751653023170165ArrabiPinkGraphicTCCottonBlendDoubleKingSizeBedsheetwith2Pil1.jpg,http://assets.myntassets.com/assets/images/18346118/2022/5/20/d9bf6361-5833-418a-8095-6647bbc25d091653023170157ArrabiPinkGraphicTCCottonBlendDoubleKingSizeBedsheetwith2Pil2.jpg,http://assets.myntassets.com/assets/images/18346118/2022/5/20/1afa4ec4-75c8-40e7-aad4-e3268a2b2cdd1653023170172ArrabiPinkGraphicTCCottonBlendDoubleKingSizeBedsheetwith2Pil3.jpg,http://assets.myntassets.com/assets/images/18346118/2022/5/20/8145a864-192c-4d7d-908a-8cdcb098ee441653023170148ArrabiPinkGraphicTCCottonBlendDoubleKingSizeBedsheetwith2Pil4.jpg","[""100% Original Products"",""Pay on delivery might be available"",""Easy 14 days returns and exchanges""]","{""description"":""Set Content: 1 King Bedsheet with 2 Pillow CoversQuality: FineThread Count: 300Colour: Pink and WhitePattern: Graphic"",""material_and_care"":""Polycotton. Machine wash cold"",""size_and_fit"":""Bed Sheet Size : 270 X 260 cm or 108 X 104 Inches. Pillow Cover Size : 70 x 45 cm or 28 x 18 Inches""}","[{""name"":""Unisex"",""url"":""https://www.myntra.com/unisex-home""},{""name"":""Bedsheets"",""url"":""https://www.myntra.com/bedsheets""},{""name"":""Arrabi"",""url"":""https://www.myntra.com/arrabi-bedsheets""},{""name"":""More by Arrabi"",""url"":""https://www.myntra.com/arrabi""}]","[{""specification_name"":""Bed Size"",""specification_value"":""King""},{""specification_name"":""Fabric"",""specification_value"":""Polycotton""},{""specification_name"":""GSM"",""specification_value"":""130""},{""specification_name"":""Number of Bedsheets"",""specification_value"":""1""},{""specification_name"":""Number of Pillow Covers"",""specification_value"":""2""},{""specification_name"":""Print or Pattern Type"",""specification_value"":""Graphic""},{""specification_name"":""Quality"",""specification_value"":""Fine""},{""specification_name"":""Sustainable"",""specification_value"":""Regular""},{""specification_name"":""Thread Count"",""specification_value"":""300""},{""specification_name"":""Type"",""specification_value"":""Flat""},{""specification_name"":""Wash Care"",""specification_value"":""Machine Wash""}]","{""1_star"":0,""2_stars"":0,""3_stars"":0,""4_stars"":0,""5_stars"":0}",No review,Sig███Ove███as,"[{""size"":""Super King""}]","{""applicable_on"":""Orders above Rs. 999 (only on first purchase)"",""best_price"":""605"",""coupon_code"":""MYNTRA300"",""coupon_discount"":"" Rs. 260.0 off (check cart for final savings)""}","[{""offer_name"":""10% Instant Discount on IndusInd Bank Debit Cards "",""offer_value"":"" Min Spend ₹2,500; Max Discount ₹1,000. ""},{""offer_name"":""10% Instant Discount on Citi Credit & Debit Cards "",""offer_value"":"" Min Spend ₹3,000; Max Discount ₹1,000. ""},{""offer_name"":""10% Instant Discount on Yes Bank Credit Cards "",""offer_value"":"" Min Spend ₹3,500; Max Discount ₹1,000. ""},{""offer_name"":""Flat ₹100 Cashback on Mobiwkik Wallet/Zip "",""offer_value"":"" Min Spend ₹1,999. ""},{""offer_name"":""7.5% Discount on Myntra Kotak Credit Card."",""offer_value"":"" Max Discount Up to ₹750 on every spends. ""},{""offer_name"":""EMI option available"",""offer_value"":""EMI starting from Rs.41/month""}]",bedsheets,865.54,1,865.54
18327434,BELLA CASA,Unisex Blue Bedsheets,0.0,0,1499,73.0,404.73,INR,"http://assets.myntassets.com/assets/images/18327434/2022/5/19/ca2b1f12-db42-40c7-a771-8ce6a16940401652940078854BELLACASAUnisexBlueBedsheets1.jpg,http://assets.myntassets.com/assets/images/18327434/2022/5/19/f5df42f4-7e5c-4c21-a211-e98beb78c07c1652940078821BELLACASAUnisexBlueBedsheets2.jpg,http://assets.myntassets.com/assets/images/18327434/2022/5/19/12b5182a-935e-4d03-bd32-4d7b5c1de00d1652940078837BELLACASAUnisexBlueBedsheets3.jpg,http://assets.myntassets.com/assets/images/18327434/2022/5/19/9d4b93ca-ee85-4f32-9021-7a06b5a200441652940078813BELLACASAUnisexBlueBedsheets4.jpg,http://assets.myntassets.com/assets/images/18327434/2022/5/19/c86b354a-05c4-40cf-97c4-d82bc1d0e92f1652940078805BELLACASAUnisexBlueBedsheets5.jpg,http://assets.myntassets.com/assets/images/18327434/2022/5/19/513ed328-ac60-4b20-8de8-ea8b4dfa911d1652940078847BELLACASAUnisexBlueBedsheets6.jpg,http://assets.myntassets.com/assets/images/18327434/2022/5/19/38146285-e8c9-4797-ac74-d6f1560cb7101652940078829BELLACASAUnisexBlueBedsheets7.jpg","[""100% Original Products"",""Pay on delivery might be available"",""Easy 14 days returns and exchanges""]","{""description"":""WHAT YOU GET : 1 Double Bedsheet with 2 pillow coverSize : Bedsheet - 60 inch x 90 inch or 149 cm x 228 cmPillow Cover : 17 inch x 27 inch or 43 cm x 68 cmFabric & Colour : Cotton Makes skin moisture free & Blue Colour Helps to sleep betterWash Instruction :  Machine wash, Wash separately with like colours, Tumble dry at low temperature, Do not bleach.Thread Count : Long-lasting and luxuriously soft 150 TC bedsheetColour fade resistant for all-season useTrusted by 1 million+ delighted customers and reviewed by many Celebrities like Shraddha Kapoor. Bella Casa is available in more than 4000 outlets across India"",""material_and_care"":""Regular Machine Wash"",""size_and_fit"":""Single Bedsheet: 1.52 m x 2.29 m (length x width). Pillow Cover:&nbsp;43 cm x 68 cm&nbsp;(length x width)""}","[{""name"":""Unisex"",""url"":""https://www.myntra.com/unisex-home""},{""name"":""Bedsheets"",""url"":""https://www.myntra.com/bedsheets""},{""name"":""BELLA CASA"",""url"":""https://www.myntra.com/bella-casa-bedsheets""},{""name"":""More by BELLA CASA"",""url"":""https://www.myntra.com/bella-casa""}]","[{""specification_name"":""Bed Size"",""specification_value"":""Single""},{""specification_name"":""Collection Name"",""specification_value"":""CuddleCollection""},{""specification_name"":""Fabric"",""specification_value"":""Cotton""},{""specification_name"":""GSM"",""specification_value"":""NA""},{""specification_name"":""Number of Bedsheets"",""specification_value"":""1""},{""specification_name"":""Number of Pillow Covers"",""specification_value"":""1""},{""specification_name"":""Print or Pattern Type"",""specification_value"":""Geometric""},{""specification_name"":""Quality"",""specification_value"":""Regular""},{""specification_name"":""Sustainable"",""specification_value"":""Regular""},{""specification_name"":""Thread Count"",""specification_value"":""150""},{""specification_name"":""Type"",""specification_value"":""Flat""},{""specification_name"":""Wash Care"",""specification_value"":""Machine Wash""}]","{""1_star"":0,""2_stars"":0,""3_stars"":0,""4_stars"":0,""5_stars"":0}",No review,Bel███Cas███ash█████████ail█████████,"[{""size"":""Single""}]","{""applicable_on"":""Orders above Rs. 649 (only on first purchase)"",""best_price"":""280"",""coupon_code"":""MYNTRA200"",""coupon_discount"":"" Rs. 124.0 off (check cart for final savings)""}","[{""offer_name"":""10% Instant Discount on IndusInd Bank Debit Cards "",""offer_value"":"" Min Spend ₹2,500; Max Discount ₹1,000. ""},{""offer_name"":""10% Instant Discount on Citi Credit & Debit Cards "",""offer_value"":"" Min Spend ₹3,000; Max Discount ₹1,000. ""},{""offer_name"":""10% Instant Discount on Yes Bank Credit Cards "",""offer_value"":"" Min Spend ₹3,500; Max Discount ₹1,000. ""},{""offer_name"":""Flat ₹100 Cashback on Mobiwkik Wallet/Zip "",""offer_value"":"" Min Spend ₹1,999. ""},{""offer_name"":""7.5% Discount on Myntra Kotak Credit Card."",""offer_value"":"" Max Discount Up to ₹750 on every spends. ""},{""offer_name"":""EMI option available"",""offer_value"":""EMI starting from Rs.19/month""}]",bedsheets,404.73,1,404.73
18492504,ROMEE,Blue & Beige Conversational 160 TC King Bedsheet with 2 Pillow Covers,3.9,10,3499,65.0,1224.65,INR,"http://assets.myntassets.com/assets/images/18492504/2022/7/4/be63c187-e046-41ac-8890-4c4bcaf0170d1656914173810ROMEEBlueBeigeConversational160TCKingBedsheetwith2PillowCove1.jpg,http://assets.myntassets.com/assets/images/18492504/2022/7/4/33e90d90-55b1-4c7c-9b6e-fcf52e7e38bd1656914173830ROMEEBlueBeigeConversational160TCKingBedsheetwith2PillowCove2.jpg,http://assets.myntassets.com/assets/images/18492504/2022/7/4/e43af1b1-7be6-48d5-b436-2bff7a1256131656914173852ROMEEBlueBeigeConversational160TCKingBedsheetwith2PillowCove3.jpg,http://assets.myntassets.com/assets/images/18492504/2022/7/4/dd461fb2-75df-4004-9076-6021fa2d7aab1656914173872ROMEEBlueBeigeConversational160TCKingBedsheetwith2PillowCove4.jpg,http://assets.myntassets.com/assets/images/18492504/2022/7/4/48e013ff-5c2a-4ac7-88de-01d6298d843b1656914173892ROMEEBlueBeigeConversational160TCKingBedsheetwith2PillowCove5.jpg","[""100% Original Products"",""Pay on delivery might be available"",""Easy 14 days returns and exchanges""]","{""description"":""Set content: 1 king bedsheet with 2 pillow covers  Quality: fine  Thread count: 160  Colour: blue and beige  Pattern: conversational"",""material_and_care"":""Cotton. Machine Wash"",""size_and_fit"":""Bedsheet: 2.54 m x 2.74 m\nPillow Covers: 46 cm x 69 cm""}","[{""name"":""Unisex"",""url"":""https://www.myntra.com/unisex-home""},{""name"":""Bedsheets"",""url"":""https://www.myntra.com/bedsheets""},{""name"":""ROMEE"",""url"":""https://www.myntra.com/romee-bedsheets""},{""name"":""More by ROMEE"",""url"":""https://www.myntra.com/romee""}]","[{""specification_name"":""Bed Size"",""specification_value"":""King""},{""specification_name"":""Fabric"",""specification_value"":""Cotton""},{""specification_name"":""GSM"",""specification_value"":""NA""},{""specification_name"":""Number of Bedsheets"",""specification_value"":""1""},{""specification_name"":""Number of Pillow Covers"",""specification_value"":""2""},{""specification_name"":""Print or Pattern Type"",""specification_value"":""Conversational""},{""specification_name"":""Quality"",""specification_value"":""Fine""},{""specification_name"":""Sustainable"",""specification_value"":""Regular""},{""specification_name"":""Thread Count"",""specification_value"":""160""},{""specification_name"":""Type"",""specification_value"":""Flat""},{""specification_name"":""Wash Care"",""specification_value"":""Machine Wash""}]","{""1_star"":1,""2_stars"":1,""3_stars"":1,""4_stars"":2,""5_stars"":5}",No review,Unknown,"[{""size"":""Double King""}]",{},"[{""offer_name"":""10% Instant Discount on Citi Credit & Debit Cards "",""offer_value"":"" Min Spend ₹3,000; Max Discount ₹1,000. ""},{""offer_name"":""EMI option available""}]",bedsheets,1224.65,1,1224.65
13729978,DDecor,White & Brown Floral 350 TC Cotton 1 King Bedsheet with 2 Pillow Covers,3.6,15,1599,20.0,1279.2,INR,"http://assets.myntassets.com/assets/images/13729978/2021/12/16/688f6bdd-c781-43d1-aa41-26f1bc3c2ab21639676170502DDecorWhiteBrownFloral350TCCotton1KingBedsheetwith2PillowCov1.jpg,http://assets.myntassets.com/assets/images/13729978/2021/12/16/5278c3b3-9198-40ef-ba42-78bf316872551639676170556DDecorWhiteBrownFloral350TCCotton1KingBedsheetwith2PillowCov2.jpg,http://assets.myntassets.com/assets/images/13729978/2021/12/16/491bff6b-b9f1-4e5f-9dcb-40e9f550bc711639676170576DDecorWhiteBrownFloral350TCCotton1KingBedsheetwith2PillowCov3.jpg,http://assets.myntassets.com/assets/images/13729978/2021/12/16/aed2486e-8574-4f27-b7b1-689d310595621639676170586DDecorWhiteBrownFloral350TCCotton1KingBedsheetwith2PillowCov4.jpg,http://assets.myntassets.com/assets/images/13729978/2021/12/16/46095b22-bc34-467a-a7b8-e7b297ee15121639676170595DDecorWhiteBrownFloral350TCCotton1KingBedsheetwith2PillowCov5.jpg","[""100% Original Products"",""Pay on delivery might be available"",""Easy 14 days returns and exchanges""]","{""description"":""Set content: 1 King bedsheet with 2 pillow coversQuality: SuperfineThread count: 350Colour: White and BrownPattern: Floral"",""material_and_care"":""Material: Cotton.   Machine Wash"",""size_and_fit"":""Fitted Sheet - 180 CM X 198 CM ; Pillow Covers : 46 CM X 68 CM""}","[{""name"":""Unisex"",""url"":""https://www.myntra.com/unisex-home""},{""name"":""Bedsheets"",""url"":""https://www.myntra.com/bedsheets""},{""name"":""DDecor"",""url"":""https://www.myntra.com/ddecor-bedsheets""},{""name"":""More by DDecor"",""url"":""https://www.myntra.com/ddecor""}]","[{""specification_name"":""Bed Size"",""specification_value"":""King""},{""specification_name"":""Fabric"",""specification_value"":""Cotton""},{""specification_name"":""GSM"",""specification_value"":""NA""},{""specification_name"":""Number of Bedsheets"",""specification_value"":""1""},{""specification_name"":""Number of Pillow Covers"",""specification_value"":""2""},{""specification_name"":""Print or Pattern Type"",""specification_value"":""Floral""},{""specification_name"":""Quality"",""specification_value"":""Superfine""},{""specification_name"":""Sustainable"",""specification_value"":""Regular""},{""specification_name"":""Thread Count"",""specification_value"":""350""},{""specification_name"":""Type"",""specification_value"":""Fitted""},{""specification_name"":""Wash Care"",""specification_value"":""Machine Wash""}]","{""1_star"":4,""2_stars"":1,""3_stars"":0,""4_stars"":2,""5_stars"":8}",No review,Unknown,"[{""size"":""Double King""}]",{},"[{""offer_name"":""10% Instant Discount on Citi Credit & Debit Cards "",""offer_value"":"" Min Spend ₹3,000; Max Discount ₹1,000. ""},{""offer_name"":""EMI option available""}]",bedsheets,1279.2,1,1279.2
19788630,Home Ecstasy,140tc Pure Cotton printed Teal Blue Single Bedsheet with 1 Pillow Cover,4.5,6,1199,42.0,695.4200000000001,INR,"http://assets.myntassets.com/assets/images/19788630/2022/9/6/52c146d7-dcfd-4251-bfed-334a85aabadc1662464584343HomeEcstasyUnisexTealBedsheets1.jpg,http://assets.myntassets.com/assets/images/19788630/2022/9/6/3ff97990-6bdf-4388-9469-b1c023bdb4a01662464584352HomeEcstasyUnisexTealBedsheets2.jpg,http://assets.myntassets.com/assets/images/19788630/2022/9/6/86004b58-1837-40c1-850a-51b1b7fa53831662464584327HomeEcstasyUnisexTealBedsheets3.jpg,http://assets.myntassets.com/assets/images/19788630/2022/9/6/2c9f5e0f-9cb8-4464-b17a-2cb7cb443edb1662464584336HomeEcstasyUnisexTealBedsheets4.jpg","[""100% Original Products"",""Pay on delivery might be available"",""Easy 14 days returns and exchanges""]","{""description"":""140tc 100% Cotton Printed Teal Blue Single Bedsheet with 1 Pillow Cover"",""material_and_care"":""Cotton. Machine wash"",""size_and_fit"":""Dimensions: Single bedsheet 1.50 metre x 2.20 metre. 1N Pillow Covers 43cm x 68cm""}","[{""name"":""Unisex"",""url"":""https://www.myntra.com/unisex-home""},{""name"":""Bedsheets"",""url"":""https://www.myntra.com/bedsheets""},{""name"":""Home Ecstasy"",""url"":""https://www.myntra.com/home-ecstasy-bedsheets""},{""name"":""More by Home Ecstasy"",""url"":""https://www.myntra.com/home-ecstasy""}]","[{""specification_name"":""Bed Size"",""specification_value"":""Single""},{""specification_name"":""Fabric"",""specification_value"":""Cotton""},{""specification_name"":""GSM"",""specification_value"":""NA""},{""specification_name"":""Number of Bedsheets"",""specification_value"":""1""},{""specification_name"":""Number of Pillow Covers"",""specification_value"":""1""},{""specification_name"":""Print or Pattern Type"",""specification_value"":""Geometric""},{""specification_name"":""Quality"",""specification_value"":""Regular""},{""specification_name"":""Sustainable"",""specification_value"":""Regular""},{""specification_name"":""Thread Count"",""specification_value"":""140""},{""specification_name"":""Type"",""specification_value"":""Flat""},{""specification_name"":""Wash Care"",""specification_value"":""Machine Wash""}]","{""1_star"":0,""2_stars"":0,""3_stars"":0,""4_stars"":3,""5_stars"":3}",No review,Unknown,"[{""size"":""Single""},{""size"":""Double Queen""}]",{},"[{""offer_name"":""10% Instant Discount on Citi Credit & Debit Cards "",""offer_value"":"" Min Spend ₹3,000; Max Discount ₹1,000. ""},{""offer_name"":""EMI option available""}]",bedsheets,695.4200000000001,1,695.4200000000001
20296382,DREAM WEAVERZ,Grey & Coral Printed 220 TC Glazed Cotton King Bedsheet with 2 Pillow Covers,3.8,18,2599,78.0,571.78,INR,"http://assets.myntassets.com/assets/images/20296382/2022/12/15/8e007c41-8875-4a38-aa5c-1be9041c6d5f1671073850536DREAMWEAVERZGreyCoralPrinted220TCGlazedCottonKingBedsheetwit1.jpg,http://assets.myntassets.com/assets/images/20296382/2022/12/15/cf3cfd9c-1bd9-4391-af95-761a3943d3971671073850549DREAMWEAVERZGreyCoralPrinted220TCGlazedCottonKingBedsheetwit2.jpg,http://assets.myntassets.com/assets/images/20296382/2022/12/15/da2dea35-6f3a-48d9-a4d2-c0edcda5d28b1671073850559DREAMWEAVERZGreyCoralPrinted220TCGlazedCottonKingBedsheetwit3.jpg,http://assets.myntassets.com/assets/images/20296382/2022/12/15/5fc2a830-0bcf-4917-97a8-7b9af158a4441671073850569DREAMWEAVERZGreyCoralPrinted220TCGlazedCottonKingBedsheetwit4.jpg,http://assets.myntassets.com/assets/images/20296382/2022/12/15/ee24c74a-b04a-4b4a-90a7-c8aa98f3fbad1671073850580DREAMWEAVERZGreyCoralPrinted220TCGlazedCottonKingBedsheetwit5.jpg,http://assets.myntassets.com/assets/images/20296382/2022/12/15/c4fd8d63-d5ea-4f34-86d3-d95cfa40c7701671073850590DREAMWEAVERZGreyCoralPrinted220TCGlazedCottonKingBedsheetwit6.jpg,http://assets.myntassets.com/assets/images/20296382/2022/12/15/61a0a181-96f7-4ac7-a215-2f54548c75581671073850602DREAMWEAVERZGreyCoralPrinted220TCGlazedCottonKingBedsheetwit7.jpg","[""100% Original Products"",""Pay on delivery might be available"",""Easy 14 days returns and exchanges""]","{""description"":""Set Content : 1 King bedsheet with 2 pillow coversQuality: SuperfineThread count: 220Colour: grey and coralPattern: floral"",""material_and_care"":""Material - Glazed Cotton. Machine Wash"",""size_and_fit"":""Queen Bedsheet: 2.55 m x 2.35 m (length x width)Pillow Cover: 46 cm x 71 cm (length x width). . Double Bed Sheet: 235 X 260 Cm. 2 Pillow Covers : 71 x 46 Cm""}","[{""name"":""Unisex"",""url"":""https://www.myntra.com/unisex-home""},{""name"":""Bedsheets"",""url"":""https://www.myntra.com/bedsheets""},{""name"":""DREAM WEAVERZ"",""url"":""https://www.myntra.com/dream-weaverz-bedsheets""},{""name"":""More by DREAM WEAVERZ"",""url"":""https://www.myntra.com/dream-weaverz""}]","[{""specification_name"":""Bed Size"",""specification_value"":""King""},{""specification_name"":""Collection Name""},{""specification_name"":""Fabric"",""specification_value"":""Cotton""},{""specification_name"":""GSM"",""specification_value"":""NA""},{""specification_name"":""Number of Bedsheets"",""specification_value"":""1""},{""specification_name"":""Number of Pillow Covers"",""specification_value"":""2""},{""specification_name"":""Print or Pattern Type"",""specification_value"":""Floral""},{""specification_name"":""Quality"",""specification_value"":""Superfine""},{""specification_name"":""Sustainable"",""specification_value"":""Regular""},{""specification_name"":""Thread Count"",""specification_value"":""220""},{""specification_name"":""Type"",""specification_value"":""Flat""},{""specification_name"":""Wash Care"",""specification_value"":""Machine Wash""}]","{""1_star"":2,""2_stars"":1,""3_stars"":3,""4_stars"":4,""5_stars"":8}",No review,Unknown,"[{""size"":""Double Queen""}]",{},"[{""offer_name"":""10% Instant Discount on Citi Credit & Debit Cards "",""offer_value"":"" Min Spend ₹3,000; Max Discount ₹1,000. ""},{""offer_name"":""EMI option available""}]",bedsheets,571.78,1,571.78
18346134,Arrabi,Pink & Grey Striped 300 TC King Cotton Bedsheet With 2 Pillow Covers,4.3,12,6329,76.0,1518.96,INR,"http://assets.myntassets.com/assets/images/18346134/2022/5/20/edec0923-876f-401c-9e1e-a429bcb5fec71653020493648ArrabiPinkStripesHandwovenCottonDoubleKingSizeBedsheetwith2P1.jpg,http://assets.myntassets.com/assets/images/18346134/2022/5/20/cbfb1559-7551-4230-9f08-2924760e8c401653020493631ArrabiPinkStripesHandwovenCottonDoubleKingSizeBedsheetwith2P2.jpg,http://assets.myntassets.com/assets/images/18346134/2022/5/20/9a81181f-7486-4156-a385-e3cbd0b4a2481653020493640ArrabiPinkStripesHandwovenCottonDoubleKingSizeBedsheetwith2P3.jpg,http://assets.myntassets.com/assets/images/18346134/2022/5/20/61f3d9c1-25fe-49a4-a1c1-65fa10dc264b1653020493621ArrabiPinkStripesHandwovenCottonDoubleKingSizeBedsheetwith2P4.jpg,http://assets.myntassets.com/assets/images/18346134/2022/5/20/b6b88f46-c0f8-4268-9294-b9c66b342f3f1653020493611ArrabiPinkStripesHandwovenCottonDoubleKingSizeBedsheetwith2P5.jpg","[""100% Original Products"",""Pay on delivery might be available"",""Easy 14 days returns and exchanges""]","{""description"":""Set content: 1 king bedsheet with 2 pillow coversQuality: fineThread count: 300Colour: pink and greyPattern: striped"",""material_and_care"":""Cotton. Machine wash cold"",""size_and_fit"":""Bed Sheet Size : 270 X 270 cm&nbsp;. Pillow Cover Size : 70 x 45 cm""}","[{""name"":""Unisex"",""url"":""https://www.myntra.com/unisex-home""},{""name"":""Bedsheets"",""url"":""https://www.myntra.com/bedsheets""},{""name"":""Arrabi"",""url"":""https://www.myntra.com/arrabi-bedsheets""},{""name"":""More by Arrabi"",""url"":""https://www.myntra.com/arrabi""}]","[{""specification_name"":""Bed Size"",""specification_value"":""King""},{""specification_name"":""Fabric"",""specification_value"":""Cotton""},{""specification_name"":""GSM"",""specification_value"":""130""},{""specification_name"":""Number of Bedsheets"",""specification_value"":""1""},{""specification_name"":""Number of Pillow Covers"",""specification_value"":""2""},{""specification_name"":""Print or Pattern Type"",""specification_value"":""Striped""},{""specification_name"":""Quality"",""specification_value"":""Fine""},{""specification_name"":""Sustainable"",""specification_value"":""Regular""},{""specification_name"":""Thread Count"",""specification_value"":""300""},{""specification_name"":""Type"",""specification_value"":""Flat""},{""specification_name"":""Wash Care"",""specification_value"":""Machine Wash""}]","{""1_star"":1,""2_stars"":0,""3_stars"":1,""4_stars"":3,""5_stars"":7}",No review,Unknown,"[{""size"":""Super King""}]",{},"[{""offer_name"":""10% Instant Discount on Citi Credit & Debit Cards "",""offer_value"":"" Min Spend ₹3,000; Max Discount ₹1,000. ""},{""offer_name"":""EMI option available""}]",bedsheets,1518.96,1,1518.96
22409156,Kastner,Women Textured Tang Slim Belt,3.8,9,1399,84.0,223.83999999999992,INR,"http://assets.myntassets.com/assets/images/22409156/2023/3/18/c3889f7f-9324-4f7c-9bfc-5cb1c6508bc51679101487453Belts1.jpg,http://assets.myntassets.com/assets/images/22409156/2023/3/18/7a5a0da4-8dab-40a0-ace7-022ba428a6951679101487465Belts2.jpg,http://assets.myntassets.com/assets/images/22409156/2023/3/18/7116d81b-269d-482f-bb38-a8b6d1252c061679101487488Belts3.jpg,http://assets.myntassets.com/assets/images/22409156/2023/3/18/a8b4c8da-4f89-4dc3-bfd9-31f38f86247f1679101487477Belts4.jpg,http://assets.myntassets.com/assets/images/22409156/2023/3/18/88c655e2-c311-40fa-afe3-60214f20d33a1679101487498Belts5.jpg","[""100% Original Products"",""Pay on delivery might be available"",""Easy 14 days returns and exchanges"",""Try & Buy might be available""]","{""description"":""Brown textured synthetic leather beltSecured with a tang closureWarranty: 3 monthsWarranty provided by brand owner/manufacturer"",""material_and_care"":""Synthetic Leather. Wipe with a clean and dry cloth to remove dust"",""size_and_fit"":""Width: 1.2 cm""}","[{""name"":""Accessories"",""url"":""https://www.myntra.com/accessories""},{""name"":""Women"",""url"":""https://www.myntra.com/women-accessories""},{""name"":""Belts"",""url"":""https://www.myntra.com/belts""},{""name"":""Kastner"",""url"":""https://www.myntra.com/kastner-belts""},{""name"":""More by Kastner"",""url"":""https://www.myntra.com/kastner""}]","[{""specification_name"":""Belt Width"",""specification_value"":""Slim""},{""specification_name"":""Closure"",""specification_value"":""Tang""},{""specification_name"":""Material"",""specification_value"":""Synthetic Leather""},{""specification_name"":""Multipack Set"",""specification_value"":""Single""},{""specification_name"":""Occasion"",""specification_value"":""Casual""},{""specification_name"":""Pattern"",""specification_value"":""Textured""},{""specification_name"":""Reversible"",""specification_value"":""No""},{""specification_name"":""Stretchable"",""specification_value"":""No""},{""specification_name"":""Sustainable"",""specification_value"":""Regular""},{""specification_name"":""Warranty"",""specification_value"":""3 months""}]","{""1_star"":2,""2_stars"":0,""3_stars"":0,""4_stars"":3,""5_stars"":4}",No review,Kas███r L███her█████████Pvt██████,"[{""size"":""26"",""value"":""26.0in"",""value_name"":""To Fit Waist""},{""size"":""26"",""value"":""32.0in"",""value_name"":""Belt Length""},{""size"":""26"",""value"":""1.2cm"",""value_name"":""Width""},{""size"":""28"",""value"":""28.0in"",""value_name"":""To Fit Waist""},{""size"":""28"",""value"":""34.0in"",""value_name"":""Belt Length""},{""size"":""28"",""value"":""1.2cm"",""value_name"":""Width""},{""size"":""30"",""value"":""30.0in"",""value_name"":""To Fit Waist""},{""size"":""30"",""value"":""36.0in"",""value_name"":""Belt Length""},{""size"":""30"",""value"":""1.2cm"",""value_name"":""Width""},{""size"":""32"",""value"":""32.0in"",""value_name"":""To Fit Waist""},{""size"":""32"",""value"":""38.0in"",""value_name"":""Belt Length""},{""size"":""32"",""value"":""1.2cm"",""value_name"":""Width""},{""size"":""34"",""value"":""34.0in"",""value_name"":""To Fit Waist""},{""size"":""34"",""value"":""40.0in"",""value_name"":""Belt Length""},{""size"":""34"",""value"":""1.2cm"",""value_name"":""Width""},{""size"":""36"",""value"":""36.0in"",""value_name"":""To Fit Waist""},{""size"":""36"",""value"":""42.0in"",""value_name"":""Belt Length""},{""size"":""36"",""value"":""1.2cm"",""value_name"":""Width""}]","{""applicable_on"":""Orders above Rs. 649 (only on first purchase)"",""best_price"":""154"",""coupon_code"":""MYNTRA200"",""coupon_discount"":"" Rs. 69.0 off (check cart for final savings)""}","[{""offer_name"":""10% Instant Discount on IndusInd Bank Debit Cards "",""offer_value"":"" Min Spend ₹2,500; Max Discount ₹1,000. ""},{""offer_name"":""10% Instant Discount on Citi Credit & Debit Cards "",""offer_value"":"" Min Spend ₹3,000; Max Discount ₹1,000. ""},{""offer_name"":""10% Instant Discount on Yes Bank Credit Cards "",""offer_value"":"" Min Spend ₹3,500; Max Discount ₹1,000. ""},{""offer_name"":""Flat ₹100 Cashback on Mobiwkik Wallet/Zip "",""offer_value"":"" Min Spend ₹1,999. ""},{""offer_name"":""7.5% Discount on Myntra Kotak Credit Card."",""offer_value"":"" Max Discount Up to ₹750 on every spends. ""},{""offer_name"":""EMI option available"",""offer_value"":""EMI starting from Rs.11/month""}]",belts,223.83999999999992,1,223.83999999999992
18985918,Tommy Hilfiger,Women Navy Blue Embroidered High-Neck Pure Cotton Bodysuit,4.1,11,2999,40.0,1799.4,INR,"http://assets.myntassets.com/assets/images/18985918/2022/7/19/84f2e81e-c9f3-48bf-8e77-aa8802476c8d1658235336934-Tommy-Hilfiger-Women-Tshirts-6251658235336178-1.jpg,http://assets.myntassets.com/assets/images/18985918/2022/7/19/6d09d61f-582f-456a-af53-c3db87cc6b171658235336925-Tommy-Hilfiger-Women-Tshirts-6251658235336178-2.jpg,http://assets.myntassets.com/assets/images/18985918/2022/7/19/4ea157aa-f9bb-4007-ab01-05d4c56460ec1658235336916-Tommy-Hilfiger-Women-Tshirts-6251658235336178-3.jpg,http://assets.myntassets.com/assets/images/18985918/2022/7/19/f1b3717c-ac66-4a39-afbd-fbf8a8097d311658235336907-Tommy-Hilfiger-Women-Tshirts-6251658235336178-4.jpg,http://assets.myntassets.com/assets/images/18985918/2022/7/19/74a7dcd0-8dd8-4752-851e-659c217b48611658235336898-Tommy-Hilfiger-Women-Tshirts-6251658235336178-5.jpg,http://assets.myntassets.com/assets/images/18985918/2022/7/19/5f18a588-bb5a-49ba-acf0-edff86ee220a1658235336888-Tommy-Hilfiger-Women-Tshirts-6251658235336178-6.jpg,http://assets.myntassets.com/assets/images/18985918/2022/7/19/82cba825-faba-4fe9-8493-bbcb5ced96421658235336879-Tommy-Hilfiger-Women-Tshirts-6251658235336178-7.jpg","[""100% Original Products"",""Pay on delivery might be available"",""Easy 14 days returns and exchanges"",""Try & Buy might be available""]","{""description"":""Navy blue embroidered bodysuit has long sleeves, high-neck, and concealed press-studs at the crotch."",""material_and_care"":""94% Cotton 6% Elastane. Hand-wash"",""size_and_fit"":"". Size worn by the model: S. Chest: 39\"". Waist: 30\"". Hips: 38\"". Height: 6'2\"". ""}","[{""name"":""Clothing"",""url"":""https://www.myntra.com/clothing""},{""name"":""Women"",""url"":""https://www.myntra.com/women-clothing""},{""name"":""Bodysuit"",""url"":""https://www.myntra.com/bodysuit""},{""name"":""Tommy Hilfiger"",""url"":""https://www.myntra.com/tommy-hilfiger-bodysuit""},{""name"":""More by Tommy Hilfiger"",""url"":""https://www.myntra.com/tommy-hilfiger""}]","[{""specification_name"":""Body or Garment Size"",""specification_value"":""Garment Measurements in""},{""specification_name"":""Character"",""specification_value"":""NA""},{""specification_name"":""Fabric"",""specification_value"":""Cotton""},{""specification_name"":""Fabric 2"",""specification_value"":""Elastane""},{""specification_name"":""Multipack Set"",""specification_value"":""NA""},{""specification_name"":""Occasion"",""specification_value"":""Casual""},{""specification_name"":""Pattern"",""specification_value"":""Other""},{""specification_name"":""Sustainable"",""specification_value"":""Regular""},{""specification_name"":""Units Per Bundle"",""specification_value"":""1""},{""specification_name"":""Wash Care"",""specification_value"":""Machine Wash""}]","{""1_star"":1,""2_stars"":0,""3_stars"":2,""4_stars"":2,""5_stars"":6}",No review,PVH███VIN███ASH█████████TE ███████████████,"[{""size"":""XXS"",""value"":""21.8in"",""value_name"":""Front Length""},{""size"":""XXS"",""value"":""13.0in"",""value_name"":""Across Shoulder""},{""size"":""XXS"",""value"":""23.3in"",""value_name"":""To Fit Waist""},{""size"":""XXS"",""value"":""30.5in"",""value_name"":""To Fit Bust""},{""size"":""XS"",""value"":""23.1in"",""value_name"":""Front Length""},{""size"":""XS"",""value"":""15.0in"",""value_name"":""Across Shoulder""},{""size"":""XS"",""value"":""24.8in"",""value_name"":""To Fit Waist""},{""size"":""XS"",""value"":""31.9in"",""value_name"":""To Fit Bust""},{""size"":""S"",""value"":""24.4in"",""value_name"":""Front Length""},{""size"":""S"",""value"":""15.4in"",""value_name"":""Across Shoulder""},{""size"":""S"",""value"":""26.8in"",""value_name"":""To Fit Waist""},{""size"":""S"",""value"":""33.8in"",""value_name"":""To Fit Bust""},{""size"":""M"",""value"":""25.7in"",""value_name"":""Front Length""},{""size"":""M"",""value"":""15.8in"",""value_name"":""Across Shoulder""},{""size"":""M"",""value"":""28.8in"",""value_name"":""To Fit Waist""},{""size"":""M"",""value"":""35.8in"",""value_name"":""To Fit Bust""},{""size"":""L"",""value"":""27.0in"",""value_name"":""Front Length""},{""size"":""L"",""value"":""16.2in"",""value_name"":""Across Shoulder""},{""size"":""L"",""value"":""30.7in"",""value_name"":""To Fit Waist""},{""size"":""L"",""value"":""37.8in"",""value_name"":""To Fit Bust""},{""size"":""XL"",""value"":""28.3in"",""value_name"":""Front Length""},{""size"":""XL"",""value"":""16.6in"",""value_name"":""Across Shoulder""},{""size"":""XL"",""value"":""32.7in"",""value_name"":""To Fit Waist""},{""size"":""XL"",""value"":""39.8in"",""value_name"":""To Fit Bust""}]","{""applicable_on"":""Orders above Rs. 1499 (only on first purchase)"",""best_price"":""1399"",""coupon_code"":""MYNTRA400"",""coupon_discount"":"" Rs. 400.0 off (check cart for final savings)""}","[{""offer_name"":""10% Instant Discount on IndusInd Bank Debit Cards "",""offer_value"":"" Min Spend ₹2,500; Max Discount ₹1,000. ""},{""offer_name"":""10% Instant Discount on Citi Credit & Debit Cards "",""offer_value"":"" Min Spend ₹3,000; Max Discount ₹1,000. ""},{""offer_name"":""10% Instant Discount on Yes Bank Credit Cards "",""offer_value"":"" Min Spend ₹3,500; Max Discount ₹1,000. ""},{""offer_name"":""Flat ₹100 Cashback on Mobiwkik Wallet/Zip "",""offer_value"":"" Min Spend ₹1,999. ""},{""offer_name"":""7.5% Discount on Myntra Kotak Credit Card."",""offer_value"":"" Max Discount Up to ₹750 on every spends. ""}]",bodysuit,1799.4,1,1799.4
22120138,Ed-a-Mamma Baby,Infant Boys Pack Of 2 Printed Pure Cotton Bodysuit,4.2,5,999,30.0,699.3,INR,"http://assets.myntassets.com/assets/images/22120138/2023/2/25/efa259f9-66b7-4a6a-99dd-a4ea9f8f9a811677313854229Ed-a-MammaBabyInfantBoysPackOf2PrintedPureCottonBodysuit1.jpg,http://assets.myntassets.com/assets/images/22120138/2023/2/25/39dbd8d6-b91e-4225-8781-edcadd11b83a1677313854217Ed-a-MammaBabyInfantBoysPackOf2PrintedPureCottonBodysuit2.jpg,http://assets.myntassets.com/assets/images/22120138/2023/2/25/ca2a0c45-84f4-4a52-9212-b0bbe682e9a81677313854250Ed-a-MammaBabyInfantBoysPackOf2PrintedPureCottonBodysuit3.jpg,http://assets.myntassets.com/assets/images/22120138/2023/2/25/403e759f-d195-4051-a6f0-e6ffe749936f1677313854238Ed-a-MammaBabyInfantBoysPackOf2PrintedPureCottonBodysuit4.jpg,http://assets.myntassets.com/assets/images/22120138/2023/2/25/c34b3a98-d119-4bb1-8b2b-51aaab0a83021677313854202Ed-a-MammaBabyInfantBoysPackOf2PrintedPureCottonBodysuit5.jpg,http://assets.myntassets.com/assets/images/22120138/2023/2/25/6d557a52-0a7c-435e-b944-dd5013c6ae671677313854191Ed-a-MammaBabyInfantBoysPackOf2PrintedPureCottonBodysuit6.jpg","[""100% Original Products"",""Pay on delivery might be available"",""Easy 30 days returns and exchanges"",""Try & Buy might be available""]","{""description"":""Pack of 2 printed body suits in blue & green, each has a round neck, short sleeves and button closures at the crotch and at the shoulders.Features: Our fabrics are all natural fiber based and biodegradableWe use safe dyes that are AZO freeOur prints are created just for you, designed to spark ideas and tell new storiesThe fabric scraps are repurposed to make hair bands and potli bagsOur garments have plastic-free and nickel free trims and buttonsWith every garment, we give you a seed ball. Sow it, water it, give it some sunshine\n"",""material_and_care"":""100% Cotton. Machine Wash""}","[{""name"":""Clothing"",""url"":""https://www.myntra.com/clothing""},{""name"":""Boys"",""url"":""https://www.myntra.com/boys-clothing""},{""name"":""Bodysuit"",""url"":""https://www.myntra.com/bodysuit""},{""name"":""Ed-a-Mamma Baby"",""url"":""https://www.myntra.com/ed-a-mamma-baby-bodysuit""},{""name"":""More by Ed-a-Mamma Baby"",""url"":""https://www.myntra.com/ed-a-mamma-baby""}]","[{""specification_name"":""Body or Garment Size"",""specification_value"":""Garment Measurements in""},{""specification_name"":""Character"",""specification_value"":""NA""},{""specification_name"":""Fabric"",""specification_value"":""Cotton""},{""specification_name"":""Fabric 2"",""specification_value"":""NA""},{""specification_name"":""Multipack Set"",""specification_value"":""2""},{""specification_name"":""Occasion"",""specification_value"":""Casual""},{""specification_name"":""Pattern"",""specification_value"":""Printed""},{""specification_name"":""Sustainable"",""specification_value"":""Sustainable""},{""specification_name"":""Units Per Bundle"",""specification_value"":""2""},{""specification_name"":""Wash Care"",""specification_value"":""Machine Wash""}]","{""1_star"":0,""2_stars"":1,""3_stars"":0,""4_stars"":1,""5_stars"":3}",No review,ETE███LIA███EAT█████████CHA█████████████████████ED,"[{""size"":""0-3M"",""value"":""18.9in"",""value_name"":""Chest""},{""size"":""0-3M"",""value"":""14.18in"",""value_name"":""Front Length""},{""size"":""0-3M"",""value"":""7.49in"",""value_name"":""Across Shoulder""},{""size"":""3-6M"",""value"":""19.69in"",""value_name"":""Chest""},{""size"":""3-6M"",""value"":""15.36in"",""value_name"":""Front Length""},{""size"":""3-6M"",""value"":""7.88in"",""value_name"":""Across Shoulder""},{""size"":""6-9M"",""value"":""20.48in"",""value_name"":""Chest""},{""size"":""6-9M"",""value"":""16.54in"",""value_name"":""Front Length""},{""size"":""6-9M"",""value"":""8.27in"",""value_name"":""Across Shoulder""},{""size"":""9-12M"",""value"":""22.05in"",""value_name"":""Chest""},{""size"":""9-12M"",""value"":""17.33in"",""value_name"":""Front Length""},{""size"":""9-12M"",""value"":""8.55in"",""value_name"":""Across Shoulder""},{""size"":""12-18M"",""value"":""23.63in"",""value_name"":""Chest""},{""size"":""12-18M"",""value"":""18.12in"",""value_name"":""Front Length""},{""size"":""12-18M"",""value"":""8.82in"",""value_name"":""Across Shoulder""}]","{""applicable_on"":""Orders above Rs. 999 (only on first purchase)"",""best_price"":""489"",""coupon_code"":""MYNTRA300"",""coupon_discount"":"" Rs. 210.0 off (check cart for final savings)""}","[{""offer_name"":""10% Instant Discount on IndusInd Bank Debit Cards "",""offer_value"":"" Min Spend ₹2,500; Max Discount ₹1,000. ""},{""offer_name"":""10% Instant Discount on Citi Credit & Debit Cards "",""offer_value"":"" Min Spend ₹3,000; Max Discount ₹1,000. ""},{""offer_name"":""10% Instant Discount on Yes Bank Credit Cards "",""offer_value"":"" Min Spend ₹3,500; Max Discount ₹1,000. ""},{""offer_name"":""Flat ₹100 Cashback on Mobiwkik Wallet/Zip "",""offer_value"":"" Min Spend ₹1,999. ""},{""offer_name"":""7.5% Discount on Myntra Kotak Credit Card."",""offer_value"":"" Max Discount Up to ₹750 on every spends. ""}]",bodysuit,699.3,1,699.3
1728397,Mactree,Men Brown Solid Mid-Top Flat Boots,3.9,1727,9060,88.0,1087.1999999999998,INR,"http://assets.myntassets.com/assets/images/1728397/2017/1/19/11484808067909-Mactree-Men-Brown-Solid-Mid-Top-Flat-Boots-1051484808067777-1.jpg,http://assets.myntassets.com/assets/images/1728397/2017/1/19/11484808067889-Mactree-Men-Brown-Solid-Mid-Top-Flat-Boots-1051484808067777-2.jpg,http://assets.myntassets.com/assets/images/1728397/2017/1/19/11484808067867-Mactree-Men-Brown-Solid-Mid-Top-Flat-Boots-1051484808067777-3.jpg,http://assets.myntassets.com/assets/images/1728397/2017/1/19/11484808067853-Mactree-Men-Brown-Solid-Mid-Top-Flat-Boots-1051484808067777-4.jpg,http://assets.myntassets.com/assets/images/1728397/2017/1/19/11484808067830-Mactree-Men-Brown-Solid-Mid-Top-Flat-Boots-1051484808067777-5.jpg","[""100% Original Products"",""Pay on delivery might be available"",""Easy 14 days returns and exchanges""]","{""description"":""A pair of round-toe brown? flat boots, has mid-top styling, lace-up detailPU upper, has a reinforced heel collarCushioned footbedTextured and patterned outsoleWarranty: 30 daysWarranty provided by Brand Owner / Manufacturer"",""material_and_care"":""PU .  Wipe with a clean, dry cloth to remove dust""}","[{""name"":""Footwear"",""url"":""https://www.myntra.com/footwear""},{""name"":""Men"",""url"":""https://www.myntra.com/men-footwear""},{""name"":""Boots"",""url"":""https://www.myntra.com/boots""},{""name"":""Mactree"",""url"":""https://www.myntra.com/mactree-boots""},{""name"":""More by Mactree"",""url"":""https://www.myntra.com/mactree""}]","[{""specification_name"":""Ankle Height"",""specification_value"":""Mid-Top""},{""specification_name"":""Fastening"",""specification_value"":""Lace-Ups""},{""specification_name"":""Heel Height"",""specification_value"":""1 inch""},{""specification_name"":""Heel Type"",""specification_value"":""NA""},{""specification_name"":""Material"",""specification_value"":""Synthetic Leather""},{""specification_name"":""Occasion"",""specification_value"":""Casual""},{""specification_name"":""Pattern"",""specification_value"":""Solid""},{""specification_name"":""Sole Material"",""specification_value"":""TPR""},{""specification_name"":""Surface Styling"",""specification_value"":""NA""},{""specification_name"":""Toe Shape"",""specification_value"":""Round Toe""},{""specification_name"":""Type"",""specification_value"":""Hiking Boots""},{""specification_name"":""Warranty"",""specification_value"":""1 month""}]","{""1_star"":228,""2_stars"":89,""3_stars"":186,""4_stars"":336,""5_stars"":888}",No review,MAX███ IN███NAT██████,"[{""size"":""6"",""value"":""25.1cm"",""value_name"":""To Fit Foot Length""},{""size"":""7"",""value"":""25.8cm"",""value_name"":""To Fit Foot Length""},{""size"":""8"",""value"":""26.5cm"",""value_name"":""To Fit Foot Length""},{""size"":""9"",""value"":""27.0cm"",""value_name"":""To Fit Foot Length""},{""size"":""10"",""value"":""28.0cm"",""value_name"":""To Fit Foot Length""},{""size"":""12"",""value"":""29.3cm"",""value_name"":""To Fit Foot Length""}]","{""applicable_on"":""Orders above Rs. 999 (only on first purchase)"",""best_price"":""787"",""coupon_code"":""MYNTRA300"",""coupon_discount"":"" Rs. 300.0 off (check cart for final savings)""}","[{""offer_name"":""10% Instant Discount on IndusInd Bank Debit Cards "",""offer_value"":"" Min Spend ₹2,500; Max Discount ₹1,000. ""},{""offer_name"":""10% Instant Discount on Citi Credit & Debit Cards "",""offer_value"":"" Min Spend ₹3,000; Max Discount ₹1,000. ""},{""offer_name"":""10% Instant Discount on Yes Bank Credit Cards "",""offer_value"":"" Min Spend ₹3,500; Max Discount ₹1,000. ""},{""offer_name"":""Flat ₹100 Cashback on Mobiwkik Wallet/Zip "",""offer_value"":"" Min Spend ₹1,999. ""},{""offer_name"":""7.5% Discount on Myntra Kotak Credit Card."",""offer_value"":"" Max Discount Up to ₹750 on every spends. ""}]",boots,1087.1999999999998,1,1087.1999999999998
21427828,London Rag,Women Stiletto Heeled High-Top Boots,5.0,4,9599,60.0,3839.6000000000004,INR,"http://assets.myntassets.com/assets/images/21427828/2023/1/5/8e2d9bd5-a96e-45a8-b6e3-9bc2920f17c01672919599343Boots1.jpg,http://assets.myntassets.com/assets/images/21427828/2023/1/5/00c5cd9a-7a2d-4623-bd80-a8e05d24dd691672919599320Boots2.jpg,http://assets.myntassets.com/assets/images/21427828/2023/1/5/cf405115-7760-4c8d-ab36-7b16c3138b321672919599332Boots3.jpg,http://assets.myntassets.com/assets/images/21427828/2023/1/5/1fa5f3d9-0235-44ed-b563-c75002c3fe561672919599309Boots4.jpg,http://assets.myntassets.com/assets/images/21427828/2023/1/5/c361a926-dd39-477c-9df9-6ca1dd3a5d9d1672919599298Boots5.jpg","[""100% Original Products"",""Pay on delivery might be available"",""Easy 14 days returns and exchanges""]","{""description"":""A pair of solid knee length winter boots, has high-top ankle and slip on side zip fastening and pointed toeSuede solid upper materialCushioned footbedTextured and patterned outsole, has a stiletto heel"",""material_and_care"":""Suede. Wipe with a clean and dry cloth to remove dust"",""size_and_fit"":""Heel height: 11.15cm""}","[{""name"":""Footwear"",""url"":""https://www.myntra.com/footwear""},{""name"":""Women"",""url"":""https://www.myntra.com/women-footwear""},{""name"":""Boots"",""url"":""https://www.myntra.com/boots""},{""name"":""London Rag"",""url"":""https://www.myntra.com/london-rag-boots""},{""name"":""More by London Rag"",""url"":""https://www.myntra.com/london-rag""}]","[{""specification_name"":""Ankle Height"",""specification_value"":""High-Top""},{""specification_name"":""Fastening"",""specification_value"":""Zip""},{""specification_name"":""Heel Height"",""specification_value"":""4.5 inches""},{""specification_name"":""Heel Type"",""specification_value"":""Stiletto""},{""specification_name"":""Material"",""specification_value"":""Suede""},{""specification_name"":""Occasion"",""specification_value"":""Casual""},{""specification_name"":""Pattern"",""specification_value"":""Solid""},{""specification_name"":""Sole Material"",""specification_value"":""TPR""},{""specification_name"":""Surface Styling"",""specification_value"":""NA""},{""specification_name"":""Toe Shape"",""specification_value"":""Pointed Toe""},{""specification_name"":""Type"",""specification_value"":""Regular Boots""},{""specification_name"":""Warranty"",""specification_value"":""NA""}]","{""1_star"":0,""2_stars"":0,""3_stars"":0,""4_stars"":0,""5_stars"":4}",No review,VOL███FAS███N P█████████,"[{""size"":""3"",""value"":""23.0cm"",""value_name"":""To Fit Foot Length""},{""size"":""4"",""value"":""24.0cm"",""value_name"":""To Fit Foot Length""},{""size"":""5"",""value"":""24.5cm"",""value_name"":""To Fit Foot Length""},{""size"":""6"",""value"":""25.5cm"",""value_name"":""To Fit Foot Length""},{""size"":""7"",""value"":""26.5cm"",""value_name"":""To Fit Foot Length""},{""size"":""8"",""value"":""27.5cm"",""value_name"":""To Fit Foot Length""}]","{""applicable_on"":""Orders above Rs. 1499 (only on first purchase)"",""best_price"":""3439"",""coupon_code"":""MYNTRA400"",""coupon_discount"":"" Rs. 400.0 off (check cart for final savings)""}","[{""offer_name"":""10% Instant Discount on IndusInd Bank Debit Cards "",""offer_value"":"" Min Spend ₹2,500; Max Discount ₹1,000. ""},{""offer_name"":""10% Instant Discount on Citi Credit & Debit Cards "",""offer_value"":"" Min Spend ₹3,000; Max Discount ₹1,000. ""},{""offer_name"":""10% Instant Discount on Yes Bank Credit Cards "",""offer_value"":"" Min Spend ₹3,500; Max Discount ₹1,000. ""},{""offer_name"":""Flat ₹100 Cashback on Mobiwkik Wallet/Zip "",""offer_value"":"" Min Spend ₹1,999. ""},{""offer_name"":""7.5% Discount on Myntra Kotak Credit Card."",""offer_value"":"" Max Discount Up to ₹750 on every spends. ""}]",boots,3839.6000000000004,1,3839.6000000000004
17372928,The Souled Store,Men Blue & White Abstract Printed Boxers,4.5,22,799,54.0,367.54,INR,"http://assets.myntassets.com/assets/images/17372928/2022/6/21/04ad26cd-e5c5-42e0-a0bb-693927491e1f1655827310029TheSouledStoreMenBlueWhiteAbstractPrintedBoxers1.jpg,http://assets.myntassets.com/assets/images/17372928/2022/6/21/5ed54387-515e-41e3-a792-8b63d8278a5c1655827310037TheSouledStoreMenBlueWhiteAbstractPrintedBoxers2.jpg,http://assets.myntassets.com/assets/images/17372928/2022/6/21/00b40cba-4cd0-41b9-b53a-5482926ace591655827310045TheSouledStoreMenBlueWhiteAbstractPrintedBoxers3.jpg,http://assets.myntassets.com/assets/images/17372928/2022/6/21/8c861cae-0111-4440-ae38-ea9335fd085d1655827310052TheSouledStoreMenBlueWhiteAbstractPrintedBoxers4.jpg,http://assets.myntassets.com/assets/images/17372928/2022/6/21/361ed74b-416e-48ae-b0bc-e09d94fcad0f1655827310061TheSouledStoreMenBlueWhiteAbstractPrintedBoxers5.jpg","[""100% Original Products"",""Pay on delivery might be available"",""Items like innerwear, socks, certain accessories and some high-value fragile items do not come under our return policy""]","{""description"":""Blue, white and black printed boxers, has an inner elasticated waistband with slip-on closure, concealed fly and one back pocket"",""material_and_care"":""Cotton blend. Machine-wash"",""size_and_fit"":""The model (height 6') is wearing a size M""}","[{""name"":""Clothing"",""url"":""https://www.myntra.com/clothing""},{""name"":""Men"",""url"":""https://www.myntra.com/men-clothing""},{""name"":""Boxers"",""url"":""https://www.myntra.com/boxers""},{""name"":""The Souled Store"",""url"":""https://www.myntra.com/the-souled-store-boxers""},{""name"":""More by The Souled Store"",""url"":""https://www.myntra.com/the-souled-store""}]","[{""specification_name"":""Assorted"",""specification_value"":""No""},{""specification_name"":""Character"",""specification_value"":""NA""},{""specification_name"":""Fabric"",""specification_value"":""Cotton Blend""},{""specification_name"":""Knit or Woven"",""specification_value"":""Knitted""},{""specification_name"":""Multipack Set"",""specification_value"":""NA""},{""specification_name"":""Pattern"",""specification_value"":""Printed""},{""specification_name"":""Sustainable"",""specification_value"":""Regular""},{""specification_name"":""Waistband"",""specification_value"":""Inner Elastic""},{""specification_name"":""Wash Care"",""specification_value"":""Machine Wash""}]","{""1_star"":1,""2_stars"":1,""3_stars"":0,""4_stars"":3,""5_stars"":17}","[{""percentage"":""100"",""value_name"":""Fit, Just Right""}]",THE███ULE███TOR█████████D.,"[{""size"":""S"",""value"":""30.0in"",""value_name"":""To Fit Waist""},{""size"":""S"",""value"":""5.0in"",""value_name"":""Inseam Length""},{""size"":""S"",""value"":""20.0in"",""value_name"":""To Fit Hip""},{""size"":""S"",""value"":""14.0in"",""value_name"":""Outseam Length""},{""size"":""M"",""value"":""32.0in"",""value_name"":""To Fit Waist""},{""size"":""M"",""value"":""5.0in"",""value_name"":""Inseam Length""},{""size"":""M"",""value"":""21.0in"",""value_name"":""To Fit Hip""},{""size"":""M"",""value"":""14.5in"",""value_name"":""Outseam Length""},{""size"":""L"",""value"":""34.0in"",""value_name"":""To Fit Waist""},{""size"":""L"",""value"":""5.0in"",""value_name"":""Inseam Length""},{""size"":""L"",""value"":""22.0in"",""value_name"":""To Fit Hip""},{""size"":""L"",""value"":""15.0in"",""value_name"":""Outseam Length""},{""size"":""XL"",""value"":""36.0in"",""value_name"":""To Fit Waist""},{""size"":""XL"",""value"":""5.0in"",""value_name"":""Inseam Length""},{""size"":""XL"",""value"":""23.0in"",""value_name"":""To Fit Hip""},{""size"":""XL"",""value"":""15.5in"",""value_name"":""Outseam Length""}]","{""applicable_on"":""Orders above Rs. 649 (only on first purchase)"",""best_price"":""254"",""coupon_code"":""MYNTRA200"",""coupon_discount"":"" Rs. 113.0 off (check cart for final savings)""}","[{""offer_name"":""10% Instant Discount on IndusInd Bank Debit Cards "",""offer_value"":"" Min Spend ₹2,500; Max Discount ₹1,000. ""},{""offer_name"":""10% Instant Discount on Citi Credit & Debit Cards "",""offer_value"":"" Min Spend ₹3,000; Max Discount ₹1,000. ""},{""offer_name"":""10% Instant Discount on Yes Bank Credit Cards "",""offer_value"":"" Min Spend ₹3,500; Max Discount ₹1,000. ""},{""offer_name"":""Flat ₹100 Cashback on Mobiwkik Wallet/Zip "",""offer_value"":"" Min Spend ₹1,999. ""},{""offer_name"":""7.5% Discount on Myntra Kotak Credit Card."",""offer_value"":"" Max Discount Up to ₹750 on every spends. ""}]",boxers,367.54,1,367.54
15115018,Jockey,Non-Wired Non-Padded Combed Cotton Workout Bra 1376-0105,4.4,1582,579,0.0,579.0,INR,"http://assets.myntassets.com/assets/images/15115018/2024/1/18/eab71c60-6f41-47be-917f-90cadb2f43aa1705571578396JockeyNon-WiredNon-PaddedCombedCottonWorkoutBra1376-01051.jpg,http://assets.myntassets.com/assets/images/15115018/2024/1/18/8c7761a1-bd6b-4217-b66c-39e0bc17c68a1705571578407JockeyNon-WiredNon-PaddedCombedCottonWorkoutBra1376-01052.jpg,http://assets.myntassets.com/assets/images/15115018/2024/1/18/0e44e081-7126-4936-b4f8-e625d500c07c1705571578418JockeyNon-WiredNon-PaddedCombedCottonWorkoutBra1376-01053.jpg,http://assets.myntassets.com/assets/images/15115018/2024/1/18/fe5ef023-61a2-426e-874d-d6de11ec9a6e1705571578429JockeyNon-WiredNon-PaddedCombedCottonWorkoutBra1376-01054.jpg,http://assets.myntassets.com/assets/images/15115018/2024/1/18/b41d154a-aeeb-4f0c-b6f8-b0cca799ddda1705571578440JockeyNon-WiredNon-PaddedCombedCottonWorkoutBra1376-01055.jpg,http://assets.myntassets.com/assets/images/15115018/2024/1/18/affd55c6-04d0-44f6-879d-9184d585464b1705571578453JockeyNon-WiredNon-PaddedCombedCottonWorkoutBra1376-01056.jpg,http://assets.myntassets.com/assets/images/15115018/2024/1/18/32250e49-9517-42c2-b661-c5674099a1c71705571578464JockeyNon-WiredNon-PaddedCombedCottonWorkoutBra1376-01057.jpg","[""100% Original Products"",""Pay on delivery might be available"",""Easy 14 days returns"",""This item is only returnable and not exchangeable""]","{""description"":""Grey melange knitted sports braBasic slip-on with soft moulded seamless cups. Double layered cups & soft bottom band helps keep the bust firmly in placeWider straps for extra support & comfortBack style: RegularFeature: Modern styling provides freedom of movement & excellent fit"",""material_and_care"":""92% combed cotton, 8% elastane. Hand wash. Do not bleach. Do not wring. Drip dry in shade. Do not iron. Do not dry clean. Wash with like colours""}","[{""name"":""Clothing"",""url"":""https://www.myntra.com/clothing""},{""name"":""Women"",""url"":""https://www.myntra.com/women-clothing""},{""name"":""Bra"",""url"":""https://www.myntra.com/bra""},{""name"":""Jockey"",""url"":""https://www.myntra.com/jockey-bra""},{""name"":""More by Jockey"",""url"":""https://www.myntra.com/jockey""}]","[{""specification_name"":""Back"",""specification_value"":""Regular""},{""specification_name"":""Center Front Open"",""specification_value"":""No""},{""specification_name"":""Character"",""specification_value"":""NA""},{""specification_name"":""Closure"",""specification_value"":""Slip-On""},{""specification_name"":""Collection Name"",""specification_value"":""Athleisure""},{""specification_name"":""Coverage"",""specification_value"":""Full""},{""specification_name"":""Fabric"",""specification_value"":""Cotton""},{""specification_name"":""Fabric 2"",""specification_value"":""Elastane""},{""specification_name"":""Fabric 3"",""specification_value"":""NA""},{""specification_name"":""Features"",""specification_value"":""Side Shaper""},{""specification_name"":""Knit or Woven"",""specification_value"":""Knitted""},{""specification_name"":""Multipack Set"",""specification_value"":""Single""},{""specification_name"":""Padding"",""specification_value"":""Non Padded""},{""specification_name"":""Pattern"",""specification_value"":""Solid""},{""specification_name"":""Print or Pattern Type"",""specification_value"":""Solid""},{""specification_name"":""Seam"",""specification_value"":""Seamless""},{""specification_name"":""Sport"",""specification_value"":""Training or Gym""},{""specification_name"":""Sports Bra Support"",""specification_value"":""Medium Support""},{""specification_name"":""Straps"",""specification_value"":""Regular""},{""specification_name"":""Style"",""specification_value"":""NA""},{""specification_name"":""Sustainable"",""specification_value"":""Regular""},{""specification_name"":""Technology"",""specification_value"":""NA""},{""specification_name"":""Type"",""specification_value"":""Workout""},{""specification_name"":""Wash Care"",""specification_value"":""Hand Wash""},{""specification_name"":""Wiring"",""specification_value"":""Non-Wired""}]","{""1_star"":90,""2_stars"":25,""3_stars"":93,""4_stars"":283,""5_stars"":1091}",No review,Tru███m R███il,"[{""size"":""S"",""value"":""34.0in"",""value_name"":""Overbust""},{""size"":""S"",""value"":""27.0in"",""value_name"":""Underbust""},{""size"":""M"",""value"":""36.0in"",""value_name"":""Overbust""},{""size"":""M"",""value"":""29.0in"",""value_name"":""Underbust""},{""size"":""L"",""value"":""38.0in"",""value_name"":""Overbust""},{""size"":""L"",""value"":""31.0in"",""value_name"":""Underbust""},{""size"":""XL"",""value"":""40.0in"",""value_name"":""Overbust""},{""size"":""XL"",""value"":""33.0in"",""value_name"":""Underbust""},{""size"":""3XL"",""value"":""43.0in"",""value_name"":""Overbust""},{""size"":""3XL"",""value"":""37.0in"",""value_name"":""Underbust""}]","{""applicable_on"":""Orders above Rs. 649 (only on first purchase)"",""best_price"":""401"",""coupon_code"":""MYNTRA200"",""coupon_discount"":"" Rs. 178.0 off (check cart for final savings)""}","[{""offer_name"":""10% Instant Discount on IndusInd Bank Debit Cards "",""offer_value"":"" Min Spend ₹2,500; Max Discount ₹1,000. ""},{""offer_name"":""10% Instant Discount on Citi Credit & Debit Cards "",""offer_value"":"" Min Spend ₹3,000; Max Discount ₹1,000. ""},{""offer_name"":""10% Instant Discount on Yes Bank Credit Cards "",""offer_value"":"" Min Spend ₹3,500; Max Discount ₹1,000. ""},{""offer_name"":""Flat ₹100 Cashback on Mobiwkik Wallet/Zip "",""offer_value"":"" Min Spend ₹1,999. ""},{""offer_name"":""7.5% Discount on Myntra Kotak Credit Card."",""offer_value"":"" Max Discount Up to ₹750 on every spends. ""}]",bra,579.0,1,579.0
22063882,GROVERSONS Paris Beauty,Non Padded Cotton Seamless Non-Wired T-shirt Bra,4.0,25,399,25.0,299.25,INR,"http://assets.myntassets.com/assets/images/22063882/2023/2/21/025382e1-1a75-4ffc-a9f9-3be1b3acc0321676968287403GROVERSONSParisBeautyBeigeBra1.jpg,http://assets.myntassets.com/assets/images/22063882/2023/2/21/14611ac7-8012-463a-9f6f-31be1959af8f1676968287393GROVERSONSParisBeautyBeigeBra2.jpg,http://assets.myntassets.com/assets/images/22063882/2023/2/21/0db49abf-fcc1-43a3-8613-4eb0c119ebe31676968287426GROVERSONSParisBeautyBeigeBra3.jpg,http://assets.myntassets.com/assets/images/22063882/2023/2/21/b5793d22-631e-49cd-9e6c-6de36ebc296d1676968287441GROVERSONSParisBeautyBeigeBra4.jpg,http://assets.myntassets.com/assets/images/22063882/2023/2/21/7ffe21b2-f0ab-415a-8edf-6a507d4878021676968287379GROVERSONSParisBeautyBeigeBra5.jpg,http://assets.myntassets.com/assets/images/22063882/2023/2/21/244365da-e339-4e89-8db3-6654dd9711a61676968287413GROVERSONSParisBeautyBeigeBra6.jpg","[""100% Original Products"",""Pay on delivery might be available"",""Easy 14 days returns"",""This item is only returnable and not exchangeable""]","{""description"":""An edgier take on a basic style, this bra is the answer to all your everyday lingerie peeves. Each feature is meticulously defined to give you a smooth and supported look throughout the day.Features VANumber: BR056-SKIN-30BFull coverageNon-wired to retain natural lift and all-day comfortNon padded for minimal support and day long comfortSeamless cupsRegular strapsBack closureFeatures: all day comfort"",""material_and_care"":""Cotton. Hand Wash""}","[{""name"":""Clothing"",""url"":""https://www.myntra.com/clothing""},{""name"":""Women"",""url"":""https://www.myntra.com/women-clothing""},{""name"":""Bra"",""url"":""https://www.myntra.com/bra""},{""name"":""GROVERSONS Paris Beauty"",""url"":""https://www.myntra.com/groversons-paris-beauty-bra""},{""name"":""More by GROVERSONS Paris Beauty"",""url"":""https://www.myntra.com/groversons-paris-beauty""}]","[{""specification_name"":""Back"",""specification_value"":""Regular""},{""specification_name"":""Center Front Open"",""specification_value"":""No""},{""specification_name"":""Character"",""specification_value"":""NA""},{""specification_name"":""Closure"",""specification_value"":""Back Closure""},{""specification_name"":""Coverage"",""specification_value"":""Full""},{""specification_name"":""Fabric"",""specification_value"":""Cotton""},{""specification_name"":""Fabric 2"",""specification_value"":""NA""},{""specification_name"":""Fabric 3"",""specification_value"":""NA""},{""specification_name"":""Features"",""specification_value"":""All Day Comfort""},{""specification_name"":""Knit or Woven"",""specification_value"":""Knitted""},{""specification_name"":""Multipack Set"",""specification_value"":""Single""},{""specification_name"":""Padding"",""specification_value"":""Non Padded""},{""specification_name"":""Pattern"",""specification_value"":""Solid""},{""specification_name"":""Print or Pattern Type"",""specification_value"":""Solid""},{""specification_name"":""Seam"",""specification_value"":""Seamless""},{""specification_name"":""Sport"",""specification_value"":""NA""},{""specification_name"":""Sports Bra Support"",""specification_value"":""Medium Support""},{""specification_name"":""Straps"",""specification_value"":""Regular""},{""specification_name"":""Style"",""specification_value"":""Super Support Bra""},{""specification_name"":""Sustainable"",""specification_value"":""Regular""},{""specification_name"":""Technology"",""specification_value"":""NA""},{""specification_name"":""Type"",""specification_value"":""T-shirt""},{""specification_name"":""Wash Care"",""specification_value"":""Hand Wash""},{""specification_name"":""Wiring"",""specification_value"":""Non-Wired""}]","{""1_star"":3,""2_stars"":0,""3_stars"":3,""4_stars"":8,""5_stars"":11}",No review,Gro███son███ppa█████████Ltd███,"[{""size"":""30B"",""value"":""31.0in"",""value_name"":""Overbust""},{""size"":""30B"",""value"":""26.0in"",""value_name"":""Underbust""},{""size"":""30C"",""value"":""32.0in"",""value_name"":""Overbust""},{""size"":""30C"",""value"":""26.0in"",""value_name"":""Underbust""},{""size"":""32B"",""value"":""33.0in"",""value_name"":""Overbust""},{""size"":""32B"",""value"":""28.0in"",""value_name"":""Underbust""},{""size"":""32C"",""value"":""34.0in"",""value_name"":""Overbust""},{""size"":""32C"",""value"":""28.0in"",""value_name"":""Underbust""},{""size"":""34B"",""value"":""35.0in"",""value_name"":""Overbust""},{""size"":""34B"",""value"":""30.0in"",""value_name"":""Underbust""},{""size"":""34C"",""value"":""36.0in"",""value_name"":""Overbust""},{""size"":""34C"",""value"":""30.0in"",""value_name"":""Underbust""},{""size"":""36B"",""value"":""37.0in"",""value_name"":""Overbust""},{""size"":""36B"",""value"":""32.0in"",""value_name"":""Underbust""},{""size"":""36C"",""value"":""38.0in"",""value_name"":""Overbust""},{""size"":""36C"",""value"":""32.0in"",""value_name"":""Underbust""},{""size"":""38B"",""value"":""39.0in"",""value_name"":""Overbust""},{""size"":""38B"",""value"":""34.0in"",""value_name"":""Underbust""},{""size"":""38C"",""value"":""40.0in"",""value_name"":""Overbust""},{""size"":""38C"",""value"":""34.0in"",""value_name"":""Underbust""},{""size"":""40B"",""value"":""41.0in"",""value_name"":""Overbust""},{""size"":""40B"",""value"":""36.0in"",""value_name"":""Underbust""},{""size"":""40C"",""value"":""42.0in"",""value_name"":""Overbust""},{""size"":""40C"",""value"":""36.0in"",""value_name"":""Underbust""}]","{""applicable_on"":""Orders above Rs. 649 (only on first purchase)"",""best_price"":""207"",""coupon_code"":""MYNTRA200"",""coupon_discount"":"" Rs. 92.0 off (check cart for final savings)""}","[{""offer_name"":""10% Instant Discount on IndusInd Bank Debit Cards "",""offer_value"":"" Min Spend ₹2,500; Max Discount ₹1,000. ""},{""offer_name"":""10% Instant Discount on Citi Credit & Debit Cards "",""offer_value"":"" Min Spend ₹3,000; Max Discount ₹1,000. ""},{""offer_name"":""10% Instant Discount on Yes Bank Credit Cards "",""offer_value"":"" Min Spend ₹3,500; Max Discount ₹1,000. ""},{""offer_name"":""Flat ₹100 Cashback on Mobiwkik Wallet/Zip "",""offer_value"":"" Min Spend ₹1,999. ""},{""offer_name"":""7.5% Discount on Myntra Kotak Credit Card."",""offer_value"":"" Max Discount Up to ₹750 on every spends. ""}]",bra,299.25,1,299.25
19219450,Susie,Black Solid Cotton T-Shirt Bra - Anti-Odour,4.3,12,749,50.0,374.5,INR,"http://assets.myntassets.com/assets/images/19219450/2022/7/22/781ca016-820e-4ddd-8837-00fd6d4aa0561658473120673SusieEverydayWirefreeFullCoverageNon-PaddedMeshNecklineBra-B1.jpg,http://assets.myntassets.com/assets/images/19219450/2022/7/22/7ae0e7b6-e8ce-4db3-b97b-8c78e87cd88f1658473120661SusieEverydayWirefreeFullCoverageNon-PaddedMeshNecklineBra-B2.jpg,http://assets.myntassets.com/assets/images/19219450/2022/7/22/bb1de0ac-d7bf-4ede-b43d-a8fd7627efe51658473120681SusieEverydayWirefreeFullCoverageNon-PaddedMeshNecklineBra-B3.jpg","[""100% Original Products"",""Pay on delivery might be available"",""Easy 14 days returns"",""This item is only returnable and not exchangeable""]","{""description"":""An edgier take on a basic style, this bra is the answer to all your everyday lingerie peeves. Each feature is meticulously defined to give you a smooth and supported look throughout the day.Features VANumber:DIP1003-BlackBeautyFull coverageNon-wired to retain natural lift and all-day comfortNon padded for minimal support and day long comfortSeamless cupsRegular strapsBack closureFeatures: all day comfort, Anti-Odour"",""material_and_care"":""Cotton. Hand-wash""}","[{""name"":""Clothing"",""url"":""https://www.myntra.com/clothing""},{""name"":""Women"",""url"":""https://www.myntra.com/women-clothing""},{""name"":""Bra"",""url"":""https://www.myntra.com/bra""},{""name"":""Susie"",""url"":""https://www.myntra.com/susie-bra""},{""name"":""More by Susie"",""url"":""https://www.myntra.com/susie""}]","[{""specification_name"":""Back"",""specification_value"":""Regular""},{""specification_name"":""Center Front Open"",""specification_value"":""No""},{""specification_name"":""Character"",""specification_value"":""NA""},{""specification_name"":""Closure"",""specification_value"":""Back Closure""},{""specification_name"":""Coverage"",""specification_value"":""Full""},{""specification_name"":""Fabric"",""specification_value"":""Cotton""},{""specification_name"":""Fabric 2"",""specification_value"":""NA""},{""specification_name"":""Fabric 3"",""specification_value"":""NA""},{""specification_name"":""Features"",""specification_value"":""All Day Comfort""},{""specification_name"":""Knit or Woven"",""specification_value"":""Knitted""},{""specification_name"":""Multipack Set"",""specification_value"":""Single""},{""specification_name"":""Padding"",""specification_value"":""Non Padded""},{""specification_name"":""Pattern"",""specification_value"":""Solid""},{""specification_name"":""Print or Pattern Type"",""specification_value"":""Solid""},{""specification_name"":""Seam"",""specification_value"":""Seamless""},{""specification_name"":""Sport"",""specification_value"":""NA""},{""specification_name"":""Sports Bra Support"",""specification_value"":""Medium Support""},{""specification_name"":""Straps"",""specification_value"":""Regular""},{""specification_name"":""Style"",""specification_value"":""NA""},{""specification_name"":""Sustainable"",""specification_value"":""Sustainable""},{""specification_name"":""Technology"",""specification_value"":""Anti Odour""},{""specification_name"":""Type"",""specification_value"":""T-shirt""},{""specification_name"":""Wash Care"",""specification_value"":""Hand Wash""},{""specification_name"":""Wiring"",""specification_value"":""Non-Wired""}]","{""1_star"":0,""2_stars"":2,""3_stars"":1,""4_stars"":1,""5_stars"":8}",No review,GEN███AD ███AIL█████████LIM██████,"[{""size"":""30B"",""value"":""31.0in to 32.0in"",""value_name"":""Overbust""},{""size"":""30B"",""value"":""26.0in to 28.0in"",""value_name"":""Underbust""},{""size"":""30C"",""value"":""32.0in to 33.0in"",""value_name"":""Overbust""},{""size"":""30C"",""value"":""26.0in to 28.0in"",""value_name"":""Underbust""},{""size"":""30D"",""value"":""33.0in to 34.0in"",""value_name"":""Overbust""},{""size"":""30D"",""value"":""26.0in to 28.0in"",""value_name"":""Underbust""},{""size"":""32B"",""value"":""33.0in to 34.0in"",""value_name"":""Overbust""},{""size"":""32B"",""value"":""28.0in to 30.0in"",""value_name"":""Underbust""},{""size"":""32C"",""value"":""34.0in to 35.0in"",""value_name"":""Overbust""},{""size"":""32C"",""value"":""28.0in to 30.0in"",""value_name"":""Underbust""},{""size"":""32D"",""value"":""35.0in to 36.0in"",""value_name"":""Overbust""},{""size"":""32D"",""value"":""28.0in to 30.0in"",""value_name"":""Underbust""},{""size"":""34B"",""value"":""35.0in to 36.0in"",""value_name"":""Overbust""},{""size"":""34B"",""value"":""30.0in to 32.0in"",""value_name"":""Underbust""},{""size"":""34C"",""value"":""36.0in to 37.0in"",""value_name"":""Overbust""},{""size"":""34C"",""value"":""30.0in to 32.0in"",""value_name"":""Underbust""},{""size"":""34D"",""value"":""37.0in to 38.0in"",""value_name"":""Overbust""},{""size"":""34D"",""value"":""30.0in to 32.0in"",""value_name"":""Underbust""},{""size"":""34DD"",""value"":""38.0in to 39.0in"",""value_name"":""Overbust""},{""size"":""34DD"",""value"":""30.0in to 32.0in"",""value_name"":""Underbust""},{""size"":""36B"",""value"":""37.0in to 38.0in"",""value_name"":""Overbust""},{""size"":""36B"",""value"":""32.0in to 34.0in"",""value_name"":""Underbust""},{""size"":""38B"",""value"":""39.0in to 40.0in"",""value_name"":""Overbust""},{""size"":""38B"",""value"":""34.0in to 36.0in"",""value_name"":""Underbust""},{""size"":""38C"",""value"":""40.0in to 41.0in"",""value_name"":""Overbust""},{""size"":""38C"",""value"":""34.0in to 36.0in"",""value_name"":""Underbust""},{""size"":""38D"",""value"":""41.0in to 42.0in"",""value_name"":""Overbust""},{""size"":""38D"",""value"":""34.0in to 36.0in"",""value_name"":""Underbust""},{""size"":""38DD"",""value"":""42.0in to 43.0in"",""value_name"":""Overbust""},{""size"":""38DD"",""value"":""34.0in to 36.0in"",""value_name"":""Underbust""},{""size"":""40B"",""value"":""41.0in to 42.0in"",""value_name"":""Overbust""},{""size"":""40B"",""value"":""36.0in to 38.0in"",""value_name"":""Underbust""},{""size"":""40C"",""value"":""42.0in to 43.0in"",""value_name"":""Overbust""},{""size"":""40C"",""value"":""36.0in to 38.0in"",""value_name"":""Underbust""},{""size"":""40D"",""value"":""43.0in to 44.0in"",""value_name"":""Overbust""},{""size"":""40D"",""value"":""36.0in to 38.0in"",""value_name"":""Underbust""},{""size"":""40DD"",""value"":""44.0in to 45.0in"",""value_name"":""Overbust""},{""size"":""40DD"",""value"":""36.0in to 38.0in"",""value_name"":""Underbust""},{""size"":""42B"",""value"":""43.0in to 44.0in"",""value_name"":""Overbust""},{""size"":""42B"",""value"":""38.0in to 40.0in"",""value_name"":""Underbust""},{""size"":""42C"",""value"":""44.0in to 45.0in"",""value_name"":""Overbust""},{""size"":""42C"",""value"":""38.0in to 40.0in"",""value_name"":""Underbust""},{""size"":""42D"",""value"":""45.0in to 49.0in"",""value_name"":""Overbust""},{""size"":""42D"",""value"":""38.0in to 40.0in"",""value_name"":""Underbust""},{""size"":""44B"",""value"":""45.0in to 46.0in"",""value_name"":""Overbust""},{""size"":""44B"",""value"":""40.0in to 42.0in"",""value_name"":""Underbust""},{""size"":""44C"",""value"":""46.0in to 47.0in"",""value_name"":""Overbust""},{""size"":""44C"",""value"":""40.0in to 42.0in"",""value_name"":""Underbust""},{""size"":""44D"",""value"":""47.0in to 48.0in"",""value_name"":""Overbust""},{""size"":""44D"",""value"":""40.0in to 42.0in"",""value_name"":""Underbust""}]","{""applicable_on"":""Orders above Rs. 649 (only on first purchase)"",""best_price"":""259"",""coupon_code"":""MYNTRA200"",""coupon_discount"":"" Rs. 115.0 off (check cart for final savings)""}","[{""offer_name"":""10% Instant Discount on IndusInd Bank Debit Cards "",""offer_value"":"" Min Spend ₹2,500; Max Discount ₹1,000. ""},{""offer_name"":""10% Instant Discount on Citi Credit & Debit Cards "",""offer_value"":"" Min Spend ₹3,000; Max Discount ₹1,000. ""},{""offer_name"":""10% Instant Discount on Yes Bank Credit Cards "",""offer_value"":"" Min Spend ₹3,500; Max Discount ₹1,000. ""},{""offer_name"":""Flat ₹100 Cashback on Mobiwkik Wallet/Zip "",""offer_value"":"" Min Spend ₹1,999. ""},{""offer_name"":""7.5% Discount on Myntra Kotak Credit Card."",""offer_value"":"" Max Discount Up to ₹750 on every spends. ""}]",bra,374.5,1,374.5
22196924,Zivame,Underwired Lightly Padded Pushup Bra,4.3,118,999,50.0,499.5,INR,"http://assets.myntassets.com/assets/images/22196924/2023/3/2/3a647b11-9ec6-4722-bdd7-72af72da45be1677754453330ZivamePushUpWiredMediumCoverageBra-PastelGreen1.jpg,http://assets.myntassets.com/assets/images/22196924/2023/3/2/9ce9cb2b-2a65-4aa7-869d-f1d5160eb8f41677754453319ZivamePushUpWiredMediumCoverageBra-PastelGreen2.jpg,http://assets.myntassets.com/assets/images/22196924/2023/3/2/eb292300-49b7-453a-9893-8d11d40e76611677754453350ZivamePushUpWiredMediumCoverageBra-PastelGreen3.jpg,http://assets.myntassets.com/assets/images/22196924/2023/3/2/e9b90207-0111-4916-aaff-fb573ab247811677754453339ZivamePushUpWiredMediumCoverageBra-PastelGreen4.jpg","[""100% Original Products"",""Pay on delivery might be available"",""Easy 14 days returns"",""This item is only returnable and not exchangeable""]","{""description"":""Features:VANumber: zi102dfashagrenColor: Green and greyLightly Padded Pushup Bra Medium coverageUnderwired to provide an additional lift and optimal supportLightly padded for defined shaping of breastsSeamless cupsRegular strapsBack closureFeatures: all day comfort"",""material_and_care"":""82% Nylon and 18% Spandex. Hand Wash""}","[{""name"":""Clothing"",""url"":""https://www.myntra.com/clothing""},{""name"":""Women"",""url"":""https://www.myntra.com/women-clothing""},{""name"":""Bra"",""url"":""https://www.myntra.com/bra""},{""name"":""Zivame"",""url"":""https://www.myntra.com/zivame-bra""},{""name"":""More by Zivame"",""url"":""https://www.myntra.com/zivame""}]","[{""specification_name"":""Back"",""specification_value"":""Regular""},{""specification_name"":""Center Front Open"",""specification_value"":""No""},{""specification_name"":""Character"",""specification_value"":""NA""},{""specification_name"":""Closure"",""specification_value"":""Back Closure""},{""specification_name"":""Coverage"",""specification_value"":""Medium Coverage""},{""specification_name"":""Fabric"",""specification_value"":""Nylon""},{""specification_name"":""Fabric 2"",""specification_value"":""Elastane""},{""specification_name"":""Fabric 3"",""specification_value"":""NA""},{""specification_name"":""Features"",""specification_value"":""All Day Comfort""},{""specification_name"":""Knit or Woven"",""specification_value"":""Knitted""},{""specification_name"":""Multipack Set"",""specification_value"":""Single""},{""specification_name"":""Padding"",""specification_value"":""Lightly Padded""},{""specification_name"":""Pattern"",""specification_value"":""Solid""},{""specification_name"":""Print or Pattern Type"",""specification_value"":""Solid""},{""specification_name"":""Seam"",""specification_value"":""Seamless""},{""specification_name"":""Sport"",""specification_value"":""NA""},{""specification_name"":""Sports Bra Support"",""specification_value"":""NA""},{""specification_name"":""Straps"",""specification_value"":""Regular""},{""specification_name"":""Style"",""specification_value"":""Super Support Bra""},{""specification_name"":""Sustainable"",""specification_value"":""Regular""},{""specification_name"":""Technology"",""specification_value"":""NA""},{""specification_name"":""Type"",""specification_value"":""Push-Up""},{""specification_name"":""Wash Care"",""specification_value"":""Hand Wash""},{""specification_name"":""Wiring"",""specification_value"":""Underwired""}]","{""1_star"":6,""2_stars"":7,""3_stars"":8,""4_stars"":17,""5_stars"":80}",No review,MIL███AR ███AIL█████████LIM██████,"[{""size"":""30A"",""value"":""31.0in"",""value_name"":""Overbust""},{""size"":""30A"",""value"":""26.0in"",""value_name"":""Underbust""},{""size"":""30B"",""value"":""32.0in"",""value_name"":""Overbust""},{""size"":""30B"",""value"":""26.0in"",""value_name"":""Underbust""},{""size"":""30C"",""value"":""33.5in"",""value_name"":""Overbust""},{""size"":""30C"",""value"":""26.0in"",""value_name"":""Underbust""},{""size"":""32A"",""value"":""33.0in"",""value_name"":""Overbust""},{""size"":""32A"",""value"":""28.0in"",""value_name"":""Underbust""},{""size"":""32B"",""value"":""33.8in"",""value_name"":""Overbust""},{""size"":""32B"",""value"":""28.0in"",""value_name"":""Underbust""},{""size"":""32C"",""value"":""34.6in"",""value_name"":""Overbust""},{""size"":""32C"",""value"":""28.0in"",""value_name"":""Underbust""},{""size"":""34A"",""value"":""35.0in"",""value_name"":""Overbust""},{""size"":""34A"",""value"":""30.0in"",""value_name"":""Underbust""},{""size"":""34B"",""value"":""35.8in"",""value_name"":""Overbust""},{""size"":""34B"",""value"":""30.0in"",""value_name"":""Underbust""},{""size"":""34C"",""value"":""36.6in"",""value_name"":""Overbust""},{""size"":""34C"",""value"":""30.0in"",""value_name"":""Underbust""},{""size"":""36A"",""value"":""37.0in"",""value_name"":""Overbust""},{""size"":""36A"",""value"":""32.0in"",""value_name"":""Underbust""},{""size"":""36B"",""value"":""37.7in"",""value_name"":""Overbust""},{""size"":""36B"",""value"":""32.0in"",""value_name"":""Underbust""},{""size"":""38A"",""value"":""39.0in"",""value_name"":""Overbust""},{""size"":""38A"",""value"":""34.0in"",""value_name"":""Underbust""},{""size"":""38B"",""value"":""39.7in"",""value_name"":""Overbust""},{""size"":""38B"",""value"":""34.0in"",""value_name"":""Underbust""}]","{""applicable_on"":""Orders above Rs. 649 (only on first purchase)"",""best_price"":""345"",""coupon_code"":""MYNTRA200"",""coupon_discount"":"" Rs. 154.0 off (check cart for final savings)""}","[{""offer_name"":""10% Instant Discount on IndusInd Bank Debit Cards "",""offer_value"":"" Min Spend ₹2,500; Max Discount ₹1,000. ""},{""offer_name"":""10% Instant Discount on Citi Credit & Debit Cards "",""offer_value"":"" Min Spend ₹3,000; Max Discount ₹1,000. ""},{""offer_name"":""10% Instant Discount on Yes Bank Credit Cards "",""offer_value"":"" Min Spend ₹3,500; Max Discount ₹1,000. ""},{""offer_name"":""Flat ₹100 Cashback on Mobiwkik Wallet/Zip "",""offer_value"":"" Min Spend ₹1,999. ""},{""offer_name"":""7.5% Discount on Myntra Kotak Credit Card."",""offer_value"":"" Max Discount Up to ₹750 on every spends. ""}]",bra,499.5,1,499.5
19219468,Susie,Women  Black Solid Everyday Cotton Bra,4.0,6,699,43.0,398.43,INR,"http://assets.myntassets.com/assets/images/19219468/2022/7/22/d98077be-fc1e-4de0-b5f2-a2bb1d2f98e61658475212779SusieNon-WiredFullCoverageNonpaddedMFrameHiSupportMinimiserB1.jpg,http://assets.myntassets.com/assets/images/19219468/2022/7/22/52db42fa-48b9-414e-95ee-5aa773714f4c1658475212797SusieNon-WiredFullCoverageNonpaddedMFrameHiSupportMinimiserB2.jpg,http://assets.myntassets.com/assets/images/19219468/2022/7/22/9a9bd05d-b544-4b87-9a53-1af938b902191658475212789SusieNon-WiredFullCoverageNonpaddedMFrameHiSupportMinimiserB3.jpg","[""100% Original Products"",""Pay on delivery might be available"",""Easy 14 days returns"",""This item is only returnable and not exchangeable""]","{""description"":""Designed to lend the right shape and lift to your bosom, this bra is a trendsetter. It will be an ideal addition to your lingerie range as it perfectly suits every topwear range.Features VANumber: EF005-BlackBeauty-32B-Black BeautyFull coverageNon-wired to retain natural lift and all-day comfortNon padded for minimal support and day long comfortSeamless cupsRegular strapsBack closureFeatures: all day comfort"",""material_and_care"":""Cotton. Hand-wash""}","[{""name"":""Clothing"",""url"":""https://www.myntra.com/clothing""},{""name"":""Women"",""url"":""https://www.myntra.com/women-clothing""},{""name"":""Bra"",""url"":""https://www.myntra.com/bra""},{""name"":""Susie"",""url"":""https://www.myntra.com/susie-bra""},{""name"":""More by Susie"",""url"":""https://www.myntra.com/susie""}]","[{""specification_name"":""Back"",""specification_value"":""Regular""},{""specification_name"":""Center Front Open"",""specification_value"":""No""},{""specification_name"":""Character"",""specification_value"":""NA""},{""specification_name"":""Closure"",""specification_value"":""Back Closure""},{""specification_name"":""Coverage"",""specification_value"":""Full""},{""specification_name"":""Fabric"",""specification_value"":""Cotton""},{""specification_name"":""Fabric 2"",""specification_value"":""NA""},{""specification_name"":""Fabric 3"",""specification_value"":""NA""},{""specification_name"":""Features"",""specification_value"":""All Day Comfort""},{""specification_name"":""Knit or Woven"",""specification_value"":""Knitted""},{""specification_name"":""Multipack Set"",""specification_value"":""Single""},{""specification_name"":""Padding"",""specification_value"":""Non Padded""},{""specification_name"":""Pattern"",""specification_value"":""Solid""},{""specification_name"":""Print or Pattern Type"",""specification_value"":""Solid""},{""specification_name"":""Seam"",""specification_value"":""Seamless""},{""specification_name"":""Sport"",""specification_value"":""NA""},{""specification_name"":""Sports Bra Support"",""specification_value"":""NA""},{""specification_name"":""Straps"",""specification_value"":""Regular""},{""specification_name"":""Style"",""specification_value"":""NA""},{""specification_name"":""Sustainable"",""specification_value"":""Regular""},{""specification_name"":""Technology"",""specification_value"":""NA""},{""specification_name"":""Type"",""specification_value"":""Everyday""},{""specification_name"":""Wash Care"",""specification_value"":""Hand Wash""},{""specification_name"":""Wiring"",""specification_value"":""Non-Wired""}]","{""1_star"":1,""2_stars"":0,""3_stars"":1,""4_stars"":0,""5_stars"":4}",No review,GEN███AD ███AIL█████████LIM██████,"[{""size"":""32B"",""value"":""33.0in to 34.0in"",""value_name"":""Overbust""},{""size"":""32B"",""value"":""28.0in to 30.0in"",""value_name"":""Underbust""},{""size"":""32C"",""value"":""34.0in to 35.0in"",""value_name"":""Overbust""},{""size"":""32C"",""value"":""28.0in to 30.0in"",""value_name"":""Underbust""},{""size"":""32D"",""value"":""35.0in to 36.0in"",""value_name"":""Overbust""},{""size"":""32D"",""value"":""28.0in to 30.0in"",""value_name"":""Underbust""},{""size"":""34B"",""value"":""35.0in to 36.0in"",""value_name"":""Overbust""},{""size"":""34B"",""value"":""30.0in to 32.0in"",""value_name"":""Underbust""},{""size"":""34C"",""value"":""36.0in to 37.0in"",""value_name"":""Overbust""},{""size"":""34C"",""value"":""30.0in to 32.0in"",""value_name"":""Underbust""},{""size"":""34D"",""value"":""37.0in to 38.0in"",""value_name"":""Overbust""},{""size"":""34D"",""value"":""30.0in to 32.0in"",""value_name"":""Underbust""},{""size"":""34DD"",""value"":""38.0in to 39.0in"",""value_name"":""Overbust""},{""size"":""34DD"",""value"":""30.0in to 32.0in"",""value_name"":""Underbust""},{""size"":""36B"",""value"":""37.0in to 38.0in"",""value_name"":""Overbust""},{""size"":""36B"",""value"":""32.0in to 34.0in"",""value_name"":""Underbust""},{""size"":""36C"",""value"":""38.0in to 39.0in"",""value_name"":""Overbust""},{""size"":""36C"",""value"":""32.0in to 34.0in"",""value_name"":""Underbust""},{""size"":""36D"",""value"":""39.0in to 40.0in"",""value_name"":""Overbust""},{""size"":""36D"",""value"":""32.0in to 34.0in"",""value_name"":""Underbust""},{""size"":""36DD"",""value"":""40.0in to 41.0in"",""value_name"":""Overbust""},{""size"":""36DD"",""value"":""32.0in to 34.0in"",""value_name"":""Underbust""},{""size"":""38C"",""value"":""40.0in to 41.0in"",""value_name"":""Overbust""},{""size"":""38C"",""value"":""34.0in to 36.0in"",""value_name"":""Underbust""},{""size"":""38D"",""value"":""41.0in to 42.0in"",""value_name"":""Overbust""},{""size"":""38D"",""value"":""34.0in to 36.0in"",""value_name"":""Underbust""},{""size"":""38DD"",""value"":""42.0in to 43.0in"",""value_name"":""Overbust""},{""size"":""38DD"",""value"":""34.0in to 36.0in"",""value_name"":""Underbust""},{""size"":""40B"",""value"":""41.0in to 42.0in"",""value_name"":""Overbust""},{""size"":""40B"",""value"":""36.0in to 38.0in"",""value_name"":""Underbust""},{""size"":""40C"",""value"":""42.0in to 43.0in"",""value_name"":""Overbust""},{""size"":""40C"",""value"":""36.0in to 38.0in"",""value_name"":""Underbust""},{""size"":""40D"",""value"":""43.0in to 44.0in"",""value_name"":""Overbust""},{""size"":""40D"",""value"":""36.0in to 38.0in"",""value_name"":""Underbust""},{""size"":""42B"",""value"":""43.0in to 44.0in"",""value_name"":""Overbust""},{""size"":""42B"",""value"":""38.0in to 40.0in"",""value_name"":""Underbust""},{""size"":""42C"",""value"":""44.0in to 45.0in"",""value_name"":""Overbust""},{""size"":""42C"",""value"":""38.0in to 40.0in"",""value_name"":""Underbust""}]","{""applicable_on"":""Orders above Rs. 649 (only on first purchase)"",""best_price"":""275"",""coupon_code"":""MYNTRA200"",""coupon_discount"":"" Rs. 123.0 off (check cart for final savings)""}","[{""offer_name"":""10% Instant Discount on IndusInd Bank Debit Cards "",""offer_value"":"" Min Spend ₹2,500; Max Discount ₹1,000. ""},{""offer_name"":""10% Instant Discount on Citi Credit & Debit Cards "",""offer_value"":"" Min Spend ₹3,000; Max Discount ₹1,000. ""},{""offer_name"":""10% Instant Discount on Yes Bank Credit Cards "",""offer_value"":"" Min Spend ₹3,500; Max Discount ₹1,000. ""},{""offer_name"":""Flat ₹100 Cashback on Mobiwkik Wallet/Zip "",""offer_value"":"" Min Spend ₹1,999. ""},{""offer_name"":""7.5% Discount on Myntra Kotak Credit Card."",""offer_value"":"" Max Discount Up to ₹750 on every spends. ""}]",bra,398.43,1,398.43
22278620,Tweens,Pack Of 2 Non Padded Medium Support All Day Comfort Slip-On Seamless Bra,0.0,0,720,16.0,604.8,INR,"http://assets.myntassets.com/assets/images/22278620/2023/3/10/3b280011-3f12-4b3b-be6c-8e94147353901678445731276TweensWhiteBraFullCoverage1.jpg,http://assets.myntassets.com/assets/images/22278620/2023/3/10/20f383e3-ca41-409c-824d-fc26888670891678445731251TweensWhiteBraFullCoverage2.jpg,http://assets.myntassets.com/assets/images/22278620/2023/3/10/a68d81de-fa8f-46e8-995b-0afdb4835be51678445731264TweensWhiteBraFullCoverage3.jpg,http://assets.myntassets.com/assets/images/22278620/2023/3/10/fd18b94b-20ab-4754-b3bb-32979dfca5a51678445731288TweensWhiteBraFullCoverage4.jpg,http://assets.myntassets.com/assets/images/22278620/2023/3/10/c27cc3cf-5068-4a6e-b19e-ff04455c2fe21678445731298TweensWhiteBraFullCoverage5.jpg","[""100% Original Products"",""Pay on delivery might be available"",""Easy 14 days returns"",""This item is only returnable and not exchangeable""]","{""description"":""Get the right kind of support and comfort that you've been looking for in this swanky bra. You are certainly going to look and feel beautiful any day of the year in this pick.Features VANumber: TW-9314-2PC-OFFWPack of 2Colour: Off whiteFull coverageNon-wired to retain natural lift and all-day comfortNon padded for minimal support and day long comfortSeamless cupsRegular strapsSlip-onFeatures: all day comfort"",""material_and_care"":""Polyester. Hand Wash"",""size_and_fit"":""Comfort Fit""}","[{""name"":""Clothing"",""url"":""https://www.myntra.com/clothing""},{""name"":""Women"",""url"":""https://www.myntra.com/women-clothing""},{""name"":""Bra"",""url"":""https://www.myntra.com/bra""},{""name"":""Tweens"",""url"":""https://www.myntra.com/tweens-bra""},{""name"":""More by Tweens"",""url"":""https://www.myntra.com/tweens""}]","[{""specification_name"":""Back"",""specification_value"":""Racerback""},{""specification_name"":""Center Front Open"",""specification_value"":""No""},{""specification_name"":""Character"",""specification_value"":""NA""},{""specification_name"":""Closure"",""specification_value"":""Slip-On""},{""specification_name"":""Coverage"",""specification_value"":""Full""},{""specification_name"":""Fabric"",""specification_value"":""Polyester""},{""specification_name"":""Fabric 2"",""specification_value"":""NA""},{""specification_name"":""Fabric 3"",""specification_value"":""NA""},{""specification_name"":""Features"",""specification_value"":""All Day Comfort""},{""specification_name"":""Knit or Woven"",""specification_value"":""Knitted""},{""specification_name"":""Multipack Set"",""specification_value"":""2""},{""specification_name"":""Padding"",""specification_value"":""Non Padded""},{""specification_name"":""Pattern"",""specification_value"":""Solid""},{""specification_name"":""Print or Pattern Type"",""specification_value"":""Solid""},{""specification_name"":""Seam"",""specification_value"":""Seamless""},{""specification_name"":""Sport"",""specification_value"":""NA""},{""specification_name"":""Sports Bra Support"",""specification_value"":""Medium Support""},{""specification_name"":""Straps"",""specification_value"":""Regular""},{""specification_name"":""Style"",""specification_value"":""Super Support Bra""},{""specification_name"":""Sustainable"",""specification_value"":""Regular""},{""specification_name"":""Technology"",""specification_value"":""NA""},{""specification_name"":""Type"",""specification_value"":""Beginners""},{""specification_name"":""Wash Care"",""specification_value"":""Hand Wash""},{""specification_name"":""Wiring"",""specification_value"":""Non-Wired""}]","{""1_star"":0,""2_stars"":0,""3_stars"":0,""4_stars"":0,""5_stars"":0}",No review,Bel███Lin███ies█████████.,"[{""size"":""30B"",""value"":""31.0in"",""value_name"":""Overbust""},{""size"":""30B"",""value"":""25.0in"",""value_name"":""Underbust""},{""size"":""32B"",""value"":""33.0in"",""value_name"":""Overbust""},{""size"":""32B"",""value"":""27.0in"",""value_name"":""Underbust""},{""size"":""34B"",""value"":""35.0in"",""value_name"":""Overbust""},{""size"":""34B"",""value"":""29.0in"",""value_name"":""Underbust""},{""size"":""36B"",""value"":""37.0in"",""value_name"":""Overbust""},{""size"":""36B"",""value"":""31.0in"",""value_name"":""Underbust""},{""size"":""38B"",""value"":""39.0in"",""value_name"":""Overbust""},{""size"":""38B"",""value"":""33.0in"",""value_name"":""Underbust""}]","{""applicable_on"":""Orders above Rs. 649 (only on first purchase)"",""best_price"":""418"",""coupon_code"":""MYNTRA200"",""coupon_discount"":"" Rs. 186.0 off (check cart for final savings)""}","[{""offer_name"":""10% Instant Discount on IndusInd Bank Debit Cards "",""offer_value"":"" Min Spend ₹2,500; Max Discount ₹1,000. ""},{""offer_name"":""10% Instant Discount on Citi Credit & Debit Cards "",""offer_value"":"" Min Spend ₹3,000; Max Discount ₹1,000. ""},{""offer_name"":""10% Instant Discount on Yes Bank Credit Cards "",""offer_value"":"" Min Spend ₹3,500; Max Discount ₹1,000. ""},{""offer_name"":""Flat ₹100 Cashback on Mobiwkik Wallet/Zip "",""offer_value"":"" Min Spend ₹1,999. ""},{""offer_name"":""7.5% Discount on Myntra Kotak Credit Card."",""offer_value"":"" Max Discount Up to ₹750 on every spends. ""}]",bra,604.8,1,604.8
19277544,Marks & Spencer,BOUTIQUE X DAMARIS Navy Blue Underwired Lightly Padded Balconette Bra,4.3,24,2999,60.0,1199.6,INR,"http://assets.myntassets.com/assets/images/19277544/2022/10/7/f4a852fc-c083-41e1-b63d-186f89f878b11665136362105-Marks--Spencer-Women-Bra-2651665136361622-1.jpg,http://assets.myntassets.com/assets/images/19277544/2022/10/7/7f248174-b5d4-454e-a9d3-1adb756cc7f71665136362084-Marks--Spencer-Women-Bra-2651665136361622-2.jpg,http://assets.myntassets.com/assets/images/19277544/2022/10/7/be3fd987-46bb-4678-b94c-302eb4402b601665136362063-Marks--Spencer-Women-Bra-2651665136361622-3.jpg,http://assets.myntassets.com/assets/images/19277544/2022/10/7/e2c9637e-07e0-4d60-99bc-046511baca8a1665136362042-Marks--Spencer-Women-Bra-2651665136361622-4.jpg,http://assets.myntassets.com/assets/images/19277544/2022/10/7/01506a9c-6287-4745-ad84-b44ccffe73231665136362020-Marks--Spencer-Women-Bra-2651665136361622-5.jpg","[""100% Original Products"",""Pay on delivery might be available"",""Easy 14 days returns"",""This item is only returnable and not exchangeable""]","{""description"":""Bring home this ultra-soft bra which has been meticulously designed to lend accurate definition to your bustline. Say goodbye to visible bra outlines when you wear it underneath your favourite attire.Features VANumber: T817774Medium coverageUnderwired to provide an additional lift and optimal supportLightly padded for defined shaping of breastsCut and sew cupsRegular strapsBack closureFeatures: all day comfort"",""material_and_care"":""54% Polyester, 41% Polyamide, 5% Elastane. Machine wash""}","[{""name"":""Clothing"",""url"":""https://www.myntra.com/clothing""},{""name"":""Women"",""url"":""https://www.myntra.com/women-clothing""},{""name"":""Bra"",""url"":""https://www.myntra.com/bra""},{""name"":""Marks & Spencer"",""url"":""https://www.myntra.com/marks-&-spencer-bra""},{""name"":""More by Marks & Spencer"",""url"":""https://www.myntra.com/marks-&-spencer""}]","[{""specification_name"":""Back"",""specification_value"":""Regular""},{""specification_name"":""Center Front Open"",""specification_value"":""No""},{""specification_name"":""Character"",""specification_value"":""NA""},{""specification_name"":""Closure"",""specification_value"":""Back Closure""},{""specification_name"":""Coverage"",""specification_value"":""Medium Coverage""},{""specification_name"":""Fabric"",""specification_value"":""Polyamide""},{""specification_name"":""Fabric 2"",""specification_value"":""Polyester""},{""specification_name"":""Fabric 3"",""specification_value"":""Elastane""},{""specification_name"":""Features"",""specification_value"":""All Day Comfort""},{""specification_name"":""Knit or Woven"",""specification_value"":""Knitted""},{""specification_name"":""Multipack Set"",""specification_value"":""Single""},{""specification_name"":""Padding"",""specification_value"":""Lightly Padded""},{""specification_name"":""Pattern"",""specification_value"":""Self Design""},{""specification_name"":""Print or Pattern Type"",""specification_value"":""Geometric""},{""specification_name"":""Seam"",""specification_value"":""Cut and Sew""},{""specification_name"":""Sport"",""specification_value"":""NA""},{""specification_name"":""Sports Bra Support"",""specification_value"":""NA""},{""specification_name"":""Straps"",""specification_value"":""Regular""},{""specification_name"":""Style"",""specification_value"":""NA""},{""specification_name"":""Sustainable"",""specification_value"":""Regular""},{""specification_name"":""Technology"",""specification_value"":""NA""},{""specification_name"":""Type"",""specification_value"":""Balconette""},{""specification_name"":""Wash Care"",""specification_value"":""Machine Wash""},{""specification_name"":""Wiring"",""specification_value"":""Underwired""}]","{""1_star"":1,""2_stars"":1,""3_stars"":4,""4_stars"":2,""5_stars"":16}",No review,Ret███Net███,"[{""size"":""32B"",""value"":""34.0in"",""value_name"":""Overbust""},{""size"":""32B"",""value"":""27.0in"",""value_name"":""Underbust""},{""size"":""32C"",""value"":""35.0in"",""value_name"":""Overbust""},{""size"":""32C"",""value"":""27.0in"",""value_name"":""Underbust""},{""size"":""32D"",""value"":""36.0in"",""value_name"":""Overbust""},{""size"":""32D"",""value"":""27.0in"",""value_name"":""Underbust""},{""size"":""34B"",""value"":""36.0in"",""value_name"":""Overbust""},{""size"":""34B"",""value"":""29.0in"",""value_name"":""Underbust""},{""size"":""34C"",""value"":""37.0in"",""value_name"":""Overbust""},{""size"":""34C"",""value"":""29.0in"",""value_name"":""Underbust""},{""size"":""34D"",""value"":""38.0in"",""value_name"":""Overbust""},{""size"":""34D"",""value"":""29.0in"",""value_name"":""Underbust""},{""size"":""36B"",""value"":""38.0in"",""value_name"":""Overbust""},{""size"":""36B"",""value"":""31.0in"",""value_name"":""Underbust""},{""size"":""36C"",""value"":""40.0in"",""value_name"":""Overbust""},{""size"":""36C"",""value"":""31.0in"",""value_name"":""Underbust""},{""size"":""36D"",""value"":""41.0in"",""value_name"":""Overbust""},{""size"":""36D"",""value"":""31.0in"",""value_name"":""Underbust""},{""size"":""38B"",""value"":""40.0in"",""value_name"":""Overbust""},{""size"":""38B"",""value"":""33.0in"",""value_name"":""Underbust""},{""size"":""38C"",""value"":""41.0in"",""value_name"":""Overbust""},{""size"":""38C"",""value"":""33.0in"",""value_name"":""Underbust""},{""size"":""38D"",""value"":""42.0in"",""value_name"":""Overbust""},{""size"":""38D"",""value"":""33.0in"",""value_name"":""Underbust""}]","{""applicable_on"":""Purchase of 3 or more items (only on first purchase)"",""best_price"":""1799"",""coupon_code"":""SHOPEXTRA"",""coupon_discount"":"" 20.0%  off upto Rs. 500.0 (check cart for final savings)""}","[{""offer_name"":""10% Instant Discount on IndusInd Bank Debit Cards "",""offer_value"":"" Min Spend ₹2,500; Max Discount ₹1,000. ""},{""offer_name"":""10% Instant Discount on Citi Credit & Debit Cards "",""offer_value"":"" Min Spend ₹3,000; Max Discount ₹1,000. ""},{""offer_name"":""10% Instant Discount on Yes Bank Credit Cards "",""offer_value"":"" Min Spend ₹3,500; Max Discount ₹1,000. ""},{""offer_name"":""Flat ₹100 Cashback on Mobiwkik Wallet/Zip "",""offer_value"":"" Min Spend ₹1,999. ""},{""offer_name"":""7.5% Discount on Myntra Kotak Credit Card."",""offer_value"":"" Max Discount Up to ₹750 on every spends. ""}]",bra,1199.6,1,1199.6
18223842,max,Plus Size Non Padded Bra,4.1,37,449,20.0,359.2,INR,"http://assets.myntassets.com/assets/images/18223842/2022/5/11/4d54b395-70a3-490b-a722-2871b16b85291652207786418Bra1.jpg,http://assets.myntassets.com/assets/images/18223842/2022/5/11/1d5f96fd-4b83-491a-9e21-b48e23bea5281652207786387Bra2.jpg,http://assets.myntassets.com/assets/images/18223842/2022/5/11/40cbaa8d-bea3-4182-8b6a-ed290edd57a21652207786396Bra3.jpg,http://assets.myntassets.com/assets/images/18223842/2022/5/11/68a6eb6a-f667-4c42-8b77-4006e6ce04db1652207786378Bra4.jpg,http://assets.myntassets.com/assets/images/18223842/2022/5/11/8a6c69a5-81a5-47b2-acb8-01d10922d4c21652207786370Bra5.jpg,http://assets.myntassets.com/assets/images/18223842/2022/5/11/d9b044e2-cb5a-45d3-8115-46a37d69a01f1652207786406Bra6.jpg","[""100% Original Products"",""Pay on delivery might be available"",""Easy 14 days returns"",""This item is only returnable and not exchangeable""]","{""description"":""Bring home this ultra-soft bra which has been meticulously designed to lend accurate definition to your bustline. Say goodbye to visible bra outlines when you wear it underneath your favourite attire.Features Full coverageNon-wired to retain natural lift and all-day comfortSeamless cupsRegular strapsBack closureFeatures: all day comfort"",""material_and_care"":""Cotton spandex""}","[{""name"":""Clothing"",""url"":""https://www.myntra.com/clothing""},{""name"":""Women"",""url"":""https://www.myntra.com/women-clothing""},{""name"":""Bra"",""url"":""https://www.myntra.com/bra""},{""name"":""max"",""url"":""https://www.myntra.com/max-bra""},{""name"":""More by max"",""url"":""https://www.myntra.com/max""}]","[{""specification_name"":""Back"",""specification_value"":""Regular""},{""specification_name"":""Center Front Open"",""specification_value"":""No""},{""specification_name"":""Character"",""specification_value"":""NA""},{""specification_name"":""Closure"",""specification_value"":""Back Closure""},{""specification_name"":""Coverage"",""specification_value"":""Full""},{""specification_name"":""Fabric"",""specification_value"":""Cotton""},{""specification_name"":""Fabric 2"",""specification_value"":""Elastane""},{""specification_name"":""Fabric 3"",""specification_value"":""NA""},{""specification_name"":""Features"",""specification_value"":""All Day Comfort""},{""specification_name"":""Knit or Woven"",""specification_value"":""Knitted""},{""specification_name"":""Multipack Set"",""specification_value"":""NA""},{""specification_name"":""Number of Items"",""specification_value"":""1""},{""specification_name"":""Padding"",""specification_value"":""Non Padded""},{""specification_name"":""Pattern"",""specification_value"":""Solid""},{""specification_name"":""Print or Pattern Type"",""specification_value"":""Solid""},{""specification_name"":""Seam"",""specification_value"":""Seamless""},{""specification_name"":""Sport"",""specification_value"":""NA""},{""specification_name"":""Sports Bra Support"",""specification_value"":""NA""},{""specification_name"":""Straps"",""specification_value"":""Regular""},{""specification_name"":""Style"",""specification_value"":""Super Support Bra""},{""specification_name"":""Sustainable"",""specification_value"":""Regular""},{""specification_name"":""Technology"",""specification_value"":""NA""},{""specification_name"":""Type"",""specification_value"":""Everyday""},{""specification_name"":""Wash Care"",""specification_value"":""Hand Wash""},{""specification_name"":""Wiring"",""specification_value"":""Non-Wired""}]","{""1_star"":3,""2_stars"":2,""3_stars"":4,""4_stars"":6,""5_stars"":22}",No review,Unknown,"[{""size"":""40B"",""value"":""42.0in"",""value_name"":""Overbust""},{""size"":""40B"",""value"":""36.0in"",""value_name"":""Underbust""},{""size"":""40C"",""value"":""43.0in"",""value_name"":""Overbust""},{""size"":""40C"",""value"":""36.0in"",""value_name"":""Underbust""},{""size"":""42B"",""value"":""41.0in"",""value_name"":""Overbust""},{""size"":""42B"",""value"":""34.0in"",""value_name"":""Underbust""},{""size"":""42C"",""value"":""42.0in"",""value_name"":""Overbust""},{""size"":""42C"",""value"":""34.0in"",""value_name"":""Underbust""},{""size"":""42D"",""value"":""43.0in"",""value_name"":""Overbust""},{""size"":""42D"",""value"":""34.0in"",""value_name"":""Underbust""},{""size"":""44B"",""value"":""41.0in"",""value_name"":""Overbust""},{""size"":""44B"",""value"":""34.0in"",""value_name"":""Underbust""},{""size"":""44C"",""value"":""42.0in"",""value_name"":""Overbust""},{""size"":""44C"",""value"":""34.0in"",""value_name"":""Underbust""},{""size"":""44D"",""value"":""43.0in"",""value_name"":""Overbust""},{""size"":""44D"",""value"":""34.0in"",""value_name"":""Underbust""}]",{},"[{""offer_name"":""10% Instant Discount on Citi Credit & Debit Cards "",""offer_value"":"" Min Spend ₹3,000; Max Discount ₹1,000. ""}]",bra,359.2,1,359.2
18656766,VStar,Beige Solid T-Shirt Bra,4.6,5,345,0.0,345.0,INR,"http://assets.myntassets.com/assets/images/18656766/2022/6/7/b628a6fe-4329-491c-ac59-1d8e32ddcaf01654616438259VStarWomenBeigeBra1.jpg,http://assets.myntassets.com/assets/images/18656766/2022/6/7/c6b347ef-6525-4bde-a8f5-a3dd912ad68b1654616438267VStarWomenBeigeBra2.jpg,http://assets.myntassets.com/assets/images/18656766/2022/6/7/bc86406d-b749-4566-880c-d59f2779945c1654616438241VStarWomenBeigeBra3.jpg,http://assets.myntassets.com/assets/images/18656766/2022/6/7/ecaa8b25-6024-421d-864e-c5ea4467773d1654616438250VStarWomenBeigeBra4.jpg","[""100% Original Products"",""Pay on delivery might be available"",""Easy 14 days returns"",""This item is only returnable and not exchangeable""]","{""description"":""You'll always prefer to pick this flattering bra over other available options, owing to its comfort and longevity. Make an immediate inclusion of this trendsetting piece to your collection of intimate staples.Features VANumber:ELVINA-B-BEIGE SKIN-BEIGE SKINFull coverageNon-wired to retain natural lift and all-day comfortNon padded for minimal support and day long comfortSeamless cupsRegular strapsBack closureFeatures: all day comfort"",""material_and_care"":""92% Cotton, 8% spandex. Hand Wash"",""size_and_fit"":""Regular Fit""}","[{""name"":""Clothing"",""url"":""https://www.myntra.com/clothing""},{""name"":""Women"",""url"":""https://www.myntra.com/women-clothing""},{""name"":""Bra"",""url"":""https://www.myntra.com/bra""},{""name"":""VStar"",""url"":""https://www.myntra.com/vstar-bra""},{""name"":""More by VStar"",""url"":""https://www.myntra.com/vstar""}]","[{""specification_name"":""Back"",""specification_value"":""Regular""},{""specification_name"":""Center Front Open"",""specification_value"":""No""},{""specification_name"":""Character"",""specification_value"":""NA""},{""specification_name"":""Closure"",""specification_value"":""Back Closure""},{""specification_name"":""Coverage"",""specification_value"":""Full""},{""specification_name"":""Fabric"",""specification_value"":""Cotton""},{""specification_name"":""Fabric 2"",""specification_value"":""Elastane""},{""specification_name"":""Fabric 3"",""specification_value"":""Elastane""},{""specification_name"":""Features"",""specification_value"":""All Day Comfort""},{""specification_name"":""Knit or Woven"",""specification_value"":""Woven""},{""specification_name"":""Multipack Set"",""specification_value"":""NA""},{""specification_name"":""Padding"",""specification_value"":""Non Padded""},{""specification_name"":""Pattern"",""specification_value"":""Solid""},{""specification_name"":""Print or Pattern Type"",""specification_value"":""Solid""},{""specification_name"":""Seam"",""specification_value"":""Seamless""},{""specification_name"":""Sport"",""specification_value"":""NA""},{""specification_name"":""Sports Bra Support"",""specification_value"":""Medium Support""},{""specification_name"":""Straps"",""specification_value"":""Regular""},{""specification_name"":""Style"",""specification_value"":""Super Support Bra""},{""specification_name"":""Sustainable"",""specification_value"":""Regular""},{""specification_name"":""Technology"",""specification_value"":""NA""},{""specification_name"":""Type"",""specification_value"":""T-shirt""},{""specification_name"":""Wash Care"",""specification_value"":""Hand Wash""},{""specification_name"":""Wiring"",""specification_value"":""Non-Wired""}]","{""1_star"":0,""2_stars"":0,""3_stars"":0,""4_stars"":2,""5_stars"":3}",No review,V S███ CR███ION█████████,"[{""size"":""30B"",""value"":""31.5in"",""value_name"":""Overbust""},{""size"":""30B"",""value"":""26.0in"",""value_name"":""Underbust""},{""size"":""32B"",""value"":""33.5in"",""value_name"":""Overbust""},{""size"":""32B"",""value"":""28.0in"",""value_name"":""Underbust""},{""size"":""34B"",""value"":""35.5in"",""value_name"":""Overbust""},{""size"":""34B"",""value"":""30.0in"",""value_name"":""Underbust""},{""size"":""36B"",""value"":""37.5in"",""value_name"":""Overbust""},{""size"":""36B"",""value"":""32.0in"",""value_name"":""Underbust""},{""size"":""38B"",""value"":""39.5in"",""value_name"":""Overbust""},{""size"":""38B"",""value"":""34.0in"",""value_name"":""Underbust""}]","{""applicable_on"":""Orders above Rs. 649 (only on first purchase)"",""best_price"":""239"",""coupon_code"":""MYNTRA200"",""coupon_discount"":"" Rs. 106.0 off (check cart for final savings)""}","[{""offer_name"":""10% Instant Discount on IndusInd Bank Debit Cards "",""offer_value"":"" Min Spend ₹2,500; Max Discount ₹1,000. ""},{""offer_name"":""10% Instant Discount on Citi Credit & Debit Cards "",""offer_value"":"" Min Spend ₹3,000; Max Discount ₹1,000. ""},{""offer_name"":""10% Instant Discount on Yes Bank Credit Cards "",""offer_value"":"" Min Spend ₹3,500; Max Discount ₹1,000. ""},{""offer_name"":""Flat ₹100 Cashback on Mobiwkik Wallet/Zip "",""offer_value"":"" Min Spend ₹1,999. ""},{""offer_name"":""7.5% Discount on Myntra Kotak Credit Card."",""offer_value"":"" Max Discount Up to ₹750 on every spends. ""}]",bra,345.0,1,345.0
18656764,VStar,Grey Solid T-Shirt Bra,4.3,6,345,0.0,345.0,INR,"http://assets.myntassets.com/assets/images/18656764/2022/6/7/650426dd-bc27-4ba6-8391-854e007047fd1654615551548VStarWomenGreyBra1.jpg,http://assets.myntassets.com/assets/images/18656764/2022/6/7/90c57a8b-583f-482c-9896-5a262b8b60891654615551557VStarWomenGreyBra2.jpg,http://assets.myntassets.com/assets/images/18656764/2022/6/7/f15ec6bd-51fd-4ae3-a6d9-c3b54db34d4d1654615551529VStarWomenGreyBra3.jpg,http://assets.myntassets.com/assets/images/18656764/2022/6/7/ea316324-7708-4fe5-bc96-9a8535d578331654615551540VStarWomenGreyBra4.jpg","[""100% Original Products"",""Pay on delivery might be available"",""Easy 14 days returns"",""This item is only returnable and not exchangeable""]","{""description"":""This padded and non-wired cotton t-shirt bra can be used for everyday wear under t-shirts and tops to kurtas and shirts. The seamless cups provide for a smooth finish with no shows on your outfit and the brushed back hook & eye provides for extra comfort.Features VANumber:ELVINA-B-COOL GREY-COOL GREYFull coverageNon-wired to retain natural lift and all-day comfortNon padded for minimal support and day long comfortSeamless cupsRegular strapsBack closureFeatures: all day comfort"",""material_and_care"":""92% Cotton, 8% spandex. Hand Wash"",""size_and_fit"":""Regular Fit""}","[{""name"":""Clothing"",""url"":""https://www.myntra.com/clothing""},{""name"":""Women"",""url"":""https://www.myntra.com/women-clothing""},{""name"":""Bra"",""url"":""https://www.myntra.com/bra""},{""name"":""VStar"",""url"":""https://www.myntra.com/vstar-bra""},{""name"":""More by VStar"",""url"":""https://www.myntra.com/vstar""}]","[{""specification_name"":""Back"",""specification_value"":""Regular""},{""specification_name"":""Center Front Open"",""specification_value"":""No""},{""specification_name"":""Character"",""specification_value"":""NA""},{""specification_name"":""Closure"",""specification_value"":""Back Closure""},{""specification_name"":""Coverage"",""specification_value"":""Full""},{""specification_name"":""Fabric"",""specification_value"":""Cotton""},{""specification_name"":""Fabric 2"",""specification_value"":""Elastane""},{""specification_name"":""Fabric 3"",""specification_value"":""NA""},{""specification_name"":""Features"",""specification_value"":""All Day Comfort""},{""specification_name"":""Knit or Woven"",""specification_value"":""Woven""},{""specification_name"":""Multipack Set"",""specification_value"":""NA""},{""specification_name"":""Padding"",""specification_value"":""Non Padded""},{""specification_name"":""Pattern"",""specification_value"":""Solid""},{""specification_name"":""Print or Pattern Type"",""specification_value"":""Solid""},{""specification_name"":""Seam"",""specification_value"":""Seamless""},{""specification_name"":""Sport"",""specification_value"":""NA""},{""specification_name"":""Sports Bra Support"",""specification_value"":""Medium Support""},{""specification_name"":""Straps"",""specification_value"":""Regular""},{""specification_name"":""Style"",""specification_value"":""Super Support Bra""},{""specification_name"":""Sustainable"",""specification_value"":""Regular""},{""specification_name"":""Technology"",""specification_value"":""NA""},{""specification_name"":""Type"",""specification_value"":""T-shirt""},{""specification_name"":""Wash Care"",""specification_value"":""Hand Wash""},{""specification_name"":""Wiring"",""specification_value"":""Non-Wired""}]","{""1_star"":0,""2_stars"":1,""3_stars"":0,""4_stars"":1,""5_stars"":4}",No review,V S███ CR███ION█████████,"[{""size"":""30B"",""value"":""31.5in"",""value_name"":""Overbust""},{""size"":""30B"",""value"":""26.0in"",""value_name"":""Underbust""},{""size"":""32B"",""value"":""33.5in"",""value_name"":""Overbust""},{""size"":""32B"",""value"":""28.0in"",""value_name"":""Underbust""},{""size"":""34B"",""value"":""35.5in"",""value_name"":""Overbust""},{""size"":""34B"",""value"":""30.0in"",""value_name"":""Underbust""},{""size"":""36B"",""value"":""37.5in"",""value_name"":""Overbust""},{""size"":""36B"",""value"":""32.0in"",""value_name"":""Underbust""},{""size"":""38B"",""value"":""39.5in"",""value_name"":""Overbust""},{""size"":""38B"",""value"":""34.0in"",""value_name"":""Underbust""}]","{""applicable_on"":""Orders above Rs. 649 (only on first purchase)"",""best_price"":""239"",""coupon_code"":""MYNTRA200"",""coupon_discount"":"" Rs. 106.0 off (check cart for final savings)""}","[{""offer_name"":""10% Instant Discount on IndusInd Bank Debit Cards "",""offer_value"":"" Min Spend ₹2,500; Max Discount ₹1,000. ""},{""offer_name"":""10% Instant Discount on Citi Credit & Debit Cards "",""offer_value"":"" Min Spend ₹3,000; Max Discount ₹1,000. ""},{""offer_name"":""10% Instant Discount on Yes Bank Credit Cards "",""offer_value"":"" Min Spend ₹3,500; Max Discount ₹1,000. ""},{""offer_name"":""Flat ₹100 Cashback on Mobiwkik Wallet/Zip "",""offer_value"":"" Min Spend ₹1,999. ""},{""offer_name"":""7.5% Discount on Myntra Kotak Credit Card."",""offer_value"":"" Max Discount Up to ₹750 on every spends. ""}]",bra,345.0,1,345.0
13523458,shyaway,Multicoloured Set of 3 Printed Underwired Lightly Padded Everyday Bra shya-com-217,4.3,6,2547,52.0,1222.56,INR,"http://assets.myntassets.com/assets/images/productimage/2021/1/25/61898375-5227-4c58-a34e-85d5fcfe753c1611563070679-1.jpg,http://assets.myntassets.com/assets/images/productimage/2021/1/25/42cb9826-0d65-407e-afdf-3c0b78517f7c1611563070697-2.jpg,http://assets.myntassets.com/assets/images/productimage/2021/1/25/4963679d-8923-4545-9093-ec67ed7b17e01611563070722-3.jpg,http://assets.myntassets.com/assets/images/productimage/2021/1/25/eecae21a-a041-4de0-b83b-0f4d89505c901611563070745-4.jpg,http://assets.myntassets.com/assets/images/productimage/2021/1/25/d25865c9-a6a7-48e0-a4ae-288ecbfc371f1611563070769-5.jpg","[""100% Original Products"",""Pay on delivery might be available"",""Easy 14 days returns"",""This item is only returnable and not exchangeable""]","{""description"":""Multicoloured printed full-coverage Everyday bra Lightly Padded and Underwired cut and sew cups Regular straps and back closure Back style: Regular Feature: All Day Comfort"",""material_and_care"":""Nylon and elastane. Hand-wash""}","[{""name"":""Clothing"",""url"":""https://www.myntra.com/clothing""},{""name"":""Women"",""url"":""https://www.myntra.com/women-clothing""},{""name"":""Bra"",""url"":""https://www.myntra.com/bra""},{""name"":""shyaway"",""url"":""https://www.myntra.com/shyaway-bra""},{""name"":""More by shyaway"",""url"":""https://www.myntra.com/shyaway""}]","[{""specification_name"":""Back"",""specification_value"":""Regular""},{""specification_name"":""Center Front Open"",""specification_value"":""No""},{""specification_name"":""Closure"",""specification_value"":""Back Closure""},{""specification_name"":""Coverage"",""specification_value"":""Full""},{""specification_name"":""Fabric"",""specification_value"":""Nylon""},{""specification_name"":""Fabric 2"",""specification_value"":""Elastane""},{""specification_name"":""Fabric 3"",""specification_value"":""NA""},{""specification_name"":""Features"",""specification_value"":""All Day Comfort""},{""specification_name"":""Knit or Woven"",""specification_value"":""Woven""},{""specification_name"":""Multipack Set"",""specification_value"":""3""},{""specification_name"":""Padding"",""specification_value"":""Lightly Padded""},{""specification_name"":""Pattern"",""specification_value"":""Printed""},{""specification_name"":""Print or Pattern Type"",""specification_value"":""Geometric""},{""specification_name"":""Seam"",""specification_value"":""Cut and Sew""},{""specification_name"":""Sport"",""specification_value"":""NA""},{""specification_name"":""Sports Bra Support"",""specification_value"":""NA""},{""specification_name"":""Straps"",""specification_value"":""Regular""},{""specification_name"":""Style"",""specification_value"":""Super Support Bra""},{""specification_name"":""Sustainable"",""specification_value"":""Regular""},{""specification_name"":""Technology"",""specification_value"":""NA""},{""specification_name"":""Type"",""specification_value"":""Everyday""},{""specification_name"":""Wash Care"",""specification_value"":""Hand Wash""},{""specification_name"":""Wiring"",""specification_value"":""Underwired""}]","{""1_star"":1,""2_stars"":0,""3_stars"":0,""4_stars"":0,""5_stars"":5}",No review,Unknown,"[{""size"":""32B"",""value"":""33.46in to 33.85in"",""value_name"":""Overbust""},{""size"":""32B"",""value"":""26.77in to 28.34in"",""value_name"":""Underbust""},{""size"":""32C"",""value"":""34.25in to 34.64in"",""value_name"":""Overbust""},{""size"":""32C"",""value"":""26.77in to 28.34in"",""value_name"":""Underbust""},{""size"":""32D"",""value"":""35.03in to 35.43in"",""value_name"":""Overbust""},{""size"":""32D"",""value"":""26.77in to 28.34in"",""value_name"":""Underbust""},{""size"":""34B"",""value"":""35.43in to 35.82in"",""value_name"":""Overbust""},{""size"":""34B"",""value"":""28.74in to 30.31in"",""value_name"":""Underbust""},{""size"":""34C"",""value"":""36.22in to 36.61in"",""value_name"":""Overbust""},{""size"":""34C"",""value"":""28.74in to 30.31in"",""value_name"":""Underbust""},{""size"":""34D"",""value"":""37.0in to 37.79in"",""value_name"":""Overbust""},{""size"":""34D"",""value"":""28.74in to 30.31in"",""value_name"":""Underbust""},{""size"":""36B"",""value"":""37.4in to 37.79in"",""value_name"":""Overbust""},{""size"":""36B"",""value"":""30.7in to 32.28in"",""value_name"":""Underbust""},{""size"":""36C"",""value"":""38.18in to 38.58in"",""value_name"":""Overbust""},{""size"":""36C"",""value"":""30.7in to 32.28in"",""value_name"":""Underbust""},{""size"":""36D"",""value"":""38.97in to 39.76in"",""value_name"":""Overbust""},{""size"":""36D"",""value"":""30.7in to 32.28in"",""value_name"":""Underbust""},{""size"":""38B"",""value"":""39.37in to 39.76in"",""value_name"":""Overbust""},{""size"":""38B"",""value"":""32.67in to 34.25in"",""value_name"":""Underbust""},{""size"":""38C"",""value"":""40.15in to 40.55in"",""value_name"":""Overbust""},{""size"":""38C"",""value"":""32.67in to 34.25in"",""value_name"":""Underbust""},{""size"":""38D"",""value"":""40.94in to 41.73in"",""value_name"":""Overbust""},{""size"":""38D"",""value"":""32.67in to 34.25in"",""value_name"":""Underbust""}]",{},"[{""offer_name"":""10% Instant Discount on Citi Credit & Debit Cards "",""offer_value"":"" Min Spend ₹3,000; Max Discount ₹1,000. ""}]",bra,1222.56,1,1222.56
18652628,max,Sea Green & Blue Floral Bra Lightly Padded SU22PDNW08MIST,4.2,5,649,20.0,519.2,INR,"http://assets.myntassets.com/assets/images/18652628/2022/6/7/b070d887-d1c7-4d70-9abb-b3d4c5353fad1654599981109maxWomenGreenBra1.jpg,http://assets.myntassets.com/assets/images/18652628/2022/6/7/c678d22b-cc31-4540-bcb5-7164745cc4381654599981118maxWomenGreenBra2.jpg,http://assets.myntassets.com/assets/images/18652628/2022/6/7/f406065b-edd0-4580-af4d-8360775f547a1654599981082maxWomenGreenBra3.jpg,http://assets.myntassets.com/assets/images/18652628/2022/6/7/68cc5edc-55d4-4890-b6f0-44cc52dd4a6e1654599981091maxWomenGreenBra4.jpg,http://assets.myntassets.com/assets/images/18652628/2022/6/7/cc085120-c79c-4f46-9d4c-bf21d831c2371654599981100maxWomenGreenBra5.jpg","[""100% Original Products"",""Pay on delivery might be available"",""Easy 14 days returns"",""This item is only returnable and not exchangeable""]","{""description"":""Designed to give you sheer comfort intertwined with a supportive fit, this bra deserves to be a new addition to your lingerie range. The overall silhouette is defined to give you a perfectly contoured look.Features VANumber: SU22PDNW08MISTMedium coverageNon-wired to retain natural lift and all-day comfortLightly padded for defined shaping of breastsSeamless cupsRegular strapsBack closureFeatures: all day comfort"",""material_and_care"":""Cotton spandex. Hand wash""}","[{""name"":""Clothing"",""url"":""https://www.myntra.com/clothing""},{""name"":""Women"",""url"":""https://www.myntra.com/women-clothing""},{""name"":""Bra"",""url"":""https://www.myntra.com/bra""},{""name"":""max"",""url"":""https://www.myntra.com/max-bra""},{""name"":""More by max"",""url"":""https://www.myntra.com/max""}]","[{""specification_name"":""Back"",""specification_value"":""Regular""},{""specification_name"":""Center Front Open"",""specification_value"":""No""},{""specification_name"":""Character"",""specification_value"":""NA""},{""specification_name"":""Closure"",""specification_value"":""Back Closure""},{""specification_name"":""Coverage"",""specification_value"":""Medium Coverage""},{""specification_name"":""Fabric"",""specification_value"":""Cotton""},{""specification_name"":""Fabric 2"",""specification_value"":""Elastane""},{""specification_name"":""Fabric 3"",""specification_value"":""NA""},{""specification_name"":""Features"",""specification_value"":""All Day Comfort""},{""specification_name"":""Knit or Woven"",""specification_value"":""Woven""},{""specification_name"":""Multipack Set"",""specification_value"":""NA""},{""specification_name"":""Padding"",""specification_value"":""Lightly Padded""},{""specification_name"":""Pattern"",""specification_value"":""Printed""},{""specification_name"":""Print or Pattern Type"",""specification_value"":""Floral""},{""specification_name"":""Seam"",""specification_value"":""Seamless""},{""specification_name"":""Sport"",""specification_value"":""NA""},{""specification_name"":""Sports Bra Support"",""specification_value"":""High Support""},{""specification_name"":""Straps"",""specification_value"":""Regular""},{""specification_name"":""Style"",""specification_value"":""NA""},{""specification_name"":""Sustainable"",""specification_value"":""Regular""},{""specification_name"":""Technology"",""specification_value"":""NA""},{""specification_name"":""Type"",""specification_value"":""T-shirt""},{""specification_name"":""Wash Care"",""specification_value"":""Hand Wash""},{""specification_name"":""Wiring"",""specification_value"":""Non-Wired""}]","{""1_star"":0,""2_stars"":0,""3_stars"":1,""4_stars"":2,""5_stars"":2}",No review,Unknown,"[{""size"":""30B"",""value"":""32.0in"",""value_name"":""Overbust""},{""size"":""30B"",""value"":""26.0in"",""value_name"":""Underbust""},{""size"":""32B"",""value"":""34.0in"",""value_name"":""Overbust""},{""size"":""32B"",""value"":""28.0in"",""value_name"":""Underbust""},{""size"":""32C"",""value"":""36.0in"",""value_name"":""Overbust""},{""size"":""32C"",""value"":""30.0in"",""value_name"":""Underbust""},{""size"":""34B"",""value"":""36.0in"",""value_name"":""Overbust""},{""size"":""34B"",""value"":""30.0in"",""value_name"":""Underbust""},{""size"":""34C"",""value"":""38.0in"",""value_name"":""Overbust""},{""size"":""34C"",""value"":""32.0in"",""value_name"":""Underbust""},{""size"":""34D"",""value"":""38.0in"",""value_name"":""Overbust""},{""size"":""34D"",""value"":""32.0in"",""value_name"":""Underbust""},{""size"":""36B"",""value"":""38.0in"",""value_name"":""Overbust""},{""size"":""36B"",""value"":""32.0in"",""value_name"":""Underbust""},{""size"":""36C"",""value"":""40.0in"",""value_name"":""Overbust""},{""size"":""36C"",""value"":""34.0in"",""value_name"":""Underbust""},{""size"":""38B"",""value"":""40.0in"",""value_name"":""Overbust""},{""size"":""38B"",""value"":""34.0in"",""value_name"":""Underbust""},{""size"":""38C"",""value"":""42.0in"",""value_name"":""Overbust""},{""size"":""38C"",""value"":""36.0in"",""value_name"":""Underbust""}]",{},"[{""offer_name"":""10% Instant Discount on Citi Credit & Debit Cards "",""offer_value"":"" Min Spend ₹3,000; Max Discount ₹1,000. ""}]",bra,519.2,1,519.2
17774350,Zivame,Pink Lightly Padded T-shirt Bra,4.2,9,995,50.0,497.5,INR,"http://assets.myntassets.com/assets/images/17774350/2022/4/6/8046765d-32f9-4837-9b2f-c3ac99d7243f1649220747561ZivamePureBlissPaddedNonWired34thCoverageT-ShirtBra-Salmon1.jpg,http://assets.myntassets.com/assets/images/17774350/2022/4/6/0762aaf2-e535-4075-be56-f913520981501649220747553ZivamePureBlissPaddedNonWired34thCoverageT-ShirtBra-Salmon2.jpg,http://assets.myntassets.com/assets/images/17774350/2022/4/6/7894c9c6-9d0f-43d4-841e-541f299487f51649220747545ZivamePureBlissPaddedNonWired34thCoverageT-ShirtBra-Salmon3.jpg,http://assets.myntassets.com/assets/images/17774350/2022/4/6/db713a4c-7a03-490a-864a-a3989ef973fd1649220747537ZivamePureBlissPaddedNonWired34thCoverageT-ShirtBra-Salmon4.jpg","[""100% Original Products"",""Pay on delivery might be available"",""Easy 14 days returns"",""This item is only returnable and not exchangeable""]","{""description"":""Make an interesting and drool-worthy addition to your collection of workout wear with this highly comfortable workout bra. Wear it to gift yourself ultimate support and definition required during workout sessions.Features VANumber: ZI10ZYFASHCORNGHalf coverageNon-wired to retain natural lift and all-day comfortLightly padded for defined shaping of breastsSeamless cupsRegular strapsBack closureFeatures: all day comfort"",""material_and_care"":""100% Polyester. Hand wash""}","[{""name"":""Clothing"",""url"":""https://www.myntra.com/clothing""},{""name"":""Women"",""url"":""https://www.myntra.com/women-clothing""},{""name"":""Bra"",""url"":""https://www.myntra.com/bra""},{""name"":""Zivame"",""url"":""https://www.myntra.com/zivame-bra""},{""name"":""More by Zivame"",""url"":""https://www.myntra.com/zivame""}]","[{""specification_name"":""Back"",""specification_value"":""Regular""},{""specification_name"":""Center Front Open"",""specification_value"":""No""},{""specification_name"":""Character"",""specification_value"":""NA""},{""specification_name"":""Closure"",""specification_value"":""Back Closure""},{""specification_name"":""Coverage"",""specification_value"":""Half""},{""specification_name"":""Fabric"",""specification_value"":""Polyester""},{""specification_name"":""Fabric 2"",""specification_value"":""NA""},{""specification_name"":""Fabric 3"",""specification_value"":""NA""},{""specification_name"":""Features"",""specification_value"":""All Day Comfort""},{""specification_name"":""Knit or Woven"",""specification_value"":""Knitted""},{""specification_name"":""Multipack Set"",""specification_value"":""Single""},{""specification_name"":""Padding"",""specification_value"":""Lightly Padded""},{""specification_name"":""Pattern"",""specification_value"":""Solid""},{""specification_name"":""Print or Pattern Type"",""specification_value"":""Solid""},{""specification_name"":""Seam"",""specification_value"":""Seamless""},{""specification_name"":""Sport"",""specification_value"":""NA""},{""specification_name"":""Sports Bra Support"",""specification_value"":""NA""},{""specification_name"":""Straps"",""specification_value"":""Regular""},{""specification_name"":""Style"",""specification_value"":""Super Support Bra""},{""specification_name"":""Sustainable"",""specification_value"":""Regular""},{""specification_name"":""Technology"",""specification_value"":""NA""},{""specification_name"":""Type"",""specification_value"":""T-shirt""},{""specification_name"":""Wash Care"",""specification_value"":""Hand Wash""},{""specification_name"":""Wiring"",""specification_value"":""Non-Wired""}]","{""1_star"":1,""2_stars"":0,""3_stars"":1,""4_stars"":1,""5_stars"":6}",No review,Unknown,"[{""size"":""32B"",""value"":""33.8in"",""value_name"":""Overbust""},{""size"":""32B"",""value"":""28.0in"",""value_name"":""Underbust""},{""size"":""32C"",""value"":""34.6in"",""value_name"":""Overbust""},{""size"":""32C"",""value"":""28.0in"",""value_name"":""Underbust""},{""size"":""32D"",""value"":""35.4in"",""value_name"":""Overbust""},{""size"":""32D"",""value"":""28.0in"",""value_name"":""Underbust""},{""size"":""34B"",""value"":""35.8in"",""value_name"":""Overbust""},{""size"":""34B"",""value"":""30.0in"",""value_name"":""Underbust""},{""size"":""34C"",""value"":""36.6in"",""value_name"":""Overbust""},{""size"":""34C"",""value"":""30.0in"",""value_name"":""Underbust""},{""size"":""34D"",""value"":""37.7in"",""value_name"":""Overbust""},{""size"":""34D"",""value"":""30.0in"",""value_name"":""Underbust""},{""size"":""36B"",""value"":""37.7in"",""value_name"":""Overbust""},{""size"":""36B"",""value"":""32.0in"",""value_name"":""Underbust""},{""size"":""36C"",""value"":""38.5in"",""value_name"":""Overbust""},{""size"":""36C"",""value"":""32.0in"",""value_name"":""Underbust""},{""size"":""36D"",""value"":""39.7in"",""value_name"":""Overbust""},{""size"":""36D"",""value"":""32.0in"",""value_name"":""Underbust""},{""size"":""38B"",""value"":""39.7in"",""value_name"":""Overbust""},{""size"":""38B"",""value"":""34.0in"",""value_name"":""Underbust""},{""size"":""38C"",""value"":""40.5in"",""value_name"":""Overbust""},{""size"":""38C"",""value"":""34.0in"",""value_name"":""Underbust""},{""size"":""38D"",""value"":""41.7in"",""value_name"":""Overbust""},{""size"":""38D"",""value"":""34.0in"",""value_name"":""Underbust""}]",{},"[{""offer_name"":""10% Instant Discount on Citi Credit & Debit Cards "",""offer_value"":"" Min Spend ₹3,000; Max Discount ₹1,000. ""}]",bra,497.5,1,497.5
16704504,ZINU,Women Silver-Toned Brass Cubic Zirconia Rhodium-Plated Charm Bracelet,4.1,7,699,45.0,384.45,INR,"http://assets.myntassets.com/assets/images/16704504/2022/1/6/05b4a78c-f3a5-4b42-956d-e10b25b285911641461209358ZINUWomenSilver1.jpg,http://assets.myntassets.com/assets/images/16704504/2022/1/6/e3eb6b89-2927-477a-989b-cd879f5670b31641461209350ZINUWomenSilver2.jpg,http://assets.myntassets.com/assets/images/16704504/2022/1/6/730f4537-a603-448e-a6c4-5b98612b3e731641461209343ZINUWomenSilver3.jpg,http://assets.myntassets.com/assets/images/16704504/2022/1/6/1a303202-bc0a-438c-83ac-92aa277a76351641461209605ZINUWomenSilver4.jpg,http://assets.myntassets.com/assets/images/16704504/2022/1/6/6f9d96fc-6ebe-4f63-906a-e7668dee25ac1641461209185ZINUWomenSilver5.jpg","[""100% Original Products"",""Pay on delivery might be available"",""Easy 14 days returns and exchanges""]","{""description"":""Silver-toned charm bracelet  Material and stone type: brass with cubic zirconia  Plating: rhodium-plated  Closure: drawstring "",""material_and_care"":""Material and stone type: brass with cubic zirconia. Avoid contact with water and perfume"",""size_and_fit"":""Length:19cm""}","[{""name"":""Accessories"",""url"":""https://www.myntra.com/accessories""},{""name"":""Women"",""url"":""https://www.myntra.com/women-accessories""},{""name"":""Bracelet"",""url"":""https://www.myntra.com/bracelet""},{""name"":""ZINU"",""url"":""https://www.myntra.com/zinu-bracelet""},{""name"":""More by ZINU"",""url"":""https://www.myntra.com/zinu""}]","[{""specification_name"":""Base Metal"",""specification_value"":""Brass""},{""specification_name"":""Closure"",""specification_value"":""Drawstring""},{""specification_name"":""Multipack Set"",""specification_value"":""NA""},{""specification_name"":""Occasion"",""specification_value"":""Western""},{""specification_name"":""Plating"",""specification_value"":""Rhodium-Plated""},{""specification_name"":""Stone Type"",""specification_value"":""Cubic Zirconia""},{""specification_name"":""Sustainable"",""specification_value"":""Regular""},{""specification_name"":""Trends"",""specification_value"":""NA""},{""specification_name"":""Type"",""specification_value"":""Charm""},{""specification_name"":""Warranty"",""specification_value"":""NA""}]","{""1_star"":0,""2_stars"":0,""3_stars"":2,""4_stars"":2,""5_stars"":3}",No review,SAN███UNE███,"[{""size"":""Onesize"",""value"":""7.0in"",""value_name"":""Circumference""}]","{""applicable_on"":""Orders above Rs. 649 (only on first purchase)"",""best_price"":""266"",""coupon_code"":""MYNTRA200"",""coupon_discount"":"" Rs. 118.0 off (check cart for final savings)""}","[{""offer_name"":""10% Instant Discount on IndusInd Bank Debit Cards "",""offer_value"":"" Min Spend ₹2,500; Max Discount ₹1,000. ""},{""offer_name"":""10% Instant Discount on Citi Credit & Debit Cards "",""offer_value"":"" Min Spend ₹3,000; Max Discount ₹1,000. ""},{""offer_name"":""10% Instant Discount on Yes Bank Credit Cards "",""offer_value"":"" Min Spend ₹3,500; Max Discount ₹1,000. ""},{""offer_name"":""Flat ₹100 Cashback on Mobiwkik Wallet/Zip "",""offer_value"":"" Min Spend ₹1,999. ""},{""offer_name"":""7.5% Discount on Myntra Kotak Credit Card."",""offer_value"":"" Max Discount Up to ₹750 on every spends. ""}]",bracelet,384.45,1,384.45
21873792,KARATCART,Cubic Zirconia Silver-Plated Wraparound Bracelet,4.6,5,3397,76.0,815.2800000000002,INR,"http://assets.myntassets.com/assets/images/21873792/2023/2/9/0a188ca5-5583-4060-81d8-a622fe67e6731675887910667KARATCARTWomenSilver-TonedBlueCubicZirconiaHandcraftedSilver1.jpg,http://assets.myntassets.com/assets/images/21873792/2023/2/9/17ddd5f6-c0dd-4226-8960-4ed68942f8141675887910653KARATCARTWomenSilver-TonedBlueCubicZirconiaHandcraftedSilver2.jpg,http://assets.myntassets.com/assets/images/21873792/2023/2/9/b6041183-83d2-45fb-a30f-4218ce5e98df1675887910606KARATCARTWomenSilver-TonedBlueCubicZirconiaHandcraftedSilver3.jpg,http://assets.myntassets.com/assets/images/21873792/2023/2/9/77428b23-119c-4b69-bc8e-4b891763bc941675887910637KARATCARTWomenSilver-TonedBlueCubicZirconiaHandcraftedSilver4.jpg,http://assets.myntassets.com/assets/images/21873792/2023/2/9/b92c6abc-9e0a-4c83-9a1d-3c801b17e18f1675887910683KARATCARTWomenSilver-TonedBlueCubicZirconiaHandcraftedSilver5.jpg,http://assets.myntassets.com/assets/images/21873792/2023/2/9/673135ff-39db-44ca-882e-20dddd5908411675887910622KARATCARTWomenSilver-TonedBlueCubicZirconiaHandcraftedSilver6.jpg","[""100% Original Products"",""Pay on delivery might be available"",""Easy 14 days returns and exchanges""]","{""description"":""Silver-toned and blue handcrafted wraparound bracelet  Material and stone type: alloy with cubic zirconia  Plating: silver-plated  Closure: hook "",""material_and_care"":""Material: Alloy. Plating: Silver-Plated. Stone type: Cubic Zirconia. Care Instructions: Wipe your jewellery with a soft cloth after every use. Always store your jewellery in a flat box to avoid accidental scratches. Keep sprays and perfumes away from your jewellery. Do not soak your jewellery in water. Clean your jewellery using a soft brush, dipped in jewellery cleaning solution only"",""size_and_fit"":""Length:19.9cm""}","[{""name"":""Accessories"",""url"":""https://www.myntra.com/accessories""},{""name"":""Women"",""url"":""https://www.myntra.com/women-accessories""},{""name"":""Bracelet"",""url"":""https://www.myntra.com/bracelet""},{""name"":""KARATCART"",""url"":""https://www.myntra.com/karatcart-bracelet""},{""name"":""More by KARATCART"",""url"":""https://www.myntra.com/karatcart""}]","[{""specification_name"":""Base Metal"",""specification_value"":""Alloy""},{""specification_name"":""Closure"",""specification_value"":""Hook""},{""specification_name"":""Multipack Set"",""specification_value"":""NA""},{""specification_name"":""Occasion"",""specification_value"":""Western""},{""specification_name"":""Plating"",""specification_value"":""Silver-Plated""},{""specification_name"":""Stone Type"",""specification_value"":""Cubic Zirconia""},{""specification_name"":""Sustainable"",""specification_value"":""Regular""},{""specification_name"":""Trends"",""specification_value"":""NA""},{""specification_name"":""Type"",""specification_value"":""Wraparound""},{""specification_name"":""Warranty"",""specification_value"":""NA""}]","{""1_star"":0,""2_stars"":0,""3_stars"":1,""4_stars"":0,""5_stars"":4}",No review,KOK███V G███AL █████████,"[{""size"":""Onesize"",""value"":""8.26in"",""value_name"":""Bracelet Length""},{""size"":""Onesize"",""value"":""8.26in"",""value_name"":""Circumference""}]","{""applicable_on"":""Orders above Rs. 999 (only on first purchase)"",""best_price"":""570"",""coupon_code"":""MYNTRA300"",""coupon_discount"":"" Rs. 245.0 off (check cart for final savings)""}","[{""offer_name"":""10% Instant Discount on IndusInd Bank Debit Cards "",""offer_value"":"" Min Spend ₹2,500; Max Discount ₹1,000. ""},{""offer_name"":""10% Instant Discount on Citi Credit & Debit Cards "",""offer_value"":"" Min Spend ₹3,000; Max Discount ₹1,000. ""},{""offer_name"":""10% Instant Discount on Yes Bank Credit Cards "",""offer_value"":"" Min Spend ₹3,500; Max Discount ₹1,000. ""},{""offer_name"":""Flat ₹100 Cashback on Mobiwkik Wallet/Zip "",""offer_value"":"" Min Spend ₹1,999. ""},{""offer_name"":""7.5% Discount on Myntra Kotak Credit Card."",""offer_value"":"" Max Discount Up to ₹750 on every spends. ""}]",bracelet,815.2800000000002,1,815.2800000000002
21573578,Jewels Galaxy,Women Brass Gold-Plated Bangle-Style Bracelet,4.2,24,1329,77.0,305.66999999999996,INR,"http://assets.myntassets.com/assets/images/21573578/2023/1/16/1fc43dd6-6d24-479a-8864-65815d128c371673884661955Bracelet1.jpg,http://assets.myntassets.com/assets/images/21573578/2023/1/16/3c608de4-f41c-491f-ba16-35970e38d9e51673884661924Bracelet2.jpg,http://assets.myntassets.com/assets/images/21573578/2023/1/16/36dc670a-49ad-4e23-a9be-7d27ba649e441673884661964Bracelet3.jpg,http://assets.myntassets.com/assets/images/21573578/2023/1/16/489a6ca5-97e0-4876-b7b0-0ec6e4e497451673884661932Bracelet4.jpg,http://assets.myntassets.com/assets/images/21573578/2023/1/16/f4c78e20-501a-47a0-ab50-0ae1928c406b1673884661940Bracelet5.jpg,http://assets.myntassets.com/assets/images/21573578/2023/1/16/1761e2e3-ba19-4b54-a89b-2c830bed00da1673884661948Bracelet6.jpg","[""100% Original Products"",""Pay on delivery might be available"",""Easy 14 days returns and exchanges""]","{""description"":""Bangle-style braceletMaterial and stone type: brassPlating: gold-platedClosure: slip-on"",""material_and_care"":""Material &amp; Care. Material: Brass. Plated: Gold-Plated. Care Instructions. Wipe your jewellery with a soft cloth after every use. Always store your jewellery in a flat box to avoid accidental scratches. Keep sprays and perfumes away from your jewellery. Do not soak your jewellery in water. Clean your jewellery using a soft brush, dipped in jewellery cleaning solution only"",""size_and_fit"":""Length - 6.83 cm, Width - 1.59 cm""}","[{""name"":""Accessories"",""url"":""https://www.myntra.com/accessories""},{""name"":""Women"",""url"":""https://www.myntra.com/women-accessories""},{""name"":""Bracelet"",""url"":""https://www.myntra.com/bracelet""},{""name"":""Jewels Galaxy"",""url"":""https://www.myntra.com/jewels-galaxy-bracelet""},{""name"":""More by Jewels Galaxy"",""url"":""https://www.myntra.com/jewels-galaxy""}]","[{""specification_name"":""Base Metal"",""specification_value"":""Brass""},{""specification_name"":""Closure"",""specification_value"":""Slip-On""},{""specification_name"":""Multipack Set"",""specification_value"":""NA""},{""specification_name"":""Occasion"",""specification_value"":""Western""},{""specification_name"":""Plating"",""specification_value"":""Gold-Plated""},{""specification_name"":""Stone Type"",""specification_value"":""NA""},{""specification_name"":""Sustainable"",""specification_value"":""Regular""},{""specification_name"":""Trends"",""specification_value"":""NA""},{""specification_name"":""Type"",""specification_value"":""Bangle-Style""},{""specification_name"":""Warranty"",""specification_value"":""NA""}]","{""1_star"":2,""2_stars"":1,""3_stars"":1,""4_stars"":6,""5_stars"":14}",No review,RS ███els███,"[{""size"":""Onesize"",""value"":""2.38in"",""value_name"":""Bracelet Length""},{""size"":""Onesize"",""value"":""7.06in"",""value_name"":""Circumference""},{""size"":""Onesize"",""value"":""2.5in"",""value_name"":""Diameter""}]","{""applicable_on"":""Orders above Rs. 649 (only on first purchase)"",""best_price"":""211"",""coupon_code"":""MYNTRA200"",""coupon_discount"":"" Rs. 94.0 off (check cart for final savings)""}","[{""offer_name"":""10% Instant Discount on IndusInd Bank Debit Cards "",""offer_value"":"" Min Spend ₹2,500; Max Discount ₹1,000. ""},{""offer_name"":""10% Instant Discount on Citi Credit & Debit Cards "",""offer_value"":"" Min Spend ₹3,000; Max Discount ₹1,000. ""},{""offer_name"":""10% Instant Discount on Yes Bank Credit Cards "",""offer_value"":"" Min Spend ₹3,500; Max Discount ₹1,000. ""},{""offer_name"":""Flat ₹100 Cashback on Mobiwkik Wallet/Zip "",""offer_value"":"" Min Spend ₹1,999. ""},{""offer_name"":""7.5% Discount on Myntra Kotak Credit Card."",""offer_value"":"" Max Discount Up to ₹750 on every spends. ""}]",bracelet,305.66999999999996,1,305.66999999999996
18100576,MINUTIAE,Women Gold-Toned & White Brass Crystals Handcrafted Gold-Plated Bangle-Style Bracelet,3.2,13,1499,70.0,449.70000000000005,INR,"http://assets.myntassets.com/assets/images/18100576/2022/4/30/b104f090-bf81-48da-be44-954e7ca834761651303319188WomensGoldPlatedDiamondBarBracelet1.jpg,http://assets.myntassets.com/assets/images/18100576/2022/4/30/1ad8f751-86d2-4c25-8e50-8c084b08131d1651303319195WomensGoldPlatedDiamondBarBracelet2.jpg,http://assets.myntassets.com/assets/images/18100576/2022/4/30/40be2db4-2bcc-4c1f-95f6-46180201c32d1651303319210WomensGoldPlatedDiamondBarBracelet3.jpg,http://assets.myntassets.com/assets/images/18100576/2022/4/30/5f31b5e2-200c-4847-b4d1-9b72257d66131651303319218WomensGoldPlatedDiamondBarBracelet4.jpg,http://assets.myntassets.com/assets/images/18100576/2022/4/30/52a938c0-7d78-40f6-921d-164e43d0d2381651303319202WomensGoldPlatedDiamondBarBracelet5.jpg","[""100% Original Products"",""Pay on delivery might be available"",""Easy 14 days returns and exchanges""]","{""description"":""Gold-toned and white handcrafted bangle-style bracelet  Material and stone type: brass with crystals  Plating: gold-plated  Closure: interlock  Warranty: 3 months  Warranty provided by brand owner/manufacturer"",""material_and_care"":""Brass. Avoid contact with water &amp; perfume"",""size_and_fit"":""Size: 6.5Inch""}","[{""name"":""Accessories"",""url"":""https://www.myntra.com/accessories""},{""name"":""Women"",""url"":""https://www.myntra.com/women-accessories""},{""name"":""Bracelet"",""url"":""https://www.myntra.com/bracelet""},{""name"":""MINUTIAE"",""url"":""https://www.myntra.com/minutiae-bracelet""},{""name"":""More by MINUTIAE"",""url"":""https://www.myntra.com/minutiae""}]","[{""specification_name"":""Base Metal"",""specification_value"":""Brass""},{""specification_name"":""Closure"",""specification_value"":""Interlock""},{""specification_name"":""Contact Brand or Retailer for pre-sales product queries"",""specification_value"":""vijayibhavajewels@gmail.com""},{""specification_name"":""Multipack Set"",""specification_value"":""NA""},{""specification_name"":""Occasion"",""specification_value"":""Western""},{""specification_name"":""Plating"",""specification_value"":""Gold-Plated""},{""specification_name"":""Stone Type"",""specification_value"":""Crystals""},{""specification_name"":""Sustainable"",""specification_value"":""Regular""},{""specification_name"":""Trends"",""specification_value"":""Handcrafted""},{""specification_name"":""Type"",""specification_value"":""Bangle-Style""},{""specification_name"":""Warranty"",""specification_value"":""3 months""}]","{""1_star"":4,""2_stars"":1,""3_stars"":1,""4_stars"":2,""5_stars"":5}",No review,Unknown,"[{""size"":""M"",""value"":""6.5in"",""value_name"":""Circumference""}]",{},"[{""offer_name"":""10% Instant Discount on Citi Credit & Debit Cards "",""offer_value"":"" Min Spend ₹3,000; Max Discount ₹1,000. ""}]",bracelet,449.70000000000005,1,449.70000000000005
18532334,Pepe Jeans,Men Green Printed Cotton Basic Briefs,0.0,0,459,20.0,367.2,INR,"http://assets.myntassets.com/assets/images/18532334/2022/6/1/9fa5a810-d7a7-4e3d-9ee4-5f9358949c311654079953571PepeJeansMenGreenPrintedCottonBasicBriefs1.jpg,http://assets.myntassets.com/assets/images/18532334/2022/6/1/0e391503-2bfe-48ab-bc9d-4c30e85e5ba21654079953582PepeJeansMenGreenPrintedCottonBasicBriefs2.jpg,http://assets.myntassets.com/assets/images/18532334/2022/6/1/8e752a49-a8fc-43f7-baaa-60df9d44d0871654079953524PepeJeansMenGreenPrintedCottonBasicBriefs3.jpg,http://assets.myntassets.com/assets/images/18532334/2022/6/1/aaaf3f7b-d182-43e5-866f-488aca73b7231654079953548PepeJeansMenGreenPrintedCottonBasicBriefs4.jpg,http://assets.myntassets.com/assets/images/18532334/2022/6/1/fda9cc1d-6f86-4084-887b-6fe90eef3ce21654079953560PepeJeansMenGreenPrintedCottonBasicBriefs5.jpg,http://assets.myntassets.com/assets/images/18532334/2022/6/1/7351acf1-e339-46c3-b406-c734166ce6ef1654079953536PepeJeansMenGreenPrintedCottonBasicBriefs6.jpg","[""100% Original Products"",""Pay on delivery might be available"",""Items like innerwear, socks, certain accessories and some high-value fragile items do not come under our return policy""]","{""description"":""Made of ultra-soft premium enriched egyptian cotton, Soft, double-layred pouch lends you additional support. Smooth and durable waistband provides comfortable grip. Soft breezy rib fabric promises maximum breathability, Enjoy label -free comfort all day long. This product is treated with ultra fresh a technology that restricts microbial growth keeps the fabric hygienic and fresh for long hours and your innewear completely odour -free.Key Feature:Intellifresh Technology: Ultra soft combed cotton, makes you feel cool and comfortable all day. Fabric covered leg elastic gives full hip coverage and perfect fit around the leg. Contrast piping for stylish look.Elastic Wasitband: Nylon stretch jacquard waistband is soothing to the skin. The waistband is made from high-quality elastic which can stretch upto 6 inches to ensure maximum flexibility and lasts really long.100% Cotton: These brief innerwear are made from 100% Natural Cotton grown in India. No harmful colours or chemicals are used in the making of this product, to ensure that there is no skin irritation to the user.The fabrics are pre-tested and pre-washed to ensure highest quality is maintained and that the color does not run.Relaxed Fit: A relaxed fit makes these shorts the perfect sleepwear companion. Ideal to just lounge at home, Enjoy label-free comfort all day long.Wash Care: These boxer shorts are very easy to take care of. A regular cold machine wash and dry in shade is recommended. Do not use bleach or any coloring agents."",""material_and_care"":""Cotton. Wash at 40C. Do not bleach. Tumble Dry, Low temperature. Iron Stream or  dry with low heat. Do not dry clean""}","[{""name"":""Clothing"",""url"":""https://www.myntra.com/clothing""},{""name"":""Men"",""url"":""https://www.myntra.com/men-clothing""},{""name"":""Briefs"",""url"":""https://www.myntra.com/briefs""},{""name"":""Pepe Jeans"",""url"":""https://www.myntra.com/pepe-jeans-briefs""},{""name"":""More by Pepe Jeans"",""url"":""https://www.myntra.com/pepe-jeans""}]","[{""specification_name"":""Assorted"",""specification_value"":""No""},{""specification_name"":""Character"",""specification_value"":""NA""},{""specification_name"":""Fabric"",""specification_value"":""Cotton""},{""specification_name"":""Fabric 2"",""specification_value"":""NA""},{""specification_name"":""Features"",""specification_value"":""Anti Microbial""},{""specification_name"":""Knit or Woven"",""specification_value"":""Knitted""},{""specification_name"":""Multipack Set"",""specification_value"":""NA""},{""specification_name"":""Pattern"",""specification_value"":""Printed""},{""specification_name"":""Print or Pattern Type"",""specification_value"":""Self Design""},{""specification_name"":""Style"",""specification_value"":""NA""},{""specification_name"":""Sustainable"",""specification_value"":""Regular""},{""specification_name"":""Type"",""specification_value"":""Basic""},{""specification_name"":""Waist Rise"",""specification_value"":""Low-Rise""},{""specification_name"":""Waistband"",""specification_value"":""Outer Elastic""},{""specification_name"":""Wash Care"",""specification_value"":""Machine Wash""}]","{""1_star"":0,""2_stars"":0,""3_stars"":0,""4_stars"":0,""5_stars"":0}",No review,Vis███ St███,"[{""size"":""S"",""value"":""30.0in"",""value_name"":""To Fit Waist""},{""size"":""M"",""value"":""34.0in"",""value_name"":""To Fit Waist""},{""size"":""L"",""value"":""38.0in"",""value_name"":""To Fit Waist""},{""size"":""XL"",""value"":""42.0in"",""value_name"":""To Fit Waist""}]","{""applicable_on"":""Orders above Rs. 649 (only on first purchase)"",""best_price"":""206"",""coupon_code"":""MYNTRA200"",""coupon_discount"":"" Rs. 92.0 off (check cart for final savings)""}","[{""offer_name"":""10% Instant Discount on IndusInd Bank Debit Cards "",""offer_value"":"" Min Spend ₹2,500; Max Discount ₹1,000. ""},{""offer_name"":""10% Instant Discount on Citi Credit & Debit Cards "",""offer_value"":"" Min Spend ₹3,000; Max Discount ₹1,000. ""},{""offer_name"":""10% Instant Discount on Yes Bank Credit Cards "",""offer_value"":"" Min Spend ₹3,500; Max Discount ₹1,000. ""},{""offer_name"":""Flat ₹100 Cashback on Mobiwkik Wallet/Zip "",""offer_value"":"" Min Spend ₹1,999. ""},{""offer_name"":""7.5% Discount on Myntra Kotak Credit Card."",""offer_value"":"" Max Discount Up to ₹750 on every spends. ""}]",briefs,367.2,1,367.2
16696094,Van Heusen,Men Swift Dry High Stretch Mesh AIR Series Active Briefs 8905325842743,4.6,192,649,0.0,649.0,INR,"http://assets.myntassets.com/assets/images/16696094/2022/3/19/fdc22887-c648-4b01-8273-8764f57198b01647679232538-Van-Heusen-Men-Black-Solid-Breathable-Briefs-8905325842743-1-1.jpg,http://assets.myntassets.com/assets/images/16696094/2022/3/19/0ddbd926-16cb-4a5f-af18-2885c6b49a171647679232529-Van-Heusen-Men-Black-Solid-Breathable-Briefs-8905325842743-1-2.jpg,http://assets.myntassets.com/assets/images/16696094/2022/3/19/907be1a3-1790-48e5-ab55-a327a7fbd02c1647679232520-Van-Heusen-Men-Black-Solid-Breathable-Briefs-8905325842743-1-3.jpg,http://assets.myntassets.com/assets/images/16696094/2022/3/19/b9c8afb6-6e3d-45a0-8e54-4b9717ec966f1647679232493-Van-Heusen-Men-Black-Solid-Breathable-Briefs-8905325842743-1-4.jpg,http://assets.myntassets.com/assets/images/16696094/2023/8/25/d722af9b-2cf2-47ed-9a9a-a8ac2ce08c6b1692952116809-Van-Heusen-Men-Swift-Dry-High-Stretch-Mesh-AIR-Series-Active-5.jpg,http://assets.myntassets.com/assets/images/16696094/2023/2/17/43ecdde0-b45c-44dc-bd0f-435e1dcf03fe1676616830426-Van-Heusen-Men-Swift-Dry-High-Stretch-Mesh-Breathable-AIR-Ac-11.jpg","[""100% Original Products"",""Pay on delivery might be available"",""Items like innerwear, socks, certain accessories and some high-value fragile items do not come under our return policy""]","{""description"":""Black solid mid-rise briefs, has an outer elasticated waistband and a double layered contoured pouchAIR: Van Heusen AIR brief is made with innovative, breathable, ultra soft fabric equipped with Swift Dry technology which is super soft on your skin while also drawing perspiration from it and keeping it cool and dry.Swift Dry: Swift Dry Technology draws perspiration from the skin; keeping the body cool, dry and comfortable. Especially made for active-wear use.Ultra Light Mesh Fabric With High Stretch: Easy to flex, the stretchable fabric construction enhances comfort and flexibility and allows ease in movement.Sweat Free and Active: Stay Sweat Free and Active all day, thanks to the fabrics.Label Free Comfort: The label free design ensures you stay at ease without any skin irritation for hours.85% Polyamide, 15% Elastane: An optimum amount of stretch allows ease in movement and comfort to the wearer."",""material_and_care"":""85% polyamide, 15% elastane. Machine wash cold"",""size_and_fit"":""The model (height 6') is wearing size M""}","[{""name"":""Clothing"",""url"":""https://www.myntra.com/clothing""},{""name"":""Men"",""url"":""https://www.myntra.com/men-clothing""},{""name"":""Briefs"",""url"":""https://www.myntra.com/briefs""},{""name"":""Van Heusen"",""url"":""https://www.myntra.com/van-heusen-briefs""},{""name"":""More by Van Heusen"",""url"":""https://www.myntra.com/van-heusen""}]","[{""specification_name"":""Assorted"",""specification_value"":""No""},{""specification_name"":""Character"",""specification_value"":""NA""},{""specification_name"":""Fabric"",""specification_value"":""Polyamide""},{""specification_name"":""Fabric 2"",""specification_value"":""Elastane""},{""specification_name"":""Features"",""specification_value"":""NA""},{""specification_name"":""Knit or Woven"",""specification_value"":""Knitted""},{""specification_name"":""Multipack Set"",""specification_value"":""NA""},{""specification_name"":""Number of Items"",""specification_value"":""1""},{""specification_name"":""Pattern"",""specification_value"":""Solid""},{""specification_name"":""Print or Pattern Type"",""specification_value"":""Solid""},{""specification_name"":""Style"",""specification_value"":""NA""},{""specification_name"":""Sustainable"",""specification_value"":""Regular""},{""specification_name"":""Type"",""specification_value"":""Basic""},{""specification_name"":""Waist Rise"",""specification_value"":""Mid-Rise""},{""specification_name"":""Waistband"",""specification_value"":""Outer Elastic""},{""specification_name"":""Wash Care"",""specification_value"":""Machine Wash""}]","{""1_star"":8,""2_stars"":0,""3_stars"":4,""4_stars"":31,""5_stars"":149}","[{""percentage"":""100"",""value_name"":""Fit, Just Right""}]",Wes███ry ███din█████████d_M██████,"[{""size"":""S"",""value"":""28.0in"",""value_name"":""To Fit Waist""},{""size"":""M"",""value"":""32.0in"",""value_name"":""To Fit Waist""},{""size"":""L"",""value"":""36.0in"",""value_name"":""To Fit Waist""},{""size"":""XL"",""value"":""40.0in"",""value_name"":""To Fit Waist""}]","{""applicable_on"":""Orders above Rs. 649 (only on first purchase)"",""best_price"":""449"",""coupon_code"":""MYNTRA200"",""coupon_discount"":"" Rs. 200.0 off (check cart for final savings)""}","[{""offer_name"":""10% Instant Discount on IndusInd Bank Debit Cards "",""offer_value"":"" Min Spend ₹2,500; Max Discount ₹1,000. ""},{""offer_name"":""10% Instant Discount on Citi Credit & Debit Cards "",""offer_value"":"" Min Spend ₹3,000; Max Discount ₹1,000. ""},{""offer_name"":""10% Instant Discount on Yes Bank Credit Cards "",""offer_value"":"" Min Spend ₹3,500; Max Discount ₹1,000. ""},{""offer_name"":""Flat ₹100 Cashback on Mobiwkik Wallet/Zip "",""offer_value"":"" Min Spend ₹1,999. ""},{""offer_name"":""7.5% Discount on Myntra Kotak Credit Card."",""offer_value"":"" Max Discount Up to ₹750 on every spends. ""}]",briefs,649.0,1,649.0
21867416,DressBerry,Women Boy Shorts Brief,4.1,14,299,28.0,215.28,INR,"http://assets.myntassets.com/assets/images/21867416/2023/2/6/17cf8e77-2baf-4c0f-97b3-868e2a5edef81675691569626DressberryWomensSolidMidRiseBoyShortBrief1.jpg,http://assets.myntassets.com/assets/images/21867416/2023/2/6/d50f558b-078f-40fc-87b0-d5345578f2931675691569575DressberryWomensSolidMidRiseBoyShortBrief2.jpg,http://assets.myntassets.com/assets/images/21867416/2023/2/6/cf31116c-301f-4576-ad34-b3db937dd2201675691569594DressberryWomensSolidMidRiseBoyShortBrief3.jpg,http://assets.myntassets.com/assets/images/21867416/2023/2/6/658254d4-d5d4-4aff-afb7-f604703071f61675691569610DressberryWomensSolidMidRiseBoyShortBrief4.jpg,http://assets.myntassets.com/assets/images/21867416/2023/2/6/c6ec1c07-3223-42a0-8960-774eaaaccf291675691569643DressberryWomensSolidMidRiseBoyShortBrief5.jpg","[""100% Original Products"",""Pay on delivery might be available"",""Items like innerwear, socks, certain accessories and some high-value fragile items do not come under our return policy""]","{""description"":""Peach-coloured solid boy shorts briefs, has an elasticated waistband with double layered gussetVANumber: DB-JOY-PCH-1Type: Boy shortsMid RiseWaist band :Inner Elastic"",""material_and_care"":""95% Cotton and 5% Spandex. Hand wash""}","[{""name"":""Clothing"",""url"":""https://www.myntra.com/clothing""},{""name"":""Women"",""url"":""https://www.myntra.com/women-clothing""},{""name"":""Briefs"",""url"":""https://www.myntra.com/briefs""},{""name"":""DressBerry"",""url"":""https://www.myntra.com/dressberry-briefs""},{""name"":""More by DressBerry"",""url"":""https://www.myntra.com/dressberry""}]","[{""specification_name"":""Assorted"",""specification_value"":""No""},{""specification_name"":""Character"",""specification_value"":""NA""},{""specification_name"":""Fabric"",""specification_value"":""Cotton""},{""specification_name"":""Fabric 2"",""specification_value"":""NA""},{""specification_name"":""Features"",""specification_value"":""NA""},{""specification_name"":""Knit or Woven"",""specification_value"":""Knitted""},{""specification_name"":""Multipack Set"",""specification_value"":""Single""},{""specification_name"":""Pattern"",""specification_value"":""Solid""},{""specification_name"":""Print or Pattern Type"",""specification_value"":""Solid""},{""specification_name"":""Style"",""specification_value"":""NA""},{""specification_name"":""Sustainable"",""specification_value"":""Regular""},{""specification_name"":""Type"",""specification_value"":""Boy Shorts""},{""specification_name"":""Waist Rise"",""specification_value"":""Mid-Rise""},{""specification_name"":""Waistband"",""specification_value"":""Inner Elastic""},{""specification_name"":""Wash Care"",""specification_value"":""Machine Wash""}]","{""1_star"":2,""2_stars"":0,""3_stars"":1,""4_stars"":2,""5_stars"":9}",No review,VAC███CRE███ONS███,"[{""size"":""S"",""value"":""30.0in"",""value_name"":""To Fit Waist""},{""size"":""M"",""value"":""32.0in"",""value_name"":""To Fit Waist""},{""size"":""L"",""value"":""34.0in"",""value_name"":""To Fit Waist""},{""size"":""XL"",""value"":""36.0in"",""value_name"":""To Fit Waist""}]","{""applicable_on"":""Orders above Rs. 449 (only on first purchase)"",""best_price"":""143"",""coupon_code"":""TOPBRANDOFFER"",""coupon_discount"":"" Rs. 72.0 off (check cart for final savings)""}","[{""offer_name"":""10% Instant Discount on IndusInd Bank Debit Cards "",""offer_value"":"" Min Spend ₹2,500; Max Discount ₹1,000. ""},{""offer_name"":""10% Instant Discount on Citi Credit & Debit Cards "",""offer_value"":"" Min Spend ₹3,000; Max Discount ₹1,000. ""},{""offer_name"":""10% Instant Discount on Yes Bank Credit Cards "",""offer_value"":"" Min Spend ₹3,500; Max Discount ₹1,000. ""},{""offer_name"":""Flat ₹100 Cashback on Mobiwkik Wallet/Zip "",""offer_value"":"" Min Spend ₹1,999. ""},{""offer_name"":""7.5% Discount on Myntra Kotak Credit Card."",""offer_value"":"" Max Discount Up to ₹750 on every spends. ""}]",briefs,215.28,1,215.28
21850852,Soie,Women High Waist Full Coverage Lace Brief,4.9,14,390,5.0,370.5,INR,"http://assets.myntassets.com/assets/images/21850852/2023/2/4/5ced82e7-afa0-4000-806a-4af4193aa27f1675510055694SOIEHighWaistFullCoverageLaceBrief1.jpg,http://assets.myntassets.com/assets/images/21850852/2023/2/4/c2481789-a1a4-4e39-bb61-f64df6b5fde11675510055682SOIEHighWaistFullCoverageLaceBrief2.jpg,http://assets.myntassets.com/assets/images/21850852/2023/2/4/f0809f1a-2e69-480f-aef4-e469f279c7361675510055707SOIEHighWaistFullCoverageLaceBrief3.jpg,http://assets.myntassets.com/assets/images/21850852/2023/2/4/d0467938-4427-4067-b4c8-be9a611257c91675510055733SOIEHighWaistFullCoverageLaceBrief4.jpg,http://assets.myntassets.com/assets/images/21850852/2023/2/4/5d7e9c66-eeb0-42d1-b6c6-69414fd050ce1675510055719SOIEHighWaistFullCoverageLaceBrief5.jpg","[""100% Original Products"",""Pay on delivery might be available"",""Items like innerwear, socks, certain accessories and some high-value fragile items do not come under our return policy""]","{""description"":""PRODUCT DETAILS : Our most comfortable brief is crafted for both luxury and leisure. With its soft brushed fabric and delicate lace, it offers full coverage and a high waist for an effortless look, making it perfect for work or home. Specially crafted with a superior nylon spandex blend fabric, this brief offers both comfort and style.Features:VAN Number : FP-1706WINE. High waist. Full coverage. Brief style. Soft nylon spandex fabric. Lace detail. Specially brushed fabric"",""material_and_care"":""Nylon and Spandex. Hand Wash""}","[{""name"":""Clothing"",""url"":""https://www.myntra.com/clothing""},{""name"":""Women"",""url"":""https://www.myntra.com/women-clothing""},{""name"":""Briefs"",""url"":""https://www.myntra.com/briefs""},{""name"":""Soie"",""url"":""https://www.myntra.com/soie-briefs""},{""name"":""More by Soie"",""url"":""https://www.myntra.com/soie""}]","[{""specification_name"":""Assorted"",""specification_value"":""No""},{""specification_name"":""Character"",""specification_value"":""NA""},{""specification_name"":""Fabric"",""specification_value"":""Nylon""},{""specification_name"":""Fabric 2"",""specification_value"":""Elastane""},{""specification_name"":""Features"",""specification_value"":""NA""},{""specification_name"":""Knit or Woven"",""specification_value"":""Knitted""},{""specification_name"":""Multipack Set"",""specification_value"":""Single""},{""specification_name"":""Number of Items"",""specification_value"":""1""},{""specification_name"":""Pattern"",""specification_value"":""Solid""},{""specification_name"":""Print or Pattern Type"",""specification_value"":""Floral""},{""specification_name"":""Style"",""specification_value"":""Lace""},{""specification_name"":""Sustainable"",""specification_value"":""Regular""},{""specification_name"":""Type"",""specification_value"":""Hipster""},{""specification_name"":""Waist Rise"",""specification_value"":""High-Rise""},{""specification_name"":""Waistband"",""specification_value"":""Inner Elastic""},{""specification_name"":""Wash Care"",""specification_value"":""Hand Wash""}]","{""1_star"":0,""2_stars"":0,""3_stars"":1,""4_stars"":0,""5_stars"":13}",No review,GIN███IND███RIE█████████,"[{""size"":""S"",""value"":""26.4in to 28.7in"",""value_name"":""To Fit Waist""},{""size"":""S"",""value"":""32.7in to 35.5in"",""value_name"":""To Fit Hip""},{""size"":""M"",""value"":""28.7in to 31.9in"",""value_name"":""To Fit Waist""},{""size"":""M"",""value"":""35.5in to 38.2in"",""value_name"":""To Fit Hip""},{""size"":""L"",""value"":""31.9in to 34.6in"",""value_name"":""To Fit Waist""},{""size"":""L"",""value"":""38.2in to 40.9in"",""value_name"":""To Fit Hip""},{""size"":""XL"",""value"":""34.6in to 37.8in"",""value_name"":""To Fit Waist""},{""size"":""XL"",""value"":""40.9in to 44.1in"",""value_name"":""To Fit Hip""},{""size"":""XXL"",""value"":""37.8in to 40.6in"",""value_name"":""To Fit Waist""},{""size"":""XXL"",""value"":""44.1in to 46.9in"",""value_name"":""To Fit Hip""}]","{""applicable_on"":""Orders above Rs. 649 (only on first purchase)"",""best_price"":""256"",""coupon_code"":""MYNTRA200"",""coupon_discount"":"" Rs. 114.0 off (check cart for final savings)""}","[{""offer_name"":""10% Instant Discount on IndusInd Bank Debit Cards "",""offer_value"":"" Min Spend ₹2,500; Max Discount ₹1,000. ""},{""offer_name"":""10% Instant Discount on Citi Credit & Debit Cards "",""offer_value"":"" Min Spend ₹3,000; Max Discount ₹1,000. ""},{""offer_name"":""10% Instant Discount on Yes Bank Credit Cards "",""offer_value"":"" Min Spend ₹3,500; Max Discount ₹1,000. ""},{""offer_name"":""Flat ₹100 Cashback on Mobiwkik Wallet/Zip "",""offer_value"":"" Min Spend ₹1,999. ""},{""offer_name"":""7.5% Discount on Myntra Kotak Credit Card."",""offer_value"":"" Max Discount Up to ₹750 on every spends. ""}]",briefs,370.5,1,370.5
21860658,EROTISSCH,Women Printed Laced Basic Briefs,0.0,0,899,40.0,539.4,INR,"http://assets.myntassets.com/assets/images/21860658/2023/2/6/d8da3ce6-5840-49df-80fc-6ad483ca0bfb1675671334077WomensBluePrintedFullCoveragewithLaceDetailsPantyBriefs1.jpg,http://assets.myntassets.com/assets/images/21860658/2023/2/6/fccfff21-ee6c-4983-9e67-c6b8675ed82d1675671334062WomensBluePrintedFullCoveragewithLaceDetailsPantyBriefs2.jpg,http://assets.myntassets.com/assets/images/21860658/2023/2/6/e8fc8360-c7dc-406f-a7f3-7ce64b3f60f21675671334091WomensBluePrintedFullCoveragewithLaceDetailsPantyBriefs3.jpg,http://assets.myntassets.com/assets/images/21860658/2023/2/6/094eb0ca-f3d5-47d6-8040-268fcb5b962b1675671334106WomensBluePrintedFullCoveragewithLaceDetailsPantyBriefs4.jpg,http://assets.myntassets.com/assets/images/21860658/2023/2/6/52d6a850-0c01-43bc-9b5e-dd1b8375f2f91675671334135WomensBluePrintedFullCoveragewithLaceDetailsPantyBriefs5.jpg,http://assets.myntassets.com/assets/images/21860658/2023/2/6/a3812000-2224-4631-8463-073932543cb31675671334120WomensBluePrintedFullCoveragewithLaceDetailsPantyBriefs6.jpg","[""100% Original Products"",""Pay on delivery might be available"",""Items like innerwear, socks, certain accessories and some high-value fragile items do not come under our return policy""]","{""description"":""Blue printed laced basic briefs, each has elasticated waistband double layered gussetVANumber: AIP-35BType: basicWaist Rise: Mid-riseWaist band :Inner Elastic"",""material_and_care"":""95% Nylon &amp; 5% Elastane. Hand Wash""}","[{""name"":""Clothing"",""url"":""https://www.myntra.com/clothing""},{""name"":""Women"",""url"":""https://www.myntra.com/women-clothing""},{""name"":""Briefs"",""url"":""https://www.myntra.com/briefs""},{""name"":""EROTISSCH"",""url"":""https://www.myntra.com/erotissch-briefs""},{""name"":""More by EROTISSCH"",""url"":""https://www.myntra.com/erotissch""}]","[{""specification_name"":""Assorted"",""specification_value"":""No""},{""specification_name"":""Character"",""specification_value"":""NA""},{""specification_name"":""Fabric"",""specification_value"":""Nylon""},{""specification_name"":""Fabric 2"",""specification_value"":""NA""},{""specification_name"":""Features"",""specification_value"":""NA""},{""specification_name"":""Knit or Woven"",""specification_value"":""Knitted""},{""specification_name"":""Multipack Set"",""specification_value"":""Single""},{""specification_name"":""Pattern"",""specification_value"":""Printed""},{""specification_name"":""Print or Pattern Type"",""specification_value"":""Floral""},{""specification_name"":""Style"",""specification_value"":""NA""},{""specification_name"":""Sustainable"",""specification_value"":""Regular""},{""specification_name"":""Type"",""specification_value"":""Basic""},{""specification_name"":""Waist Rise"",""specification_value"":""Mid-Rise""},{""specification_name"":""Waistband"",""specification_value"":""Inner Elastic""},{""specification_name"":""Wash Care"",""specification_value"":""Hand Wash""}]","{""1_star"":0,""2_stars"":0,""3_stars"":0,""4_stars"":0,""5_stars"":0}",No review,AAK███INT███TES█████████LIM██████,"[{""size"":""S"",""value"":""27.5in"",""value_name"":""To Fit Waist""},{""size"":""S"",""value"":""37.5in"",""value_name"":""To Fit Hip""},{""size"":""M"",""value"":""29.5in"",""value_name"":""To Fit Waist""},{""size"":""M"",""value"":""39.5in"",""value_name"":""To Fit Hip""},{""size"":""L"",""value"":""31.5in"",""value_name"":""To Fit Waist""},{""size"":""L"",""value"":""41.5in"",""value_name"":""To Fit Hip""},{""size"":""XL"",""value"":""33.5in"",""value_name"":""To Fit Waist""},{""size"":""XL"",""value"":""43.5in"",""value_name"":""To Fit Hip""}]","{""applicable_on"":""Orders above Rs. 649 (only on first purchase)"",""best_price"":""373"",""coupon_code"":""MYNTRA200"",""coupon_discount"":"" Rs. 166.0 off (check cart for final savings)""}","[{""offer_name"":""10% Instant Discount on IndusInd Bank Debit Cards "",""offer_value"":"" Min Spend ₹2,500; Max Discount ₹1,000. ""},{""offer_name"":""10% Instant Discount on Citi Credit & Debit Cards "",""offer_value"":"" Min Spend ₹3,000; Max Discount ₹1,000. ""},{""offer_name"":""10% Instant Discount on Yes Bank Credit Cards "",""offer_value"":"" Min Spend ₹3,500; Max Discount ₹1,000. ""},{""offer_name"":""Flat ₹100 Cashback on Mobiwkik Wallet/Zip "",""offer_value"":"" Min Spend ₹1,999. ""},{""offer_name"":""7.5% Discount on Myntra Kotak Credit Card."",""offer_value"":"" Max Discount Up to ₹750 on every spends. ""}]",briefs,539.4,1,539.4
21569986,Chromozome,Men Pack of 4 Premium Pure Cotton Mini Briefs 8902733625630-MULTI 9,4.2,18,1199,40.0,719.4,INR,"http://assets.myntassets.com/assets/images/21569986/2023/2/24/b8c29192-3156-4eb2-9ed6-32a2869c0ab21677234738890-Men-Pack-of-4-Premium-100--Cotton-Mini-Briefs-34716772347383-1.jpg,http://assets.myntassets.com/assets/images/21569986/2023/2/24/a33ae9da-b473-4388-a616-7edd219cb2ad1677234738879-Men-Pack-of-4-Premium-100--Cotton-Mini-Briefs-34716772347383-2.jpg,http://assets.myntassets.com/assets/images/21569986/2023/2/24/cfa0891e-1692-43b5-85a1-cfb176b998b91677234738864-Men-Pack-of-4-Premium-100--Cotton-Mini-Briefs-34716772347383-3.jpg,http://assets.myntassets.com/assets/images/21569986/2023/2/24/206df23f-fdf4-4a1e-8772-b9af8ca4b3bf1677234738848-Men-Pack-of-4-Premium-100--Cotton-Mini-Briefs-34716772347383-4.jpg,http://assets.myntassets.com/assets/images/21569986/2023/2/24/1e5877b1-ef4b-4fb3-a474-f623fa3d713c1677234738820-Men-Pack-of-4-Premium-100--Cotton-Mini-Briefs-34716772347383-5.jpg","[""100% Original Products"",""Pay on delivery might be available"",""Items like innerwear, socks, certain accessories and some high-value fragile items do not come under our return policy""]","{""description"":""Pack of 4 Premium Briefs for Men (Grey & Navy blue  )VAN: 8902733625630-MULTI 9Double-layered contoured pouchOuter ElasticMid-riseKnitted"",""material_and_care"":""100% Premium Cotton. Machine Wash"",""size_and_fit"":""Regular, Comfort Fit""}","[{""name"":""Clothing"",""url"":""https://www.myntra.com/clothing""},{""name"":""Men"",""url"":""https://www.myntra.com/men-clothing""},{""name"":""Briefs"",""url"":""https://www.myntra.com/briefs""},{""name"":""Chromozome"",""url"":""https://www.myntra.com/chromozome-briefs""},{""name"":""More by Chromozome"",""url"":""https://www.myntra.com/chromozome""}]","[{""specification_name"":""Assorted"",""specification_value"":""No""},{""specification_name"":""Character"",""specification_value"":""NA""},{""specification_name"":""Fabric"",""specification_value"":""Cotton""},{""specification_name"":""Fabric 2"",""specification_value"":""NA""},{""specification_name"":""Features"",""specification_value"":""NA""},{""specification_name"":""Knit or Woven"",""specification_value"":""Knitted""},{""specification_name"":""Multipack Set"",""specification_value"":""4""},{""specification_name"":""Pattern"",""specification_value"":""Solid""},{""specification_name"":""Print or Pattern Type"",""specification_value"":""Solid""},{""specification_name"":""Style"",""specification_value"":""NA""},{""specification_name"":""Sustainable"",""specification_value"":""Regular""},{""specification_name"":""Type"",""specification_value"":""Basic""},{""specification_name"":""Waist Rise"",""specification_value"":""Mid-Rise""},{""specification_name"":""Waistband"",""specification_value"":""Inner Elastic""},{""specification_name"":""Wash Care"",""specification_value"":""Machine Wash""}]","{""1_star"":1,""2_stars"":0,""3_stars"":3,""4_stars"":4,""5_stars"":10}","[{""percentage"":""40"",""value_name"":""Fit, A Little Tight""}]",Sup███om ███,"[{""size"":""S"",""value"":""30.0in"",""value_name"":""To Fit Waist""},{""size"":""M"",""value"":""34.0in"",""value_name"":""To Fit Waist""},{""size"":""L"",""value"":""38.0in"",""value_name"":""To Fit Waist""},{""size"":""XL"",""value"":""42.0in"",""value_name"":""To Fit Waist""}]","{""applicable_on"":""Orders above Rs. 649 (only on first purchase)"",""best_price"":""273"",""coupon_code"":""MYNTRA200"",""coupon_discount"":"" Rs. 122.0 off (check cart for final savings)""}","[{""offer_name"":""10% Instant Discount on IndusInd Bank Debit Cards "",""offer_value"":"" Min Spend ₹2,500; Max Discount ₹1,000. ""},{""offer_name"":""10% Instant Discount on Citi Credit & Debit Cards "",""offer_value"":"" Min Spend ₹3,000; Max Discount ₹1,000. ""},{""offer_name"":""10% Instant Discount on Yes Bank Credit Cards "",""offer_value"":"" Min Spend ₹3,500; Max Discount ₹1,000. ""},{""offer_name"":""Flat ₹100 Cashback on Mobiwkik Wallet/Zip "",""offer_value"":"" Min Spend ₹1,999. ""},{""offer_name"":""7.5% Discount on Myntra Kotak Credit Card."",""offer_value"":"" Max Discount Up to ₹750 on every spends. ""}]",briefs,719.4,1,719.4
19206416,ABELINO,Women Set of 3 Assorted Cotton Boy Shorts Briefs PANTY3PCPLAINBOYSHORTS01,3.6,14,1899,80.0,379.79999999999995,INR,"http://assets.myntassets.com/assets/images/19206416/2022/7/21/e4231a87-da18-4b13-b3cf-63ba4578693e1658401157089Briefs1.jpg,http://assets.myntassets.com/assets/images/19206416/2022/7/21/3f2973e2-f91d-4665-b95b-d0e1df597b5b1658401157064Briefs2.jpg,http://assets.myntassets.com/assets/images/19206416/2022/7/21/c5d6459b-6362-4da8-94a7-9f4314d353fb1658401157103Briefs3.jpg,http://assets.myntassets.com/assets/images/19206416/2022/7/21/56407e28-5816-4895-9245-1e2ae4323e7a1658401157049Briefs4.jpg,http://assets.myntassets.com/assets/images/19206416/2022/7/21/985bafc4-4c44-43ae-939b-1c1f37135e381658401157077Briefs5.jpg,http://assets.myntassets.com/assets/images/19206416/2022/7/21/3784c49f-891c-40ef-9537-de840b0a23661658401157036Briefs6.jpg","[""100% Original Products"",""Pay on delivery might be available"",""Items like innerwear, socks, certain accessories and some high-value fragile items do not come under our return policy""]","{""description"":""Pack of 3 High Rise Assorted Boyshorts Briefs has an elasticated waistband with slip-on closure and double layered gusset.VANumber PANTY3PCPLAINBOYSHORTS01-Purple#Assorted: The final product delivered might vary in colour and prints from the display here"",""material_and_care"":""100% cotton. Machine Wash"",""size_and_fit"":""Please use size chart to shop your perfect size. ""}","[{""name"":""Clothing"",""url"":""https://www.myntra.com/clothing""},{""name"":""Women"",""url"":""https://www.myntra.com/women-clothing""},{""name"":""Briefs"",""url"":""https://www.myntra.com/briefs""},{""name"":""ABELINO"",""url"":""https://www.myntra.com/abelino-briefs""},{""name"":""More by ABELINO"",""url"":""https://www.myntra.com/abelino""}]","[{""specification_name"":""Assorted"",""specification_value"":""No""},{""specification_name"":""Character"",""specification_value"":""NA""},{""specification_name"":""Fabric"",""specification_value"":""Cotton""},{""specification_name"":""Fabric 2"",""specification_value"":""NA""},{""specification_name"":""Features"",""specification_value"":""NA""},{""specification_name"":""Knit or Woven"",""specification_value"":""Knitted""},{""specification_name"":""Multipack Set"",""specification_value"":""3""},{""specification_name"":""Pattern"",""specification_value"":""Solid""},{""specification_name"":""Print or Pattern Type"",""specification_value"":""Solid""},{""specification_name"":""Style"",""specification_value"":""NA""},{""specification_name"":""Sustainable"",""specification_value"":""Regular""},{""specification_name"":""Type"",""specification_value"":""Boy Shorts""},{""specification_name"":""Waist Rise"",""specification_value"":""High-Rise""},{""specification_name"":""Waistband"",""specification_value"":""Outer Elastic""},{""specification_name"":""Wash Care"",""specification_value"":""Machine Wash""}]","{""1_star"":2,""2_stars"":3,""3_stars"":1,""4_stars"":1,""5_stars"":7}",No review,ARI███T T███ING█████████,"[{""size"":""S"",""value"":""26.0in"",""value_name"":""To Fit Waist""},{""size"":""M"",""value"":""28.0in"",""value_name"":""To Fit Waist""},{""size"":""L"",""value"":""30.0in"",""value_name"":""To Fit Waist""},{""size"":""XL"",""value"":""32.0in"",""value_name"":""To Fit Waist""},{""size"":""XXL"",""value"":""34.0in"",""value_name"":""To Fit Waist""}]","{""applicable_on"":""Orders above Rs. 649 (only on first purchase)"",""best_price"":""262"",""coupon_code"":""MYNTRA200"",""coupon_discount"":"" Rs. 117.0 off (check cart for final savings)""}","[{""offer_name"":""10% Instant Discount on IndusInd Bank Debit Cards "",""offer_value"":"" Min Spend ₹2,500; Max Discount ₹1,000. ""},{""offer_name"":""10% Instant Discount on Citi Credit & Debit Cards "",""offer_value"":"" Min Spend ₹3,000; Max Discount ₹1,000. ""},{""offer_name"":""10% Instant Discount on Yes Bank Credit Cards "",""offer_value"":"" Min Spend ₹3,500; Max Discount ₹1,000. ""},{""offer_name"":""Flat ₹100 Cashback on Mobiwkik Wallet/Zip "",""offer_value"":"" Min Spend ₹1,999. ""},{""offer_name"":""7.5% Discount on Myntra Kotak Credit Card."",""offer_value"":"" Max Discount Up to ₹750 on every spends. ""}]",briefs,379.79999999999995,1,379.79999999999995
22196594,Zoiro,Men Pack Of 2 Anti-Bacterial Basic Briefs,5.0,6,499,0.0,499.0,INR,"http://assets.myntassets.com/assets/images/22196594/2023/3/2/bbde5966-4764-47a4-bf4e-ffd440b5f2511677758798910MenPackof2DirectoryBlueNineIronCottonBlendSolidTrendBrief1.jpg,http://assets.myntassets.com/assets/images/22196594/2023/3/2/1cf84b26-eb71-479d-8d06-f167e4e568a91677758798895MenPackof2DirectoryBlueNineIronCottonBlendSolidTrendBrief2.jpg,http://assets.myntassets.com/assets/images/22196594/2023/3/2/c1e9260c-1692-4a8b-a409-efdaad80dc021677758798941MenPackof2DirectoryBlueNineIronCottonBlendSolidTrendBrief3.jpg,http://assets.myntassets.com/assets/images/22196594/2023/3/2/168ee648-2944-4867-8f1e-5850fbb655d51677758798926MenPackof2DirectoryBlueNineIronCottonBlendSolidTrendBrief4.jpg,http://assets.myntassets.com/assets/images/22196594/2023/3/2/bfffe5bb-a917-4297-b6c5-b88c9777996c1677758798881MenPackof2DirectoryBlueNineIronCottonBlendSolidTrendBrief5.jpg,http://assets.myntassets.com/assets/images/22196594/2023/3/2/dd316201-3706-4fd5-bb14-48078ce91c371677758798863MenPackof2DirectoryBlueNineIronCottonBlendSolidTrendBrief6.jpg","[""100% Original Products"",""Pay on delivery might be available"",""Items like innerwear, socks, certain accessories and some high-value fragile items do not come under our return policy""]","{""description"":""Pack of two blue adn grey solid basic briefs, has double layered gussetVAN number: 8905320111653_REType: BasicWaist Rise: Mid-riseFeatures:Bio washSilicon FinishAnti PillingAnti bacterial finshGood Color FastnessGood StretchablityShrinkage controlledSoft feel ElasticBranded ElasticInsta Cool Design"",""material_and_care"":""95% Super Combed Cotton, 5% Elastane. Machine Wash""}","[{""name"":""Clothing"",""url"":""https://www.myntra.com/clothing""},{""name"":""Men"",""url"":""https://www.myntra.com/men-clothing""},{""name"":""Briefs"",""url"":""https://www.myntra.com/briefs""},{""name"":""Zoiro"",""url"":""https://www.myntra.com/zoiro-briefs""},{""name"":""More by Zoiro"",""url"":""https://www.myntra.com/zoiro""}]","[{""specification_name"":""Assorted"",""specification_value"":""No""},{""specification_name"":""Character"",""specification_value"":""NA""},{""specification_name"":""Fabric"",""specification_value"":""Cotton""},{""specification_name"":""Fabric 2"",""specification_value"":""Elastane""},{""specification_name"":""Features"",""specification_value"":""NA""},{""specification_name"":""Knit or Woven"",""specification_value"":""Knitted""},{""specification_name"":""Multipack Set"",""specification_value"":""2""},{""specification_name"":""Pattern"",""specification_value"":""Solid""},{""specification_name"":""Print or Pattern Type"",""specification_value"":""Solid""},{""specification_name"":""Style"",""specification_value"":""NA""},{""specification_name"":""Sustainable"",""specification_value"":""Regular""},{""specification_name"":""Type"",""specification_value"":""Basic""},{""specification_name"":""Waist Rise"",""specification_value"":""Mid-Rise""},{""specification_name"":""Waistband"",""specification_value"":""Outer Elastic""},{""specification_name"":""Wash Care"",""specification_value"":""Machine Wash""}]","{""1_star"":0,""2_stars"":0,""3_stars"":0,""4_stars"":0,""5_stars"":6}","[{""percentage"":""100"",""value_name"":""Fit, Just Right""}]",J.G███OSI███ PR█████████ITE███,"[{""size"":""S"",""value"":""28.0in"",""value_name"":""To Fit Waist""},{""size"":""M"",""value"":""30.0in"",""value_name"":""To Fit Waist""},{""size"":""L"",""value"":""32.0in"",""value_name"":""To Fit Waist""},{""size"":""XL"",""value"":""34.0in"",""value_name"":""To Fit Waist""},{""size"":""XXL"",""value"":""36.0in"",""value_name"":""To Fit Waist""}]","{""applicable_on"":""Orders above Rs. 649 (only on first purchase)"",""best_price"":""345"",""coupon_code"":""MYNTRA200"",""coupon_discount"":"" Rs. 154.0 off (check cart for final savings)""}","[{""offer_name"":""10% Instant Discount on IndusInd Bank Debit Cards "",""offer_value"":"" Min Spend ₹2,500; Max Discount ₹1,000. ""},{""offer_name"":""10% Instant Discount on Citi Credit & Debit Cards "",""offer_value"":"" Min Spend ₹3,000; Max Discount ₹1,000. ""},{""offer_name"":""10% Instant Discount on Yes Bank Credit Cards "",""offer_value"":"" Min Spend ₹3,500; Max Discount ₹1,000. ""},{""offer_name"":""Flat ₹100 Cashback on Mobiwkik Wallet/Zip "",""offer_value"":"" Min Spend ₹1,999. ""},{""offer_name"":""7.5% Discount on Myntra Kotak Credit Card."",""offer_value"":"" Max Discount Up to ₹750 on every spends. ""}]",briefs,499.0,1,499.0
22196914,Zivame,Women Pack Of 3 Low-Rise Ultra Soft Bikini Briefs,4.6,5,799,50.0,399.5,INR,"http://assets.myntassets.com/assets/images/22196914/2023/3/2/ec6bad6e-c2ba-498d-9deb-612709e54f1d1677755029994ZivameAnti-MicrobialLowRiseFullCoverageBikiniPantyPackof3-As1.jpg,http://assets.myntassets.com/assets/images/22196914/2023/3/2/42fdd433-a4a5-4537-aa22-457f1a35282e1677755029982ZivameAnti-MicrobialLowRiseFullCoverageBikiniPantyPackof3-As2.jpg,http://assets.myntassets.com/assets/images/22196914/2023/3/2/a1a4cdd4-9738-443d-bce2-bdbbfa8bd9851677755030035ZivameAnti-MicrobialLowRiseFullCoverageBikiniPantyPackof3-As3.jpg,http://assets.myntassets.com/assets/images/22196914/2023/3/2/73bf6b52-ecf9-4d71-94ef-d941fc1979b71677755030047ZivameAnti-MicrobialLowRiseFullCoverageBikiniPantyPackof3-As4.jpg,http://assets.myntassets.com/assets/images/22196914/2023/3/2/d2d4884a-2bee-4fdf-8099-745e2a71ff331677755029969ZivameAnti-MicrobialLowRiseFullCoverageBikiniPantyPackof3-As5.jpg,http://assets.myntassets.com/assets/images/22196914/2023/3/2/43b4e944-39a4-4395-9af5-524c60485f001677755030011ZivameAnti-MicrobialLowRiseFullCoverageBikiniPantyPackof3-As6.jpg,http://assets.myntassets.com/assets/images/22196914/2023/3/2/d1a6cdcc-36a4-432a-9f9b-419efc5b361b1677755030022ZivameAnti-MicrobialLowRiseFullCoverageBikiniPantyPackof3-As7.jpg","[""100% Original Products"",""Pay on delivery might be available"",""Items like innerwear, socks, certain accessories and some high-value fragile items do not come under our return policy""]","{""description"":""Pack of 3 bikini briefsRed printed bikiniBlue solid low-rise bikini briefsPink solid mid-rise bikini briefsVAN number: ZI2621FASHMPURPType: BikiniWaist Rise: Low-riseFeatures:Ultra SoftGives a sleeker lookGives full coverage"",""material_and_care"":""100% Cotton. Hand Wash""}","[{""name"":""Clothing"",""url"":""https://www.myntra.com/clothing""},{""name"":""Women"",""url"":""https://www.myntra.com/women-clothing""},{""name"":""Briefs"",""url"":""https://www.myntra.com/briefs""},{""name"":""Zivame"",""url"":""https://www.myntra.com/zivame-briefs""},{""name"":""More by Zivame"",""url"":""https://www.myntra.com/zivame""}]","[{""specification_name"":""Assorted"",""specification_value"":""Yes""},{""specification_name"":""Character"",""specification_value"":""NA""},{""specification_name"":""Fabric"",""specification_value"":""Cotton""},{""specification_name"":""Fabric 2"",""specification_value"":""NA""},{""specification_name"":""Features"",""specification_value"":""NA""},{""specification_name"":""Knit or Woven"",""specification_value"":""Knitted""},{""specification_name"":""Multipack Set"",""specification_value"":""3""},{""specification_name"":""Pattern"",""specification_value"":""Solid""},{""specification_name"":""Print or Pattern Type"",""specification_value"":""Solid""},{""specification_name"":""Style"",""specification_value"":""NA""},{""specification_name"":""Sustainable"",""specification_value"":""Regular""},{""specification_name"":""Type"",""specification_value"":""Bikini""},{""specification_name"":""Waist Rise"",""specification_value"":""Low-Rise""},{""specification_name"":""Waistband"",""specification_value"":""NA""},{""specification_name"":""Wash Care"",""specification_value"":""Hand Wash""}]","{""1_star"":0,""2_stars"":0,""3_stars"":0,""4_stars"":2,""5_stars"":3}",No review,MIL███AR ███AIL█████████LIM██████,"[{""size"":""S"",""value"":""28.0in"",""value_name"":""To Fit Waist""},{""size"":""M"",""value"":""30.0in"",""value_name"":""To Fit Waist""},{""size"":""L"",""value"":""32.0in"",""value_name"":""To Fit Waist""},{""size"":""XL"",""value"":""34.0in"",""value_name"":""To Fit Waist""}]","{""applicable_on"":""Orders above Rs. 649 (only on first purchase)"",""best_price"":""276"",""coupon_code"":""MYNTRA200"",""coupon_discount"":"" Rs. 123.0 off (check cart for final savings)""}","[{""offer_name"":""10% Instant Discount on IndusInd Bank Debit Cards "",""offer_value"":"" Min Spend ₹2,500; Max Discount ₹1,000. ""},{""offer_name"":""10% Instant Discount on Citi Credit & Debit Cards "",""offer_value"":"" Min Spend ₹3,000; Max Discount ₹1,000. ""},{""offer_name"":""10% Instant Discount on Yes Bank Credit Cards "",""offer_value"":"" Min Spend ₹3,500; Max Discount ₹1,000. ""},{""offer_name"":""Flat ₹100 Cashback on Mobiwkik Wallet/Zip "",""offer_value"":"" Min Spend ₹1,999. ""},{""offer_name"":""7.5% Discount on Myntra Kotak Credit Card."",""offer_value"":"" Max Discount Up to ₹750 on every spends. ""}]",briefs,399.5,1,399.5
21906602,bummer,Women Printed Micro Modal Mid Rise Boy Shorts,4.6,23,599,25.0,449.25,INR,"http://assets.myntassets.com/assets/images/21906602/2023/2/9/80476168-ff11-4dee-89d7-8ab4a8cbe6e71675931233325BummerLazylunaModalPrintedBoyShortsBriefForWomen1.jpg,http://assets.myntassets.com/assets/images/21906602/2023/2/9/ad4c668e-dbd0-4ed8-a12d-d8ea75c8e3e51675931233296BummerLazylunaModalPrintedBoyShortsBriefForWomen2.jpg,http://assets.myntassets.com/assets/images/21906602/2023/2/9/f0097fbf-88ec-4119-a31b-b25f9200fdd31675931233339BummerLazylunaModalPrintedBoyShortsBriefForWomen3.jpg,http://assets.myntassets.com/assets/images/21906602/2023/2/9/9eb42d6e-83d8-474c-9ccc-765e699b3a731675931233313BummerLazylunaModalPrintedBoyShortsBriefForWomen4.jpg,http://assets.myntassets.com/assets/images/21906602/2023/2/9/3fffd697-0228-44a3-bdc0-74b8508328aa1675931233353BummerLazylunaModalPrintedBoyShortsBriefForWomen5.jpg","[""100% Original Products"",""Pay on delivery might be available"",""Items like innerwear, socks, certain accessories and some high-value fragile items do not come under our return policy""]","{""description"":""Navy blue  printed mid-rise BoyShorts briefs, has elasticated waistband with double layered gussetVANumber: BSLZ01XXLType: BoyShortsMid-rise"",""material_and_care"":""Modal. Hand Wash""}","[{""name"":""Clothing"",""url"":""https://www.myntra.com/clothing""},{""name"":""Women"",""url"":""https://www.myntra.com/women-clothing""},{""name"":""Briefs"",""url"":""https://www.myntra.com/briefs""},{""name"":""bummer"",""url"":""https://www.myntra.com/bummer-briefs""},{""name"":""More by bummer"",""url"":""https://www.myntra.com/bummer""}]","[{""specification_name"":""Assorted"",""specification_value"":""No""},{""specification_name"":""Character"",""specification_value"":""NA""},{""specification_name"":""Fabric"",""specification_value"":""Modal""},{""specification_name"":""Fabric 2"",""specification_value"":""NA""},{""specification_name"":""Features"",""specification_value"":""NA""},{""specification_name"":""Knit or Woven"",""specification_value"":""Knitted""},{""specification_name"":""Multipack Set"",""specification_value"":""Single""},{""specification_name"":""Number of Items"",""specification_value"":""1""},{""specification_name"":""Pattern"",""specification_value"":""Printed""},{""specification_name"":""Print or Pattern Type"",""specification_value"":""Self Design""},{""specification_name"":""Style"",""specification_value"":""NA""},{""specification_name"":""Sustainable"",""specification_value"":""Regular""},{""specification_name"":""Type"",""specification_value"":""Boy Shorts""},{""specification_name"":""Waist Rise"",""specification_value"":""Mid-Rise""},{""specification_name"":""Waistband"",""specification_value"":""Outer Elastic""},{""specification_name"":""Wash Care"",""specification_value"":""Hand Wash""}]","{""1_star"":2,""2_stars"":0,""3_stars"":0,""4_stars"":2,""5_stars"":19}",No review,BAL███APP███LS █████████IMI██████,"[{""size"":""S"",""value"":""28.0in"",""value_name"":""To Fit Waist""},{""size"":""M"",""value"":""32.0in"",""value_name"":""To Fit Waist""},{""size"":""L"",""value"":""36.0in"",""value_name"":""To Fit Waist""},{""size"":""XL"",""value"":""40.0in"",""value_name"":""To Fit Waist""},{""size"":""XXL"",""value"":""42.0in"",""value_name"":""To Fit Waist""}]","{""applicable_on"":""Orders above Rs. 649 (only on first purchase)"",""best_price"":""311"",""coupon_code"":""MYNTRA200"",""coupon_discount"":"" Rs. 138.0 off (check cart for final savings)""}","[{""offer_name"":""10% Instant Discount on IndusInd Bank Debit Cards "",""offer_value"":"" Min Spend ₹2,500; Max Discount ₹1,000. ""},{""offer_name"":""10% Instant Discount on Citi Credit & Debit Cards "",""offer_value"":"" Min Spend ₹3,000; Max Discount ₹1,000. ""},{""offer_name"":""10% Instant Discount on Yes Bank Credit Cards "",""offer_value"":"" Min Spend ₹3,500; Max Discount ₹1,000. ""},{""offer_name"":""Flat ₹100 Cashback on Mobiwkik Wallet/Zip "",""offer_value"":"" Min Spend ₹1,999. ""},{""offer_name"":""7.5% Discount on Myntra Kotak Credit Card."",""offer_value"":"" Max Discount Up to ₹750 on every spends. ""}]",briefs,449.25,1,449.25
13889998,XYXX,Men Grey Solid Ultra-Soft Antimicrobial Basic Briefs XYBRF56,4.1,202,249,0.0,249.0,INR,"http://assets.myntassets.com/assets/images/13889998/2022/4/29/f62e0482-f85c-45e2-b46a-ae29c081a8af1651200174766XYXXMenGreySolidUltra-SoftAntimicrobialBasicBriefsXYBRF561.jpg,http://assets.myntassets.com/assets/images/13889998/2022/4/29/d4eed8f0-6136-44ff-9f18-45fcced689941651200174787XYXXMenGreySolidUltra-SoftAntimicrobialBasicBriefsXYBRF562.jpg,http://assets.myntassets.com/assets/images/13889998/2022/4/29/3c9a0570-82dd-485d-aad5-5ed552f812ba1651200174806XYXXMenGreySolidUltra-SoftAntimicrobialBasicBriefsXYBRF563.jpg,http://assets.myntassets.com/assets/images/13889998/2022/4/29/d710d29f-7db8-4223-8f8e-a5bccd36bea21651200174827XYXXMenGreySolidUltra-SoftAntimicrobialBasicBriefsXYBRF564.jpg,http://assets.myntassets.com/assets/images/13889998/2023/4/3/2ca64166-8f67-4913-a963-01e849a2e1451680506510707-XYXX-Men-Grey-Solid-Ultra-Soft-Antimicrobial-Basic-Briefs-XY-11.jpg,http://assets.myntassets.com/assets/images/13889998/2023/4/3/a48550e3-7d61-40fb-8b68-6745fd2b21231680506510681-XYXX-Men-Grey-Solid-Ultra-Soft-Antimicrobial-Basic-Briefs-XY-12.jpg,http://assets.myntassets.com/assets/images/13889998/2022/4/29/5206af02-f689-40c9-893e-f61cba933ab61651200174850XYXXMenGreySolidUltra-SoftAntimicrobialBasicBriefsXYBRF565.jpg,http://assets.myntassets.com/assets/images/13889998/2022/4/29/263f77b6-c9fd-44c3-9b15-1a2245aa5e7a1651200174873XYXXMenGreySolidUltra-SoftAntimicrobialBasicBriefsXYBRF566.jpg,http://assets.myntassets.com/assets/images/13889998/2022/4/29/c94531e5-5c3b-489b-8341-d566a9bafdc11651200174895XYXXMenGreySolidUltra-SoftAntimicrobialBasicBriefsXYBRF567.jpg","[""100% Original Products"",""Pay on delivery might be available"",""Items like innerwear, socks, certain accessories and some high-value fragile items do not come under our return policy""]","{""description"":""Single briefs in Grey with a microfibre waistband and anti-microbial finish that prevents odours and rashes.Key Features:Intellisoft: Our fabric technology makes for the softest, smoothest and comfiest innerwear ever, making you forget you are wearing anything at all. Feel: 3Xsofter and 50% more moisture absorbent than regular cotton.Snug Fit:Fits your form without clinging to your skin and offers fantastic support.Waistband:Anti-roll microfibre waistband that doesn't leave marks.Skin Hygiene:Flat-lock seams are smooth on skin so there is no itching, chafing or irritation."",""material_and_care"":""Made from 92% TENCEL Modal and 8% Spandex\n\n. Wash Care:\nMachine wash cold. Tumble dry, gentle cycle, no heat. Do not bleach or dry clean. Do not wring or iron.""}","[{""name"":""Clothing"",""url"":""https://www.myntra.com/clothing""},{""name"":""Men"",""url"":""https://www.myntra.com/men-clothing""},{""name"":""Briefs"",""url"":""https://www.myntra.com/briefs""},{""name"":""XYXX"",""url"":""https://www.myntra.com/xyxx-briefs""},{""name"":""More by XYXX"",""url"":""https://www.myntra.com/xyxx""}]","[{""specification_name"":""Assorted"",""specification_value"":""No""},{""specification_name"":""Character"",""specification_value"":""NA""},{""specification_name"":""Fabric"",""specification_value"":""Modal""},{""specification_name"":""Fabric 2"",""specification_value"":""Elastane""},{""specification_name"":""Features"",""specification_value"":""Anti Microbial""},{""specification_name"":""Knit or Woven"",""specification_value"":""Woven""},{""specification_name"":""Multipack Set"",""specification_value"":""Single""},{""specification_name"":""Pattern"",""specification_value"":""Solid""},{""specification_name"":""Print or Pattern Type"",""specification_value"":""Solid""},{""specification_name"":""Style"",""specification_value"":""NA""},{""specification_name"":""Sustainable"",""specification_value"":""Regular""},{""specification_name"":""Type"",""specification_value"":""Basic""},{""specification_name"":""Waist Rise"",""specification_value"":""Low-Rise""},{""specification_name"":""Waistband"",""specification_value"":""Inner Elastic""},{""specification_name"":""Wash Care"",""specification_value"":""Machine Wash""}]","{""1_star"":15,""2_stars"":13,""3_stars"":20,""4_stars"":36,""5_stars"":118}","[{""percentage"":""70"",""value_name"":""Fit, Just Right""}]",XYX███PPA███S P█████████MIT████████████,"[{""size"":""S"",""value"":""28.0in to 30.0in"",""value_name"":""To Fit Waist""},{""size"":""M"",""value"":""32.0in to 34.0in"",""value_name"":""To Fit Waist""},{""size"":""L"",""value"":""36.0in to 38.0in"",""value_name"":""To Fit Waist""},{""size"":""XL"",""value"":""40.0in to 42.0in"",""value_name"":""To Fit Waist""},{""size"":""XXL"",""value"":""44.0in to 46.0in"",""value_name"":""To Fit Waist""}]","{""applicable_on"":""Orders above Rs. 649 (only on first purchase)"",""best_price"":""172"",""coupon_code"":""MYNTRA200"",""coupon_discount"":"" Rs. 77.0 off (check cart for final savings)""}","[{""offer_name"":""10% Instant Discount on IndusInd Bank Debit Cards "",""offer_value"":"" Min Spend ₹2,500; Max Discount ₹1,000. ""},{""offer_name"":""10% Instant Discount on Citi Credit & Debit Cards "",""offer_value"":"" Min Spend ₹3,000; Max Discount ₹1,000. ""},{""offer_name"":""10% Instant Discount on Yes Bank Credit Cards "",""offer_value"":"" Min Spend ₹3,500; Max Discount ₹1,000. ""},{""offer_name"":""Flat ₹100 Cashback on Mobiwkik Wallet/Zip "",""offer_value"":"" Min Spend ₹1,999. ""},{""offer_name"":""7.5% Discount on Myntra Kotak Credit Card."",""offer_value"":"" Max Discount Up to ₹750 on every spends. ""}]",briefs,249.0,1,249.0
22436508,Bruchi CLUB,Men Low-Rise Anti-Bacterial Basic Briefs,5.0,4,888,65.0,310.79999999999995,INR,"http://assets.myntassets.com/assets/images/22436508/2023/3/20/8f3d02cd-c383-4dfd-afe8-47c4afc72fa01679311122727BruchiClubMensBlackBikiniBrief1.jpg,http://assets.myntassets.com/assets/images/22436508/2023/3/20/67ca5cee-9ec7-43b4-9900-daf6c495266e1679311122677BruchiClubMensBlackBikiniBrief2.jpg,http://assets.myntassets.com/assets/images/22436508/2023/3/20/ed9c10ed-625a-4403-a363-4f4862393c911679311122695BruchiClubMensBlackBikiniBrief3.jpg,http://assets.myntassets.com/assets/images/22436508/2023/3/20/003d54d7-383d-4d2d-a5ec-6c2e34b584771679311122760BruchiClubMensBlackBikiniBrief4.jpg,http://assets.myntassets.com/assets/images/22436508/2023/3/20/1337d382-0914-42b1-a8d3-707ac857ead01679311122745BruchiClubMensBlackBikiniBrief6.jpg,http://assets.myntassets.com/assets/images/22436508/2023/3/20/a179a98b-9324-4500-a02e-c7b6d6db263e1679311122710BruchiClubMensBlackBikiniBrief7.jpg","[""100% Original Products"",""Pay on delivery might be available"",""Items like innerwear, socks, certain accessories and some high-value fragile items do not come under our return policy""]","{""description"":""Black solid bikini briefs, has an elasticated waistband with contoured pouchVAN Number: BRC-ML-FOXY001-BK-MType: BikiniWaist Rise: Low-riseFeatures:Fit Type: StretchFabric Innovation: Bruchi Club mens briefs are made from Bamboo fabric, sourced from Bamboo trees, and manufactured using eco-conscious techniques. A combination of 92% Bamboo and 8% Elastane with Cloud Soft technology delivers ultra-soft underwear that should be a part of every mans wardrobe.3X Softer Than Cotton: Fabulously smooth, the Micro Modal fabric gently embraces your body with long-lasting softness to help your skin feel pleasantly cool and dry throughout the day and night. Bamboo achieves that coveted lived-in softness even fresh out of the box, creating a barely-there feel round-the-clock.Moisture Absorbent: The Bamboo fabric is remarkable at keeping you dry and fresh round the clock. Absorbing 50% more moisture than regular cotton does, our innerwear ensures you stay comfortable, enabling a long-lasting freshness.No-Marks Waistband: Say goodbye to waistband marks! Our innerwear is equipped with a microfiber, anti-roll waistband that fits your waist perfectly without any irritation or waistband marks. Our signature waistband ensures that the innerwear stays in its place without causing any harm.Specification: Proudly made in Bharat, Bruchi Club mens briefs fit true to size. In case of any confusion in size, please refer to the size chart in imageAnti bacterial"",""material_and_care"":""93% Bamboo &amp; 7% Elastance. Hand Wash""}","[{""name"":""Clothing"",""url"":""https://www.myntra.com/clothing""},{""name"":""Men"",""url"":""https://www.myntra.com/men-clothing""},{""name"":""Briefs"",""url"":""https://www.myntra.com/briefs""},{""name"":""Bruchi CLUB"",""url"":""https://www.myntra.com/bruchi-club-briefs""},{""name"":""More by Bruchi CLUB"",""url"":""https://www.myntra.com/bruchi-club""}]","[{""specification_name"":""Assorted"",""specification_value"":""No""},{""specification_name"":""Character"",""specification_value"":""NA""},{""specification_name"":""Fabric"",""specification_value"":""Bamboo""},{""specification_name"":""Fabric 2"",""specification_value"":""Elastane""},{""specification_name"":""Features"",""specification_value"":""Anti Bacterial""},{""specification_name"":""Knit or Woven"",""specification_value"":""Knitted""},{""specification_name"":""Multipack Set"",""specification_value"":""Single""},{""specification_name"":""Pattern"",""specification_value"":""Solid""},{""specification_name"":""Print or Pattern Type"",""specification_value"":""Solid""},{""specification_name"":""Style"",""specification_value"":""NA""},{""specification_name"":""Sustainable"",""specification_value"":""Regular""},{""specification_name"":""Type"",""specification_value"":""Bikini""},{""specification_name"":""Waist Rise"",""specification_value"":""Low-Rise""},{""specification_name"":""Waistband"",""specification_value"":""Inner Elastic""},{""specification_name"":""Wash Care"",""specification_value"":""Hand Wash""}]","{""1_star"":0,""2_stars"":0,""3_stars"":0,""4_stars"":0,""5_stars"":4}","[{""percentage"":""100"",""value_name"":""Fit, Just Right""}]",BRU███ CL███APP█████████ATE█████████,"[{""size"":""S"",""value"":""28.0in"",""value_name"":""To Fit Waist""},{""size"":""S"",""value"":""30.0in"",""value_name"":""To Fit Hip""},{""size"":""M"",""value"":""32.0in"",""value_name"":""To Fit Waist""},{""size"":""M"",""value"":""34.0in"",""value_name"":""To Fit Hip""},{""size"":""L"",""value"":""36.0in"",""value_name"":""To Fit Waist""},{""size"":""L"",""value"":""38.0in"",""value_name"":""To Fit Hip""},{""size"":""XL"",""value"":""38.0in"",""value_name"":""To Fit Waist""},{""size"":""XL"",""value"":""40.0in"",""value_name"":""To Fit Hip""},{""size"":""XXL"",""value"":""40.0in"",""value_name"":""To Fit Waist""},{""size"":""XXL"",""value"":""42.0in"",""value_name"":""To Fit Hip""}]","{""applicable_on"":""Orders above Rs. 649 (only on first purchase)"",""best_price"":""214"",""coupon_code"":""MYNTRA200"",""coupon_discount"":"" Rs. 96.0 off (check cart for final savings)""}","[{""offer_name"":""10% Instant Discount on IndusInd Bank Debit Cards "",""offer_value"":"" Min Spend ₹2,500; Max Discount ₹1,000. ""},{""offer_name"":""10% Instant Discount on Citi Credit & Debit Cards "",""offer_value"":"" Min Spend ₹3,000; Max Discount ₹1,000. ""},{""offer_name"":""10% Instant Discount on Yes Bank Credit Cards "",""offer_value"":"" Min Spend ₹3,500; Max Discount ₹1,000. ""},{""offer_name"":""Flat ₹100 Cashback on Mobiwkik Wallet/Zip "",""offer_value"":"" Min Spend ₹1,999. ""},{""offer_name"":""7.5% Discount on Myntra Kotak Credit Card."",""offer_value"":"" Max Discount Up to ₹750 on every spends. ""}]",briefs,310.79999999999995,1,310.79999999999995
21877640,DressBerry,Shoulder Straps Pure Cotton Camisole,3.7,14,299,23.0,230.23000000000002,INR,"http://assets.myntassets.com/assets/images/21877640/2023/2/7/a31914e3-d0d1-48b4-a7cb-a781d81ffe541675768248458DressBerryWomensSolidPureCottonCamisole1.jpg,http://assets.myntassets.com/assets/images/21877640/2023/2/7/01f7606d-955d-4bfc-bde2-0b316260eb391675768248444DressBerryWomensSolidPureCottonCamisole2.jpg,http://assets.myntassets.com/assets/images/21877640/2023/2/7/52397dda-79af-466c-bdfa-4988aa826a401675768248481DressBerryWomensSolidPureCottonCamisole3.jpg,http://assets.myntassets.com/assets/images/21877640/2023/2/7/3c5ae98e-8dba-487f-bfb9-80659b3bf5241675768248469DressBerryWomensSolidPureCottonCamisole4.jpg","[""100% Original Products"",""Pay on delivery might be available"",""Easy 14 days returns and exchanges""]","{""description"":""Grey solid camisole, has shoulder straps, sleeveless and regular hemVAN Number : DB-CAMI-LC"",""material_and_care"":""100% Cotton. Machine Wash"",""size_and_fit"":""The model (height 5'8\"") is wearing a size S""}","[{""name"":""Clothing"",""url"":""https://www.myntra.com/clothing""},{""name"":""Women"",""url"":""https://www.myntra.com/women-clothing""},{""name"":""Camisoles"",""url"":""https://www.myntra.com/camisoles""},{""name"":""DressBerry"",""url"":""https://www.myntra.com/dressberry-camisoles""},{""name"":""More by DressBerry"",""url"":""https://www.myntra.com/dressberry""}]","[{""specification_name"":""Body or Garment Size"",""specification_value"":""To-Fit Denotes Body Measurements in""},{""specification_name"":""Character"",""specification_value"":""NA""},{""specification_name"":""Fabric"",""specification_value"":""Cotton""},{""specification_name"":""Fabric 2"",""specification_value"":""NA""},{""specification_name"":""Multipack Set"",""specification_value"":""Single""},{""specification_name"":""Occasion"",""specification_value"":""General""},{""specification_name"":""Padding"",""specification_value"":""Non Padded""},{""specification_name"":""Pattern"",""specification_value"":""Solid""},{""specification_name"":""Straps"",""specification_value"":""Regular""},{""specification_name"":""Sustainable"",""specification_value"":""Regular""},{""specification_name"":""Wash Care"",""specification_value"":""Machine Wash""},{""specification_name"":""Weave Type"",""specification_value"":""Machine Weave""}]","{""1_star"":3,""2_stars"":0,""3_stars"":1,""4_stars"":4,""5_stars"":6}",No review,VAC███CRE███ONS███,"[{""size"":""S"",""value"":""30.0in"",""value_name"":""To Fit Bust""},{""size"":""M"",""value"":""32.0in"",""value_name"":""To Fit Bust""},{""size"":""L"",""value"":""34.0in"",""value_name"":""To Fit Bust""},{""size"":""XL"",""value"":""36.0in"",""value_name"":""To Fit Bust""},{""size"":""XXL"",""value"":""38.0in"",""value_name"":""To Fit Bust""}]","{""applicable_on"":""Orders above Rs. 449 (only on first purchase)"",""best_price"":""153"",""coupon_code"":""TOPBRANDOFFER"",""coupon_discount"":"" Rs. 77.0 off (check cart for final savings)""}","[{""offer_name"":""10% Instant Discount on IndusInd Bank Debit Cards "",""offer_value"":"" Min Spend ₹2,500; Max Discount ₹1,000. ""},{""offer_name"":""10% Instant Discount on Citi Credit & Debit Cards "",""offer_value"":"" Min Spend ₹3,000; Max Discount ₹1,000. ""},{""offer_name"":""10% Instant Discount on Yes Bank Credit Cards "",""offer_value"":"" Min Spend ₹3,500; Max Discount ₹1,000. ""},{""offer_name"":""Flat ₹100 Cashback on Mobiwkik Wallet/Zip "",""offer_value"":"" Min Spend ₹1,999. ""},{""offer_name"":""7.5% Discount on Myntra Kotak Credit Card."",""offer_value"":"" Max Discount Up to ₹750 on every spends. ""}]",camisoles,230.23000000000002,1,230.23000000000002
18882294,VStar,Women White Solid Modern Fit Deep Neckline  Camisoles,4.8,10,265,0.0,265.0,INR,"http://assets.myntassets.com/assets/images/18882294/2022/6/28/bcec5e83-302f-48e4-8330-0001986cbfa11656407342873VStarWomenWhiteSolidModernFitDeepNecklineCamisoles1.jpg,http://assets.myntassets.com/assets/images/18882294/2022/6/28/15025916-ae0d-482c-99e0-523a1fd8cd881656407342848VStarWomenWhiteSolidModernFitDeepNecklineCamisoles2.jpg,http://assets.myntassets.com/assets/images/18882294/2022/6/28/2b8dfb2a-3e21-43e2-89da-3362cb8163c61656407342865VStarWomenWhiteSolidModernFitDeepNecklineCamisoles3.jpg,http://assets.myntassets.com/assets/images/18882294/2022/6/28/e165e731-83a1-42bc-aea2-42c45460b16a1656407342857VStarWomenWhiteSolidModernFitDeepNecklineCamisoles4.jpg","[""100% Original Products"",""Pay on delivery might be available"",""Easy 14 days returns and exchanges""]","{""description"":""White solid non-padded sleeveless camisole, has adjustable shoulder straps and a deep neck"",""material_and_care"":""Cotton. Hand Wash"",""size_and_fit"":""Modern Fit. The model (height 5'8\"") is wearing size XL""}","[{""name"":""Clothing"",""url"":""https://www.myntra.com/clothing""},{""name"":""Women"",""url"":""https://www.myntra.com/women-clothing""},{""name"":""Camisoles"",""url"":""https://www.myntra.com/camisoles""},{""name"":""VStar"",""url"":""https://www.myntra.com/vstar-camisoles""},{""name"":""More by VStar"",""url"":""https://www.myntra.com/vstar""}]","[{""specification_name"":""Body or Garment Size"",""specification_value"":""Garment Measurements in""},{""specification_name"":""Character"",""specification_value"":""NA""},{""specification_name"":""Fabric"",""specification_value"":""Cotton""},{""specification_name"":""Fabric 2"",""specification_value"":""NA""},{""specification_name"":""Multipack Set"",""specification_value"":""Single""},{""specification_name"":""Occasion"",""specification_value"":""General""},{""specification_name"":""Padding"",""specification_value"":""Non Padded""},{""specification_name"":""Pattern"",""specification_value"":""Solid""},{""specification_name"":""Straps"",""specification_value"":""Regular""},{""specification_name"":""Sustainable"",""specification_value"":""Regular""},{""specification_name"":""Wash Care"",""specification_value"":""Hand Wash""}]","{""1_star"":0,""2_stars"":0,""3_stars"":0,""4_stars"":2,""5_stars"":8}",No review,V S███ CR███ION█████████,"[{""size"":""XL"",""value"":""42.0in"",""value_name"":""To Fit Bust""}]","{""applicable_on"":""Orders above Rs. 649 (only on first purchase)"",""best_price"":""183"",""coupon_code"":""MYNTRA200"",""coupon_discount"":"" Rs. 82.0 off (check cart for final savings)""}","[{""offer_name"":""10% Instant Discount on IndusInd Bank Debit Cards "",""offer_value"":"" Min Spend ₹2,500; Max Discount ₹1,000. ""},{""offer_name"":""10% Instant Discount on Citi Credit & Debit Cards "",""offer_value"":"" Min Spend ₹3,000; Max Discount ₹1,000. ""},{""offer_name"":""10% Instant Discount on Yes Bank Credit Cards "",""offer_value"":"" Min Spend ₹3,500; Max Discount ₹1,000. ""},{""offer_name"":""Flat ₹100 Cashback on Mobiwkik Wallet/Zip "",""offer_value"":"" Min Spend ₹1,999. ""},{""offer_name"":""7.5% Discount on Myntra Kotak Credit Card."",""offer_value"":"" Max Discount Up to ₹750 on every spends. ""}]",camisoles,265.0,1,265.0
21882284,H&M,Grey Tealight Holder,0.0,0,1299,45.0,714.45,INR,"http://assets.myntassets.com/assets/images/21882284/2023/2/7/11f2bdb4-4095-432c-8810-a68c58da84811675789950619HMGreyTealightCandleHolders1.jpg,http://assets.myntassets.com/assets/images/21882284/2023/2/7/0b68c7cc-675b-44f6-a48b-6512e93cfda91675789950597HMGreyTealightCandleHolders2.jpg,http://assets.myntassets.com/assets/images/21882284/2023/2/7/f76b2195-ff66-4e83-bb49-99fb838666fe1675789950636HMGreyTealightCandleHolders3.jpg","[""100% Original Products"",""Pay on delivery might be available"",""Easy 14 days returns and exchanges"",""Try & Buy might be available""]","{""description"":""Glass tealight holder in a soft, wavy design, suitable for two candles."",""material_and_care"":""100% Glass. Wipe with a clean, dry cloth to remove dust"",""size_and_fit"":""Length: 16.7 cm. Width:&nbsp;15.2 cm. Height:&nbsp;8.2 cm""}","[{""name"":""Unisex"",""url"":""https://www.myntra.com/unisex-home""},{""name"":""Candle Holders"",""url"":""https://www.myntra.com/candle-holders""},{""name"":""H&M"",""url"":""https://www.myntra.com/h&m-candle-holders""},{""name"":""More by H&M"",""url"":""https://www.myntra.com/h&m""}]","[{""specification_name"":""Material"",""specification_value"":""Glass""},{""specification_name"":""Sustainable"",""specification_value"":""Regular""}]","{""1_star"":0,""2_stars"":0,""3_stars"":0,""4_stars"":0,""5_stars"":0}",No review,H &███Hen███ & █████████eta█████████████████████,"[{""size"":""Onesize""}]","{""applicable_on"":""Orders above Rs. 749 (only on first purchase)"",""best_price"":""476"",""coupon_code"":""TOPBRANDOFFER"",""coupon_discount"":"" Rs. 238.0 off (check cart for final savings)""}","[{""offer_name"":""10% Instant Discount on IndusInd Bank Debit Cards "",""offer_value"":"" Min Spend ₹2,500; Max Discount ₹1,000. ""},{""offer_name"":""10% Instant Discount on Citi Credit & Debit Cards "",""offer_value"":"" Min Spend ₹3,000; Max Discount ₹1,000. ""},{""offer_name"":""10% Instant Discount on Yes Bank Credit Cards "",""offer_value"":"" Min Spend ₹3,500; Max Discount ₹1,000. ""},{""offer_name"":""Flat ₹100 Cashback on Mobiwkik Wallet/Zip "",""offer_value"":"" Min Spend ₹1,999. ""},{""offer_name"":""7.5% Discount on Myntra Kotak Credit Card."",""offer_value"":"" Max Discount Up to ₹750 on every spends. ""}]",candle-holders,714.45,1,714.45
13669894,Vastraa Fusion,Unisex Maroon Solid Woollen Afghani Pakol Cap,3.5,13,1699,70.0,509.70000000000005,INR,"http://assets.myntassets.com/assets/images/13669894/2021/2/22/ad74e0bb-95bf-4936-a363-b100257e4c951613974512774-Vastraa-Fusion-Unisex-Red-Melange-Woollen-Afghani-Pakol-Cap--1.jpg,http://assets.myntassets.com/assets/images/13669894/2021/2/22/0341417d-1e4d-477f-8477-8519628c615f1613974512757-Vastraa-Fusion-Unisex-Red-Melange-Woollen-Afghani-Pakol-Cap--2.jpg,http://assets.myntassets.com/assets/images/13669894/2021/2/22/6be9a5f4-1227-420b-85ad-6cbb5b9023681613974512738-Vastraa-Fusion-Unisex-Red-Melange-Woollen-Afghani-Pakol-Cap--3.jpg,http://assets.myntassets.com/assets/images/13669894/2021/2/22/3ac2b154-f0eb-4d81-ba05-92dc9f3baedb1613974512723-Vastraa-Fusion-Unisex-Red-Melange-Woollen-Afghani-Pakol-Cap--4.jpg,http://assets.myntassets.com/assets/images/13669894/2021/3/15/55236de0-5e52-4abf-93c5-c17fa77adb111615793851429-Vastraa-Fusion-Unisex-Maroon-Solid-Woollen-Afghani-Pakol-Cap-6.jpg","[""100% Original Products"",""Pay on delivery might be available"",""Easy 14 days returns and exchanges"",""Try & Buy might be available""]","{""description"":""Maroon solid woollen Afghani Pakol cap"",""material_and_care"":""100% Wool. Dry Clean""}","[{""name"":""Accessories"",""url"":""https://www.myntra.com/accessories""},{""name"":""Unisex"",""url"":""https://www.myntra.com/unisex-accessories""},{""name"":""Caps"",""url"":""https://www.myntra.com/caps""},{""name"":""Vastraa Fusion"",""url"":""https://www.myntra.com/vastraa-fusion-caps""},{""name"":""More by Vastraa Fusion"",""url"":""https://www.myntra.com/vastraa-fusion""}]","[{""specification_name"":""Material"",""specification_value"":""Wool""},{""specification_name"":""Occasion"",""specification_value"":""Casual""},{""specification_name"":""Pattern"",""specification_value"":""Solid""},{""specification_name"":""Sport Team"",""specification_value"":""NA""},{""specification_name"":""Sustainable"",""specification_value"":""Regular""},{""specification_name"":""Type"",""specification_value"":""Ascot Cap""},{""specification_name"":""Warranty"",""specification_value"":""NA""},{""specification_name"":""Wash Care"",""specification_value"":""Hand Wash""}]","{""1_star"":3,""2_stars"":1,""3_stars"":2,""4_stars"":0,""5_stars"":7}",No review,Unknown,"[{""size"":""Onesize""}]",{},"[{""offer_name"":""10% Instant Discount on Citi Credit & Debit Cards "",""offer_value"":"" Min Spend ₹3,000; Max Discount ₹1,000. ""}]",caps,509.70000000000005,1,509.70000000000005
16281444,Bharatasya,Women White & Black Woolen Earwarmer Headband,4.3,7,699,68.0,223.68,INR,"http://assets.myntassets.com/assets/images/16281444/2021/11/27/70a7ebc5-d01f-4d5d-8b9d-b96b7afc4a501638023453422BharatasyaWomenWhiteSelfDesign1.jpg,http://assets.myntassets.com/assets/images/16281444/2021/11/27/7e03d769-8968-4b42-93b2-f7baa4d28bac1638023453684BharatasyaWomenWhiteSelfDesign2.jpg,http://assets.myntassets.com/assets/images/16281444/2021/11/27/a4c6b273-8b25-4e1c-848c-a7ad66d452721638023453585BharatasyaWomenWhiteSelfDesign3.jpg,http://assets.myntassets.com/assets/images/16281444/2021/11/27/f010fa9f-4155-45cc-9762-e78c36db837e1638023453604BharatasyaWomenWhiteSelfDesign4.jpg","[""100% Original Products"",""Pay on delivery might be available"",""Easy 14 days returns and exchanges"",""Try & Buy might be available""]","{""description"":""White and black self design beanie,  has a visor "",""material_and_care"":"". Acrylic. Handwash only""}","[{""name"":""Accessories"",""url"":""https://www.myntra.com/accessories""},{""name"":""Women"",""url"":""https://www.myntra.com/women-accessories""},{""name"":""Caps"",""url"":""https://www.myntra.com/caps""},{""name"":""Bharatasya"",""url"":""https://www.myntra.com/bharatasya-caps""},{""name"":""More by Bharatasya"",""url"":""https://www.myntra.com/bharatasya""}]","[{""specification_name"":""Character"",""specification_value"":""NA""},{""specification_name"":""Material"",""specification_value"":""Acrylic""},{""specification_name"":""Occasion"",""specification_value"":""Casual""},{""specification_name"":""Pattern"",""specification_value"":""Self Design""},{""specification_name"":""Sport Team"",""specification_value"":""NA""},{""specification_name"":""Sustainable"",""specification_value"":""Regular""},{""specification_name"":""Type"",""specification_value"":""Beanie""},{""specification_name"":""Warranty"",""specification_value"":""NA""},{""specification_name"":""Wash Care"",""specification_value"":""Hand Wash""}]","{""1_star"":0,""2_stars"":0,""3_stars"":1,""4_stars"":3,""5_stars"":3}",No review,VR ███ign███,"[{""size"":""Onesize"",""value"":""16.0in"",""value_name"":""Circumference""}]","{""applicable_on"":""Orders above Rs. 649 (only on first purchase)"",""best_price"":""154"",""coupon_code"":""MYNTRA200"",""coupon_discount"":"" Rs. 69.0 off (check cart for final savings)""}","[{""offer_name"":""10% Instant Discount on IndusInd Bank Debit Cards "",""offer_value"":"" Min Spend ₹2,500; Max Discount ₹1,000. ""},{""offer_name"":""10% Instant Discount on Citi Credit & Debit Cards "",""offer_value"":"" Min Spend ₹3,000; Max Discount ₹1,000. ""},{""offer_name"":""10% Instant Discount on Yes Bank Credit Cards "",""offer_value"":"" Min Spend ₹3,500; Max Discount ₹1,000. ""},{""offer_name"":""Flat ₹100 Cashback on Mobiwkik Wallet/Zip "",""offer_value"":"" Min Spend ₹1,999. ""},{""offer_name"":""7.5% Discount on Myntra Kotak Credit Card."",""offer_value"":"" Max Discount Up to ₹750 on every spends. ""}]",caps,223.68,1,223.68
20129438,Skechers,Men Blue Textured Sneakers,3.8,11,12999,30.0,9099.3,INR,"http://assets.myntassets.com/assets/images/20129438/2023/8/3/372618c6-de66-4956-b28b-3ab5e834654e1691051522230SkechersMenBlueTexturedSneakers1.jpg,http://assets.myntassets.com/assets/images/20129438/2023/8/3/30fc294e-4af6-428d-8794-9c6f4d57d46d1691051522258SkechersMenBlueTexturedSneakers2.jpg,http://assets.myntassets.com/assets/images/20129438/2023/8/3/3a49be4e-1ede-4a7a-9f2f-00b446e4850c1691051522283SkechersMenBlueTexturedSneakers3.jpg,http://assets.myntassets.com/assets/images/20129438/2023/8/3/4594af4b-465e-4b10-91cf-179a2c95da6f1691051522308SkechersMenBlueTexturedSneakers4.jpg,http://assets.myntassets.com/assets/images/20129438/2023/8/3/180ea3d4-b9eb-4c4a-acf5-cfe023d121a61691051522334SkechersMenBlueTexturedSneakers5.jpg,http://assets.myntassets.com/assets/images/20129438/2023/8/3/e679f293-354c-4e91-8a65-d330c507a3ee1691051522358SkechersMenBlueTexturedSneakers6.jpg","[""100% Original Products"",""Pay on delivery might be available"",""Easy 14 days returns and exchanges"",""Try & Buy might be available""]","{""description"":""A pair of round toe blue sneakers ,has regular styling,  Lace-ups detail  Mesh  upper  Cushioned footbed  Textured and patterned outsole  Warranty: 3 months "",""material_and_care"":""Mesh. Wipe with a clean, dry cloth to remove dust""}","[{""name"":""Footwear"",""url"":""https://www.myntra.com/footwear""},{""name"":""Men"",""url"":""https://www.myntra.com/men-footwear""},{""name"":""Casual Shoes"",""url"":""https://www.myntra.com/casual-shoes""},{""name"":""Skechers"",""url"":""https://www.myntra.com/skechers-casual-shoes""},{""name"":""More by Skechers"",""url"":""https://www.myntra.com/skechers""}]","[{""specification_name"":""Ankle Height"",""specification_value"":""Regular""},{""specification_name"":""Character"",""specification_value"":""NA""},{""specification_name"":""Fastening"",""specification_value"":""Lace-Ups""},{""specification_name"":""Insole"",""specification_value"":""Memory Foam""},{""specification_name"":""Material"",""specification_value"":""Mesh""},{""specification_name"":""Micro Trend"",""specification_value"":""Basics""},{""specification_name"":""Occasion"",""specification_value"":""Everyday""},{""specification_name"":""Ornamentation"",""specification_value"":""Other""},{""specification_name"":""Pattern"",""specification_value"":""Textured""},{""specification_name"":""Shoe Width"",""specification_value"":""Regular""},{""specification_name"":""Sole Material"",""specification_value"":""Rubber""},{""specification_name"":""Sustainable"",""specification_value"":""Regular""},{""specification_name"":""Technology"",""specification_value"":""None""},{""specification_name"":""Toe Shape"",""specification_value"":""Round Toe""},{""specification_name"":""Type"",""specification_value"":""Sneakers""},{""specification_name"":""Warranty"",""specification_value"":""3 months""}]","{""1_star"":3,""2_stars"":0,""3_stars"":0,""4_stars"":1,""5_stars"":7}","[{""percentage"":""100"",""value_name"":""Fit, Just Right""},{""percentage"":""50"",""value_name"":""Comfort, Comfortable""}]",LSD███FES███ES █████████IMI██████,"[{""size"":""6"",""value"":""25.0cm"",""value_name"":""To Fit Foot Length""},{""size"":""7"",""value"":""26.0cm"",""value_name"":""To Fit Foot Length""},{""size"":""8"",""value"":""27.0cm"",""value_name"":""To Fit Foot Length""},{""size"":""9"",""value"":""28.0cm"",""value_name"":""To Fit Foot Length""},{""size"":""10"",""value"":""29.0cm"",""value_name"":""To Fit Foot Length""},{""size"":""11"",""value"":""30.0cm"",""value_name"":""To Fit Foot Length""}]","{""applicable_on"":""Orders above Rs. 1499 (only on first purchase)"",""best_price"":""7399"",""coupon_code"":""MYNTRA400"",""coupon_discount"":"" Rs. 400.0 off (check cart for final savings)""}","[{""offer_name"":""10% Instant Discount on IndusInd Bank Debit Cards "",""offer_value"":"" Min Spend ₹2,500; Max Discount ₹1,000. ""},{""offer_name"":""10% Instant Discount on Citi Credit & Debit Cards "",""offer_value"":"" Min Spend ₹3,000; Max Discount ₹1,000. ""},{""offer_name"":""10% Instant Discount on Yes Bank Credit Cards "",""offer_value"":"" Min Spend ₹3,500; Max Discount ₹1,000. ""},{""offer_name"":""Flat ₹100 Cashback on Mobiwkik Wallet/Zip "",""offer_value"":"" Min Spend ₹1,999. ""},{""offer_name"":""7.5% Discount on Myntra Kotak Credit Card."",""offer_value"":"" Max Discount Up to ₹750 on every spends. ""},{""offer_name"":""EMI option available"",""offer_value"":""EMI starting from Rs.364/month""}]",casual-shoes,9099.3,1,9099.3
18506050,Bata,Women Black Woven Design Slip-On Sneakers,4.4,86,1199,55.0,539.55,INR,"http://assets.myntassets.com/assets/images/18506050/2022/5/31/62c4ff8d-64a0-44d8-af8a-7069e77437b81654007990729BataWomenBlackWovenDesignSlip-OnSneakers1.jpg,http://assets.myntassets.com/assets/images/18506050/2022/5/31/d571b9e0-14ea-48eb-94af-3267455dc16a1654007990681BataWomenBlackWovenDesignSlip-OnSneakers2.jpg,http://assets.myntassets.com/assets/images/18506050/2022/5/31/6832a013-8933-4d91-afcb-c7c51ebb296d1654007990718BataWomenBlackWovenDesignSlip-OnSneakers3.jpg,http://assets.myntassets.com/assets/images/18506050/2022/5/31/e4393f2c-a26f-4ff7-a8fe-0991260c4bb51654007990694BataWomenBlackWovenDesignSlip-OnSneakers4.jpg,http://assets.myntassets.com/assets/images/18506050/2022/5/31/1d7ca668-cb20-4728-89d6-ffefcdff08531654007990706BataWomenBlackWovenDesignSlip-OnSneakers5.jpg","[""100% Original Products"",""Pay on delivery might be available"",""Easy 14 days returns and exchanges"",""Try & Buy might be available""]","{""description"":""A pair of round toe black slip-on sneakers ,has regular styling,  Slip-on detail  Textile  upper  Cushioned footbed  Textured and patterned outsole "",""material_and_care"":""Wipe with clean and dry cloth to remove dust""}","[{""name"":""Footwear"",""url"":""https://www.myntra.com/footwear""},{""name"":""Women"",""url"":""https://www.myntra.com/women-footwear""},{""name"":""Casual Shoes"",""url"":""https://www.myntra.com/casual-shoes""},{""name"":""Bata"",""url"":""https://www.myntra.com/bata-casual-shoes""},{""name"":""More by Bata"",""url"":""https://www.myntra.com/bata""}]","[{""specification_name"":""Ankle Height"",""specification_value"":""Regular""},{""specification_name"":""Character"",""specification_value"":""NA""},{""specification_name"":""Fastening"",""specification_value"":""Slip-On""},{""specification_name"":""Insole"",""specification_value"":""Comfort Insole""},{""specification_name"":""Material"",""specification_value"":""Textile""},{""specification_name"":""Micro Trend"",""specification_value"":""Basics""},{""specification_name"":""Occasion"",""specification_value"":""Smart Casual""},{""specification_name"":""Ornamentation"",""specification_value"":""Other""},{""specification_name"":""Pattern"",""specification_value"":""Woven Design""},{""specification_name"":""Shoe Width"",""specification_value"":""Regular""},{""specification_name"":""Sole Material"",""specification_value"":""PVC""},{""specification_name"":""Sustainable"",""specification_value"":""Regular""},{""specification_name"":""Technology"",""specification_value"":""None""},{""specification_name"":""Toe Shape"",""specification_value"":""Round Toe""},{""specification_name"":""Type"",""specification_value"":""Slip-On Sneakers""},{""specification_name"":""Warranty"",""specification_value"":""NA""}]","{""1_star"":4,""2_stars"":1,""3_stars"":4,""4_stars"":22,""5_stars"":55}",No review,Bat███ndi███imi██████,"[{""size"":""2"",""value"":""22.8cm"",""value_name"":""To Fit Foot Length""},{""size"":""3"",""value"":""23.5cm"",""value_name"":""To Fit Foot Length""},{""size"":""4"",""value"":""24.4cm"",""value_name"":""To Fit Foot Length""},{""size"":""5"",""value"":""25.4cm"",""value_name"":""To Fit Foot Length""},{""size"":""6"",""value"":""26.0cm"",""value_name"":""To Fit Foot Length""},{""size"":""7"",""value"":""27.0cm"",""value_name"":""To Fit Foot Length""},{""size"":""8"",""value"":""27.9cm"",""value_name"":""To Fit Foot Length""}]","{""applicable_on"":""Orders above Rs. 599 (only on first purchase)"",""best_price"":""359"",""coupon_code"":""MYNTRA200"",""coupon_discount"":"" Rs. 180.0 off (check cart for final savings)""}","[{""offer_name"":""10% Instant Discount on IndusInd Bank Debit Cards "",""offer_value"":"" Min Spend ₹2,500; Max Discount ₹1,000. ""},{""offer_name"":""10% Instant Discount on Citi Credit & Debit Cards "",""offer_value"":"" Min Spend ₹3,000; Max Discount ₹1,000. ""},{""offer_name"":""10% Instant Discount on Yes Bank Credit Cards "",""offer_value"":"" Min Spend ₹3,500; Max Discount ₹1,000. ""},{""offer_name"":""Flat ₹100 Cashback on Mobiwkik Wallet/Zip "",""offer_value"":"" Min Spend ₹1,999. ""},{""offer_name"":""7.5% Discount on Myntra Kotak Credit Card."",""offer_value"":"" Max Discount Up to ₹750 on every spends. ""},{""offer_name"":""EMI option available"",""offer_value"":""EMI starting from Rs.26/month""}]",casual-shoes,539.55,1,539.55
21739362,Prolific,Men Printed LightWeight Mid Top Sneakers,3.9,8,2660,71.0,771.4000000000001,INR,"http://assets.myntassets.com/assets/images/21739362/2023/1/28/35241037-3230-432a-8c4b-4a7250d71fec1674897480621CasualShoes1.jpg,http://assets.myntassets.com/assets/images/21739362/2023/1/28/cba9b5f7-4b78-4e86-aec6-a672a38634701674897480577CasualShoes2.jpg,http://assets.myntassets.com/assets/images/21739362/2023/1/28/355cfe6e-9317-4f12-abbb-630fe804b02f1674897480563CasualShoes3.jpg,http://assets.myntassets.com/assets/images/21739362/2023/1/28/6f71e88b-e575-43f1-93b9-5a3dd581bd7e1674897480592CasualShoes4.jpg,http://assets.myntassets.com/assets/images/21739362/2023/1/28/e7a97bf1-b9d3-4ef7-8544-033600a48e351674897480648CasualShoes5.jpg,http://assets.myntassets.com/assets/images/21739362/2023/1/28/74ce4506-e009-4b0f-bbe3-9342b2b6b4a01674897480636CasualShoes6.jpg,http://assets.myntassets.com/assets/images/21739362/2023/1/28/154266ae-3cf0-4a8d-bb01-1db9da79ee321674897480608CasualShoes7.jpg","[""100% Original Products"",""Pay on delivery might be available"",""Easy 14 days returns and exchanges"",""Try & Buy might be available""]","{""description"":""A pair of round toe sneakers ,has mid top styling,Lace-ups detailSynthetic leather upperCushioned footbedTextured and patterned outsoleWarranty: limited warrantyWarranty provided by brand owner/manufacturer"",""material_and_care"":""Synthetic Leather. Wipe with a clean, dry cloth to remove dust""}","[{""name"":""Footwear"",""url"":""https://www.myntra.com/footwear""},{""name"":""Men"",""url"":""https://www.myntra.com/men-footwear""},{""name"":""Casual Shoes"",""url"":""https://www.myntra.com/casual-shoes""},{""name"":""Prolific"",""url"":""https://www.myntra.com/prolific-casual-shoes""},{""name"":""More by Prolific"",""url"":""https://www.myntra.com/prolific""}]","[{""specification_name"":""Ankle Height"",""specification_value"":""Mid-Top""},{""specification_name"":""Character"",""specification_value"":""NA""},{""specification_name"":""Contact Brand or Retailer for pre-sales product queries"",""specification_value"":""mobile- 7037999555""},{""specification_name"":""Fastening"",""specification_value"":""Lace-Ups""},{""specification_name"":""Insole"",""specification_value"":""Comfort Insole""},{""specification_name"":""Material"",""specification_value"":""Synthetic Leather""},{""specification_name"":""Micro Trend"",""specification_value"":""Basics""},{""specification_name"":""Occasion"",""specification_value"":""Everyday""},{""specification_name"":""Ornamentation"",""specification_value"":""NA""},{""specification_name"":""Pattern"",""specification_value"":""Printed""},{""specification_name"":""Shoe Width"",""specification_value"":""Regular""},{""specification_name"":""Sole Material"",""specification_value"":""Rubber""},{""specification_name"":""Sustainable"",""specification_value"":""Regular""},{""specification_name"":""Technology"",""specification_value"":""Lightweight""},{""specification_name"":""Toe Shape"",""specification_value"":""Round Toe""},{""specification_name"":""Type"",""specification_value"":""Sneakers""},{""specification_name"":""Warranty"",""specification_value"":""Limited Warranty""}]","{""1_star"":2,""2_stars"":0,""3_stars"":0,""4_stars"":1,""5_stars"":5}","[{""percentage"":""67"",""value_name"":""Fit, A Little Loose""},{""percentage"":""100"",""value_name"":""Comfort, Comfortable""}]",BRA███SI ███AIL███,"[{""size"":""6"",""value"":""24.5cm"",""value_name"":""To Fit Foot Length""},{""size"":""7"",""value"":""25.1cm"",""value_name"":""To Fit Foot Length""},{""size"":""8"",""value"":""25.7cm"",""value_name"":""To Fit Foot Length""},{""size"":""9"",""value"":""26.3cm"",""value_name"":""To Fit Foot Length""},{""size"":""10"",""value"":""26.9cm"",""value_name"":""To Fit Foot Length""},{""size"":""11"",""value"":""27.5cm"",""value_name"":""To Fit Foot Length""}]","{""applicable_on"":""Orders above Rs. 999 (only on first purchase)"",""best_price"":""539"",""coupon_code"":""MYNTRA300"",""coupon_discount"":"" Rs. 232.0 off (check cart for final savings)""}","[{""offer_name"":""10% Instant Discount on IndusInd Bank Debit Cards "",""offer_value"":"" Min Spend ₹2,500; Max Discount ₹1,000. ""},{""offer_name"":""10% Instant Discount on Citi Credit & Debit Cards "",""offer_value"":"" Min Spend ₹3,000; Max Discount ₹1,000. ""},{""offer_name"":""10% Instant Discount on Yes Bank Credit Cards "",""offer_value"":"" Min Spend ₹3,500; Max Discount ₹1,000. ""},{""offer_name"":""Flat ₹100 Cashback on Mobiwkik Wallet/Zip "",""offer_value"":"" Min Spend ₹1,999. ""},{""offer_name"":""7.5% Discount on Myntra Kotak Credit Card."",""offer_value"":"" Max Discount Up to ₹750 on every spends. ""},{""offer_name"":""EMI option available"",""offer_value"":""EMI starting from Rs.36/month""}]",casual-shoes,771.4000000000001,1,771.4000000000001
21903832,U.S. Polo Assn.,Women Perforated Sneakers,4.1,16,4299,25.0,3224.25,INR,"http://assets.myntassets.com/assets/images/21903832/2023/8/1/cce20d97-d0fb-44b3-81ce-2651858883491690887977876-US-Polo-Assn-Women-Perforated-Sneakers-5501690887977786-11.jpg,http://assets.myntassets.com/assets/images/21903832/2023/2/9/88a4420b-1d3d-4dbd-8ddf-5a69bb4d858f1675921842417USPoloAssnWomenOffWhitePerforationsPUSneakers1.jpg,http://assets.myntassets.com/assets/images/21903832/2023/2/9/b4353d9b-4f9f-413d-8bea-a9a0a4a602bd1675921842345USPoloAssnWomenOffWhitePerforationsPUSneakers2.jpg,http://assets.myntassets.com/assets/images/21903832/2023/2/9/1f14a387-b59e-4683-9974-837a5ad23e4a1675921842434USPoloAssnWomenOffWhitePerforationsPUSneakers3.jpg,http://assets.myntassets.com/assets/images/21903832/2023/2/9/dd7d8a03-2632-4aaa-9260-baeae5d9bdda1675921842381USPoloAssnWomenOffWhitePerforationsPUSneakers4.jpg,http://assets.myntassets.com/assets/images/21903832/2023/2/9/c3f9bd23-addc-4117-a8de-291d886678b81675921842362USPoloAssnWomenOffWhitePerforationsPUSneakers5.jpg,http://assets.myntassets.com/assets/images/21903832/2023/2/9/12043bc1-801c-4f93-a28b-2cb2c7789d961675921842399USPoloAssnWomenOffWhitePerforationsPUSneakers6.jpg,http://assets.myntassets.com/assets/images/21903832/2023/2/9/e073cd23-a4d7-44c7-b267-21307f0896b71675921842452USPoloAssnWomenOffWhitePerforationsPUSneakers7.jpg","[""100% Original Products"",""Pay on delivery might be available"",""Easy 14 days returns and exchanges"",""Try & Buy might be available""]","{""description"":""A pair of round toe white sneakers,has regular stylingLace-ups detailPu upperCushioned footbedTextured and patterned outsoleWarranty: 3 monthsWarranty provided by brand/manufacturer"",""material_and_care"":""PU. Wipe with a clean and dry cloth to remove dust""}","[{""name"":""Footwear"",""url"":""https://www.myntra.com/footwear""},{""name"":""Women"",""url"":""https://www.myntra.com/women-footwear""},{""name"":""Casual Shoes"",""url"":""https://www.myntra.com/casual-shoes""},{""name"":""U.S. Polo Assn."",""url"":""https://www.myntra.com/u.s.-polo-assn.-casual-shoes""},{""name"":""More by U.S. Polo Assn."",""url"":""https://www.myntra.com/u.s.-polo-assn.""}]","[{""specification_name"":""Ankle Height"",""specification_value"":""Regular""},{""specification_name"":""Character"",""specification_value"":""NA""},{""specification_name"":""Fastening"",""specification_value"":""Lace-Ups""},{""specification_name"":""Insole"",""specification_value"":""Comfort Insole""},{""specification_name"":""Material"",""specification_value"":""PU""},{""specification_name"":""Micro Trend"",""specification_value"":""Basics""},{""specification_name"":""Occasion"",""specification_value"":""Everyday""},{""specification_name"":""Ornamentation"",""specification_value"":""NA""},{""specification_name"":""Pattern"",""specification_value"":""Perforations""},{""specification_name"":""Shoe Width"",""specification_value"":""Regular""},{""specification_name"":""Sole Material"",""specification_value"":""TPU""},{""specification_name"":""Sustainable"",""specification_value"":""Regular""},{""specification_name"":""Technology"",""specification_value"":""None""},{""specification_name"":""Toe Shape"",""specification_value"":""Round Toe""},{""specification_name"":""Type"",""specification_value"":""Sneakers""},{""specification_name"":""Warranty"",""specification_value"":""3 months""}]","{""1_star"":1,""2_stars"":1,""3_stars"":3,""4_stars"":1,""5_stars"":10}",No review,ARV███ LI███TYL█████████LIM██████,"[{""size"":""3"",""value"":""24.0cm"",""value_name"":""To Fit Foot Length""},{""size"":""4"",""value"":""24.7cm"",""value_name"":""To Fit Foot Length""},{""size"":""5"",""value"":""25.3cm"",""value_name"":""To Fit Foot Length""},{""size"":""6"",""value"":""26.0cm"",""value_name"":""To Fit Foot Length""},{""size"":""7"",""value"":""26.7cm"",""value_name"":""To Fit Foot Length""}]","{""applicable_on"":""Orders above Rs. 1499 (only on first purchase)"",""best_price"":""2824"",""coupon_code"":""MYNTRA400"",""coupon_discount"":"" Rs. 400.0 off (check cart for final savings)""}","[{""offer_name"":""10% Instant Discount on IndusInd Bank Debit Cards "",""offer_value"":"" Min Spend ₹2,500; Max Discount ₹1,000. ""},{""offer_name"":""10% Instant Discount on Citi Credit & Debit Cards "",""offer_value"":"" Min Spend ₹3,000; Max Discount ₹1,000. ""},{""offer_name"":""10% Instant Discount on Yes Bank Credit Cards "",""offer_value"":"" Min Spend ₹3,500; Max Discount ₹1,000. ""},{""offer_name"":""Flat ₹100 Cashback on Mobiwkik Wallet/Zip "",""offer_value"":"" Min Spend ₹1,999. ""},{""offer_name"":""7.5% Discount on Myntra Kotak Credit Card."",""offer_value"":"" Max Discount Up to ₹750 on every spends. ""},{""offer_name"":""EMI option available"",""offer_value"":""EMI starting from Rs.151/month""}]",casual-shoes,3224.25,1,3224.25
21651940,HIGHLANDER,Men Black Woven Design Sneakers,3.4,25,1898,55.0,854.0999999999999,INR,"http://assets.myntassets.com/assets/images/21651940/2023/1/21/132c6a6e-48fb-4cb1-b49f-ef66cf0b5d8c1674289667794HIGHLANDERMenBlackWovenDesignSneakers1.jpg,http://assets.myntassets.com/assets/images/21651940/2023/1/21/a105ea58-cba8-40bd-9e5f-60b96abe0cd51674289667747HIGHLANDERMenBlackWovenDesignSneakers2.jpg,http://assets.myntassets.com/assets/images/21651940/2023/1/21/06012059-75a8-49f1-b493-8539e6bec2991674289667809HIGHLANDERMenBlackWovenDesignSneakers3.jpg,http://assets.myntassets.com/assets/images/21651940/2023/1/21/eeb91eb0-224d-4555-8b0d-8a6b59174ff81674289667778HIGHLANDERMenBlackWovenDesignSneakers4.jpg,http://assets.myntassets.com/assets/images/21651940/2023/1/21/292a3639-45c7-4c3d-afbc-71c6ec06dde41674289667763HIGHLANDERMenBlackWovenDesignSneakers5.jpg","[""100% Original Products"",""Pay on delivery might be available"",""Easy 14 days returns and exchanges"",""Try & Buy might be available""]","{""description"":""A pair of round toe sneakers, has regular styling,Lace-ups detailCanvas upperCushioned footbedTextured and patterned outsoleWarranty: 1 month       Warranty provided by the brand/manufacturer"",""material_and_care"":""Canvas. Wipe with a clean, dry cloth to remove dust""}","[{""name"":""Footwear"",""url"":""https://www.myntra.com/footwear""},{""name"":""Men"",""url"":""https://www.myntra.com/men-footwear""},{""name"":""Casual Shoes"",""url"":""https://www.myntra.com/casual-shoes""},{""name"":""HIGHLANDER"",""url"":""https://www.myntra.com/highlander-casual-shoes""},{""name"":""More by HIGHLANDER"",""url"":""https://www.myntra.com/highlander""}]","[{""specification_name"":""Ankle Height"",""specification_value"":""Regular""},{""specification_name"":""Character"",""specification_value"":""NA""},{""specification_name"":""Fastening"",""specification_value"":""Lace-Ups""},{""specification_name"":""Insole"",""specification_value"":""Comfort Insole""},{""specification_name"":""Material"",""specification_value"":""Canvas""},{""specification_name"":""Micro Trend"",""specification_value"":""Unlined Leather""},{""specification_name"":""Occasion"",""specification_value"":""Everyday""},{""specification_name"":""Ornamentation"",""specification_value"":""NA""},{""specification_name"":""Pattern"",""specification_value"":""Woven Design""},{""specification_name"":""Shoe Width"",""specification_value"":""Narrow""},{""specification_name"":""Sole Material"",""specification_value"":""Synthetic""},{""specification_name"":""Sustainable"",""specification_value"":""Regular""},{""specification_name"":""Technology"",""specification_value"":""None""},{""specification_name"":""Toe Shape"",""specification_value"":""Round Toe""},{""specification_name"":""Type"",""specification_value"":""Sneakers""},{""specification_name"":""Warranty"",""specification_value"":""1 month""}]","{""1_star"":5,""2_stars"":3,""3_stars"":4,""4_stars"":3,""5_stars"":10}","[{""percentage"":""100"",""value_name"":""Fit, Loose""},{""percentage"":""100"",""value_name"":""Comfort, Very Comfortable""}]",Fla███tar███mme██████,"[{""size"":""6"",""value"":""25.1cm"",""value_name"":""To Fit Foot Length""},{""size"":""7"",""value"":""25.8cm"",""value_name"":""To Fit Foot Length""},{""size"":""8"",""value"":""26.4cm"",""value_name"":""To Fit Foot Length""},{""size"":""9"",""value"":""27.1cm"",""value_name"":""To Fit Foot Length""},{""size"":""10"",""value"":""27.8cm"",""value_name"":""To Fit Foot Length""},{""size"":""11"",""value"":""28.4cm"",""value_name"":""To Fit Foot Length""}]","{""applicable_on"":""Orders above Rs. 749 (only on first purchase)"",""best_price"":""379"",""coupon_code"":""TOPBRANDOFFER"",""coupon_discount"":"" Rs. 190.0 off (check cart for final savings)""}","[{""offer_name"":""10% Instant Discount on IndusInd Bank Debit Cards "",""offer_value"":"" Min Spend ₹2,500; Max Discount ₹1,000. ""},{""offer_name"":""10% Instant Discount on Citi Credit & Debit Cards "",""offer_value"":"" Min Spend ₹3,000; Max Discount ₹1,000. ""},{""offer_name"":""10% Instant Discount on Yes Bank Credit Cards "",""offer_value"":"" Min Spend ₹3,500; Max Discount ₹1,000. ""},{""offer_name"":""Flat ₹100 Cashback on Mobiwkik Wallet/Zip "",""offer_value"":"" Min Spend ₹1,999. ""},{""offer_name"":""7.5% Discount on Myntra Kotak Credit Card."",""offer_value"":"" Max Discount Up to ₹750 on every spends. ""},{""offer_name"":""EMI option available"",""offer_value"":""EMI starting from Rs.27/month""}]",casual-shoes,854.0999999999999,1,854.0999999999999
21321784,San Frissco,Men  Colourblocked Sneakers,4.3,6,5995,72.0,1678.6000000000004,INR,"http://assets.myntassets.com/assets/images/21321784/2022/12/27/83ddacb6-60ac-46d1-9ded-8cd1f1b8f4251672141048805SanFrisscoMensOliveMeshLace-UpCasualSneaker1.jpg,http://assets.myntassets.com/assets/images/21321784/2022/12/27/ba6181fe-0ee9-4f9a-9bcc-620beaec56cf1672141048783SanFrisscoMensOliveMeshLace-UpCasualSneaker2.jpg,http://assets.myntassets.com/assets/images/21321784/2022/12/27/68708058-0661-4f72-8710-53b5c0c21be11672141048772SanFrisscoMensOliveMeshLace-UpCasualSneaker3.jpg,http://assets.myntassets.com/assets/images/21321784/2022/12/27/fdf56fd6-f7d5-4229-8f92-6218eaaedb381672141048817SanFrisscoMensOliveMeshLace-UpCasualSneaker4.jpg,http://assets.myntassets.com/assets/images/21321784/2022/12/27/3d075fea-15d8-445a-ad62-b702251145321672141048794SanFrisscoMensOliveMeshLace-UpCasualSneaker5.jpg,http://assets.myntassets.com/assets/images/21321784/2022/12/27/6b52206a-d130-4edf-be61-9a4162fa78ca1672141048829SanFrisscoMensOliveMeshLace-UpCasualSneaker6.jpg,http://assets.myntassets.com/assets/images/21321784/2022/12/27/7fe33c7c-46c3-40d8-886e-82fbf3cbf1201672141048759SanFrisscoMensOliveMeshLace-UpCasualSneaker7.jpg","[""100% Original Products"",""Pay on delivery might be available"",""Easy 14 days returns and exchanges"",""Try & Buy might be available""]","{""description"":""A pair of round toe sneakers ,has regular styling,Lace-ups detailMesh upperCushioned footbedTextured and patterned outsole"",""material_and_care"":""Mesh. Wipe gently with a dry cloth to remove any dried-on dirt and dust""}","[{""name"":""Footwear"",""url"":""https://www.myntra.com/footwear""},{""name"":""Men"",""url"":""https://www.myntra.com/men-footwear""},{""name"":""Casual Shoes"",""url"":""https://www.myntra.com/casual-shoes""},{""name"":""San Frissco"",""url"":""https://www.myntra.com/san-frissco-casual-shoes""},{""name"":""More by San Frissco"",""url"":""https://www.myntra.com/san-frissco""}]","[{""specification_name"":""Ankle Height"",""specification_value"":""Regular""},{""specification_name"":""Character"",""specification_value"":""NA""},{""specification_name"":""Fastening"",""specification_value"":""Lace-Ups""},{""specification_name"":""Insole"",""specification_value"":""Comfort Insole""},{""specification_name"":""Material"",""specification_value"":""Mesh""},{""specification_name"":""Micro Trend"",""specification_value"":""Basics""},{""specification_name"":""Occasion"",""specification_value"":""Everyday""},{""specification_name"":""Ornamentation"",""specification_value"":""NA""},{""specification_name"":""Pattern"",""specification_value"":""Colourblocked""},{""specification_name"":""Shoe Width"",""specification_value"":""Regular""},{""specification_name"":""Sole Material"",""specification_value"":""TPR""},{""specification_name"":""Sustainable"",""specification_value"":""Regular""},{""specification_name"":""Technology"",""specification_value"":""Lightweight""},{""specification_name"":""Toe Shape"",""specification_value"":""Round Toe""},{""specification_name"":""Type"",""specification_value"":""Sneakers""},{""specification_name"":""Warranty"",""specification_value"":""NA""}]","{""1_star"":1,""2_stars"":0,""3_stars"":0,""4_stars"":0,""5_stars"":5}","[{""percentage"":""100"",""value_name"":""Fit, A Little Loose""},{""percentage"":""100"",""value_name"":""Comfort, Comfortable""}]",ARY███ FO███EAR█████████PVT██████,"[{""size"":""6"",""value"":""25.5cm"",""value_name"":""To Fit Foot Length""},{""size"":""7"",""value"":""26.5cm"",""value_name"":""To Fit Foot Length""},{""size"":""8"",""value"":""27.5cm"",""value_name"":""To Fit Foot Length""},{""size"":""9"",""value"":""28.5cm"",""value_name"":""To Fit Foot Length""},{""size"":""10"",""value"":""29.5cm"",""value_name"":""To Fit Foot Length""},{""size"":""11"",""value"":""30.5cm"",""value_name"":""To Fit Foot Length""}]","{""applicable_on"":""Orders above Rs. 1499 (only on first purchase)"",""best_price"":""1278"",""coupon_code"":""MYNTRA400"",""coupon_discount"":"" Rs. 400.0 off (check cart for final savings)""}","[{""offer_name"":""10% Instant Discount on IndusInd Bank Debit Cards "",""offer_value"":"" Min Spend ₹2,500; Max Discount ₹1,000. ""},{""offer_name"":""10% Instant Discount on Citi Credit & Debit Cards "",""offer_value"":"" Min Spend ₹3,000; Max Discount ₹1,000. ""},{""offer_name"":""10% Instant Discount on Yes Bank Credit Cards "",""offer_value"":"" Min Spend ₹3,500; Max Discount ₹1,000. ""},{""offer_name"":""Flat ₹100 Cashback on Mobiwkik Wallet/Zip "",""offer_value"":"" Min Spend ₹1,999. ""},{""offer_name"":""7.5% Discount on Myntra Kotak Credit Card."",""offer_value"":"" Max Discount Up to ₹750 on every spends. ""},{""offer_name"":""EMI option available"",""offer_value"":""EMI starting from Rs.79/month""}]",casual-shoes,1678.6000000000004,1,1678.6000000000004
21482828,Eego Italy,Men Slip On Loafers Shoes,0.0,0,2999,70.0,899.6999999999998,INR,"http://assets.myntassets.com/assets/images/21482828/2023/1/10/1533b2fb-653e-4a09-a30f-97c2b98936931673339288672EegoItalyMenBlackPrintedLoafers1.jpg,http://assets.myntassets.com/assets/images/21482828/2023/1/10/738b1ab1-9563-44e1-abd4-9e2c67ab99261673339288700EegoItalyMenBlackPrintedLoafers2.jpg,http://assets.myntassets.com/assets/images/21482828/2023/1/10/0752af02-b7c2-49df-941d-ae29479829dc1673339288658EegoItalyMenBlackPrintedLoafers3.jpg,http://assets.myntassets.com/assets/images/21482828/2023/1/10/648e1c5c-daeb-49f8-937d-cac0cfe40df21673339288684EegoItalyMenBlackPrintedLoafers4.jpg,http://assets.myntassets.com/assets/images/21482828/2023/1/10/ae6bbdb8-f732-4798-8512-1576e2339da91673339288712EegoItalyMenBlackPrintedLoafers5.jpg","[""100% Original Products"",""Pay on delivery might be available"",""Easy 14 days returns and exchanges"",""Try & Buy might be available""]","{""description"":""A pair of round toe black loafers ,has regular styling,  Slip-on detail  Synthetic  upper  Cushioned footbed  Textured and patterned outsole "",""material_and_care"":""Material Synthetic Leather&nbsp;. Sole Material TPR. Wipe with clean cloth to remove dust""}","[{""name"":""Footwear"",""url"":""https://www.myntra.com/footwear""},{""name"":""Men"",""url"":""https://www.myntra.com/men-footwear""},{""name"":""Casual Shoes"",""url"":""https://www.myntra.com/casual-shoes""},{""name"":""Eego Italy"",""url"":""https://www.myntra.com/eego-italy-casual-shoes""},{""name"":""More by Eego Italy"",""url"":""https://www.myntra.com/eego-italy""}]","[{""specification_name"":""Ankle Height"",""specification_value"":""Regular""},{""specification_name"":""Character"",""specification_value"":""NA""},{""specification_name"":""Fastening"",""specification_value"":""Slip-On""},{""specification_name"":""Insole"",""specification_value"":""Comfort Insole""},{""specification_name"":""Material"",""specification_value"":""Synthetic""},{""specification_name"":""Micro Trend"",""specification_value"":""Tassel Loafers""},{""specification_name"":""Occasion"",""specification_value"":""Everyday""},{""specification_name"":""Ornamentation"",""specification_value"":""NA""},{""specification_name"":""Pattern"",""specification_value"":""Solid""},{""specification_name"":""Shoe Width"",""specification_value"":""Regular""},{""specification_name"":""Sole Material"",""specification_value"":""TPR""},{""specification_name"":""Sustainable"",""specification_value"":""Regular""},{""specification_name"":""Technology"",""specification_value"":""NA""},{""specification_name"":""Toe Shape"",""specification_value"":""Round Toe""},{""specification_name"":""Type"",""specification_value"":""Loafers""},{""specification_name"":""Warranty"",""specification_value"":""NA""}]","{""1_star"":0,""2_stars"":0,""3_stars"":0,""4_stars"":0,""5_stars"":0}",No review,Gur███ers███,"[{""size"":""6"",""value"":""25.1cm"",""value_name"":""To Fit Foot Length""},{""size"":""7"",""value"":""25.8cm"",""value_name"":""To Fit Foot Length""},{""size"":""8"",""value"":""26.5cm"",""value_name"":""To Fit Foot Length""},{""size"":""9"",""value"":""27.2cm"",""value_name"":""To Fit Foot Length""},{""size"":""10"",""value"":""28.0cm"",""value_name"":""To Fit Foot Length""}]","{""applicable_on"":""Orders above Rs. 999 (only on first purchase)"",""best_price"":""629"",""coupon_code"":""MYNTRA300"",""coupon_discount"":"" Rs. 270.0 off (check cart for final savings)""}","[{""offer_name"":""10% Instant Discount on IndusInd Bank Debit Cards "",""offer_value"":"" Min Spend ₹2,500; Max Discount ₹1,000. ""},{""offer_name"":""10% Instant Discount on Citi Credit & Debit Cards "",""offer_value"":"" Min Spend ₹3,000; Max Discount ₹1,000. ""},{""offer_name"":""10% Instant Discount on Yes Bank Credit Cards "",""offer_value"":"" Min Spend ₹3,500; Max Discount ₹1,000. ""},{""offer_name"":""Flat ₹100 Cashback on Mobiwkik Wallet/Zip "",""offer_value"":"" Min Spend ₹1,999. ""},{""offer_name"":""7.5% Discount on Myntra Kotak Credit Card."",""offer_value"":"" Max Discount Up to ₹750 on every spends. ""},{""offer_name"":""EMI option available"",""offer_value"":""EMI starting from Rs.42/month""}]",casual-shoes,899.6999999999998,1,899.6999999999998
21907914,MOZAFIA,Men Canvas Mid-Top Lace-Up Sneakers,4.0,225,1999,60.0,799.5999999999999,INR,"http://assets.myntassets.com/assets/images/21907914/2023/2/9/03279f43-77f9-48a7-a59b-73b315499cff1675936161799MOZAFIAMenWhiteHigh-TopSneakers1.jpg,http://assets.myntassets.com/assets/images/21907914/2023/2/9/7c161cd5-7392-4eb1-b9bc-88d6d94c14891675936161745MOZAFIAMenWhiteHigh-TopSneakers2.jpg,http://assets.myntassets.com/assets/images/21907914/2023/2/9/438483a2-79fd-4cef-9074-d3a00379a3ed1675936161815MOZAFIAMenWhiteHigh-TopSneakers3.jpg,http://assets.myntassets.com/assets/images/21907914/2023/2/9/1703b3f5-c8ae-403e-8acd-9cb1382013321675936161782MOZAFIAMenWhiteHigh-TopSneakers4.jpg,http://assets.myntassets.com/assets/images/21907914/2023/2/9/1199700b-fb78-4aa0-8a41-08245a1381f81675936161845MOZAFIAMenWhiteHigh-TopSneakers5.jpg,http://assets.myntassets.com/assets/images/21907914/2023/2/9/50292158-0467-4c9a-adf3-b148c1bd835a1675936161831MOZAFIAMenWhiteHigh-TopSneakers6.jpg,http://assets.myntassets.com/assets/images/21907914/2023/2/9/9b81a0b4-196d-4974-b6f0-6396c8db96701675936161763MOZAFIAMenWhiteHigh-TopSneakers7.jpg","[""100% Original Products"",""Pay on delivery might be available"",""Easy 14 days returns and exchanges"",""Try & Buy might be available""]","{""description"":""A pair of round toe white sneakers,has mid-top stylingLace-ups detailCanvas upperCushioned footbedTextured and patterned outsole"",""material_and_care"":""Canvas. Wipe with a clean and dry cloth to remove dust""}","[{""name"":""Footwear"",""url"":""https://www.myntra.com/footwear""},{""name"":""Men"",""url"":""https://www.myntra.com/men-footwear""},{""name"":""Casual Shoes"",""url"":""https://www.myntra.com/casual-shoes""},{""name"":""MOZAFIA"",""url"":""https://www.myntra.com/mozafia-casual-shoes""},{""name"":""More by MOZAFIA"",""url"":""https://www.myntra.com/mozafia""}]","[{""specification_name"":""Ankle Height"",""specification_value"":""Mid-Top""},{""specification_name"":""Character"",""specification_value"":""NA""},{""specification_name"":""Fastening"",""specification_value"":""Lace-Ups""},{""specification_name"":""Insole"",""specification_value"":""Comfort Insole""},{""specification_name"":""Material"",""specification_value"":""Canvas""},{""specification_name"":""Micro Trend"",""specification_value"":""Basics""},{""specification_name"":""Occasion"",""specification_value"":""Everyday""},{""specification_name"":""Ornamentation"",""specification_value"":""NA""},{""specification_name"":""Pattern"",""specification_value"":""Solid""},{""specification_name"":""Shoe Width"",""specification_value"":""Regular""},{""specification_name"":""Sole Material"",""specification_value"":""Rubber""},{""specification_name"":""Sustainable"",""specification_value"":""Regular""},{""specification_name"":""Technology"",""specification_value"":""NA""},{""specification_name"":""Toe Shape"",""specification_value"":""Round Toe""},{""specification_name"":""Type"",""specification_value"":""Sneakers""},{""specification_name"":""Warranty"",""specification_value"":""NA""}]","{""1_star"":34,""2_stars"":7,""3_stars"":15,""4_stars"":38,""5_stars"":131}","[{""percentage"":""54"",""value_name"":""Fit, Just Right""},{""percentage"":""68"",""value_name"":""Comfort, Comfortable""}]",DHV███LOB███PRI█████████TED███,"[{""size"":""6"",""value"":""26.5cm"",""value_name"":""To Fit Foot Length""},{""size"":""6"",""value"":""8.0cm"",""value_name"":""To Fit Foot Width""},{""size"":""7"",""value"":""27.0cm"",""value_name"":""To Fit Foot Length""},{""size"":""7"",""value"":""8.0cm"",""value_name"":""To Fit Foot Width""},{""size"":""8"",""value"":""27.5cm"",""value_name"":""To Fit Foot Length""},{""size"":""8"",""value"":""8.0cm"",""value_name"":""To Fit Foot Width""},{""size"":""9"",""value"":""28.0cm"",""value_name"":""To Fit Foot Length""},{""size"":""9"",""value"":""8.0cm"",""value_name"":""To Fit Foot Width""},{""size"":""10"",""value"":""28.5cm"",""value_name"":""To Fit Foot Length""},{""size"":""10"",""value"":""8.0cm"",""value_name"":""To Fit Foot Width""},{""size"":""11"",""value"":""29.0cm"",""value_name"":""To Fit Foot Length""},{""size"":""11"",""value"":""8.0cm"",""value_name"":""To Fit Foot Width""}]","{""applicable_on"":""Orders above Rs. 999 (only on first purchase)"",""best_price"":""559"",""coupon_code"":""MYNTRA300"",""coupon_discount"":"" Rs. 240.0 off (check cart for final savings)""}","[{""offer_name"":""10% Instant Discount on IndusInd Bank Debit Cards "",""offer_value"":"" Min Spend ₹2,500; Max Discount ₹1,000. ""},{""offer_name"":""10% Instant Discount on Citi Credit & Debit Cards "",""offer_value"":"" Min Spend ₹3,000; Max Discount ₹1,000. ""},{""offer_name"":""10% Instant Discount on Yes Bank Credit Cards "",""offer_value"":"" Min Spend ₹3,500; Max Discount ₹1,000. ""},{""offer_name"":""Flat ₹100 Cashback on Mobiwkik Wallet/Zip "",""offer_value"":"" Min Spend ₹1,999. ""},{""offer_name"":""7.5% Discount on Myntra Kotak Credit Card."",""offer_value"":"" Max Discount Up to ₹750 on every spends. ""},{""offer_name"":""EMI option available"",""offer_value"":""EMI starting from Rs.38/month""}]",casual-shoes,799.5999999999999,1,799.5999999999999
21497770,Puma,Men Sneakers,4.1,111,4999,55.0,2249.55,INR,"http://assets.myntassets.com/assets/images/21497770/2023/4/5/fade75aa-f479-45bc-932e-92cab18c0d6a1680675240082-Amaze-Runner-Mens-Sneakers-4511680675239658-1.jpg,http://assets.myntassets.com/assets/images/21497770/2023/4/5/4340476c-fb1f-4182-9418-f6346db2c1cf1680675240067-Amaze-Runner-Mens-Sneakers-4511680675239658-2.jpg,http://assets.myntassets.com/assets/images/21497770/2023/4/5/72aae81f-ea6c-4d46-b647-d83586200e781680675240055-Amaze-Runner-Mens-Sneakers-4511680675239658-3.jpg,http://assets.myntassets.com/assets/images/21497770/2023/4/5/c9a97ca9-24ef-4c96-8e49-b7db3cd8c8761680675240042-Amaze-Runner-Mens-Sneakers-4511680675239658-4.jpg,http://assets.myntassets.com/assets/images/21497770/2023/4/5/26feed48-314f-46b5-bb45-d591e61b25af1680675240026-Amaze-Runner-Mens-Sneakers-4511680675239658-5.jpg","[""100% Original Products"",""Pay on delivery might be available"",""Easy 14 days returns and exchanges"",""Try & Buy might be available""]","{""description"":""A pair of round toe charcoal grey solid sneakers, has regular styling,Lace-ups detailTextile upperCushioned footbedTextured and patterned rubber outsole gives great grip & tractionSOFTFOAM+: Step-in comfort sockliner designed to provide soft cushioning thanks to its extra thick heelEVA midsole provides optimal cushioningPUMA logo & patterned graphic on the silhoutteWarranty: 3 monthsWarranty provided by brand/manufacturer About the ProductUpbeat brimming get of the style hook with PUMA Sneakers stacked with fashion & function"",""material_and_care"":""Textile. Wipe with a clean, dry cloth to remove dust""}","[{""name"":""Footwear"",""url"":""https://www.myntra.com/footwear""},{""name"":""Men"",""url"":""https://www.myntra.com/men-footwear""},{""name"":""Casual Shoes"",""url"":""https://www.myntra.com/casual-shoes""},{""name"":""Puma"",""url"":""https://www.myntra.com/puma-casual-shoes""},{""name"":""More by Puma"",""url"":""https://www.myntra.com/puma""}]","[{""specification_name"":""Ankle Height"",""specification_value"":""Regular""},{""specification_name"":""Character"",""specification_value"":""NA""},{""specification_name"":""Fastening"",""specification_value"":""Lace-Ups""},{""specification_name"":""Insole"",""specification_value"":""Comfort Insole""},{""specification_name"":""Material"",""specification_value"":""Textile""},{""specification_name"":""Micro Trend"",""specification_value"":""Basics""},{""specification_name"":""Occasion"",""specification_value"":""Everyday""},{""specification_name"":""Ornamentation"",""specification_value"":""NA""},{""specification_name"":""Pattern"",""specification_value"":""Solid""},{""specification_name"":""Shoe Width"",""specification_value"":""Regular""},{""specification_name"":""Sole Material"",""specification_value"":""Rubber""},{""specification_name"":""Sustainable"",""specification_value"":""Regular""},{""specification_name"":""Technology"",""specification_value"":""NA""},{""specification_name"":""Toe Shape"",""specification_value"":""Round Toe""},{""specification_name"":""Type"",""specification_value"":""Sneakers""},{""specification_name"":""Warranty"",""specification_value"":""3 months""}]","{""1_star"":13,""2_stars"":6,""3_stars"":6,""4_stars"":22,""5_stars"":64}","[{""percentage"":""77"",""value_name"":""Fit, Just Right""},{""percentage"":""54"",""value_name"":""Comfort, Very Comfortable""}]",Pum███por███Ind█████████td.█████████,"[{""size"":""6"",""value"":""24.5cm"",""value_name"":""To Fit Foot Length""},{""size"":""7"",""value"":""25.4cm"",""value_name"":""To Fit Foot Length""},{""size"":""8"",""value"":""26.2cm"",""value_name"":""To Fit Foot Length""},{""size"":""9"",""value"":""27.1cm"",""value_name"":""To Fit Foot Length""},{""size"":""10"",""value"":""27.9cm"",""value_name"":""To Fit Foot Length""},{""size"":""11"",""value"":""28.8cm"",""value_name"":""To Fit Foot Length""}]","{""applicable_on"":""Orders above Rs. 1499 (only on first purchase)"",""best_price"":""1849"",""coupon_code"":""MYNTRA400"",""coupon_discount"":"" Rs. 400.0 off (check cart for final savings)""}","[{""offer_name"":""10% Instant Discount on IndusInd Bank Debit Cards "",""offer_value"":"" Min Spend ₹2,500; Max Discount ₹1,000. ""},{""offer_name"":""10% Instant Discount on Citi Credit & Debit Cards "",""offer_value"":"" Min Spend ₹3,000; Max Discount ₹1,000. ""},{""offer_name"":""10% Instant Discount on Yes Bank Credit Cards "",""offer_value"":"" Min Spend ₹3,500; Max Discount ₹1,000. ""},{""offer_name"":""Flat ₹100 Cashback on Mobiwkik Wallet/Zip "",""offer_value"":"" Min Spend ₹1,999. ""},{""offer_name"":""7.5% Discount on Myntra Kotak Credit Card."",""offer_value"":"" Max Discount Up to ₹750 on every spends. ""},{""offer_name"":""EMI option available"",""offer_value"":""EMI starting from Rs.105/month""}]",casual-shoes,2249.55,1,2249.55
21169272,HRX by Hrithik Roshan,Men Skate Street Sneaker,3.9,107,3299,50.0,1649.5,INR,"http://assets.myntassets.com/assets/images/21169272/2023/8/11/30989965-7e32-4257-9746-e55d895c24491691734966715-HRX-by-Hrithik-Roshan-Men-Skate-Street-Sneaker-3541691734966-6.jpg,http://assets.myntassets.com/assets/images/21169272/2023/4/20/026e59d1-6554-4eaf-910d-8bf4699746a71681969751061-HRX-by-Hrithik-Roshan-Men-Casual-Shoes-1781681969750822-1.jpg,http://assets.myntassets.com/assets/images/21169272/2023/4/20/1b15d550-fa83-47c9-9639-5a28faddd0941681969751053-HRX-by-Hrithik-Roshan-Men-Casual-Shoes-1781681969750822-2.jpg,http://assets.myntassets.com/assets/images/21169272/2023/4/20/9d033d28-c55e-484b-a2a1-2a0044ab3adc1681969751041-HRX-by-Hrithik-Roshan-Men-Casual-Shoes-1781681969750822-3.jpg,http://assets.myntassets.com/assets/images/21169272/2023/4/20/bcbaf626-93e1-4862-8991-b092adb14e1a1681969751027-HRX-by-Hrithik-Roshan-Men-Casual-Shoes-1781681969750822-4.jpg,http://assets.myntassets.com/assets/images/21169272/2023/4/20/54d2ad88-5b99-4a3f-98eb-cb3cf05edf781681969751013-HRX-by-Hrithik-Roshan-Men-Casual-Shoes-1781681969750822-5.jpg","[""100% Original Products"",""Pay on delivery might be available"",""Easy 14 days returns and exchanges"",""Try & Buy might be available""]","{""description"":""Product Description: The classic skateboard sneaker from the skate street collection gets a style upgrade. They're cushioned, durable and designed to support your feet as you go through the day.Features:Upper is composed of high-quality synthetic leather.Cushion collar provides ankle support.TPR outsole provides grip while walking and gives the shoe a longer life.Weight: LightweightFastening: Lace UpFit: Comfort"",""material_and_care"":""Upper material: Synthetic. . Wipe with a clean and dry cloth when needed. ""}","[{""name"":""Footwear"",""url"":""https://www.myntra.com/footwear""},{""name"":""Men"",""url"":""https://www.myntra.com/men-footwear""},{""name"":""Casual Shoes"",""url"":""https://www.myntra.com/casual-shoes""},{""name"":""HRX by Hrithik Roshan"",""url"":""https://www.myntra.com/hrx-by-hrithik-roshan-casual-shoes""},{""name"":""More by HRX by Hrithik Roshan"",""url"":""https://www.myntra.com/hrx-by-hrithik-roshan""}]","[{""specification_name"":""Ankle Height"",""specification_value"":""Regular""},{""specification_name"":""Character"",""specification_value"":""NA""},{""specification_name"":""Fastening"",""specification_value"":""Lace-Ups""},{""specification_name"":""Insole"",""specification_value"":""Comfort Insole""},{""specification_name"":""Material"",""specification_value"":""Synthetic""},{""specification_name"":""Micro Trend"",""specification_value"":""Basics""},{""specification_name"":""Occasion"",""specification_value"":""Everyday""},{""specification_name"":""Ornamentation"",""specification_value"":""NA""},{""specification_name"":""Pattern"",""specification_value"":""Solid""},{""specification_name"":""Shoe Width"",""specification_value"":""Regular""},{""specification_name"":""Sole Material"",""specification_value"":""TPR""},{""specification_name"":""Sustainable"",""specification_value"":""Regular""},{""specification_name"":""Technology"",""specification_value"":""NA""},{""specification_name"":""Toe Shape"",""specification_value"":""Round Toe""},{""specification_name"":""Type"",""specification_value"":""Sneakers""},{""specification_name"":""Warranty"",""specification_value"":""3 months""}]","{""1_star"":16,""2_stars"":8,""3_stars"":4,""4_stars"":21,""5_stars"":58}","[{""percentage"":""71"",""value_name"":""Fit, Just Right""},{""percentage"":""65"",""value_name"":""Comfort, Comfortable""}]",Omn███ch ███ail███,"[{""size"":""6"",""value"":""25.1cm"",""value_name"":""To Fit Foot Length""},{""size"":""7"",""value"":""25.8cm"",""value_name"":""To Fit Foot Length""},{""size"":""8"",""value"":""26.4cm"",""value_name"":""To Fit Foot Length""},{""size"":""9"",""value"":""27.2cm"",""value_name"":""To Fit Foot Length""},{""size"":""10"",""value"":""28.0cm"",""value_name"":""To Fit Foot Length""},{""size"":""11"",""value"":""28.8cm"",""value_name"":""To Fit Foot Length""}]","{""applicable_on"":""Orders above Rs. 1499 (only on first purchase)"",""best_price"":""1249"",""coupon_code"":""MYNTRA400"",""coupon_discount"":"" Rs. 400.0 off (check cart for final savings)""}","[{""offer_name"":""10% Instant Discount on IndusInd Bank Debit Cards "",""offer_value"":"" Min Spend ₹2,500; Max Discount ₹1,000. ""},{""offer_name"":""10% Instant Discount on Citi Credit & Debit Cards "",""offer_value"":"" Min Spend ₹3,000; Max Discount ₹1,000. ""},{""offer_name"":""10% Instant Discount on Yes Bank Credit Cards "",""offer_value"":"" Min Spend ₹3,500; Max Discount ₹1,000. ""},{""offer_name"":""Flat ₹100 Cashback on Mobiwkik Wallet/Zip "",""offer_value"":"" Min Spend ₹1,999. ""},{""offer_name"":""7.5% Discount on Myntra Kotak Credit Card."",""offer_value"":"" Max Discount Up to ₹750 on every spends. ""},{""offer_name"":""EMI option available"",""offer_value"":""EMI starting from Rs.77/month""}]",casual-shoes,1649.5,1,1649.5
13643492,WROGN,Men Brown Leather Loafers,3.7,58,3599,55.0,1619.55,INR,"http://assets.myntassets.com/assets/images/13643492/2021/11/8/1f4e877b-f426-457a-902c-c4de20eca3a31636352747509WROGNMenBrownLeatherLoafers1.jpg,http://assets.myntassets.com/assets/images/13643492/2021/11/8/501f7585-c966-4faf-8da5-cfd601b96c5d1636352747526WROGNMenBrownLeatherLoafers2.jpg,http://assets.myntassets.com/assets/images/13643492/2021/11/8/59f51216-b6a5-47a2-908a-866785e6251b1636352747536WROGNMenBrownLeatherLoafers3.jpg,http://assets.myntassets.com/assets/images/13643492/2021/11/8/d8bae218-5468-4b84-aaa6-6fcbe3760cdc1636352747547WROGNMenBrownLeatherLoafers4.jpg,http://assets.myntassets.com/assets/images/13643492/2021/11/8/0c4f22ab-1c50-47cc-b7ce-16ac7e772ce01636352747558WROGNMenBrownLeatherLoafers5.jpg,http://assets.myntassets.com/assets/images/13643492/2021/11/8/83c76d48-0367-4885-84ff-db4e743377ed1636352747627WROGNMenBrownLeatherLoafers6.jpg,http://assets.myntassets.com/assets/images/13643492/2021/11/8/7377a118-a740-440b-9552-e81a42af75d71636352747712WROGNMenBrownLeatherLoafers7.jpg,http://assets.myntassets.com/assets/images/13643492/2021/11/8/0432dd09-0a18-4de0-8414-a20b86ee0c671636352747518WROGNMenBrownLeatherLoafers11.jpg","[""100% Original Products"",""Pay on delivery might be available"",""Easy 14 days returns and exchanges"",""Try & Buy might be available""]","{""description"":""A pair of round toe brown loafers ,has regular styling,  Slip-on detail  Leather  upper  Cushioned footbed  Textured and patterned outsole  Warranty: 1 month"",""material_and_care"":""Upper material: Leather. Use a branded leather conditioner to clean the product""}","[{""name"":""Footwear"",""url"":""https://www.myntra.com/footwear""},{""name"":""Men"",""url"":""https://www.myntra.com/men-footwear""},{""name"":""Casual Shoes"",""url"":""https://www.myntra.com/casual-shoes""},{""name"":""WROGN"",""url"":""https://www.myntra.com/wrogn-casual-shoes""},{""name"":""More by WROGN"",""url"":""https://www.myntra.com/wrogn""}]","[{""specification_name"":""Ankle Height"",""specification_value"":""Regular""},{""specification_name"":""Character"",""specification_value"":""NA""},{""specification_name"":""Fastening"",""specification_value"":""Slip-On""},{""specification_name"":""Insole"",""specification_value"":""Comfort Insole""},{""specification_name"":""Material"",""specification_value"":""Leather""},{""specification_name"":""Micro Trend"",""specification_value"":""Contrast Sole""},{""specification_name"":""Occasion"",""specification_value"":""Everyday""},{""specification_name"":""Ornamentation"",""specification_value"":""NA""},{""specification_name"":""Pattern"",""specification_value"":""Solid""},{""specification_name"":""Shoe Width"",""specification_value"":""Regular""},{""specification_name"":""Sole Material"",""specification_value"":""TPR""},{""specification_name"":""Sustainable"",""specification_value"":""Regular""},{""specification_name"":""Technology"",""specification_value"":""NA""},{""specification_name"":""Toe Shape"",""specification_value"":""Round Toe""},{""specification_name"":""Type"",""specification_value"":""Loafers""},{""specification_name"":""Warranty"",""specification_value"":""1 month""}]","{""1_star"":7,""2_stars"":6,""3_stars"":10,""4_stars"":11,""5_stars"":24}",No review,Unknown,"[{""size"":""6"",""value"":""25.1cm"",""value_name"":""To Fit Foot Length""},{""size"":""7"",""value"":""25.8cm"",""value_name"":""To Fit Foot Length""},{""size"":""8"",""value"":""26.4cm"",""value_name"":""To Fit Foot Length""},{""size"":""9"",""value"":""27.2cm"",""value_name"":""To Fit Foot Length""},{""size"":""10"",""value"":""28.0cm"",""value_name"":""To Fit Foot Length""},{""size"":""11"",""value"":""28.8cm"",""value_name"":""To Fit Foot Length""}]",{},"[{""offer_name"":""10% Instant Discount on Citi Credit & Debit Cards "",""offer_value"":"" Min Spend ₹3,000; Max Discount ₹1,000. ""},{""offer_name"":""EMI option available""}]",casual-shoes,1619.55,1,1619.55
13638220,FAUSTO,Men Brown Textured Loafers,3.2,6,999,1.0,989.01,INR,"http://assets.myntassets.com/assets/images/13638220/2023/6/1/0c228811-02eb-4fe8-9134-9c2de67011791685621806555-FAUSTO-Men-Brown-Textured-Loafers-1561685621806510-14.jpg,http://assets.myntassets.com/assets/images/13638220/2022/10/4/3e35f209-8bd6-498f-b67e-570de58478491664880385493-FAUSTO-Men-Brown-Textured-Loafers-7811664880384993-1.jpg,http://assets.myntassets.com/assets/images/13638220/2022/10/4/ede809d8-a423-459e-bd18-195aff53ed031664880385478-FAUSTO-Men-Brown-Textured-Loafers-7811664880384993-2.jpg,http://assets.myntassets.com/assets/images/13638220/2022/10/4/a3d3cf0a-4c68-4d0c-aee9-763122df29701664880385463-FAUSTO-Men-Brown-Textured-Loafers-7811664880384993-3.jpg,http://assets.myntassets.com/assets/images/13638220/2022/10/4/cefb7e2d-d632-4ead-ab16-fd6ae95462111664880385446-FAUSTO-Men-Brown-Textured-Loafers-7811664880384993-4.jpg,http://assets.myntassets.com/assets/images/13638220/2022/10/4/032f84c9-c529-4405-8aaf-7abb4c3f48a81664880385428-FAUSTO-Men-Brown-Textured-Loafers-7811664880384993-5.jpg","[""100% Original Products"",""Pay on delivery might be available"",""Easy 14 days returns and exchanges"",""Try & Buy might be available""]","{""description"":""A pair of square toe brown loafers, has regular styling, slip-on detailPU upperCushioned footbedTextured and patterned outsole"",""material_and_care"":""PU. Wipe with a clean, dry cloth to remove dust"",""size_and_fit"":""FAUSTO Men's Brown Casual Synthetic Slip-On Loafers""}","[{""name"":""Footwear"",""url"":""https://www.myntra.com/footwear""},{""name"":""Men"",""url"":""https://www.myntra.com/men-footwear""},{""name"":""Casual Shoes"",""url"":""https://www.myntra.com/casual-shoes""},{""name"":""FAUSTO"",""url"":""https://www.myntra.com/fausto-casual-shoes""},{""name"":""More by FAUSTO"",""url"":""https://www.myntra.com/fausto""}]","[{""specification_name"":""Ankle Height"",""specification_value"":""Regular""},{""specification_name"":""Fastening"",""specification_value"":""Slip-On""},{""specification_name"":""Insole"",""specification_value"":""Memory Foam""},{""specification_name"":""Material"",""specification_value"":""PU""},{""specification_name"":""Micro Trend"",""specification_value"":""Basics""},{""specification_name"":""Occasion"",""specification_value"":""Everyday""},{""specification_name"":""Ornamentation"",""specification_value"":""Other""},{""specification_name"":""Pattern"",""specification_value"":""Textured""},{""specification_name"":""Shoe Width"",""specification_value"":""Wide""},{""specification_name"":""Sole Material"",""specification_value"":""TPR""},{""specification_name"":""Sustainable"",""specification_value"":""Regular""},{""specification_name"":""Technology"",""specification_value"":""Lightweight""},{""specification_name"":""Toe Shape"",""specification_value"":""Square Toe""},{""specification_name"":""Type"",""specification_value"":""Loafers""},{""specification_name"":""Warranty"",""specification_value"":""NA""}]","{""1_star"":1,""2_stars"":0,""3_stars"":3,""4_stars"":1,""5_stars"":1}","[{""percentage"":""34"",""value_name"":""Fit, Just Right""},{""percentage"":""67"",""value_name"":""Comfort, Comfortable""}]",Unknown,"[{""size"":""6"",""value"":""25.5cm"",""value_name"":""To Fit Foot Length""},{""size"":""7"",""value"":""26.5cm"",""value_name"":""To Fit Foot Length""},{""size"":""8"",""value"":""27.0cm"",""value_name"":""To Fit Foot Length""},{""size"":""9"",""value"":""28.0cm"",""value_name"":""To Fit Foot Length""},{""size"":""10"",""value"":""28.5cm"",""value_name"":""To Fit Foot Length""}]",{},"[{""offer_name"":""10% Instant Discount on Citi Credit & Debit Cards "",""offer_value"":"" Min Spend ₹3,000; Max Discount ₹1,000. ""},{""offer_name"":""EMI option available""}]",casual-shoes,989.01,1,989.01
13638232,FAUSTO,Men Tan Brown Solid Velvet Loafers,2.5,4,1299,1.0,1286.01,INR,"http://assets.myntassets.com/assets/images/productimage/2021/2/10/ae65a4e0-879a-42da-b67a-1185603d55271612957028606-1.jpg,http://assets.myntassets.com/assets/images/productimage/2021/2/10/b96c8266-01fc-4804-b7dc-dd95616b2e131612957028629-2.jpg,http://assets.myntassets.com/assets/images/productimage/2021/2/10/358cf732-dde2-4e47-91b6-3be0cf45bc1a1612957028665-3.jpg,http://assets.myntassets.com/assets/images/productimage/2021/2/10/4f925f99-d5f3-4f78-ad3b-874b991f3f091612957028686-4.jpg,http://assets.myntassets.com/assets/images/productimage/2021/2/10/a3ec071e-22e4-4ca7-9b21-6479f4218f171612957028710-5.jpg","[""100% Original Products"",""Pay on delivery might be available"",""Easy 14 days returns and exchanges"",""Try & Buy might be available""]","{""description"":""A pair of round-toe tan loafers, has regular styling, slip-on detailVelvet upperCushioned footbedTextured and patterned outsole"",""material_and_care"":""Velvet. Wipe with a clean, dry cloth to remove dust"",""size_and_fit"":""FAUSTO Men's Tan Casual Velvet Slip-On Loafers""}","[{""name"":""Footwear"",""url"":""https://www.myntra.com/footwear""},{""name"":""Men"",""url"":""https://www.myntra.com/men-footwear""},{""name"":""Casual Shoes"",""url"":""https://www.myntra.com/casual-shoes""},{""name"":""FAUSTO"",""url"":""https://www.myntra.com/fausto-casual-shoes""},{""name"":""More by FAUSTO"",""url"":""https://www.myntra.com/fausto""}]","[{""specification_name"":""Ankle Height"",""specification_value"":""Regular""},{""specification_name"":""Character"",""specification_value"":""NA""},{""specification_name"":""Fastening"",""specification_value"":""Slip-On""},{""specification_name"":""Insole"",""specification_value"":""Memory Foam""},{""specification_name"":""Material"",""specification_value"":""Velvet""},{""specification_name"":""Micro Trend"",""specification_value"":""Tassel Loafers""},{""specification_name"":""Occasion"",""specification_value"":""Everyday""},{""specification_name"":""Ornamentation"",""specification_value"":""Tassels""},{""specification_name"":""Pattern"",""specification_value"":""Solid""},{""specification_name"":""Shoe Width"",""specification_value"":""Regular""},{""specification_name"":""Sole Material"",""specification_value"":""TPR""},{""specification_name"":""Sustainable"",""specification_value"":""Regular""},{""specification_name"":""Technology"",""specification_value"":""Lightweight""},{""specification_name"":""Toe Shape"",""specification_value"":""Round Toe""},{""specification_name"":""Type"",""specification_value"":""Loafers""},{""specification_name"":""Warranty"",""specification_value"":""NA""}]","{""1_star"":1,""2_stars"":0,""3_stars"":3,""4_stars"":0,""5_stars"":0}",No review,Unknown,"[{""size"":""6"",""value"":""25.5cm"",""value_name"":""To Fit Foot Length""},{""size"":""7"",""value"":""26.5cm"",""value_name"":""To Fit Foot Length""},{""size"":""8"",""value"":""27.0cm"",""value_name"":""To Fit Foot Length""},{""size"":""9"",""value"":""28.0cm"",""value_name"":""To Fit Foot Length""},{""size"":""10"",""value"":""28.5cm"",""value_name"":""To Fit Foot Length""}]",{},"[{""offer_name"":""10% Instant Discount on Citi Credit & Debit Cards "",""offer_value"":"" Min Spend ₹3,000; Max Discount ₹1,000. ""},{""offer_name"":""EMI option available""}]",casual-shoes,1286.01,1,1286.01
18489168,TOMS,Women Red Solid Alpargata Canvas Slip-On Sneakers,4.3,6,4999,0.0,4999.0,INR,"http://assets.myntassets.com/assets/images/18489168/2022/12/3/adaabf6d-6091-4ed5-888a-f534b6e41efc1670011466748TOMSWomenRedSolidAlpargataCanvasSlip-OnSneakers1.jpg,http://assets.myntassets.com/assets/images/18489168/2022/12/3/db449335-77b6-423b-a87a-a2ef99eece331670011466773TOMSWomenRedSolidAlpargataCanvasSlip-OnSneakers2.jpg,http://assets.myntassets.com/assets/images/18489168/2022/12/3/9001bc6a-1e26-4f99-82f7-513de380ba251670011466797TOMSWomenRedSolidAlpargataCanvasSlip-OnSneakers3.jpg,http://assets.myntassets.com/assets/images/18489168/2022/12/3/3c7095b3-8005-49d2-8578-ae8f2c2ad7081670011466818TOMSWomenRedSolidAlpargataCanvasSlip-OnSneakers4.jpg,http://assets.myntassets.com/assets/images/18489168/2022/12/3/c5475912-e59d-4e46-8b1e-3c026dbc1d351670011466841TOMSWomenRedSolidAlpargataCanvasSlip-OnSneakers5.jpg,http://assets.myntassets.com/assets/images/18489168/2022/12/3/94f4fc1a-c965-45fd-a924-45077b8f7f201670011466865TOMSWomenRedSolidAlpargataCanvasSlip-OnSneakers6.jpg","[""100% Original Products"",""Pay on delivery might be available"",""Easy 7 days returns and exchanges"",""Try & Buy might be available""]","{""description"":""A pair of round toe red slip-on sneakers ,has regular styling,Lace-ups detailCanvas upperCushioned footbedTextured and patterned outsoleWarranty: 1 monthFeaturesHeritage Canvas upper made primarily with jute--a preferred eco-fiber that requires less water and fewer chemicalsRecycled cotton lining and sock-liner, made with 50% recycled cotton which helps keep textile waste out of landfills and requires less water and energy than conventional cottonDurable, flexible outsole bound directly to the upper via Direct Injected TPR construction for a seamless fitCustom TOMS comfort insole with 50% Eco content (25% recycled PU foam, 15% recycled rubber, 10% bio oil), which means it has less of an impact on the environmentElastic gore for easy on and offPart of the earthwise collection, products designed with the planet in mind."",""material_and_care"":""Canvas. Wipe clean with a damp cloth or sponge""}","[{""name"":""Footwear"",""url"":""https://www.myntra.com/footwear""},{""name"":""Women"",""url"":""https://www.myntra.com/women-footwear""},{""name"":""Casual Shoes"",""url"":""https://www.myntra.com/casual-shoes""},{""name"":""TOMS"",""url"":""https://www.myntra.com/toms-casual-shoes""},{""name"":""More by TOMS"",""url"":""https://www.myntra.com/toms""}]","[{""specification_name"":""Ankle Height"",""specification_value"":""Regular""},{""specification_name"":""Character"",""specification_value"":""NA""},{""specification_name"":""Contact Brand or Retailer for pre-sales product queries"",""specification_value"":""support@centro.style""},{""specification_name"":""Fastening"",""specification_value"":""Slip-On""},{""specification_name"":""Insole"",""specification_value"":""EVA or Rubber""},{""specification_name"":""Material"",""specification_value"":""Canvas""},{""specification_name"":""Micro Trend"",""specification_value"":""Basics""},{""specification_name"":""Occasion"",""specification_value"":""Smart Casual""},{""specification_name"":""Ornamentation"",""specification_value"":""NA""},{""specification_name"":""Pattern"",""specification_value"":""Solid""},{""specification_name"":""Shoe Width"",""specification_value"":""Narrow""},{""specification_name"":""Sole Material"",""specification_value"":""Rubber""},{""specification_name"":""Sustainable"",""specification_value"":""Regular""},{""specification_name"":""Technology"",""specification_value"":""Moisture Wicking""},{""specification_name"":""Toe Shape"",""specification_value"":""Round Toe""},{""specification_name"":""Type"",""specification_value"":""Slip-On Sneakers""},{""specification_name"":""Warranty"",""specification_value"":""1 month""}]","{""1_star"":0,""2_stars"":1,""3_stars"":0,""4_stars"":1,""5_stars"":4}",No review,V R███il ███ Lt███,"[{""size"":""3"",""value"":""22.0cm"",""value_name"":""To Fit Foot Length""},{""size"":""4"",""value"":""23.0cm"",""value_name"":""To Fit Foot Length""},{""size"":""5"",""value"":""24.0cm"",""value_name"":""To Fit Foot Length""},{""size"":""6"",""value"":""25.0cm"",""value_name"":""To Fit Foot Length""},{""size"":""7"",""value"":""26.0cm"",""value_name"":""To Fit Foot Length""},{""size"":""8"",""value"":""27.0cm"",""value_name"":""To Fit Foot Length""}]","{""applicable_on"":""Orders above Rs. 1499 (only on first purchase)"",""best_price"":""4599"",""coupon_code"":""MYNTRA400"",""coupon_discount"":"" Rs. 400.0 off (check cart for final savings)""}","[{""offer_name"":""10% Instant Discount on IndusInd Bank Debit Cards "",""offer_value"":"" Min Spend ₹2,500; Max Discount ₹1,000. ""},{""offer_name"":""10% Instant Discount on Citi Credit & Debit Cards "",""offer_value"":"" Min Spend ₹3,000; Max Discount ₹1,000. ""},{""offer_name"":""10% Instant Discount on Yes Bank Credit Cards "",""offer_value"":"" Min Spend ₹3,500; Max Discount ₹1,000. ""},{""offer_name"":""Flat ₹100 Cashback on Mobiwkik Wallet/Zip "",""offer_value"":"" Min Spend ₹1,999. ""},{""offer_name"":""7.5% Discount on Myntra Kotak Credit Card."",""offer_value"":"" Max Discount Up to ₹750 on every spends. ""},{""offer_name"":""EMI option available"",""offer_value"":""EMI starting from Rs.234/month""}]",casual-shoes,4999.0,1,4999.0
18997532,Fame Forever by Lifestyle,Kids-Boys Blue Woven Design Velcro Oxfords,0.0,0,999,40.0,599.4,INR,"http://assets.myntassets.com/assets/images/18997532/2022/7/7/ea530aa3-a97f-4977-a35a-7d325f7d49191657194943820FameForeverbyLifestyleBoysBlueWovenDesignOxfords1.jpg,http://assets.myntassets.com/assets/images/18997532/2022/7/7/97e3c00b-cc8c-40bb-ac8d-7a0f840cb32f1657194943781FameForeverbyLifestyleBoysBlueWovenDesignOxfords2.jpg,http://assets.myntassets.com/assets/images/18997532/2022/7/7/a2cb69ec-8c47-44dc-aab1-9e82b2e20da61657194943833FameForeverbyLifestyleBoysBlueWovenDesignOxfords3.jpg,http://assets.myntassets.com/assets/images/18997532/2022/7/7/9a8e21db-f701-48d7-85f8-7c599767bd4f1657194943806FameForeverbyLifestyleBoysBlueWovenDesignOxfords4.jpg,http://assets.myntassets.com/assets/images/18997532/2022/7/7/92d8a3c9-6f3e-4eb0-ab71-b6343173c6bd1657194943794FameForeverbyLifestyleBoysBlueWovenDesignOxfords5.jpg,http://assets.myntassets.com/assets/images/18997532/2022/7/7/9da8820d-9d39-4f1e-ac3c-51c1b6351aaf1657194943768FameForeverbyLifestyleBoysBlueWovenDesignOxfords6.jpg","[""100% Original Products"",""Pay on delivery might be available"",""Easy 14 days returns and exchanges"",""Try & Buy might be available""]","{""description"":""A pair of round toe blue ,has regular styling,  Velcro detail   upper  Cushioned footbed  Textured and patterned outsole "",""material_and_care"":""Material:  Synthetic  Machine Wash""}","[{""name"":""Footwear"",""url"":""https://www.myntra.com/footwear""},{""name"":""Boys"",""url"":""https://www.myntra.com/boys-footwear""},{""name"":""Casual Shoes"",""url"":""https://www.myntra.com/casual-shoes""},{""name"":""Fame Forever by Lifestyle"",""url"":""https://www.myntra.com/fame-forever-by-lifestyle-casual-shoes""},{""name"":""More by Fame Forever by Lifestyle"",""url"":""https://www.myntra.com/fame-forever-by-lifestyle""}]","[{""specification_name"":""Ankle Height"",""specification_value"":""Regular""},{""specification_name"":""Character"",""specification_value"":""NA""},{""specification_name"":""Fastening"",""specification_value"":""Velcro""},{""specification_name"":""Insole"",""specification_value"":""Comfort Insole""},{""specification_name"":""Material"",""specification_value"":""Synthetic""},{""specification_name"":""Micro Trend"",""specification_value"":""Contrast Sole""},{""specification_name"":""Occasion"",""specification_value"":""Everyday""},{""specification_name"":""Ornamentation"",""specification_value"":""Other""},{""specification_name"":""Pattern"",""specification_value"":""Woven Design""},{""specification_name"":""Shoe Width"",""specification_value"":""Regular""},{""specification_name"":""Sole Material"",""specification_value"":""Synthetic""},{""specification_name"":""Sustainable"",""specification_value"":""Regular""},{""specification_name"":""Technology"",""specification_value"":""None""},{""specification_name"":""Toe Shape"",""specification_value"":""Round Toe""},{""specification_name"":""Type"",""specification_value"":""Oxfords""},{""specification_name"":""Warranty"",""specification_value"":""NA""}]","{""1_star"":0,""2_stars"":0,""3_stars"":0,""4_stars"":0,""5_stars"":0}",No review,LAN███RK ███INE█████████T L███,"[{""size"":""2.5-3Y"",""value"":""14.0cm"",""value_name"":""To Fit Foot Length""},{""size"":""3-3.5Y"",""value"":""14.5cm"",""value_name"":""To Fit Foot Length""},{""size"":""3.5-4Y"",""value"":""15.0cm"",""value_name"":""To Fit Foot Length""},{""size"":""4-4.5Y"",""value"":""15.5cm"",""value_name"":""To Fit Foot Length""},{""size"":""4.5-5Y"",""value"":""16.0cm"",""value_name"":""To Fit Foot Length""},{""size"":""5-5.5Y"",""value"":""17.8cm"",""value_name"":""To Fit Foot Length""},{""size"":""5.5-6Y"",""value"":""18.1cm"",""value_name"":""To Fit Foot Length""}]","{""applicable_on"":""Orders above Rs. 649 (only on first purchase)"",""best_price"":""414"",""coupon_code"":""MYNTRA200"",""coupon_discount"":"" Rs. 185.0 off (check cart for final savings)""}","[{""offer_name"":""10% Instant Discount on IndusInd Bank Debit Cards "",""offer_value"":"" Min Spend ₹2,500; Max Discount ₹1,000. ""},{""offer_name"":""10% Instant Discount on Citi Credit & Debit Cards "",""offer_value"":"" Min Spend ₹3,000; Max Discount ₹1,000. ""},{""offer_name"":""10% Instant Discount on Yes Bank Credit Cards "",""offer_value"":"" Min Spend ₹3,500; Max Discount ₹1,000. ""},{""offer_name"":""Flat ₹100 Cashback on Mobiwkik Wallet/Zip "",""offer_value"":"" Min Spend ₹1,999. ""},{""offer_name"":""7.5% Discount on Myntra Kotak Credit Card."",""offer_value"":"" Max Discount Up to ₹750 on every spends. ""},{""offer_name"":""EMI option available"",""offer_value"":""EMI starting from Rs.28/month""}]",casual-shoes,599.4,1,599.4
18091436,HIGHLANDER,PRINTED CANVAS SNEAKERS,3.9,51,2198,50.0,1099.0,INR,"http://assets.myntassets.com/assets/images/18091436/2022/4/29/fe0679a3-ec26-45ba-a50c-56aac8907e4e1651233208109HIGHLANDERMenWhitePrintedSneakers1.jpg,http://assets.myntassets.com/assets/images/18091436/2022/4/29/3c19b327-2056-43d1-b669-1a016b289d201651233208087HIGHLANDERMenWhitePrintedSneakers2.jpg,http://assets.myntassets.com/assets/images/18091436/2022/4/29/939cfcf1-61cb-43b1-911b-a0b6e109a8c31651233208121HIGHLANDERMenWhitePrintedSneakers3.jpg,http://assets.myntassets.com/assets/images/18091436/2022/4/29/33fcd9b8-082f-410a-b066-c4caed7c66f21651233208072HIGHLANDERMenWhitePrintedSneakers4.jpg,http://assets.myntassets.com/assets/images/18091436/2022/4/29/aeb27fc2-25ef-493f-9832-e9a6c04aa68a1651233208080HIGHLANDERMenWhitePrintedSneakers5.jpg,http://assets.myntassets.com/assets/images/18091436/2022/4/29/53f1af0c-a840-417a-bb04-4c8778b35daf1651233208094HIGHLANDERMenWhitePrintedSneakers6.jpg","[""100% Original Products"",""Pay on delivery might be available"",""Easy 14 days returns and exchanges"",""Try & Buy might be available""]","{""description"":""A pair of round toe white sneakers ,has regular styling,Lace-ups detailCanvas upperCushioned foot bedTextured and patterned outsoleWarranty: 15 Days"",""material_and_care"":""Synthetic Wipe with a clean, dry cloth to remove dust""}","[{""name"":""Footwear"",""url"":""https://www.myntra.com/footwear""},{""name"":""Men"",""url"":""https://www.myntra.com/men-footwear""},{""name"":""Casual Shoes"",""url"":""https://www.myntra.com/casual-shoes""},{""name"":""HIGHLANDER"",""url"":""https://www.myntra.com/highlander-casual-shoes""},{""name"":""More by HIGHLANDER"",""url"":""https://www.myntra.com/highlander""}]","[{""specification_name"":""Ankle Height"",""specification_value"":""Regular""},{""specification_name"":""Character"",""specification_value"":""NA""},{""specification_name"":""Fastening"",""specification_value"":""Lace-Ups""},{""specification_name"":""Insole"",""specification_value"":""Comfort Insole""},{""specification_name"":""Material"",""specification_value"":""Canvas""},{""specification_name"":""Micro Trend"",""specification_value"":""Basics""},{""specification_name"":""Number of Items"",""specification_value"":""2""},{""specification_name"":""Occasion"",""specification_value"":""Everyday""},{""specification_name"":""Ornamentation"",""specification_value"":""NA""},{""specification_name"":""Pattern"",""specification_value"":""Printed""},{""specification_name"":""Shoe Width"",""specification_value"":""Narrow""},{""specification_name"":""Sole Material"",""specification_value"":""EVA""},{""specification_name"":""Sustainable"",""specification_value"":""Regular""},{""specification_name"":""Technology"",""specification_value"":""None""},{""specification_name"":""Toe Shape"",""specification_value"":""Round Toe""},{""specification_name"":""Type"",""specification_value"":""Sneakers""},{""specification_name"":""Warranty"",""specification_value"":""NA""}]","{""1_star"":6,""2_stars"":1,""3_stars"":9,""4_stars"":9,""5_stars"":26}","[{""percentage"":""60"",""value_name"":""Fit, Just Right""},{""percentage"":""80"",""value_name"":""Comfort, Comfortable""}]",Fla███tar███mme██████,"[{""size"":""6"",""value"":""25.1cm"",""value_name"":""To Fit Foot Length""},{""size"":""7"",""value"":""25.8cm"",""value_name"":""To Fit Foot Length""},{""size"":""8"",""value"":""26.4cm"",""value_name"":""To Fit Foot Length""},{""size"":""9"",""value"":""27.1cm"",""value_name"":""To Fit Foot Length""},{""size"":""10"",""value"":""27.8cm"",""value_name"":""To Fit Foot Length""},{""size"":""11"",""value"":""28.4cm"",""value_name"":""To Fit Foot Length""}]","{""applicable_on"":""Orders above Rs. 749 (only on first purchase)"",""best_price"":""439"",""coupon_code"":""TOPBRANDOFFER"",""coupon_discount"":"" Rs. 220.0 off (check cart for final savings)""}","[{""offer_name"":""10% Instant Discount on IndusInd Bank Debit Cards "",""offer_value"":"" Min Spend ₹2,500; Max Discount ₹1,000. ""},{""offer_name"":""10% Instant Discount on Citi Credit & Debit Cards "",""offer_value"":"" Min Spend ₹3,000; Max Discount ₹1,000. ""},{""offer_name"":""10% Instant Discount on Yes Bank Credit Cards "",""offer_value"":"" Min Spend ₹3,500; Max Discount ₹1,000. ""},{""offer_name"":""Flat ₹100 Cashback on Mobiwkik Wallet/Zip "",""offer_value"":"" Min Spend ₹1,999. ""},{""offer_name"":""7.5% Discount on Myntra Kotak Credit Card."",""offer_value"":"" Max Discount Up to ₹750 on every spends. ""},{""offer_name"":""EMI option available"",""offer_value"":""EMI starting from Rs.31/month""}]",casual-shoes,1099.0,1,1099.0
17312062,Clarks,Men Blue Nubuck Penny Loafers,4.6,31,6999,50.0,3499.5,INR,"http://assets.myntassets.com/assets/images/17312062/2022/12/20/98773ed7-1f86-47bb-976f-a6d83c8210081671508024197ClarksMenBlueNubuckPennyLoafers1.jpg,http://assets.myntassets.com/assets/images/17312062/2022/12/20/70858580-db65-4bf8-8db3-62e62f3c80691671508024210ClarksMenBlueNubuckPennyLoafers2.jpg,http://assets.myntassets.com/assets/images/17312062/2022/12/20/eb28889b-7770-48ba-8a18-50be2767467b1671508024222ClarksMenBlueNubuckPennyLoafers3.jpg,http://assets.myntassets.com/assets/images/17312062/2022/12/20/f1ba6d1d-38d1-47be-ae2e-8fc08299507f1671508024234ClarksMenBlueNubuckPennyLoafers4.jpg,http://assets.myntassets.com/assets/images/17312062/2022/12/20/d6309bb7-b85c-4748-843f-73ea9286de071671508024244ClarksMenBlueNubuckPennyLoafers5.jpg,http://assets.myntassets.com/assets/images/17312062/2022/12/20/a35a6bfb-c7b4-4ca4-8f61-40152d850b0f1671508024257ClarksMenBlueNubuckPennyLoafers6.jpg","[""100% Original Products"",""Pay on delivery might be available"",""Easy 14 days returns and exchanges"",""Try & Buy might be available""]","{""description"":""A pair of round toe blue slip-on penny loafers ,has regular stylingNubuck upperCushioned footbedTextured and patterned outsole"",""material_and_care"":""Nubuck. Wipe with clean dry cloth to remove dust""}","[{""name"":""Footwear"",""url"":""https://www.myntra.com/footwear""},{""name"":""Men"",""url"":""https://www.myntra.com/men-footwear""},{""name"":""Casual Shoes"",""url"":""https://www.myntra.com/casual-shoes""},{""name"":""Clarks"",""url"":""https://www.myntra.com/clarks-casual-shoes""},{""name"":""More by Clarks"",""url"":""https://www.myntra.com/clarks""}]","[{""specification_name"":""Ankle Height"",""specification_value"":""Regular""},{""specification_name"":""Character"",""specification_value"":""NA""},{""specification_name"":""Fastening"",""specification_value"":""Slip-On""},{""specification_name"":""Insole"",""specification_value"":""Comfort Insole""},{""specification_name"":""Material"",""specification_value"":""Nubuck""},{""specification_name"":""Micro Trend"",""specification_value"":""Penny Loafers""},{""specification_name"":""Occasion"",""specification_value"":""Everyday""},{""specification_name"":""Ornamentation"",""specification_value"":""Other""},{""specification_name"":""Pattern"",""specification_value"":""Solid""},{""specification_name"":""Shoe Width"",""specification_value"":""Wide""},{""specification_name"":""Sole Material"",""specification_value"":""Rubber""},{""specification_name"":""Sustainable"",""specification_value"":""Regular""},{""specification_name"":""Technology"",""specification_value"":""NA""},{""specification_name"":""Toe Shape"",""specification_value"":""Round Toe""},{""specification_name"":""Type"",""specification_value"":""Loafers""},{""specification_name"":""Warranty"",""specification_value"":""NA""}]","{""1_star"":1,""2_stars"":0,""3_stars"":1,""4_stars"":5,""5_stars"":24}","[{""percentage"":""100"",""value_name"":""Fit, Just Right""},{""percentage"":""100"",""value_name"":""Comfort, Comfortable""}]",CLA███ RE███NCE█████████ PV██████,"[{""size"":""6"",""value"":""24.6cm"",""value_name"":""To Fit Foot Length""},{""size"":""6.5"",""value"":""25.0cm"",""value_name"":""To Fit Foot Length""},{""size"":""7"",""value"":""25.4cm"",""value_name"":""To Fit Foot Length""},{""size"":""7.5"",""value"":""25.8cm"",""value_name"":""To Fit Foot Length""},{""size"":""8"",""value"":""26.3cm"",""value_name"":""To Fit Foot Length""},{""size"":""8.5"",""value"":""26.7cm"",""value_name"":""To Fit Foot Length""},{""size"":""9"",""value"":""27.2cm"",""value_name"":""To Fit Foot Length""},{""size"":""9.5"",""value"":""27.6cm"",""value_name"":""To Fit Foot Length""},{""size"":""10"",""value"":""28.0cm"",""value_name"":""To Fit Foot Length""},{""size"":""11"",""value"":""28.9cm"",""value_name"":""To Fit Foot Length""},{""size"":""12"",""value"":""29.8cm"",""value_name"":""To Fit Foot Length""}]","{""applicable_on"":""Orders above Rs. 1499 (only on first purchase)"",""best_price"":""6599"",""coupon_code"":""MYNTRA400"",""coupon_discount"":"" Rs. 400.0 off (check cart for final savings)""}","[{""offer_name"":""10% Instant Discount on IndusInd Bank Debit Cards "",""offer_value"":"" Min Spend ₹2,500; Max Discount ₹1,000. ""},{""offer_name"":""10% Instant Discount on Citi Credit & Debit Cards "",""offer_value"":"" Min Spend ₹3,000; Max Discount ₹1,000. ""},{""offer_name"":""10% Instant Discount on Yes Bank Credit Cards "",""offer_value"":"" Min Spend ₹3,500; Max Discount ₹1,000. ""},{""offer_name"":""Flat ₹100 Cashback on Mobiwkik Wallet/Zip "",""offer_value"":"" Min Spend ₹1,999. ""},{""offer_name"":""7.5% Discount on Myntra Kotak Credit Card."",""offer_value"":"" Max Discount Up to ₹750 on every spends. ""},{""offer_name"":""EMI option available"",""offer_value"":""EMI starting from Rs.327/month""}]",casual-shoes,3499.5,1,3499.5
17314086,EVERLY,Women Beige Textured Wedge Mules,3.7,79,1499,40.0,899.4,INR,"http://assets.myntassets.com/assets/images/17314086/2022/2/26/bfa8bade-277e-492b-bfdb-e661560db0981645870611394EVERLYWomenBeigeLoafers1.jpg,http://assets.myntassets.com/assets/images/17314086/2022/2/26/ec56a329-f993-48f1-ba42-84a70d6ecfcc1645870611418EVERLYWomenBeigeLoafers2.jpg,http://assets.myntassets.com/assets/images/17314086/2022/2/26/cd530661-a1dc-47db-8867-4a3ecfc68c7e1645870611361EVERLYWomenBeigeLoafers3.jpg,http://assets.myntassets.com/assets/images/17314086/2022/2/26/11fa0c86-6300-42c6-a787-e7053aec825b1645870611383EVERLYWomenBeigeLoafers4.jpg,http://assets.myntassets.com/assets/images/17314086/2022/2/26/f009af3a-bec6-44b4-b37e-976f4b69e8ad1645870611406EVERLYWomenBeigeLoafers5.jpg,http://assets.myntassets.com/assets/images/17314086/2022/2/26/1475df3c-d40e-4e28-bdaf-d709976389b91645870611372EVERLYWomenBeigeLoafers6.jpg,http://assets.myntassets.com/assets/images/17314086/2022/2/26/5a9ea670-d6ce-4408-87f6-451bc94d4be91645870611349EVERLYWomenBeigeLoafers7.jpg","[""100% Original Products"",""Pay on delivery might be available"",""Easy 14 days returns and exchanges"",""Try & Buy might be available""]","{""description"":""A pair of round toe beige loafers, has regular stylingSlip-on detailSynthetic leather upperCushioned footbedTextured and patterned outsole"",""material_and_care"":""Synthetic Leather. Wipe with a clean and dry cloth""}","[{""name"":""Footwear"",""url"":""https://www.myntra.com/footwear""},{""name"":""Women"",""url"":""https://www.myntra.com/women-footwear""},{""name"":""Casual Shoes"",""url"":""https://www.myntra.com/casual-shoes""},{""name"":""EVERLY"",""url"":""https://www.myntra.com/everly-casual-shoes""},{""name"":""More by EVERLY"",""url"":""https://www.myntra.com/everly""}]","[{""specification_name"":""Ankle Height"",""specification_value"":""Regular""},{""specification_name"":""Character"",""specification_value"":""NA""},{""specification_name"":""Fastening"",""specification_value"":""Slip-On""},{""specification_name"":""Insole"",""specification_value"":""EVA or Rubber""},{""specification_name"":""Material"",""specification_value"":""Synthetic Leather""},{""specification_name"":""Micro Trend"",""specification_value"":""Basics""},{""specification_name"":""Occasion"",""specification_value"":""Smart Casual""},{""specification_name"":""Ornamentation"",""specification_value"":""Laser Cuts""},{""specification_name"":""Pattern"",""specification_value"":""Perforations""},{""specification_name"":""Shoe Width"",""specification_value"":""Wide""},{""specification_name"":""Sole Material"",""specification_value"":""Rubber""},{""specification_name"":""Sustainable"",""specification_value"":""Regular""},{""specification_name"":""Technology"",""specification_value"":""None""},{""specification_name"":""Toe Shape"",""specification_value"":""Round Toe""},{""specification_name"":""Type"",""specification_value"":""Mules""},{""specification_name"":""Warranty"",""specification_value"":""NA""}]","{""1_star"":13,""2_stars"":5,""3_stars"":12,""4_stars"":14,""5_stars"":35}",No review,M K███OTW███,"[{""size"":""3"",""value"":""22.7cm"",""value_name"":""To Fit Foot Length""},{""size"":""4"",""value"":""23.3cm"",""value_name"":""To Fit Foot Length""},{""size"":""5"",""value"":""24.0cm"",""value_name"":""To Fit Foot Length""},{""size"":""6"",""value"":""24.7cm"",""value_name"":""To Fit Foot Length""},{""size"":""7"",""value"":""25.3cm"",""value_name"":""To Fit Foot Length""},{""size"":""8"",""value"":""26.0cm"",""value_name"":""To Fit Foot Length""}]","{""applicable_on"":""Orders above Rs. 999 (only on first purchase)"",""best_price"":""629"",""coupon_code"":""MYNTRA300"",""coupon_discount"":"" Rs. 270.0 off (check cart for final savings)""}","[{""offer_name"":""10% Instant Discount on IndusInd Bank Debit Cards "",""offer_value"":"" Min Spend ₹2,500; Max Discount ₹1,000. ""},{""offer_name"":""10% Instant Discount on Citi Credit & Debit Cards "",""offer_value"":"" Min Spend ₹3,000; Max Discount ₹1,000. ""},{""offer_name"":""10% Instant Discount on Yes Bank Credit Cards "",""offer_value"":"" Min Spend ₹3,500; Max Discount ₹1,000. ""},{""offer_name"":""Flat ₹100 Cashback on Mobiwkik Wallet/Zip "",""offer_value"":"" Min Spend ₹1,999. ""},{""offer_name"":""7.5% Discount on Myntra Kotak Credit Card."",""offer_value"":"" Max Discount Up to ₹750 on every spends. ""},{""offer_name"":""EMI option available"",""offer_value"":""EMI starting from Rs.42/month""}]",casual-shoes,899.4,1,899.4
17312144,Clarks,Men Black Perforations Nubuck Derbys,3.7,3,10999,35.0,7149.35,INR,"http://assets.myntassets.com/assets/images/17312144/2023/2/16/5832cfda-2667-4884-bbe4-088b750f75631676539977641-Clarks-Men-Black-Perforations-Nubuck-Derbys-451676539977359-2.jpg,http://assets.myntassets.com/assets/images/17312144/2023/2/16/853b8da8-0011-4ed1-b7f7-eb9071be13a91676539977629-Clarks-Men-Black-Perforations-Nubuck-Derbys-451676539977359-3.jpg,http://assets.myntassets.com/assets/images/17312144/2023/2/16/ddefc5dd-b29f-4cca-91c3-b65f1dcd052b1676539977653-Clarks-Men-Black-Perforations-Nubuck-Derbys-451676539977359-1.jpg,http://assets.myntassets.com/assets/images/17312144/2023/2/16/6a633a45-52fa-4f39-a6f2-bd933fb0bb141676539977615-Clarks-Men-Black-Perforations-Nubuck-Derbys-451676539977359-4.jpg,http://assets.myntassets.com/assets/images/17312144/2023/2/16/610785c6-5546-4e70-af56-5e5d99ebfdce1676539977597-Clarks-Men-Black-Perforations-Nubuck-Derbys-451676539977359-5.jpg,http://assets.myntassets.com/assets/images/17312144/2023/2/16/a9293f63-35fa-4db2-b37d-bbfc7ebb5dd61676539977583-Clarks-Men-Black-Perforations-Nubuck-Derbys-451676539977359-6.jpg","[""100% Original Products"",""Pay on delivery might be available"",""Easy 14 days returns and exchanges"",""Try & Buy might be available""]","{""description"":""A pair of square toe black derbys ,has regular styling,  Lace-ups detail  Nubuck  upper  Cushioned footbed  Textured and patterned outsole "",""material_and_care"":""Nubuck""}","[{""name"":""Footwear"",""url"":""https://www.myntra.com/footwear""},{""name"":""Men"",""url"":""https://www.myntra.com/men-footwear""},{""name"":""Casual Shoes"",""url"":""https://www.myntra.com/casual-shoes""},{""name"":""Clarks"",""url"":""https://www.myntra.com/clarks-casual-shoes""},{""name"":""More by Clarks"",""url"":""https://www.myntra.com/clarks""}]","[{""specification_name"":""Ankle Height"",""specification_value"":""Regular""},{""specification_name"":""Character"",""specification_value"":""NA""},{""specification_name"":""Fastening"",""specification_value"":""Lace-Ups""},{""specification_name"":""Insole"",""specification_value"":""Comfort Insole""},{""specification_name"":""Material"",""specification_value"":""Nubuck""},{""specification_name"":""Micro Trend"",""specification_value"":""Cleated Sole""},{""specification_name"":""Occasion"",""specification_value"":""Everyday""},{""specification_name"":""Ornamentation"",""specification_value"":""Laser Cuts""},{""specification_name"":""Pattern"",""specification_value"":""Perforations""},{""specification_name"":""Shoe Width"",""specification_value"":""Wide""},{""specification_name"":""Sole Material"",""specification_value"":""Rubber""},{""specification_name"":""Sustainable"",""specification_value"":""Regular""},{""specification_name"":""Technology"",""specification_value"":""NA""},{""specification_name"":""Toe Shape"",""specification_value"":""Square Toe""},{""specification_name"":""Type"",""specification_value"":""Derbys""},{""specification_name"":""Warranty"",""specification_value"":""NA""}]","{""1_star"":1,""2_stars"":0,""3_stars"":0,""4_stars"":0,""5_stars"":2}",No review,Vis███ St███,"[{""size"":""6"",""value"":""24.6cm"",""value_name"":""To Fit Foot Length""},{""size"":""7"",""value"":""25.4cm"",""value_name"":""To Fit Foot Length""},{""size"":""8"",""value"":""26.3cm"",""value_name"":""To Fit Foot Length""},{""size"":""9"",""value"":""27.2cm"",""value_name"":""To Fit Foot Length""},{""size"":""10"",""value"":""28.0cm"",""value_name"":""To Fit Foot Length""},{""size"":""11"",""value"":""28.9cm"",""value_name"":""To Fit Foot Length""}]","{""applicable_on"":""Orders above Rs. 1499 (only on first purchase)"",""best_price"":""6749"",""coupon_code"":""MYNTRA400"",""coupon_discount"":"" Rs. 400.0 off (check cart for final savings)""}","[{""offer_name"":""10% Instant Discount on IndusInd Bank Debit Cards "",""offer_value"":"" Min Spend ₹2,500; Max Discount ₹1,000. ""},{""offer_name"":""10% Instant Discount on Citi Credit & Debit Cards "",""offer_value"":"" Min Spend ₹3,000; Max Discount ₹1,000. ""},{""offer_name"":""10% Instant Discount on Yes Bank Credit Cards "",""offer_value"":"" Min Spend ₹3,500; Max Discount ₹1,000. ""},{""offer_name"":""Flat ₹100 Cashback on Mobiwkik Wallet/Zip "",""offer_value"":"" Min Spend ₹1,999. ""},{""offer_name"":""7.5% Discount on Myntra Kotak Credit Card."",""offer_value"":"" Max Discount Up to ₹750 on every spends. ""},{""offer_name"":""EMI option available"",""offer_value"":""EMI starting from Rs.334/month""}]",casual-shoes,7149.35,1,7149.35
17350218,Delize,Men Black Leather High-Top Flat Boots,0.0,0,13999,68.0,4479.68,INR,"http://assets.myntassets.com/assets/images/17350218/2022/3/2/286c9fb4-aa2d-4580-bf03-2e8093d28f9e1646203303414DelizeMenBlackLeatherHigh-TopFlatBoots1.jpg,http://assets.myntassets.com/assets/images/17350218/2022/3/2/ff9ee345-2f94-4108-b53d-a84d6289f8bb1646203303382DelizeMenBlackLeatherHigh-TopFlatBoots2.jpg,http://assets.myntassets.com/assets/images/17350218/2022/3/2/6d0d4ed9-2080-4b3d-998c-5b0bd92f490e1646203303393DelizeMenBlackLeatherHigh-TopFlatBoots3.jpg,http://assets.myntassets.com/assets/images/17350218/2022/3/2/815ef552-0009-499f-8aa5-a268400f92971646203303371DelizeMenBlackLeatherHigh-TopFlatBoots4.jpg,http://assets.myntassets.com/assets/images/17350218/2022/3/2/6e963537-5f46-4b0c-a394-ce69451a11801646203303436DelizeMenBlackLeatherHigh-TopFlatBoots5.jpg,http://assets.myntassets.com/assets/images/17350218/2022/3/2/3b9ffae5-038e-4430-ac70-12d9366d0ded1646203303424DelizeMenBlackLeatherHigh-TopFlatBoots6.jpg,http://assets.myntassets.com/assets/images/17350218/2022/3/2/d4e1214b-adb6-4e2a-974b-5a1210b696421646203303403DelizeMenBlackLeatherHigh-TopFlatBoots7.jpg","[""100% Original Products"",""Pay on delivery might be available"",""Easy 14 days returns and exchanges"",""Try & Buy might be available""]","{""description"":""A pair of pointed toe black flat boots ,has high-top styling,  Zip detail  Leather  upper  Cushioned footbed  Textured and patterned outsole  Warranty: 1 month "",""material_and_care"":""Upper material: Leather .  Use a branded leather conditioner to clean the product/wipe with a clean, dry cloth to remove the dust""}","[{""name"":""Footwear"",""url"":""https://www.myntra.com/footwear""},{""name"":""Men"",""url"":""https://www.myntra.com/men-footwear""},{""name"":""Casual Shoes"",""url"":""https://www.myntra.com/casual-shoes""},{""name"":""Delize"",""url"":""https://www.myntra.com/delize-casual-shoes""},{""name"":""More by Delize"",""url"":""https://www.myntra.com/delize""}]","[{""specification_name"":""Ankle Height"",""specification_value"":""High-Top""},{""specification_name"":""Character"",""specification_value"":""NA""},{""specification_name"":""Contact Brand or Retailer for pre-sales product queries"",""specification_value"":""Dazzle Exports, C-12, Site-B, Industrial Area Sikandra, Agra-282007 9634208975""},{""specification_name"":""Fastening"",""specification_value"":""Zip""},{""specification_name"":""Insole"",""specification_value"":""Memory Foam""},{""specification_name"":""Material"",""specification_value"":""Leather""},{""specification_name"":""Micro Trend"",""specification_value"":""Basics""},{""specification_name"":""Occasion"",""specification_value"":""Smart Casual""},{""specification_name"":""Ornamentation"",""specification_value"":""Buckles""},{""specification_name"":""Pattern"",""specification_value"":""Solid""},{""specification_name"":""Shoe Width"",""specification_value"":""Regular""},{""specification_name"":""Sole Material"",""specification_value"":""TPR""},{""specification_name"":""Sustainable"",""specification_value"":""Regular""},{""specification_name"":""Technology"",""specification_value"":""None""},{""specification_name"":""Toe Shape"",""specification_value"":""Pointed Toe""},{""specification_name"":""Warranty"",""specification_value"":""1 month""}]","{""1_star"":0,""2_stars"":0,""3_stars"":0,""4_stars"":0,""5_stars"":0}",No review,Daz███ Ex███ts,"[{""size"":""6"",""value"":""26.7cm"",""value_name"":""To Fit Foot Length""},{""size"":""7"",""value"":""27.2cm"",""value_name"":""To Fit Foot Length""},{""size"":""8"",""value"":""27.9cm"",""value_name"":""To Fit Foot Length""},{""size"":""9"",""value"":""28.4cm"",""value_name"":""To Fit Foot Length""},{""size"":""10"",""value"":""29.2cm"",""value_name"":""To Fit Foot Length""},{""size"":""11"",""value"":""29.7cm"",""value_name"":""To Fit Foot Length""}]","{""applicable_on"":""Purchase of 3 or more items"",""best_price"":""3807"",""coupon_code"":""NEWSAVINGS"",""coupon_discount"":"" 15.0%  off (check cart for final savings)""}","[{""offer_name"":""10% Instant Discount on IndusInd Bank Debit Cards "",""offer_value"":"" Min Spend ₹2,500; Max Discount ₹1,000. ""},{""offer_name"":""10% Instant Discount on Citi Credit & Debit Cards "",""offer_value"":"" Min Spend ₹3,000; Max Discount ₹1,000. ""},{""offer_name"":""10% Instant Discount on Yes Bank Credit Cards "",""offer_value"":"" Min Spend ₹3,500; Max Discount ₹1,000. ""},{""offer_name"":""Flat ₹100 Cashback on Mobiwkik Wallet/Zip "",""offer_value"":"" Min Spend ₹1,999. ""},{""offer_name"":""7.5% Discount on Myntra Kotak Credit Card."",""offer_value"":"" Max Discount Up to ₹750 on every spends. ""},{""offer_name"":""EMI option available"",""offer_value"":""EMI starting from Rs.210/month""}]",casual-shoes,4479.68,1,4479.68
17361518,Buckaroo,Men Tan Brown Solid Leather Flat Boots,0.0,0,4999,25.0,3749.25,INR,"http://assets.myntassets.com/assets/images/17361518/2023/8/3/b291e985-4788-4c39-8bf8-c9ba70100c571691061198767-Buckaroo-Men-Tan-Brown-Solid-Leather-Flat-Boots-633169106119-1.jpg,http://assets.myntassets.com/assets/images/17361518/2023/8/3/78ccb2a5-8ea3-4893-9134-90ddb5673f041691061198738-Buckaroo-Men-Tan-Brown-Solid-Leather-Flat-Boots-633169106119-2.jpg,http://assets.myntassets.com/assets/images/17361518/2023/8/3/c1e5591b-4226-4d36-948b-ce179c6148cf1691061198725-Buckaroo-Men-Tan-Brown-Solid-Leather-Flat-Boots-633169106119-3.jpg,http://assets.myntassets.com/assets/images/17361518/2023/8/3/8741e1da-5fef-4cbd-9c34-9a9a8595c9c91691061198710-Buckaroo-Men-Tan-Brown-Solid-Leather-Flat-Boots-633169106119-4.jpg,http://assets.myntassets.com/assets/images/17361518/2023/8/3/c6de422f-3a1d-4a99-acfe-07715acea6d01691061198696-Buckaroo-Men-Tan-Brown-Solid-Leather-Flat-Boots-633169106119-5.jpg,http://assets.myntassets.com/assets/images/17361518/2023/8/3/b32fd174-f5ad-4a80-932b-84b3ac42773d1691061198680-Buckaroo-Men-Tan-Brown-Solid-Leather-Flat-Boots-633169106119-6.jpg,http://assets.myntassets.com/assets/images/17361518/2023/8/3/9976c7f9-183f-4d3b-bd0c-eb3270dd26941691061198665-Buckaroo-Men-Tan-Brown-Solid-Leather-Flat-Boots-633169106119-7.jpg","[""100% Original Products"",""Pay on delivery might be available"",""Easy 14 days returns and exchanges"",""Try & Buy might be available""]","{""description"":""A pair of round toe tan brown flat boots ,has regular styling,Lace-ups detailGenuine leather upperCushioned footbedTextured and patterned outsoleWarranty: 3 months"",""material_and_care"":""Genuine leather. Use branded leather conditioner for cleaning purpose. Wipe with a clean, dry cloth to remove the dust. Use a soft bristled brush to sweep off preliminary dirt from the leather shoe. Clean the outside with wet cloth to enrich it's stylish casual look.""}","[{""name"":""Footwear"",""url"":""https://www.myntra.com/footwear""},{""name"":""Men"",""url"":""https://www.myntra.com/men-footwear""},{""name"":""Casual Shoes"",""url"":""https://www.myntra.com/casual-shoes""},{""name"":""Buckaroo"",""url"":""https://www.myntra.com/buckaroo-casual-shoes""},{""name"":""More by Buckaroo"",""url"":""https://www.myntra.com/buckaroo""}]","[{""specification_name"":""Ankle Height"",""specification_value"":""Regular""},{""specification_name"":""Character"",""specification_value"":""NA""},{""specification_name"":""Fastening"",""specification_value"":""Lace-Ups""},{""specification_name"":""Insole"",""specification_value"":""Comfort Insole""},{""specification_name"":""Material"",""specification_value"":""Leather""},{""specification_name"":""Micro Trend"",""specification_value"":""Contrast Sole""},{""specification_name"":""Occasion"",""specification_value"":""Smart Casual""},{""specification_name"":""Ornamentation"",""specification_value"":""Laser Cuts""},{""specification_name"":""Pattern"",""specification_value"":""Solid""},{""specification_name"":""Shoe Width"",""specification_value"":""Regular""},{""specification_name"":""Sole Material"",""specification_value"":""Rubber""},{""specification_name"":""Sustainable"",""specification_value"":""Regular""},{""specification_name"":""Technology"",""specification_value"":""Lightweight""},{""specification_name"":""Toe Shape"",""specification_value"":""Round Toe""},{""specification_name"":""Type"",""specification_value"":""Trekking Shoes""},{""specification_name"":""Warranty"",""specification_value"":""3 months""}]","{""1_star"":0,""2_stars"":0,""3_stars"":0,""4_stars"":0,""5_stars"":0}","[{""percentage"":""100"",""value_name"":""Fit, Just Right""},{""percentage"":""100"",""value_name"":""Comfort, Very Comfortable""}]",Nag███ Li███tyl███,"[{""size"":""5"",""value"":""24.5cm"",""value_name"":""To Fit Foot Length""},{""size"":""5"",""value"":""11.0cm"",""value_name"":""To Fit Foot Width""},{""size"":""6"",""value"":""25.0cm"",""value_name"":""To Fit Foot Length""},{""size"":""6"",""value"":""11.0cm"",""value_name"":""To Fit Foot Width""},{""size"":""7"",""value"":""25.5cm"",""value_name"":""To Fit Foot Length""},{""size"":""7"",""value"":""11.0cm"",""value_name"":""To Fit Foot Width""},{""size"":""8"",""value"":""26.0cm"",""value_name"":""To Fit Foot Length""},{""size"":""8"",""value"":""11.0cm"",""value_name"":""To Fit Foot Width""},{""size"":""9"",""value"":""26.5cm"",""value_name"":""To Fit Foot Length""},{""size"":""9"",""value"":""11.0cm"",""value_name"":""To Fit Foot Width""},{""size"":""10"",""value"":""27.0cm"",""value_name"":""To Fit Foot Length""},{""size"":""10"",""value"":""11.0cm"",""value_name"":""To Fit Foot Width""},{""size"":""11"",""value"":""27.5cm"",""value_name"":""To Fit Foot Length""},{""size"":""11"",""value"":""11.0cm"",""value_name"":""To Fit Foot Width""},{""size"":""12"",""value"":""28.0cm"",""value_name"":""To Fit Foot Length""},{""size"":""12"",""value"":""11.0cm"",""value_name"":""To Fit Foot Width""}]","{""applicable_on"":""Orders above Rs. 1499 (only on first purchase)"",""best_price"":""3349"",""coupon_code"":""MYNTRA400"",""coupon_discount"":"" Rs. 400.0 off (check cart for final savings)""}","[{""offer_name"":""10% Instant Discount on IndusInd Bank Debit Cards "",""offer_value"":"" Min Spend ₹2,500; Max Discount ₹1,000. ""},{""offer_name"":""10% Instant Discount on Citi Credit & Debit Cards "",""offer_value"":"" Min Spend ₹3,000; Max Discount ₹1,000. ""},{""offer_name"":""10% Instant Discount on Yes Bank Credit Cards "",""offer_value"":"" Min Spend ₹3,500; Max Discount ₹1,000. ""},{""offer_name"":""Flat ₹100 Cashback on Mobiwkik Wallet/Zip "",""offer_value"":"" Min Spend ₹1,999. ""},{""offer_name"":""7.5% Discount on Myntra Kotak Credit Card."",""offer_value"":"" Max Discount Up to ₹750 on every spends. ""},{""offer_name"":""EMI option available"",""offer_value"":""EMI starting from Rs.175/month""}]",casual-shoes,3749.25,1,3749.25
16284648,Crew STREET,Women Sea Green Woven Design Slip-On Sneakers,4.1,41,3099,55.0,1394.55,INR,"http://assets.myntassets.com/assets/images/16284648/2022/2/21/b558f6ad-78d0-4be4-9033-254d3a62bfb51645418724684-Crew-STREET-Women-Casual-Shoes-3061645418724338-1.jpg,http://assets.myntassets.com/assets/images/16284648/2022/2/21/802f1bf1-3fe3-4f29-95c3-b0f6ee7006241645418724677-Crew-STREET-Women-Casual-Shoes-3061645418724338-2.jpg,http://assets.myntassets.com/assets/images/16284648/2022/2/21/96e481aa-53e9-4bed-9d74-b8e4d706dc061645418724669-Crew-STREET-Women-Casual-Shoes-3061645418724338-3.jpg,http://assets.myntassets.com/assets/images/16284648/2022/2/21/36218252-5e6e-423f-9b2c-617f4309750b1645418724661-Crew-STREET-Women-Casual-Shoes-3061645418724338-4.jpg,http://assets.myntassets.com/assets/images/16284648/2022/2/21/37c4b586-863c-4a43-a92d-ea3bb799f0d41645418724652-Crew-STREET-Women-Casual-Shoes-3061645418724338-5.jpg","[""100% Original Products"",""Pay on delivery might be available"",""Easy 14 days returns and exchanges"",""Try & Buy might be available""]","{""description"":""A pair of round toe sea green woven design slip-on sneakers ,has regular styling,Slip-on detailTextile upperCushioned footbedTextured and patterned outsole"",""material_and_care"":""Textile. Wipe with a clean, dry cloth to remove the dust""}","[{""name"":""Footwear"",""url"":""https://www.myntra.com/footwear""},{""name"":""Women"",""url"":""https://www.myntra.com/women-footwear""},{""name"":""Casual Shoes"",""url"":""https://www.myntra.com/casual-shoes""},{""name"":""Crew STREET"",""url"":""https://www.myntra.com/crew-street-casual-shoes""},{""name"":""More by Crew STREET"",""url"":""https://www.myntra.com/crew-street""}]","[{""specification_name"":""Ankle Height"",""specification_value"":""Regular""},{""specification_name"":""Character"",""specification_value"":""NA""},{""specification_name"":""Fastening"",""specification_value"":""Slip-On""},{""specification_name"":""Insole"",""specification_value"":""Comfort Insole""},{""specification_name"":""Material"",""specification_value"":""Textile""},{""specification_name"":""Micro Trend"",""specification_value"":""Contrast Sole""},{""specification_name"":""Occasion"",""specification_value"":""Everyday""},{""specification_name"":""Ornamentation"",""specification_value"":""NA""},{""specification_name"":""Pattern"",""specification_value"":""Woven Design""},{""specification_name"":""Shoe Width"",""specification_value"":""Regular""},{""specification_name"":""Sole Material"",""specification_value"":""EVA""},{""specification_name"":""Sustainable"",""specification_value"":""Regular""},{""specification_name"":""Technology"",""specification_value"":""NA""},{""specification_name"":""Toe Shape"",""specification_value"":""Round Toe""},{""specification_name"":""Type"",""specification_value"":""Slip-On Sneakers""},{""specification_name"":""Warranty"",""specification_value"":""NA""}]","{""1_star"":3,""2_stars"":2,""3_stars"":2,""4_stars"":13,""5_stars"":21}",No review,Sup███om ███,"[{""size"":""4"",""value"":""23.5cm"",""value_name"":""To Fit Foot Length""},{""size"":""5"",""value"":""24.2cm"",""value_name"":""To Fit Foot Length""},{""size"":""6"",""value"":""24.8cm"",""value_name"":""To Fit Foot Length""},{""size"":""7"",""value"":""25.4cm"",""value_name"":""To Fit Foot Length""},{""size"":""8"",""value"":""26.2cm"",""value_name"":""To Fit Foot Length""}]","{""applicable_on"":""Orders above Rs. 1499 (only on first purchase)"",""best_price"":""1022"",""coupon_code"":""MYNTRA400"",""coupon_discount"":"" Rs. 372.0 off (check cart for final savings)""}","[{""offer_name"":""10% Instant Discount on IndusInd Bank Debit Cards "",""offer_value"":"" Min Spend ₹2,500; Max Discount ₹1,000. ""},{""offer_name"":""10% Instant Discount on Citi Credit & Debit Cards "",""offer_value"":"" Min Spend ₹3,000; Max Discount ₹1,000. ""},{""offer_name"":""10% Instant Discount on Yes Bank Credit Cards "",""offer_value"":"" Min Spend ₹3,500; Max Discount ₹1,000. ""},{""offer_name"":""Flat ₹100 Cashback on Mobiwkik Wallet/Zip "",""offer_value"":"" Min Spend ₹1,999. ""},{""offer_name"":""7.5% Discount on Myntra Kotak Credit Card."",""offer_value"":"" Max Discount Up to ₹750 on every spends. ""},{""offer_name"":""EMI option available"",""offer_value"":""EMI starting from Rs.66/month""}]",casual-shoes,1394.55,1,1394.55
19103830,PUMA Motorsport,Unisex Black Perforations BMW MMS Neo Cat Regular Sneakers,4.5,157,6999,55.0,3149.55,INR,"http://assets.myntassets.com/assets/images/19103830/2022/9/26/f07428e7-6418-4a09-887a-c5927ef1a0341664187332353-BMW-MMS-Neo-Cat-Unisex-Sneakers-1201664187332030-1.jpg,http://assets.myntassets.com/assets/images/19103830/2022/9/26/7d35a91a-868e-42c3-8a19-3d5b7fe4cb8b1664187332345-BMW-MMS-Neo-Cat-Unisex-Sneakers-1201664187332030-2.jpg,http://assets.myntassets.com/assets/images/19103830/2022/9/26/d358ea52-dbad-40d9-80a8-4663732cfb961664187332338-BMW-MMS-Neo-Cat-Unisex-Sneakers-1201664187332030-3.jpg,http://assets.myntassets.com/assets/images/19103830/2022/9/26/97cdf4ca-826d-4800-be8b-0cd275f866971664187332328-BMW-MMS-Neo-Cat-Unisex-Sneakers-1201664187332030-4.jpg,http://assets.myntassets.com/assets/images/19103830/2022/9/26/820c2eef-fc28-4ec0-a687-a80bc14030781664187332317-BMW-MMS-Neo-Cat-Unisex-Sneakers-1201664187332030-5.jpg","[""100% Original Products"",""Pay on delivery might be available"",""Easy 14 days returns and exchanges"",""Try & Buy might be available""]","{""description"":""Special Technology:SOFTFOAM+: Step-in comfort sockliner designed to provide soft cushioning thanks to its extra thick heelProduct Design Details:A pair of round toe black and white perforations sneakers, has regular stylingLace-ups detailSynthetic upperCushioned footbedTextured and patterned rubber outsolePUMA Cat Logo at lateral toe and heelPUMA Formstrip at medial and lateral sidesBMW Propeller Logo at lateral heelWarranty: 3 monthsWarranty to be provided by the brand/manufacturerAbout The Product:Since 1972, BMW M Motorsport has created outstanding automobiles with deafening engines, squealing tires, and lighting speeds, and these Neo Cat motorsport shoes that rock a track-inspired silhouette, smooth, perforated upper, and the infamous colours and emblems of BMW M Motorsport."",""material_and_care"":""Upper material: Synthetic. Sole material: Rubber. Wipe with a clean, dry cloth to remove the dust""}","[{""name"":""Footwear"",""url"":""https://www.myntra.com/footwear""},{""name"":""Unisex"",""url"":""https://www.myntra.com/unisex-footwear""},{""name"":""Casual Shoes"",""url"":""https://www.myntra.com/casual-shoes""},{""name"":""PUMA Motorsport"",""url"":""https://www.myntra.com/puma-motorsport-casual-shoes""},{""name"":""More by PUMA Motorsport"",""url"":""https://www.myntra.com/puma-motorsport""}]","[{""specification_name"":""Ankle Height"",""specification_value"":""Regular""},{""specification_name"":""Character"",""specification_value"":""NA""},{""specification_name"":""Fastening"",""specification_value"":""Lace-Ups""},{""specification_name"":""Insole"",""specification_value"":""Comfort Insole""},{""specification_name"":""Material"",""specification_value"":""Synthetic""},{""specification_name"":""Micro Trend"",""specification_value"":""Basics""},{""specification_name"":""Occasion"",""specification_value"":""Everyday""},{""specification_name"":""Ornamentation"",""specification_value"":""NA""},{""specification_name"":""Pattern"",""specification_value"":""Perforations""},{""specification_name"":""Shoe Width"",""specification_value"":""Regular""},{""specification_name"":""Sole Material"",""specification_value"":""Rubber""},{""specification_name"":""Sustainable"",""specification_value"":""Regular""},{""specification_name"":""Technology"",""specification_value"":""NA""},{""specification_name"":""Toe Shape"",""specification_value"":""Round Toe""},{""specification_name"":""Type"",""specification_value"":""Sneakers""},{""specification_name"":""Warranty"",""specification_value"":""3 months""}]","{""1_star"":11,""2_stars"":3,""3_stars"":5,""4_stars"":21,""5_stars"":117}",No review,Sup███om ███,"[{""size"":""3"",""value"":""21.8cm"",""value_name"":""To Fit Foot Length""},{""size"":""4"",""value"":""22.8cm"",""value_name"":""To Fit Foot Length""},{""size"":""5"",""value"":""23.7cm"",""value_name"":""To Fit Foot Length""},{""size"":""6"",""value"":""24.5cm"",""value_name"":""To Fit Foot Length""},{""size"":""7"",""value"":""25.4cm"",""value_name"":""To Fit Foot Length""},{""size"":""8"",""value"":""26.2cm"",""value_name"":""To Fit Foot Length""},{""size"":""9"",""value"":""27.1cm"",""value_name"":""To Fit Foot Length""},{""size"":""10"",""value"":""27.9cm"",""value_name"":""To Fit Foot Length""},{""size"":""11"",""value"":""28.8cm"",""value_name"":""To Fit Foot Length""},{""size"":""12"",""value"":""29.6cm"",""value_name"":""To Fit Foot Length""}]","{""applicable_on"":""Purchase of 3 or more items"",""best_price"":""3569"",""coupon_code"":""NEWSAVINGS"",""coupon_discount"":"" 15.0%  off (check cart for final savings)""}","[{""offer_name"":""10% Instant Discount on IndusInd Bank Debit Cards "",""offer_value"":"" Min Spend ₹2,500; Max Discount ₹1,000. ""},{""offer_name"":""10% Instant Discount on Citi Credit & Debit Cards "",""offer_value"":"" Min Spend ₹3,000; Max Discount ₹1,000. ""},{""offer_name"":""10% Instant Discount on Yes Bank Credit Cards "",""offer_value"":"" Min Spend ₹3,500; Max Discount ₹1,000. ""},{""offer_name"":""Flat ₹100 Cashback on Mobiwkik Wallet/Zip "",""offer_value"":"" Min Spend ₹1,999. ""},{""offer_name"":""7.5% Discount on Myntra Kotak Credit Card."",""offer_value"":"" Max Discount Up to ₹750 on every spends. ""},{""offer_name"":""EMI option available"",""offer_value"":""EMI starting from Rs.196/month""}]",casual-shoes,3149.55,1,3149.55
21937664,Cortina,Black & Beige 4 Pcs Ethnic Motif Printed Super Stretchable Chair Cover,4.7,15,2598,64.0,935.28,INR,"http://assets.myntassets.com/assets/images/21937664/2023/2/11/20fa996a-d8fb-4745-aa12-ea4e017138f91676107619810Cortina4PcsBlackBeigeEthnicMotifPrintedChairCovers1.jpg,http://assets.myntassets.com/assets/images/21937664/2023/2/11/4dd631ee-790b-4bdb-bd31-803d379f6f6d1676107619762Cortina4PcsBlackBeigeEthnicMotifPrintedChairCovers2.jpg,http://assets.myntassets.com/assets/images/21937664/2023/2/11/bc92546f-fbde-4751-83d9-fc29eb7884051676107619788Cortina4PcsBlackBeigeEthnicMotifPrintedChairCovers3.jpg,http://assets.myntassets.com/assets/images/21937664/2023/2/11/5b29fef4-77ee-4bd9-a9b5-3d372ca40f271676107619775Cortina4PcsBlackBeigeEthnicMotifPrintedChairCovers4.jpg,http://assets.myntassets.com/assets/images/21937664/2023/2/11/3bc9877d-1370-4154-ba41-9ecc9d167f9b1676107619800Cortina4PcsBlackBeigeEthnicMotifPrintedChairCovers5.jpg","[""100% Original Products"",""Pay on delivery might be available"",""Easy 14 days returns and exchanges""]","{""description"":""Set Content: 4 pcs Chair coversColour: Black and beigePattern: Ethnic Motif PrintedCover material: PolyesterFeatures:This super stretchable Polyster fabric makes the sofa slipcover more compliant with your dining chairAll-inclusive design is designed to protect your dining chair in all directions. Avoid the costly investment of new furnitureSoft and comfortable fabric protect your dining chair from daily wear and stainsTo get better fitting effect and staying in place, we provide enough anti-slip foams for fixing,"",""material_and_care"":""Polyester. Hand Wash"",""size_and_fit"":""Seat Depth: 40 cm - 50 cm. Seat Width: 40 cm - 50 cm. Back Height: 45 cm - 65 cm Each""}","[{""name"":""Unisex"",""url"":""https://www.myntra.com/unisex-home""},{""name"":""Chair Cover"",""url"":""https://www.myntra.com/chair-cover""},{""name"":""Cortina"",""url"":""https://www.myntra.com/cortina-chair-cover""},{""name"":""More by Cortina"",""url"":""https://www.myntra.com/cortina""}]","[{""specification_name"":""Fabric"",""specification_value"":""Polyester""},{""specification_name"":""Multipack Set"",""specification_value"":""4""}]","{""1_star"":0,""2_stars"":0,""3_stars"":0,""4_stars"":5,""5_stars"":10}",No review,Bha███vna███Imp█████████ect███,"[{""size"":""Onesize""}]","{""applicable_on"":""Orders above Rs. 999 (only on first purchase)"",""best_price"":""654"",""coupon_code"":""MYNTRA300"",""coupon_discount"":"" Rs. 281.0 off (check cart for final savings)""}","[{""offer_name"":""10% Instant Discount on IndusInd Bank Debit Cards "",""offer_value"":"" Min Spend ₹2,500; Max Discount ₹1,000. ""},{""offer_name"":""10% Instant Discount on Citi Credit & Debit Cards "",""offer_value"":"" Min Spend ₹3,000; Max Discount ₹1,000. ""},{""offer_name"":""10% Instant Discount on Yes Bank Credit Cards "",""offer_value"":"" Min Spend ₹3,500; Max Discount ₹1,000. ""},{""offer_name"":""Flat ₹100 Cashback on Mobiwkik Wallet/Zip "",""offer_value"":"" Min Spend ₹1,999. ""},{""offer_name"":""7.5% Discount on Myntra Kotak Credit Card."",""offer_value"":"" Max Discount Up to ₹750 on every spends. ""}]",chair-cover,935.28,1,935.28
16712992,Cutiekins,Girls Pink & White Printed Top with Shorts,4.1,454,1999,70.0,599.7,INR,"http://assets.myntassets.com/assets/images/16712992/2022/8/17/fd7666cb-a93f-4eab-9ef7-72019d4f4d1e1660738975429CutiekinsGirlsPinkWhitePrintedTopwithShorts1.jpg,http://assets.myntassets.com/assets/images/16712992/2022/8/17/ee290322-fb0c-47d1-8ec0-2e0ed0b7b3ec1660738975437CutiekinsGirlsPinkWhitePrintedTopwithShorts2.jpg,http://assets.myntassets.com/assets/images/16712992/2022/8/17/5d8c4ef9-6b06-4c0a-aa71-6304bb0be3211660738975457CutiekinsGirlsPinkWhitePrintedTopwithShorts3.jpg,http://assets.myntassets.com/assets/images/16712992/2022/8/17/1f589f37-7783-4f7d-85a0-b664de2b8d701660738975476CutiekinsGirlsPinkWhitePrintedTopwithShorts4.jpg,http://assets.myntassets.com/assets/images/16712992/2022/8/17/1ba1140a-f519-4436-b48f-e54ab59aec0f1660738975496CutiekinsGirlsPinkWhitePrintedTopwithShorts5.jpg","[""100% Original Products"",""Pay on delivery might be available"",""Easy 14 days returns and exchanges"",""Try & Buy might be available""]","{""description"":""This clothing set consists of Top and ShortsPink and white printed Top ,has a round neck, three-quarter sleevesPink and white solid Shorts ,has a drawstring closureTrendy Dynamic Fitting Girls Top & Shorts Set with Its Unmatchable Comfort Level and Unique Color Combination Which Provide the Feel of Uniqueness and Comfortness. Look Voguish By Wearing This \""CUTIEKINS\"" Girls Top & Shorts Set. Top & Shorts Set Are Favored By Many For Being Comfortable & Easy To Wear. They Are Designed To Be The Perfect Casual Outfit For Winters & Summer. Making You Look Stylish with Relatively Little Effort .This Effortless Style Is What All Wants with This Creative Design You Can Be the Star. The Material Is Light & Breathable Giving You Soft Comfort And A Smart Look. It Is Western Style Regular Fit Casual Wear for Girls. Wrap Up the Look with a Pair of Slippers, Sandals and Shoes"",""material_and_care"":""Gentle Machine Wash"",""size_and_fit"":""As Per Size Chart""}","[{""name"":""Clothing"",""url"":""https://www.myntra.com/clothing""},{""name"":""Girls"",""url"":""https://www.myntra.com/girls-clothing""},{""name"":""Clothing Set"",""url"":""https://www.myntra.com/clothing-set""},{""name"":""Cutiekins"",""url"":""https://www.myntra.com/cutiekins-clothing-set""},{""name"":""More by Cutiekins"",""url"":""https://www.myntra.com/cutiekins""}]","[{""specification_name"":""Add-Ons"",""specification_value"":""NA""},{""specification_name"":""Body or Garment Size"",""specification_value"":""Garment Measurements in""},{""specification_name"":""Bottom Closure"",""specification_value"":""Drawstring""},{""specification_name"":""Bottom Fabric"",""specification_value"":""Cotton Blend""},{""specification_name"":""Bottom Pattern"",""specification_value"":""Solid""},{""specification_name"":""Bottom Type"",""specification_value"":""Shorts""},{""specification_name"":""Character"",""specification_value"":""NA""},{""specification_name"":""Multipack Set"",""specification_value"":""2""},{""specification_name"":""Neck"",""specification_value"":""Round Neck""},{""specification_name"":""Occasion"",""specification_value"":""Casual""},{""specification_name"":""Sleeve Length"",""specification_value"":""Three-Quarter Sleeves""},{""specification_name"":""Style Tip"",""specification_value"":""these can be wear at birthday party ,fuctions, at home &amp; in parks""},{""specification_name"":""Sustainable"",""specification_value"":""Regular""},{""specification_name"":""Top Fabric"",""specification_value"":""Polyester""},{""specification_name"":""Top Pattern"",""specification_value"":""Printed""},{""specification_name"":""Top Type"",""specification_value"":""Top""},{""specification_name"":""Wash Care"",""specification_value"":""Machine Wash""},{""specification_name"":""Where-to-wear"",""specification_value"":""wrap up the look with a pair of slippers, sandals and shoes.""}]","{""1_star"":43,""2_stars"":14,""3_stars"":50,""4_stars"":97,""5_stars"":250}",No review,CUT███INS███IVA█████████D,"[{""size"":""4-5Y"",""value"":""25.0in"",""value_name"":""Chest""},{""size"":""4-5Y"",""value"":""16.0in"",""value_name"":""Front Length""},{""size"":""4-5Y"",""value"":""9.5in"",""value_name"":""Across Shoulder""},{""size"":""4-5Y"",""value"":""19.0in"",""value_name"":""To Fit Waist""},{""size"":""4-5Y"",""value"":""13.5in"",""value_name"":""Sleeve-Length""},{""size"":""4-5Y"",""value"":""2.5in"",""value_name"":""Inseam Length""},{""size"":""4-5Y"",""value"":""9.5in"",""value_name"":""Outseam Length""},{""size"":""5-6Y"",""value"":""26.25in"",""value_name"":""Chest""},{""size"":""5-6Y"",""value"":""17.0in"",""value_name"":""Front Length""},{""size"":""5-6Y"",""value"":""10.0in"",""value_name"":""Across Shoulder""},{""size"":""5-6Y"",""value"":""20.0in"",""value_name"":""To Fit Waist""},{""size"":""5-6Y"",""value"":""14.0in"",""value_name"":""Sleeve-Length""},{""size"":""5-6Y"",""value"":""2.5in"",""value_name"":""Inseam Length""},{""size"":""5-6Y"",""value"":""10.5in"",""value_name"":""Outseam Length""},{""size"":""6-7Y"",""value"":""27.25in"",""value_name"":""Chest""},{""size"":""6-7Y"",""value"":""18.0in"",""value_name"":""Front Length""},{""size"":""6-7Y"",""value"":""10.0in"",""value_name"":""Across Shoulder""},{""size"":""6-7Y"",""value"":""21.0in"",""value_name"":""To Fit Waist""},{""size"":""6-7Y"",""value"":""14.5in"",""value_name"":""Sleeve-Length""},{""size"":""6-7Y"",""value"":""2.75in"",""value_name"":""Inseam Length""},{""size"":""6-7Y"",""value"":""11.5in"",""value_name"":""Outseam Length""},{""size"":""7-8Y"",""value"":""28.5in"",""value_name"":""Chest""},{""size"":""7-8Y"",""value"":""19.0in"",""value_name"":""Front Length""},{""size"":""7-8Y"",""value"":""10.5in"",""value_name"":""Across Shoulder""},{""size"":""7-8Y"",""value"":""22.0in"",""value_name"":""To Fit Waist""},{""size"":""7-8Y"",""value"":""15.0in"",""value_name"":""Sleeve-Length""},{""size"":""7-8Y"",""value"":""2.75in"",""value_name"":""Inseam Length""},{""size"":""7-8Y"",""value"":""12.5in"",""value_name"":""Outseam Length""},{""size"":""8-9Y"",""value"":""30.0in"",""value_name"":""Chest""},{""size"":""8-9Y"",""value"":""20.0in"",""value_name"":""Front Length""},{""size"":""8-9Y"",""value"":""11.0in"",""value_name"":""Across Shoulder""},{""size"":""8-9Y"",""value"":""23.0in"",""value_name"":""To Fit Waist""},{""size"":""8-9Y"",""value"":""15.5in"",""value_name"":""Sleeve-Length""},{""size"":""8-9Y"",""value"":""3.0in"",""value_name"":""Inseam Length""},{""size"":""8-9Y"",""value"":""12.5in"",""value_name"":""Outseam Length""},{""size"":""9-10Y"",""value"":""31.5in"",""value_name"":""Chest""},{""size"":""9-10Y"",""value"":""21.0in"",""value_name"":""Front Length""},{""size"":""9-10Y"",""value"":""11.5in"",""value_name"":""Across Shoulder""},{""size"":""9-10Y"",""value"":""24.0in"",""value_name"":""To Fit Waist""},{""size"":""9-10Y"",""value"":""16.0in"",""value_name"":""Sleeve-Length""},{""size"":""9-10Y"",""value"":""3.0in"",""value_name"":""Inseam Length""},{""size"":""9-10Y"",""value"":""13.5in"",""value_name"":""Outseam Length""},{""size"":""10-11Y"",""value"":""33.0in"",""value_name"":""Chest""},{""size"":""10-11Y"",""value"":""22.0in"",""value_name"":""Front Length""},{""size"":""10-11Y"",""value"":""12.0in"",""value_name"":""Across Shoulder""},{""size"":""10-11Y"",""value"":""25.0in"",""value_name"":""To Fit Waist""},{""size"":""10-11Y"",""value"":""16.5in"",""value_name"":""Sleeve-Length""},{""size"":""10-11Y"",""value"":""3.5in"",""value_name"":""Inseam Length""},{""size"":""10-11Y"",""value"":""14.5in"",""value_name"":""Outseam Length""},{""size"":""11-12Y"",""value"":""34.0in"",""value_name"":""Chest""},{""size"":""11-12Y"",""value"":""23.0in"",""value_name"":""Front Length""},{""size"":""11-12Y"",""value"":""12.5in"",""value_name"":""Across Shoulder""},{""size"":""11-12Y"",""value"":""26.0in"",""value_name"":""To Fit Waist""},{""size"":""11-12Y"",""value"":""17.0in"",""value_name"":""Sleeve-Length""},{""size"":""11-12Y"",""value"":""3.5in"",""value_name"":""Inseam Length""},{""size"":""11-12Y"",""value"":""15.5in"",""value_name"":""Outseam Length""},{""size"":""12-14Y"",""value"":""35.0in"",""value_name"":""Chest""},{""size"":""12-14Y"",""value"":""24.0in"",""value_name"":""Front Length""},{""size"":""12-14Y"",""value"":""13.5in"",""value_name"":""Across Shoulder""},{""size"":""12-14Y"",""value"":""27.0in"",""value_name"":""To Fit Waist""},{""size"":""12-14Y"",""value"":""17.5in"",""value_name"":""Sleeve-Length""},{""size"":""12-14Y"",""value"":""3.75in"",""value_name"":""Inseam Length""},{""size"":""12-14Y"",""value"":""16.5in"",""value_name"":""Outseam Length""},{""size"":""14-16Y"",""value"":""36.0in"",""value_name"":""Chest""},{""size"":""14-16Y"",""value"":""25.0in"",""value_name"":""Front Length""},{""size"":""14-16Y"",""value"":""14.0in"",""value_name"":""Across Shoulder""},{""size"":""14-16Y"",""value"":""28.0in"",""value_name"":""To Fit Waist""},{""size"":""14-16Y"",""value"":""18.0in"",""value_name"":""Sleeve-Length""},{""size"":""14-16Y"",""value"":""3.75in"",""value_name"":""Inseam Length""},{""size"":""14-16Y"",""value"":""17.5in"",""value_name"":""Outseam Length""}]","{""applicable_on"":""Orders above Rs. 999 (only on first purchase)"",""best_price"":""503"",""coupon_code"":""MYNTRA300"",""coupon_discount"":"" Rs. 216.0 off (check cart for final savings)""}","[{""offer_name"":""10% Instant Discount on IndusInd Bank Debit Cards "",""offer_value"":"" Min Spend ₹2,500; Max Discount ₹1,000. ""},{""offer_name"":""10% Instant Discount on Citi Credit & Debit Cards "",""offer_value"":"" Min Spend ₹3,000; Max Discount ₹1,000. ""},{""offer_name"":""10% Instant Discount on Yes Bank Credit Cards "",""offer_value"":"" Min Spend ₹3,500; Max Discount ₹1,000. ""},{""offer_name"":""Flat ₹100 Cashback on Mobiwkik Wallet/Zip "",""offer_value"":"" Min Spend ₹1,999. ""},{""offer_name"":""7.5% Discount on Myntra Kotak Credit Card."",""offer_value"":"" Max Discount Up to ₹750 on every spends. ""}]",clothing-set,599.7,1,599.7
21836198,Nottie Planet,Boys Printed T-shirt with Shorts,4.5,13,449,30.0,314.3,INR,"http://assets.myntassets.com/assets/images/21836198/2023/2/4/617fa681-6fb3-4dd3-a20f-6aa0d534e3dc1675524721464NottiePlanetBoysBlueRedPrintedT-shirtwithShorts1.jpg,http://assets.myntassets.com/assets/images/21836198/2023/2/4/28157f26-ef4e-4c08-8578-daba3426df8c1675524721427NottiePlanetBoysBlueRedPrintedT-shirtwithShorts2.jpg,http://assets.myntassets.com/assets/images/21836198/2023/2/4/a63e795d-33b9-4ad5-ba65-5677578ef4881675524721440NottiePlanetBoysBlueRedPrintedT-shirtwithShorts3.jpg,http://assets.myntassets.com/assets/images/21836198/2023/2/4/74a7a8c8-6d37-4b9b-ac48-f2e0e3233e4b1675524721452NottiePlanetBoysBlueRedPrintedT-shirtwithShorts4.jpg,http://assets.myntassets.com/assets/images/21836198/2023/2/4/6ab46e88-fb49-453f-938f-9b8e1b90b2d61675524721490NottiePlanetBoysBlueRedPrintedT-shirtwithShorts5.jpg,http://assets.myntassets.com/assets/images/21836198/2023/2/4/4e3be573-ac40-4948-b0fa-d646cca1f5e31675524721501NottiePlanetBoysBlueRedPrintedT-shirtwithShorts6.jpg,http://assets.myntassets.com/assets/images/21836198/2023/2/4/812552a7-edbd-4bd5-bec3-60ae3097e2fe1675524721476NottiePlanetBoysBlueRedPrintedT-shirtwithShorts7.jpg","[""100% Original Products"",""Pay on delivery might be available"",""Easy 14 days returns and exchanges"",""Try & Buy might be available""]","{""description"":""This clothing set consists of T-shirt and ShortsPrinted T-shirt ,has a round neck, short sleevesPrinted Shorts ,has a slip-on closure"",""material_and_care"":""100% Cotton. Machine Wash. ""}","[{""name"":""Clothing"",""url"":""https://www.myntra.com/clothing""},{""name"":""Boys"",""url"":""https://www.myntra.com/boys-clothing""},{""name"":""Clothing Set"",""url"":""https://www.myntra.com/clothing-set""},{""name"":""Nottie Planet"",""url"":""https://www.myntra.com/nottie-planet-clothing-set""},{""name"":""More by Nottie Planet"",""url"":""https://www.myntra.com/nottie-planet""}]","[{""specification_name"":""Add-Ons"",""specification_value"":""NA""},{""specification_name"":""Body or Garment Size"",""specification_value"":""Garment Measurements in""},{""specification_name"":""Bottom Closure"",""specification_value"":""Slip-On""},{""specification_name"":""Bottom Fabric"",""specification_value"":""Pure Cotton""},{""specification_name"":""Bottom Pattern"",""specification_value"":""Printed""},{""specification_name"":""Bottom Type"",""specification_value"":""Shorts""},{""specification_name"":""Character"",""specification_value"":""NA""},{""specification_name"":""Multipack Set"",""specification_value"":""NA""},{""specification_name"":""Neck"",""specification_value"":""Round Neck""},{""specification_name"":""Occasion"",""specification_value"":""Casual""},{""specification_name"":""Sleeve Length"",""specification_value"":""Short Sleeves""},{""specification_name"":""Sustainable"",""specification_value"":""Regular""},{""specification_name"":""Top Fabric"",""specification_value"":""Pure Cotton""},{""specification_name"":""Top Pattern"",""specification_value"":""Printed""},{""specification_name"":""Top Type"",""specification_value"":""T-shirt""},{""specification_name"":""Wash Care"",""specification_value"":""Machine Wash""}]","{""1_star"":1,""2_stars"":0,""3_stars"":1,""4_stars"":0,""5_stars"":11}",No review,MOO███ FA███ONS█████████,"[{""size"":""12-18M"",""value"":""20.0in"",""value_name"":""Chest""},{""size"":""12-18M"",""value"":""12.0in"",""value_name"":""Front Length""},{""size"":""12-18M"",""value"":""9.0in"",""value_name"":""Across Shoulder""},{""size"":""12-18M"",""value"":""20.0in"",""value_name"":""To Fit Waist""},{""size"":""12-18M"",""value"":""3.0in"",""value_name"":""Sleeve-Length""},{""size"":""12-18M"",""value"":""9.0in"",""value_name"":""Outseam Length""},{""size"":""18-24M"",""value"":""21.0in"",""value_name"":""Chest""},{""size"":""18-24M"",""value"":""13.0in"",""value_name"":""Front Length""},{""size"":""18-24M"",""value"":""10.0in"",""value_name"":""Across Shoulder""},{""size"":""18-24M"",""value"":""22.0in"",""value_name"":""To Fit Waist""},{""size"":""18-24M"",""value"":""4.0in"",""value_name"":""Sleeve-Length""},{""size"":""18-24M"",""value"":""10.0in"",""value_name"":""Outseam Length""},{""size"":""2-3Y"",""value"":""22.0in"",""value_name"":""Chest""},{""size"":""2-3Y"",""value"":""14.0in"",""value_name"":""Front Length""},{""size"":""2-3Y"",""value"":""11.0in"",""value_name"":""Across Shoulder""},{""size"":""2-3Y"",""value"":""26.0in"",""value_name"":""To Fit Waist""},{""size"":""2-3Y"",""value"":""5.0in"",""value_name"":""Sleeve-Length""},{""size"":""2-3Y"",""value"":""11.0in"",""value_name"":""Outseam Length""}]","{""applicable_on"":""Orders above Rs. 649 (only on first purchase)"",""best_price"":""217"",""coupon_code"":""MYNTRA200"",""coupon_discount"":"" Rs. 97.0 off (check cart for final savings)""}","[{""offer_name"":""10% Instant Discount on IndusInd Bank Debit Cards "",""offer_value"":"" Min Spend ₹2,500; Max Discount ₹1,000. ""},{""offer_name"":""10% Instant Discount on Citi Credit & Debit Cards "",""offer_value"":"" Min Spend ₹3,000; Max Discount ₹1,000. ""},{""offer_name"":""10% Instant Discount on Yes Bank Credit Cards "",""offer_value"":"" Min Spend ₹3,500; Max Discount ₹1,000. ""},{""offer_name"":""Flat ₹100 Cashback on Mobiwkik Wallet/Zip "",""offer_value"":"" Min Spend ₹1,999. ""},{""offer_name"":""7.5% Discount on Myntra Kotak Credit Card."",""offer_value"":"" Max Discount Up to ₹750 on every spends. ""}]",clothing-set,314.3,1,314.3
18193844,Rubans,Cream-Coloured & Gold-Toned Embellished Embroidered Potli Clutch,4.1,25,1980,75.0,495.0,INR,"http://assets.myntassets.com/assets/images/18193844/2022/9/22/30833c79-75eb-4ddf-adb7-39c8880428f61663798853033RubansCream-ColouredGold-TonedEmbellishedEmbroideredPotliClu1.jpg,http://assets.myntassets.com/assets/images/18193844/2022/9/22/063a44c3-dba9-4391-9fd1-870700973d2d1663798853053RubansCream-ColouredGold-TonedEmbellishedEmbroideredPotliClu2.jpg,http://assets.myntassets.com/assets/images/18193844/2022/9/22/05e2a61f-2f42-43fe-92fa-db6a259ee7081663798853074RubansCream-ColouredGold-TonedEmbellishedEmbroideredPotliClu3.jpg,http://assets.myntassets.com/assets/images/18193844/2022/9/22/05d45596-14d4-418a-af82-1dce2f4aa5781663798853082RubansCream-ColouredGold-TonedEmbellishedEmbroideredPotliClu4.jpg,http://assets.myntassets.com/assets/images/18193844/2022/9/22/36bfa1c0-0892-4721-9149-e6fd9d07bdf11663798853089RubansCream-ColouredGold-TonedEmbellishedEmbroideredPotliClu5.jpg,http://assets.myntassets.com/assets/images/18193844/2022/9/22/d3a1d4e8-95e4-49b0-8b50-31ed429374d71663798853097RubansCream-ColouredGold-TonedEmbellishedEmbroideredPotliClu6.jpg","[""100% Original Products"",""Pay on delivery might be available"",""Easy 7 days returns and exchanges"",""Try & Buy might be available""]","{""description"":""Cream-coloured and gold-toned embellished embroidered potli clutches  Has wrist loop  1 main compartment with drawstring closure "",""material_and_care"":""Fabric. Wipe with a clean, dry cloth to remove dust"",""size_and_fit"":""Height: 18.5 cm. Width: 17.5 cm. Depth: 4 cm""}","[{""name"":""Accessories"",""url"":""https://www.myntra.com/accessories""},{""name"":""Women"",""url"":""https://www.myntra.com/women-accessories""},{""name"":""Clutches"",""url"":""https://www.myntra.com/clutches""},{""name"":""Rubans"",""url"":""https://www.myntra.com/rubans-clutches""},{""name"":""More by Rubans"",""url"":""https://www.myntra.com/rubans""}]","[{""specification_name"":""Compartment Closure"",""specification_value"":""Drawstring""},{""specification_name"":""Material"",""specification_value"":""Fabric""},{""specification_name"":""Number of Card Holders"",""specification_value"":""NA""},{""specification_name"":""Number of External Pockets"",""specification_value"":""NA""},{""specification_name"":""Number of Main Compartments"",""specification_value"":""1""},{""specification_name"":""Number of Mobile Pouch"",""specification_value"":""NA""},{""specification_name"":""Number of Zips"",""specification_value"":""NA""},{""specification_name"":""Occasion"",""specification_value"":""Party""},{""specification_name"":""Pattern"",""specification_value"":""Embellished""},{""specification_name"":""Strap"",""specification_value"":""Wrist Loop""},{""specification_name"":""Surface Styling"",""specification_value"":""Embroidered""},{""specification_name"":""Sustainable"",""specification_value"":""Regular""},{""specification_name"":""Type"",""specification_value"":""Potli""},{""specification_name"":""Warranty"",""specification_value"":""NA""},{""specification_name"":""Water Resistance"",""specification_value"":""Yes""}]","{""1_star"":3,""2_stars"":1,""3_stars"":2,""4_stars"":3,""5_stars"":16}",No review,Unknown,"[{""size"":""Onesize""}]",{},"[{""offer_name"":""10% Instant Discount on Citi Credit & Debit Cards "",""offer_value"":"" Min Spend ₹3,000; Max Discount ₹1,000. ""},{""offer_name"":""EMI option available""}]",clutches,495.0,1,495.0
16694464,Ahalyaa,Women Stunning Blue Printed Top with Solid Skirt,4.1,195,5000,66.0,1700.0,INR,"http://assets.myntassets.com/assets/images/16694464/2022/1/24/81590b4d-d822-4a08-941e-97d14c579ceb1643011743504-Ahalyaa-Women-Clothing-Set-7061643011743160-1.jpg,http://assets.myntassets.com/assets/images/16694464/2022/1/24/4a48f63b-b301-4634-b192-6d2d600b67221643011743486-Ahalyaa-Women-Clothing-Set-7061643011743160-2.jpg,http://assets.myntassets.com/assets/images/16694464/2022/1/24/05820ffa-7e34-4112-b571-f9d14e3feec21643011743466-Ahalyaa-Women-Clothing-Set-7061643011743160-3.jpg,http://assets.myntassets.com/assets/images/16694464/2022/1/24/2f0caf03-01af-4e8f-b112-439c4cfca3771643011743446-Ahalyaa-Women-Clothing-Set-7061643011743160-4.jpg","[""100% Original Products"",""Pay on delivery might be available"",""Easy 7 days returns and exchanges""]","{""description"":""Show off your stylish side with this clothing set. It comes with an amazing V-neck and three-quarter sleeves to complete your look. Stunning blue colourPrinted topV-neckThree-quarter piff sleevesSlip-on closureSolid skirtTrend AlertA DIY trend that's revived almost every decade, tie & dye is an ancient technique that stems back thousands of years. The vivid hues and varied designs add a pop of colour to any outfit, giving contemporary fashion a playful twist. Trendy and cheerful, tie-dye clothing is perfect to welcome a fun summer."",""material_and_care"":""Top Fabric: Polyester. Bottom Fabric: Polyester. Hand wash"",""size_and_fit"":""The model (height 5'8) is wearing a size S""}","[{""name"":""Clothing"",""url"":""https://www.myntra.com/clothing""},{""name"":""Women"",""url"":""https://www.myntra.com/women-clothing""},{""name"":""Co-Ords"",""url"":""https://www.myntra.com/co-ords""},{""name"":""Ahalyaa"",""url"":""https://www.myntra.com/ahalyaa-co-ords""},{""name"":""More by Ahalyaa"",""url"":""https://www.myntra.com/ahalyaa""}]","[{""specification_name"":""Add-Ons"",""specification_value"":""NA""},{""specification_name"":""Bottom Closure"",""specification_value"":""Slip-On""},{""specification_name"":""Bottom Fabric"",""specification_value"":""Polyester""},{""specification_name"":""Bottom Pattern"",""specification_value"":""Solid""},{""specification_name"":""Bottom Type"",""specification_value"":""Skirt""},{""specification_name"":""Character"",""specification_value"":""NA""},{""specification_name"":""Lining"",""specification_value"":""NA""},{""specification_name"":""Neck"",""specification_value"":""V-Neck""},{""specification_name"":""Number of Pockets"",""specification_value"":""NA""},{""specification_name"":""Occasion"",""specification_value"":""Ethnic""},{""specification_name"":""Sleeve Length"",""specification_value"":""Three-Quarter Sleeves""},{""specification_name"":""Sustainable"",""specification_value"":""Regular""},{""specification_name"":""Top Fabric"",""specification_value"":""Polyester""},{""specification_name"":""Top Pattern"",""specification_value"":""Printed""},{""specification_name"":""Top Type"",""specification_value"":""Top""},{""specification_name"":""Trends"",""specification_value"":""NA""},{""specification_name"":""Wash Care"",""specification_value"":""Machine Wash""},{""specification_name"":""Wedding"",""specification_value"":""NA""}]","{""1_star"":17,""2_stars"":8,""3_stars"":18,""4_stars"":45,""5_stars"":107}",No review,UDA███ASH███,"[{""size"":""S"",""value"":""15.0in"",""value_name"":""Front Length""},{""size"":""S"",""value"":""40.0in"",""value_name"":""Outseam Length""},{""size"":""S"",""value"":""34.0in"",""value_name"":""To Fit Bust""},{""size"":""S"",""value"":""37.0in"",""value_name"":""To Fit Hip""},{""size"":""S"",""value"":""31.0in"",""value_name"":""To Fit Waist""},{""size"":""M"",""value"":""15.0in"",""value_name"":""Front Length""},{""size"":""M"",""value"":""40.0in"",""value_name"":""Outseam Length""},{""size"":""M"",""value"":""36.0in"",""value_name"":""To Fit Bust""},{""size"":""M"",""value"":""39.0in"",""value_name"":""To Fit Hip""},{""size"":""M"",""value"":""33.0in"",""value_name"":""To Fit Waist""},{""size"":""L"",""value"":""15.5in"",""value_name"":""Front Length""},{""size"":""L"",""value"":""40.0in"",""value_name"":""Outseam Length""},{""size"":""L"",""value"":""38.0in"",""value_name"":""To Fit Bust""},{""size"":""L"",""value"":""41.0in"",""value_name"":""To Fit Hip""},{""size"":""L"",""value"":""35.0in"",""value_name"":""To Fit Waist""},{""size"":""XL"",""value"":""15.5in"",""value_name"":""Front Length""},{""size"":""XL"",""value"":""40.0in"",""value_name"":""Outseam Length""},{""size"":""XL"",""value"":""40.0in"",""value_name"":""To Fit Bust""},{""size"":""XL"",""value"":""43.0in"",""value_name"":""To Fit Hip""},{""size"":""XL"",""value"":""37.0in"",""value_name"":""To Fit Waist""},{""size"":""XXL"",""value"":""16.0in"",""value_name"":""Front Length""},{""size"":""XXL"",""value"":""40.0in"",""value_name"":""Outseam Length""},{""size"":""XXL"",""value"":""42.0in"",""value_name"":""To Fit Bust""},{""size"":""XXL"",""value"":""45.0in"",""value_name"":""To Fit Hip""},{""size"":""XXL"",""value"":""39.0in"",""value_name"":""To Fit Waist""}]","{""applicable_on"":""Orders above Rs. 1499 (only on first purchase)"",""best_price"":""1300"",""coupon_code"":""MYNTRA400"",""coupon_discount"":"" Rs. 400.0 off (check cart for final savings)""}","[{""offer_name"":""10% Instant Discount on IndusInd Bank Debit Cards "",""offer_value"":"" Min Spend ₹2,500; Max Discount ₹1,000. ""},{""offer_name"":""10% Instant Discount on Citi Credit & Debit Cards "",""offer_value"":"" Min Spend ₹3,000; Max Discount ₹1,000. ""},{""offer_name"":""10% Instant Discount on Yes Bank Credit Cards "",""offer_value"":"" Min Spend ₹3,500; Max Discount ₹1,000. ""},{""offer_name"":""Flat ₹100 Cashback on Mobiwkik Wallet/Zip "",""offer_value"":"" Min Spend ₹1,999. ""},{""offer_name"":""7.5% Discount on Myntra Kotak Credit Card."",""offer_value"":"" Max Discount Up to ₹750 on every spends. ""}]",co-ords,1700.0,1,1700.0
18494054,Home Sizzler,Green & Cream-Coloured Set of 2 Floral Window Curtain,4.3,48,799,40.0,479.4,INR,"http://assets.myntassets.com/assets/images/18494054/2022/5/28/118b1be6-8815-4780-b0a6-3ea3bca405be1653740011951HomeSizzlerGreenCream-ColouredSetof2FloralWindowCurtain1.jpg,http://assets.myntassets.com/assets/images/18494054/2022/5/28/e1a7ec54-7801-4300-8bf2-366a2b915f2d1653740011959HomeSizzlerGreenCream-ColouredSetof2FloralWindowCurtain2.jpg,http://assets.myntassets.com/assets/images/18494054/2022/5/28/65d68711-bb70-4f8b-a3ed-4948f7cb2d391653740011925HomeSizzlerGreenCream-ColouredSetof2FloralWindowCurtain3.jpg,http://assets.myntassets.com/assets/images/18494054/2022/5/28/9e68a935-37ff-4a63-a988-6ca21e2f95df1653740011933HomeSizzlerGreenCream-ColouredSetof2FloralWindowCurtain4.jpg,http://assets.myntassets.com/assets/images/18494054/2022/5/28/db8ab982-87a9-4a3d-882b-8ebb85086c4b1653740011942HomeSizzlerGreenCream-ColouredSetof2FloralWindowCurtain5.jpg","[""100% Original Products"",""Pay on delivery might be available"",""Easy 14 days returns and exchanges"",""Try & Buy might be available""]","{""description"":""    Fitting Style Eyelet   Eyelet fittings offer even, large and naturally soft folds, and are great in terms of style and practicality.    Fabric Story:   One of the most stringent and durable fabrics, Polyester is a viable substitute for natural fabrics. It is also admired for its easy washability, wrinkle-free, and quick-drying properties.    Wash Care:   Hand wash is recommended. Wash different colours separately using mild detergent. Also, follow the fabric care label.   "",""material_and_care"":""Normal Hand Wash Only, Dont Soak in Deep water, Dry Immediately"",""size_and_fit"":""Dimensions: (height x width in feet)""}","[{""name"":""Unisex"",""url"":""https://www.myntra.com/unisex-home""},{""name"":""Curtains and Sheers"",""url"":""https://www.myntra.com/curtains-and-sheers""},{""name"":""Home Sizzler"",""url"":""https://www.myntra.com/home-sizzler-curtains-and-sheers""},{""name"":""More by Home Sizzler"",""url"":""https://www.myntra.com/home-sizzler""}]","[{""specification_name"":""Fabric"",""specification_value"":""Polyester""},{""specification_name"":""Fitting"",""specification_value"":""Eyelet""},{""specification_name"":""Length"",""specification_value"":""Window""},{""specification_name"":""Light Blocking"",""specification_value"":""Regular""},{""specification_name"":""Lining"",""specification_value"":""No""},{""specification_name"":""Multipack Set"",""specification_value"":""2""},{""specification_name"":""Print or Pattern Type"",""specification_value"":""Floral""},{""specification_name"":""Sustainable"",""specification_value"":""Regular""},{""specification_name"":""Type"",""specification_value"":""Curtain""},{""specification_name"":""Wash Care"",""specification_value"":""Hand Wash""}]","{""1_star"":1,""2_stars"":2,""3_stars"":4,""4_stars"":16,""5_stars"":25}",No review,Fla███ech███tai███,"[{""size"":""Window""},{""size"":""Door""},{""size"":""Long Door""}]","{""applicable_on"":""Orders above Rs. 649 (only on first purchase)"",""best_price"":""276"",""coupon_code"":""MYNTRA200"",""coupon_discount"":"" Rs. 123.0 off (check cart for final savings)""}","[{""offer_name"":""10% Instant Discount on IndusInd Bank Debit Cards "",""offer_value"":"" Min Spend ₹2,500; Max Discount ₹1,000. ""},{""offer_name"":""10% Instant Discount on Citi Credit & Debit Cards "",""offer_value"":"" Min Spend ₹3,000; Max Discount ₹1,000. ""},{""offer_name"":""10% Instant Discount on Yes Bank Credit Cards "",""offer_value"":"" Min Spend ₹3,500; Max Discount ₹1,000. ""},{""offer_name"":""Flat ₹100 Cashback on Mobiwkik Wallet/Zip "",""offer_value"":"" Min Spend ₹1,999. ""},{""offer_name"":""7.5% Discount on Myntra Kotak Credit Card."",""offer_value"":"" Max Discount Up to ₹750 on every spends. ""},{""offer_name"":""EMI option available"",""offer_value"":""EMI starting from Rs.19/month""}]",curtains-and-sheers,479.4,1,479.4
18462808,Homefab India,Unisex Navy Blue Curtains and Sheers,0.0,0,1199,52.0,575.52,INR,"http://assets.myntassets.com/assets/images/18462808/2022/5/27/1c68a1da-302d-4e30-ad82-6b22c4d99da01653628462735Setof2PolyesterEyeletDoorSheerCurtains-7feet1.jpg,http://assets.myntassets.com/assets/images/18462808/2022/5/27/6365a410-90fa-4038-ab57-bcaf79bb9da91653628462719Setof2PolyesterEyeletDoorSheerCurtains-7feet2.jpg,http://assets.myntassets.com/assets/images/18462808/2022/5/27/1ae6e0b7-fb87-4ee8-883f-24733e9f7c4a1653628462744Setof2PolyesterEyeletDoorSheerCurtains-7feet3.jpg,http://assets.myntassets.com/assets/images/18462808/2022/5/27/6d6d9ec1-f596-472c-a520-918ca09f28631653628462753Setof2PolyesterEyeletDoorSheerCurtains-7feet4.jpg,http://assets.myntassets.com/assets/images/18462808/2022/5/27/41fa6758-d574-4073-bd2d-cdf98cb0540b1653628462728Setof2PolyesterEyeletDoorSheerCurtains-7feet5.jpg","[""100% Original Products"",""Pay on delivery might be available"",""Easy 14 days returns and exchanges"",""Try & Buy might be available""]","{""description"":""Polyester Sheer Fabric with ZigZag Pattern having property of optimal Light and Air to Pass through."",""material_and_care"":""Machine wash is recommended. Wash it gently in cold water with mild detergent. Also, follow the fabric care label."",""size_and_fit"":""Dimensions: 2.13 m x 1.2 m (7 ft x 4 ft)""}","[{""name"":""Unisex"",""url"":""https://www.myntra.com/unisex-home""},{""name"":""Curtains and Sheers"",""url"":""https://www.myntra.com/curtains-and-sheers""},{""name"":""Homefab India"",""url"":""https://www.myntra.com/homefab-india-curtains-and-sheers""},{""name"":""More by Homefab India"",""url"":""https://www.myntra.com/homefab-india""}]","[{""specification_name"":""Collection Name"",""specification_value"":""flipflop""},{""specification_name"":""Fabric"",""specification_value"":""Polyester""},{""specification_name"":""Fitting"",""specification_value"":""Eyelet""},{""specification_name"":""Length"",""specification_value"":""Door""},{""specification_name"":""Light Blocking"",""specification_value"":""Sheer""},{""specification_name"":""Lining"",""specification_value"":""No""},{""specification_name"":""Multipack Set"",""specification_value"":""2""},{""specification_name"":""Print or Pattern Type"",""specification_value"":""Solid""},{""specification_name"":""Sustainable"",""specification_value"":""Regular""},{""specification_name"":""Type"",""specification_value"":""Curtain""},{""specification_name"":""Wash Care"",""specification_value"":""Machine Wash""}]","{""1_star"":0,""2_stars"":0,""3_stars"":0,""4_stars"":0,""5_stars"":0}",No review,SHI███ABA███NDL██████,"[{""size"":""Door""},{""size"":""Long Door""},{""size"":""Window""}]","{""applicable_on"":""Orders above Rs. 649 (only on first purchase)"",""best_price"":""394"",""coupon_code"":""MYNTRA200"",""coupon_discount"":"" Rs. 175.0 off (check cart for final savings)""}","[{""offer_name"":""10% Instant Discount on IndusInd Bank Debit Cards "",""offer_value"":"" Min Spend ₹2,500; Max Discount ₹1,000. ""},{""offer_name"":""10% Instant Discount on Citi Credit & Debit Cards "",""offer_value"":"" Min Spend ₹3,000; Max Discount ₹1,000. ""},{""offer_name"":""10% Instant Discount on Yes Bank Credit Cards "",""offer_value"":"" Min Spend ₹3,500; Max Discount ₹1,000. ""},{""offer_name"":""Flat ₹100 Cashback on Mobiwkik Wallet/Zip "",""offer_value"":"" Min Spend ₹1,999. ""},{""offer_name"":""7.5% Discount on Myntra Kotak Credit Card."",""offer_value"":"" Max Discount Up to ₹750 on every spends. ""},{""offer_name"":""EMI option available"",""offer_value"":""EMI starting from Rs.27/month""}]",curtains-and-sheers,575.52,1,575.52
16185546,ellementry,Gold-Toned 2 Pieces Stainless Steel Matte Spoon,5.0,5,1750,0.0,1750.0,INR,"http://assets.myntassets.com/assets/images/16185546/2021/11/20/95a19fe1-8979-4473-b436-ccff345e4c661637401288672Serveware1.jpg,http://assets.myntassets.com/assets/images/16185546/2021/11/20/335566e0-b7e7-4713-842c-848b971ba6db1637401289042Serveware2.jpg,http://assets.myntassets.com/assets/images/16185546/2021/11/20/c98157d2-bd61-4695-8854-8e5926aecff81637401288928Serveware3.jpg,http://assets.myntassets.com/assets/images/16185546/2021/11/20/15138010-1dcd-481b-b911-ff4b866c89da1637401288837Serveware4.jpg","[""100% Original Products"",""Pay on delivery might be available"",""Easy 7 days returns and exchanges""]","{""description"":""Set content: 2 serving spoonColor: Gold-tonedPattern: SolidFinish: GlossyMaterial: Stainless steel  "",""material_and_care"":""Stainless steel&nbsp;. Brass likes a rinse with warm water, mild soap and a soft sponge. Dry it off with a cloth or paper towel. "",""size_and_fit"":""Onesize""}","[{""name"":""Unisex"",""url"":""https://www.myntra.com/unisex-home""},{""name"":""Cutlery"",""url"":""https://www.myntra.com/cutlery""},{""name"":""ellementry"",""url"":""https://www.myntra.com/ellementry-cutlery""},{""name"":""More by ellementry"",""url"":""https://www.myntra.com/ellementry""}]","[{""specification_name"":""Material"",""specification_value"":""Steel""},{""specification_name"":""Type"",""specification_value"":""Serving Spoon""}]","{""1_star"":0,""2_stars"":0,""3_stars"":0,""4_stars"":0,""5_stars"":5}",No review,Dil███ Es███tia█████████d,"[{""size"":""Onesize""}]","{""applicable_on"":""Orders above Rs. 1499 (only on first purchase)"",""best_price"":""1350"",""coupon_code"":""MYNTRA400"",""coupon_discount"":"" Rs. 400.0 off (check cart for final savings)""}","[{""offer_name"":""10% Instant Discount on IndusInd Bank Debit Cards "",""offer_value"":"" Min Spend ₹2,500; Max Discount ₹1,000. ""},{""offer_name"":""10% Instant Discount on Citi Credit & Debit Cards "",""offer_value"":"" Min Spend ₹3,000; Max Discount ₹1,000. ""},{""offer_name"":""10% Instant Discount on Yes Bank Credit Cards "",""offer_value"":"" Min Spend ₹3,500; Max Discount ₹1,000. ""},{""offer_name"":""Flat ₹100 Cashback on Mobiwkik Wallet/Zip "",""offer_value"":"" Min Spend ₹1,999. ""},{""offer_name"":""7.5% Discount on Myntra Kotak Credit Card."",""offer_value"":"" Max Discount Up to ₹750 on every spends. ""}]",cutlery,1750.0,1,1750.0
15174886,MIAH Decor,Cream-Coloured & Green 2 Pieces Handcrafted Ceramic Matte Bowls,3.2,6,599,40.0,359.4,INR,"http://assets.myntassets.com/assets/images/15174886/2021/8/17/92b513dc-b012-43bb-9eff-3de1ff3b2a9b1629217134594Dinnerware1.jpg,http://assets.myntassets.com/assets/images/15174886/2021/8/17/f40123dc-db50-4a42-b423-4ad577a0511d1629217134855Dinnerware2.jpg,http://assets.myntassets.com/assets/images/15174886/2021/8/17/32ea4438-96b3-47f6-9c3d-60214288f2901629217134863Dinnerware3.jpg,http://assets.myntassets.com/assets/images/15174886/2021/8/17/4cd2ec09-1530-45d5-bc0c-c2840f8501d11629217134870Dinnerware4.jpg,http://assets.myntassets.com/assets/images/15174886/2021/8/17/ae34e4c7-83bb-41f5-a7c5-9747249725f21629217134877Dinnerware5.jpg","[""100% Original Products"",""Pay on delivery might be available"",""Easy 7 days returns and exchanges""]","{""description"":""Trend Story: Handcrafted products not just support the local artisans, they also make you feel good about your purchases. Meticulous and unique in every form, handcrafted products are here to stay.Features: Microwave-safe products do not break upon heating, they do not leach chemicals into the food or air, or damage the appliance. Dishwasher-safe refers to dishes that can withstand the high temperatures of wash cycles and strong detergents, without impacting their quality in any way.Dimensions & Volume: 10.16 cm x 10.16 cm (Height x Width)"",""material_and_care"":"" About Ceramic :  .  Fortified with properties such as thermal insulation, wear resistance, chemical stability and durability, ceramics have always been an extremely popular choice for serveware. ceramic does not give off toxic fumes or leach chemicals into the food. .  . ""}","[{""name"":""Unisex"",""url"":""https://www.myntra.com/unisex-home""},{""name"":""Dinnerware"",""url"":""https://www.myntra.com/dinnerware""},{""name"":""MIAH Decor"",""url"":""https://www.myntra.com/miah-decor-dinnerware""},{""name"":""More by MIAH Decor"",""url"":""https://www.myntra.com/miah-decor""}]","[{""specification_name"":""Add-Ons"",""specification_value"":""NA""},{""specification_name"":""Features"",""specification_value"":""Dishwasher and Microwave Safe""},{""specification_name"":""Finish"",""specification_value"":""Matte""},{""specification_name"":""Material"",""specification_value"":""Ceramic""},{""specification_name"":""Number of Pieces"",""specification_value"":""2""},{""specification_name"":""Pattern"",""specification_value"":""Solid""},{""specification_name"":""Sustainable"",""specification_value"":""Regular""},{""specification_name"":""Trends"",""specification_value"":""Handcrafted""},{""specification_name"":""Type"",""specification_value"":""Bowls""}]","{""1_star"":2,""2_stars"":0,""3_stars"":1,""4_stars"":1,""5_stars"":2}",No review,MIA███ECO███,"[{""size"":""Onesize""}]","{""applicable_on"":""Orders above Rs. 649 (only on first purchase)"",""best_price"":""248"",""coupon_code"":""MYNTRA200"",""coupon_discount"":"" Rs. 111.0 off (check cart for final savings)""}","[{""offer_name"":""10% Instant Discount on IndusInd Bank Debit Cards "",""offer_value"":"" Min Spend ₹2,500; Max Discount ₹1,000. ""},{""offer_name"":""10% Instant Discount on Citi Credit & Debit Cards "",""offer_value"":"" Min Spend ₹3,000; Max Discount ₹1,000. ""},{""offer_name"":""10% Instant Discount on Yes Bank Credit Cards "",""offer_value"":"" Min Spend ₹3,500; Max Discount ₹1,000. ""},{""offer_name"":""Flat ₹100 Cashback on Mobiwkik Wallet/Zip "",""offer_value"":"" Min Spend ₹1,999. ""},{""offer_name"":""7.5% Discount on Myntra Kotak Credit Card."",""offer_value"":"" Max Discount Up to ₹750 on every spends. ""}]",dinnerware,359.4,1,359.4
21664722,Curvy Clan,Colourblocked A-Line Cotton Maxi Dress,3.7,3,2999,0.0,2999.0,INR,"http://assets.myntassets.com/assets/images/21664722/2023/1/23/b5fea45a-8244-4463-bf12-cad78e82f7131674446759140CurvyClanMulticolouredColourblockedMaxiDress1.jpg,http://assets.myntassets.com/assets/images/21664722/2023/1/23/f17f9fb1-cd95-4ec8-a35d-027c5cdf4f4f1674446759081CurvyClanMulticolouredColourblockedMaxiDress2.jpg,http://assets.myntassets.com/assets/images/21664722/2023/1/23/dd7ccd66-5006-437e-acba-659763dbb4501674446759120CurvyClanMulticolouredColourblockedMaxiDress3.jpg,http://assets.myntassets.com/assets/images/21664722/2023/1/23/f2f4e53a-e77c-45d2-8653-7adeb9828ebc1674446759129CurvyClanMulticolouredColourblockedMaxiDress4.jpg,http://assets.myntassets.com/assets/images/21664722/2023/1/23/d81bebbd-14c7-4121-8cc9-dc7cad6080a51674446759107CurvyClanMulticolouredColourblockedMaxiDress5.jpg,http://assets.myntassets.com/assets/images/21664722/2023/1/23/eb1985cf-5df5-4ea0-bd2e-4d40378548fb1674446759095CurvyClanMulticolouredColourblockedMaxiDress6.jpg","[""100% Original Products"",""Pay on delivery might be available"",""Easy 14 days returns and exchanges"",""Try & Buy might be available""]","{""description"":""Colourblocked A-Line dressV-neckLong, Puff sleevesMaxi length in flared hemCotton fabric"",""material_and_care"":""Cotton. Machine Wash"",""size_and_fit"":""The model (height 5'8) is wearing a size S""}","[{""name"":""Clothing"",""url"":""https://www.myntra.com/clothing""},{""name"":""Women"",""url"":""https://www.myntra.com/women-clothing""},{""name"":""Dresses"",""url"":""https://www.myntra.com/dresses""},{""name"":""Curvy Clan"",""url"":""https://www.myntra.com/curvy-clan-dresses""},{""name"":""More by Curvy Clan"",""url"":""https://www.myntra.com/curvy-clan""}]","[{""specification_name"":""Add-Ons"",""specification_value"":""NA""},{""specification_name"":""Body Shape ID"",""specification_value"":""443,333,324,424""},{""specification_name"":""Body or Garment Size"",""specification_value"":""Garment Measurements in""},{""specification_name"":""Care for me""},{""specification_name"":""Character"",""specification_value"":""NA""},{""specification_name"":""Closure"",""specification_value"":""NA""},{""specification_name"":""Fabric"",""specification_value"":""Cotton""},{""specification_name"":""Fabric 2"",""specification_value"":""NA""},{""specification_name"":""Fabric 3"",""specification_value"":""NA""},{""specification_name"":""Fabric Type"",""specification_value"":""Cotton""},{""specification_name"":""Hemline"",""specification_value"":""Flared""},{""specification_name"":""Knit or Woven"",""specification_value"":""Woven""},{""specification_name"":""Length"",""specification_value"":""Maxi""},{""specification_name"":""Lining"",""specification_value"":""Has a lining""},{""specification_name"":""Main Trend"",""specification_value"":""New Basics""},{""specification_name"":""Multipack Set"",""specification_value"":""NA""},{""specification_name"":""Neck"",""specification_value"":""V-Neck""},{""specification_name"":""Number of Pockets"",""specification_value"":""NA""},{""specification_name"":""Occasion"",""specification_value"":""Casual""},{""specification_name"":""Pattern"",""specification_value"":""Colourblocked""},{""specification_name"":""Print or Pattern Type"",""specification_value"":""Colourblocked""},{""specification_name"":""Shape"",""specification_value"":""A-Line""},{""specification_name"":""Sleeve Length"",""specification_value"":""Long Sleeves""},{""specification_name"":""Sleeve Styling"",""specification_value"":""Puff Sleeves""},{""specification_name"":""Stitch"",""specification_value"":""Ready to Wear""},{""specification_name"":""Surface Styling"",""specification_value"":""NA""},{""specification_name"":""Sustainable"",""specification_value"":""Regular""},{""specification_name"":""Transparency"",""specification_value"":""Opaque""},{""specification_name"":""Wash Care"",""specification_value"":""Machine Wash""},{""specification_name"":""Wedding"",""specification_value"":""Bride & Wedding Squad""}]","{""1_star"":0,""2_stars"":1,""3_stars"":0,""4_stars"":1,""5_stars"":1}",No review,RUB███S C███,"[{""size"":""XL"",""value"":""42.0in"",""value_name"":""Bust""},{""size"":""XL"",""value"":""41.0in"",""value_name"":""Waist""},{""size"":""XL"",""value"":""54.0in"",""value_name"":""Front Length""},{""size"":""XL"",""value"":""46.0in"",""value_name"":""Hips""},{""size"":""XL"",""value"":""15.5in"",""value_name"":""Across Shoulder""},{""size"":""XXL"",""value"":""44.0in"",""value_name"":""Bust""},{""size"":""XXL"",""value"":""43.0in"",""value_name"":""Waist""},{""size"":""XXL"",""value"":""54.0in"",""value_name"":""Front Length""},{""size"":""XXL"",""value"":""48.0in"",""value_name"":""Hips""},{""size"":""XXL"",""value"":""16.0in"",""value_name"":""Across Shoulder""},{""size"":""3XL"",""value"":""46.0in"",""value_name"":""Bust""},{""size"":""3XL"",""value"":""45.0in"",""value_name"":""Waist""},{""size"":""3XL"",""value"":""54.0in"",""value_name"":""Front Length""},{""size"":""3XL"",""value"":""50.0in"",""value_name"":""Hips""},{""size"":""3XL"",""value"":""16.5in"",""value_name"":""Across Shoulder""},{""size"":""4XL"",""value"":""48.0in"",""value_name"":""Bust""},{""size"":""4XL"",""value"":""47.0in"",""value_name"":""Waist""},{""size"":""4XL"",""value"":""54.0in"",""value_name"":""Front Length""},{""size"":""4XL"",""value"":""52.0in"",""value_name"":""Hips""},{""size"":""4XL"",""value"":""17.0in"",""value_name"":""Across Shoulder""},{""size"":""5XL"",""value"":""50.0in"",""value_name"":""Bust""},{""size"":""5XL"",""value"":""49.0in"",""value_name"":""Waist""},{""size"":""5XL"",""value"":""54.0in"",""value_name"":""Front Length""},{""size"":""5XL"",""value"":""54.0in"",""value_name"":""Hips""},{""size"":""5XL"",""value"":""17.5in"",""value_name"":""Across Shoulder""},{""size"":""6XL"",""value"":""52.0in"",""value_name"":""Bust""},{""size"":""6XL"",""value"":""51.0in"",""value_name"":""Waist""},{""size"":""6XL"",""value"":""54.0in"",""value_name"":""Front Length""},{""size"":""6XL"",""value"":""56.0in"",""value_name"":""Hips""},{""size"":""6XL"",""value"":""18.0in"",""value_name"":""Across Shoulder""},{""size"":""7XL"",""value"":""54.0in"",""value_name"":""Bust""},{""size"":""7XL"",""value"":""53.0in"",""value_name"":""Waist""},{""size"":""7XL"",""value"":""54.0in"",""value_name"":""Front Length""},{""size"":""7XL"",""value"":""58.0in"",""value_name"":""Hips""},{""size"":""7XL"",""value"":""18.5in"",""value_name"":""Across Shoulder""}]","{""applicable_on"":""Orders above Rs. 1499 (only on first purchase)"",""best_price"":""2599"",""coupon_code"":""MYNTRA400"",""coupon_discount"":"" Rs. 400.0 off (check cart for final savings)""}","[{""offer_name"":""10% Instant Discount on IndusInd Bank Debit Cards "",""offer_value"":"" Min Spend ₹2,500; Max Discount ₹1,000. ""},{""offer_name"":""10% Instant Discount on Citi Credit & Debit Cards "",""offer_value"":"" Min Spend ₹3,000; Max Discount ₹1,000. ""},{""offer_name"":""10% Instant Discount on Yes Bank Credit Cards "",""offer_value"":"" Min Spend ₹3,500; Max Discount ₹1,000. ""},{""offer_name"":""Flat ₹100 Cashback on Mobiwkik Wallet/Zip "",""offer_value"":"" Min Spend ₹1,999. ""},{""offer_name"":""7.5% Discount on Myntra Kotak Credit Card."",""offer_value"":"" Max Discount Up to ₹750 on every spends. ""},{""offer_name"":""EMI option available"",""offer_value"":""EMI starting from Rs.140/month""}]",dresses,2999.0,1,2999.0
21426422,Trendyol,Black Maxi Dress,4.1,10,4399,45.0,2419.45,INR,"http://assets.myntassets.com/assets/images/21426422/2023/1/5/5c41081a-d0e3-451b-bbcc-0c96a0212cd81672920334395Dresses1.jpg,http://assets.myntassets.com/assets/images/21426422/2023/1/5/b21198b6-7cde-4b46-b278-2a638815451a1672920334367Dresses2.jpg,http://assets.myntassets.com/assets/images/21426422/2023/1/11/aca6cb01-982a-40b5-824e-48c8aad54d7d1673429092780-Trendyol-Black-Maxi-Maxi-Dress-2841673429092704-7.jpg,http://assets.myntassets.com/assets/images/21426422/2023/1/5/f3b9a672-fc44-40db-9799-ccbd63d7b9ee1672920334381Dresses3.jpg,http://assets.myntassets.com/assets/images/21426422/2023/1/5/f269053f-77e8-4de6-ba70-47f7b4b39b471672920334353Dresses4.jpg,http://assets.myntassets.com/assets/images/21426422/2023/1/5/af2ddaa3-7d64-497c-8a79-d1c7446edb0d1672920334343Dresses5.jpg","[""100% Original Products"",""Pay on delivery might be available"",""Easy 7 days returns and exchanges"",""Try & Buy might be available""]","{""description"":""  Black solid solid maxi dress   Shoulder straps   Sleeveless,  shoulder straps   Maxi length in straight hem  "",""material_and_care"":""88% Polyester,12% Elastane. Machine Wash"",""size_and_fit"":""The model (height 5'8) is wearing a size S""}","[{""name"":""Clothing"",""url"":""https://www.myntra.com/clothing""},{""name"":""Women"",""url"":""https://www.myntra.com/women-clothing""},{""name"":""Dresses"",""url"":""https://www.myntra.com/dresses""},{""name"":""Trendyol"",""url"":""https://www.myntra.com/trendyol-dresses""},{""name"":""More by Trendyol"",""url"":""https://www.myntra.com/trendyol""}]","[{""specification_name"":""Add-Ons"",""specification_value"":""NA""},{""specification_name"":""Body Shape ID"",""specification_value"":""443,333,324,424""},{""specification_name"":""Body or Garment Size"",""specification_value"":""To-Fit Denotes Body Measurements in""},{""specification_name"":""Care for me""},{""specification_name"":""Character"",""specification_value"":""NA""},{""specification_name"":""Closure"",""specification_value"":""NA""},{""specification_name"":""Fabric 2"",""specification_value"":""NA""},{""specification_name"":""Fabric 3"",""specification_value"":""NA""},{""specification_name"":""Fabric Type"",""specification_value"":""NA""},{""specification_name"":""Hemline"",""specification_value"":""Straight""},{""specification_name"":""Knit or Woven"",""specification_value"":""Woven""},{""specification_name"":""Length"",""specification_value"":""Maxi""},{""specification_name"":""Lining"",""specification_value"":""NA""},{""specification_name"":""Main Trend"",""specification_value"":""New Basics""},{""specification_name"":""Multipack Set"",""specification_value"":""NA""},{""specification_name"":""Neck"",""specification_value"":""Shoulder Straps""},{""specification_name"":""Number of Pockets"",""specification_value"":""NA""},{""specification_name"":""Occasion"",""specification_value"":""Casual""},{""specification_name"":""Pattern"",""specification_value"":""Solid""},{""specification_name"":""Print or Pattern Type"",""specification_value"":""Solid""},{""specification_name"":""Shape"",""specification_value"":""Maxi""},{""specification_name"":""Sleeve Length"",""specification_value"":""Sleeveless""},{""specification_name"":""Sleeve Styling"",""specification_value"":""Shoulder Straps""},{""specification_name"":""Stitch"",""specification_value"":""Ready to Wear""},{""specification_name"":""Surface Styling"",""specification_value"":""NA""},{""specification_name"":""Sustainable"",""specification_value"":""Regular""},{""specification_name"":""Transparency"",""specification_value"":""Opaque""},{""specification_name"":""Wash Care"",""specification_value"":""Machine Wash""},{""specification_name"":""Wedding"",""specification_value"":""NA""}]","{""1_star"":1,""2_stars"":1,""3_stars"":0,""4_stars"":2,""5_stars"":6}","[{""percentage"":""100"",""value_name"":""Fit, Just Right""},{""percentage"":""100"",""value_name"":""Length, A Little Long""},{""percentage"":""100"",""value_name"":""Transparency, Low""}]",Sup███om ███,"[{""size"":""XS"",""value"":""32.0in"",""value_name"":""To Fit Bust""},{""size"":""XS"",""value"":""26.0in"",""value_name"":""To Fit Waist""},{""size"":""XS"",""value"":""36.0in"",""value_name"":""To Fit Hip""},{""size"":""S"",""value"":""34.0in"",""value_name"":""To Fit Bust""},{""size"":""S"",""value"":""28.0in"",""value_name"":""To Fit Waist""},{""size"":""S"",""value"":""38.0in"",""value_name"":""To Fit Hip""},{""size"":""M"",""value"":""36.0in"",""value_name"":""To Fit Bust""},{""size"":""M"",""value"":""30.0in"",""value_name"":""To Fit Waist""},{""size"":""M"",""value"":""40.0in"",""value_name"":""To Fit Hip""},{""size"":""L"",""value"":""38.0in"",""value_name"":""To Fit Bust""},{""size"":""L"",""value"":""32.0in"",""value_name"":""To Fit Waist""},{""size"":""L"",""value"":""42.0in"",""value_name"":""To Fit Hip""}]","{""applicable_on"":""Orders above Rs. 1499 (only on first purchase)"",""best_price"":""2019"",""coupon_code"":""MYNTRA400"",""coupon_discount"":"" Rs. 400.0 off (check cart for final savings)""}","[{""offer_name"":""10% Instant Discount on IndusInd Bank Debit Cards "",""offer_value"":"" Min Spend ₹2,500; Max Discount ₹1,000. ""},{""offer_name"":""10% Instant Discount on Citi Credit & Debit Cards "",""offer_value"":"" Min Spend ₹3,000; Max Discount ₹1,000. ""},{""offer_name"":""10% Instant Discount on Yes Bank Credit Cards "",""offer_value"":"" Min Spend ₹3,500; Max Discount ₹1,000. ""},{""offer_name"":""Flat ₹100 Cashback on Mobiwkik Wallet/Zip "",""offer_value"":"" Min Spend ₹1,999. ""},{""offer_name"":""7.5% Discount on Myntra Kotak Credit Card."",""offer_value"":"" Max Discount Up to ₹750 on every spends. ""},{""offer_name"":""EMI option available"",""offer_value"":""EMI starting from Rs.113/month""}]",dresses,2419.45,1,2419.45
21238004,COVER STORY,Embellished Shoulder Straps Velvet Sheath Dress,4.8,24,3490,40.0,2094.0,INR,"http://assets.myntassets.com/assets/images/21238004/2023/1/24/05fbba5c-d7a9-4982-bb60-f7aa0dadfe891674559678093-COVER-STORY-Embellished-Shoulder-Straps-Velvet-Sheath-Dress--1.jpg,http://assets.myntassets.com/assets/images/21238004/2023/1/24/eb218b07-bebf-47aa-83d9-7e2a3780d5501674559678028-COVER-STORY-Embellished-Shoulder-Straps-Velvet-Sheath-Dress--4.jpg,http://assets.myntassets.com/assets/images/21238004/2023/1/24/cb8d0143-4434-493b-87f2-829e2f5841ab1674559677979-COVER-STORY-Embellished-Shoulder-Straps-Velvet-Sheath-Dress--6.jpg,http://assets.myntassets.com/assets/images/21238004/2023/1/24/104933b6-4e2a-4dd1-9a9f-4fe0c2ee7b071674559678071-COVER-STORY-Embellished-Shoulder-Straps-Velvet-Sheath-Dress--2.jpg,http://assets.myntassets.com/assets/images/21238004/2023/1/24/42a526fb-d343-49c7-826e-4add918671791674559678050-COVER-STORY-Embellished-Shoulder-Straps-Velvet-Sheath-Dress--3.jpg,http://assets.myntassets.com/assets/images/21238004/2023/1/24/179e03d6-3962-4f29-8a56-c1d2cc750fea1674559678006-COVER-STORY-Embellished-Shoulder-Straps-Velvet-Sheath-Dress--5.jpg,http://assets.myntassets.com/assets/images/21238004/2023/1/24/d7abb088-c9a7-4880-84e5-a65a7643804b1674559677953-COVER-STORY-Embellished-Shoulder-Straps-Velvet-Sheath-Dress--7.jpg","[""100% Original Products"",""Pay on delivery might be available"",""Easy 14 days returns and exchanges"",""Try & Buy might be available""]","{""description"":""embellished solid sheath dressShoulder strapsSleeveless, no sleevesKnee length length in straight hemVelvet fabricConcealed zip closure"",""material_and_care"":""95%Polyester 5%Spandex. Machine Wash"",""size_and_fit"":""The model (height 5'8) is wearing a size S""}","[{""name"":""Clothing"",""url"":""https://www.myntra.com/clothing""},{""name"":""Women"",""url"":""https://www.myntra.com/women-clothing""},{""name"":""Dresses"",""url"":""https://www.myntra.com/dresses""},{""name"":""COVER STORY"",""url"":""https://www.myntra.com/cover-story-dresses""},{""name"":""More by COVER STORY"",""url"":""https://www.myntra.com/cover-story""}]","[{""specification_name"":""Add-Ons"",""specification_value"":""NA""},{""specification_name"":""Body Shape ID"",""specification_value"":""443,333,424""},{""specification_name"":""Body or Garment Size"",""specification_value"":""To-Fit Denotes Body Measurements in""},{""specification_name"":""Care for me""},{""specification_name"":""Character"",""specification_value"":""NA""},{""specification_name"":""Closure"",""specification_value"":""Concealed Zip""},{""specification_name"":""Fabric 2"",""specification_value"":""NA""},{""specification_name"":""Fabric 3"",""specification_value"":""NA""},{""specification_name"":""Fabric Type"",""specification_value"":""Velvet""},{""specification_name"":""Hemline"",""specification_value"":""Straight""},{""specification_name"":""Knit or Woven"",""specification_value"":""Knitted""},{""specification_name"":""Length"",""specification_value"":""Knee Length""},{""specification_name"":""Lining"",""specification_value"":""NA""},{""specification_name"":""Main Trend"",""specification_value"":""New Basics""},{""specification_name"":""Multipack Set"",""specification_value"":""NA""},{""specification_name"":""Neck"",""specification_value"":""Shoulder Straps""},{""specification_name"":""Number of Pockets"",""specification_value"":""NA""},{""specification_name"":""Occasion"",""specification_value"":""Casual""},{""specification_name"":""Pattern"",""specification_value"":""Solid""},{""specification_name"":""Print or Pattern Type"",""specification_value"":""Embellished""},{""specification_name"":""Shape"",""specification_value"":""Sheath""},{""specification_name"":""Sleeve Length"",""specification_value"":""Sleeveless""},{""specification_name"":""Sleeve Styling"",""specification_value"":""No Sleeves""},{""specification_name"":""Stitch"",""specification_value"":""Ready to Wear""},{""specification_name"":""Surface Styling"",""specification_value"":""NA""},{""specification_name"":""Sustainable"",""specification_value"":""Regular""},{""specification_name"":""Transparency"",""specification_value"":""Opaque""},{""specification_name"":""Wash Care"",""specification_value"":""Machine Wash""},{""specification_name"":""Wedding"",""specification_value"":""NA""},{""specification_name"":""Where-to-wear""}]","{""1_star"":1,""2_stars"":0,""3_stars"":0,""4_stars"":2,""5_stars"":21}","[{""percentage"":""100"",""value_name"":""Fit, A Little Tight""},{""percentage"":""100"",""value_name"":""Length, Just Right""},{""percentage"":""100"",""value_name"":""Transparency, Low""}]",Cov███Sto███Clo█████████ite███,"[{""size"":""XS"",""value"":""32.0in"",""value_name"":""To Fit Bust""},{""size"":""XS"",""value"":""26.0in"",""value_name"":""To Fit Waist""},{""size"":""XS"",""value"":""37.4in"",""value_name"":""Front Length""},{""size"":""XS"",""value"":""34.5in"",""value_name"":""To Fit Hip""},{""size"":""S"",""value"":""34.0in"",""value_name"":""To Fit Bust""},{""size"":""S"",""value"":""28.0in"",""value_name"":""To Fit Waist""},{""size"":""S"",""value"":""37.8in"",""value_name"":""Front Length""},{""size"":""S"",""value"":""36.5in"",""value_name"":""To Fit Hip""},{""size"":""M"",""value"":""36.0in"",""value_name"":""To Fit Bust""},{""size"":""M"",""value"":""30.0in"",""value_name"":""To Fit Waist""},{""size"":""M"",""value"":""38.2in"",""value_name"":""Front Length""},{""size"":""M"",""value"":""38.5in"",""value_name"":""To Fit Hip""},{""size"":""L"",""value"":""38.0in"",""value_name"":""To Fit Bust""},{""size"":""L"",""value"":""32.0in"",""value_name"":""To Fit Waist""},{""size"":""L"",""value"":""38.6in"",""value_name"":""Front Length""},{""size"":""L"",""value"":""40.5in"",""value_name"":""To Fit Hip""},{""size"":""XL"",""value"":""40.0in"",""value_name"":""To Fit Bust""},{""size"":""XL"",""value"":""34.0in"",""value_name"":""To Fit Waist""},{""size"":""XL"",""value"":""39.0in"",""value_name"":""Front Length""},{""size"":""XL"",""value"":""42.5in"",""value_name"":""To Fit Hip""},{""size"":""XXL"",""value"":""42.0in"",""value_name"":""To Fit Bust""},{""size"":""XXL"",""value"":""36.0in"",""value_name"":""To Fit Waist""},{""size"":""XXL"",""value"":""39.4in"",""value_name"":""Front Length""},{""size"":""XXL"",""value"":""44.5in"",""value_name"":""To Fit Hip""}]","{""applicable_on"":""Orders above Rs. 1499 (only on first purchase)"",""best_price"":""1694"",""coupon_code"":""MYNTRA400"",""coupon_discount"":"" Rs. 400.0 off (check cart for final savings)""}","[{""offer_name"":""10% Instant Discount on IndusInd Bank Debit Cards "",""offer_value"":"" Min Spend ₹2,500; Max Discount ₹1,000. ""},{""offer_name"":""10% Instant Discount on Citi Credit & Debit Cards "",""offer_value"":"" Min Spend ₹3,000; Max Discount ₹1,000. ""},{""offer_name"":""10% Instant Discount on Yes Bank Credit Cards "",""offer_value"":"" Min Spend ₹3,500; Max Discount ₹1,000. ""},{""offer_name"":""Flat ₹100 Cashback on Mobiwkik Wallet/Zip "",""offer_value"":"" Min Spend ₹1,999. ""},{""offer_name"":""7.5% Discount on Myntra Kotak Credit Card."",""offer_value"":"" Max Discount Up to ₹750 on every spends. ""},{""offer_name"":""EMI option available"",""offer_value"":""EMI starting from Rs.98/month""}]",dresses,2094.0,1,2094.0
21426632,Trendyol,Floral Printed Shoulder strap A-Line Mini Dress,3.9,35,3599,30.0,2519.3,INR,"http://assets.myntassets.com/assets/images/21426632/2023/1/5/b156160a-18eb-4df7-a213-20db018e2c0c1672922276187Dresses1.jpg,http://assets.myntassets.com/assets/images/21426632/2023/1/5/67e3d02d-fa6e-44fd-a3a4-f4f73ddfed531672922276178Dresses2.jpg,http://assets.myntassets.com/assets/images/21426632/2023/1/11/bd930030-e4cb-4a55-96fd-49c3ae28c1de1673428879055-Trendyol--Floral-Printed-Shoulder-strap-A-Line-Mini-Dress-67-7.jpg,http://assets.myntassets.com/assets/images/21426632/2023/1/5/e3f33a4b-174f-42f9-9518-ea62682814dd1672922276199Dresses3.jpg,http://assets.myntassets.com/assets/images/21426632/2023/1/5/a54dfadc-5346-463f-9bea-0eb6c82869831672922276155Dresses4.jpg,http://assets.myntassets.com/assets/images/21426632/2023/1/5/085ad5d7-10d3-416d-8aae-31222c9ef2321672922276169Dresses5.jpg","[""100% Original Products"",""Pay on delivery might be available"",""Easy 7 days returns and exchanges"",""Try & Buy might be available""]","{""description"":""Floral print a-line dressShoulder strapsSleeveless, shoulder strapsMini length in flounce hem hem"",""material_and_care"":""100% Polyester. &nbsp;Machine Wash"",""size_and_fit"":""The model (height 5'8) is wearing a size S""}","[{""name"":""Clothing"",""url"":""https://www.myntra.com/clothing""},{""name"":""Women"",""url"":""https://www.myntra.com/women-clothing""},{""name"":""Dresses"",""url"":""https://www.myntra.com/dresses""},{""name"":""Trendyol"",""url"":""https://www.myntra.com/trendyol-dresses""},{""name"":""More by Trendyol"",""url"":""https://www.myntra.com/trendyol""}]","[{""specification_name"":""Add-Ons"",""specification_value"":""NA""},{""specification_name"":""Body Shape ID"",""specification_value"":""443,333,424""},{""specification_name"":""Body or Garment Size"",""specification_value"":""To-Fit Denotes Body Measurements in""},{""specification_name"":""Care for me""},{""specification_name"":""Character"",""specification_value"":""NA""},{""specification_name"":""Closure"",""specification_value"":""NA""},{""specification_name"":""Fabric 2"",""specification_value"":""NA""},{""specification_name"":""Fabric 3"",""specification_value"":""NA""},{""specification_name"":""Fabric Type"",""specification_value"":""NA""},{""specification_name"":""Hemline"",""specification_value"":""Flounce""},{""specification_name"":""Knit or Woven"",""specification_value"":""Woven""},{""specification_name"":""Length"",""specification_value"":""Mini""},{""specification_name"":""Lining"",""specification_value"":""NA""},{""specification_name"":""Main Trend"",""specification_value"":""New Basics""},{""specification_name"":""Multipack Set"",""specification_value"":""NA""},{""specification_name"":""Neck"",""specification_value"":""Shoulder Straps""},{""specification_name"":""Number of Pockets"",""specification_value"":""NA""},{""specification_name"":""Occasion"",""specification_value"":""Casual""},{""specification_name"":""Pattern"",""specification_value"":""Printed""},{""specification_name"":""Print or Pattern Type"",""specification_value"":""Floral""},{""specification_name"":""Shape"",""specification_value"":""A-Line""},{""specification_name"":""Sleeve Length"",""specification_value"":""Sleeveless""},{""specification_name"":""Sleeve Styling"",""specification_value"":""Shoulder Straps""},{""specification_name"":""Stitch"",""specification_value"":""Ready to Wear""},{""specification_name"":""Surface Styling"",""specification_value"":""NA""},{""specification_name"":""Sustainable"",""specification_value"":""Regular""},{""specification_name"":""Transparency"",""specification_value"":""Opaque""},{""specification_name"":""Wash Care"",""specification_value"":""Machine Wash""},{""specification_name"":""Wedding"",""specification_value"":""NA""}]","{""1_star"":6,""2_stars"":2,""3_stars"":1,""4_stars"":5,""5_stars"":21}",No review,Sup███om ███,"[{""size"":""XS"",""value"":""32.0in"",""value_name"":""To Fit Bust""},{""size"":""XS"",""value"":""26.0in"",""value_name"":""To Fit Waist""},{""size"":""XS"",""value"":""36.0in"",""value_name"":""To Fit Hip""},{""size"":""S"",""value"":""34.0in"",""value_name"":""To Fit Bust""},{""size"":""S"",""value"":""28.0in"",""value_name"":""To Fit Waist""},{""size"":""S"",""value"":""38.0in"",""value_name"":""To Fit Hip""},{""size"":""M"",""value"":""36.0in"",""value_name"":""To Fit Bust""},{""size"":""M"",""value"":""30.0in"",""value_name"":""To Fit Waist""},{""size"":""M"",""value"":""40.0in"",""value_name"":""To Fit Hip""},{""size"":""L"",""value"":""38.0in"",""value_name"":""To Fit Bust""},{""size"":""L"",""value"":""32.0in"",""value_name"":""To Fit Waist""},{""size"":""L"",""value"":""42.0in"",""value_name"":""To Fit Hip""},{""size"":""XL"",""value"":""40.0in"",""value_name"":""To Fit Bust""},{""size"":""XL"",""value"":""34.0in"",""value_name"":""To Fit Waist""},{""size"":""XL"",""value"":""44.0in"",""value_name"":""To Fit Hip""}]","{""applicable_on"":""Orders above Rs. 1499 (only on first purchase)"",""best_price"":""2119"",""coupon_code"":""MYNTRA400"",""coupon_discount"":"" Rs. 400.0 off (check cart for final savings)""}","[{""offer_name"":""10% Instant Discount on IndusInd Bank Debit Cards "",""offer_value"":"" Min Spend ₹2,500; Max Discount ₹1,000. ""},{""offer_name"":""10% Instant Discount on Citi Credit & Debit Cards "",""offer_value"":"" Min Spend ₹3,000; Max Discount ₹1,000. ""},{""offer_name"":""10% Instant Discount on Yes Bank Credit Cards "",""offer_value"":"" Min Spend ₹3,500; Max Discount ₹1,000. ""},{""offer_name"":""Flat ₹100 Cashback on Mobiwkik Wallet/Zip "",""offer_value"":"" Min Spend ₹1,999. ""},{""offer_name"":""7.5% Discount on Myntra Kotak Credit Card."",""offer_value"":"" Max Discount Up to ₹750 on every spends. ""},{""offer_name"":""EMI option available"",""offer_value"":""EMI starting from Rs.118/month""}]",dresses,2519.3,1,2519.3
21673378,RACHNA,Floral Print Flared Sleeve Crepe A-Line Mini Dress,3.0,4,1299,51.0,636.51,INR,"http://assets.myntassets.com/assets/images/21673378/2023/3/15/313e740c-9117-4a73-a1ee-050f088d39511678850191991-RACHNA-Floral-Print-Flared-Sleeve-Crepe-A-Line-Mini-Dress-47-1.jpg,http://assets.myntassets.com/assets/images/21673378/2023/3/15/34a3a1d7-b699-4cca-aecd-686264ddab431678850191978-RACHNA-Floral-Print-Flared-Sleeve-Crepe-A-Line-Mini-Dress-47-2.jpg,http://assets.myntassets.com/assets/images/21673378/2023/3/15/7f9f0e7f-003a-44fd-91b5-6536d7eab7e01678850191965-RACHNA-Floral-Print-Flared-Sleeve-Crepe-A-Line-Mini-Dress-47-3.jpg,http://assets.myntassets.com/assets/images/21673378/2023/3/15/5b257afa-6bad-4ec1-8aa3-e938668e0d781678850191951-RACHNA-Floral-Print-Flared-Sleeve-Crepe-A-Line-Mini-Dress-47-4.jpg,http://assets.myntassets.com/assets/images/21673378/2023/3/15/709ab11a-06ba-4d5d-81b6-bf48cafc725c1678850191938-RACHNA-Floral-Print-Flared-Sleeve-Crepe-A-Line-Mini-Dress-47-5.jpg","[""100% Original Products"",""Pay on delivery might be available"",""Easy 14 days returns and exchanges"",""Try & Buy might be available""]","{""description"":""  Black floral print a-line dress   Round neck   Short,  flared sleeve   Smocked detail   Mini length in curved hem   Crepe fabric  "",""material_and_care"":""Crepe&nbsp;. Machine Wash"",""size_and_fit"":""The model (height 5'8) is wearing a size S""}","[{""name"":""Clothing"",""url"":""https://www.myntra.com/clothing""},{""name"":""Women"",""url"":""https://www.myntra.com/women-clothing""},{""name"":""Dresses"",""url"":""https://www.myntra.com/dresses""},{""name"":""RACHNA"",""url"":""https://www.myntra.com/rachna-dresses""},{""name"":""More by RACHNA"",""url"":""https://www.myntra.com/rachna""}]","[{""specification_name"":""Add-Ons"",""specification_value"":""NA""},{""specification_name"":""Body Shape ID"",""specification_value"":""443,333,424""},{""specification_name"":""Body or Garment Size"",""specification_value"":""Garment Measurements in""},{""specification_name"":""Care for me"",""specification_value"":""Follow the fabric care label. Warm machine wash is recommended.\r\nCan be tumble dried in a cool setting.\r\nPrevent static build-up by drying while damp. \r\nUse low heat to iron.""},{""specification_name"":""Character"",""specification_value"":""NA""},{""specification_name"":""Closure"",""specification_value"":""NA""},{""specification_name"":""Fabric 2"",""specification_value"":""Viscose Rayon""},{""specification_name"":""Fabric 3"",""specification_value"":""NA""},{""specification_name"":""Fabric Type"",""specification_value"":""Crepe""},{""specification_name"":""Hemline"",""specification_value"":""Curved""},{""specification_name"":""Knit or Woven"",""specification_value"":""Knitted""},{""specification_name"":""Length"",""specification_value"":""Mini""},{""specification_name"":""Lining"",""specification_value"":""NA""},{""specification_name"":""Main Trend"",""specification_value"":""Floral""},{""specification_name"":""Multipack Set"",""specification_value"":""NA""},{""specification_name"":""Neck"",""specification_value"":""Round Neck""},{""specification_name"":""Number of Pockets"",""specification_value"":""NA""},{""specification_name"":""Occasion"",""specification_value"":""Casual""},{""specification_name"":""Pattern"",""specification_value"":""Printed""},{""specification_name"":""Print or Pattern Type"",""specification_value"":""Floral""},{""specification_name"":""Shape"",""specification_value"":""A-Line""},{""specification_name"":""Sleeve Length"",""specification_value"":""Short Sleeves""},{""specification_name"":""Sleeve Styling"",""specification_value"":""Flared Sleeves""},{""specification_name"":""Stitch"",""specification_value"":""Ready to Wear""},{""specification_name"":""Surface Styling"",""specification_value"":""Smocked""},{""specification_name"":""Sustainable"",""specification_value"":""Regular""},{""specification_name"":""Transparency"",""specification_value"":""Opaque""},{""specification_name"":""Wash Care"",""specification_value"":""Machine Wash""},{""specification_name"":""Wedding"",""specification_value"":""NA""}]","{""1_star"":1,""2_stars"":1,""3_stars"":0,""4_stars"":1,""5_stars"":1}",No review,RAC███ AR███RIN█████████TD.███,"[{""size"":""M"",""value"":""38.0in"",""value_name"":""Bust""},{""size"":""M"",""value"":""34.0in"",""value_name"":""Waist""},{""size"":""M"",""value"":""43.0in"",""value_name"":""Front Length""},{""size"":""M"",""value"":""40.0in"",""value_name"":""Hips""},{""size"":""M"",""value"":""13.0in"",""value_name"":""Across Shoulder""},{""size"":""L"",""value"":""40.0in"",""value_name"":""Bust""},{""size"":""L"",""value"":""35.0in"",""value_name"":""Waist""},{""size"":""L"",""value"":""43.0in"",""value_name"":""Front Length""},{""size"":""L"",""value"":""41.0in"",""value_name"":""Hips""},{""size"":""L"",""value"":""14.0in"",""value_name"":""Across Shoulder""},{""size"":""XL"",""value"":""42.0in"",""value_name"":""Bust""},{""size"":""XL"",""value"":""36.0in"",""value_name"":""Waist""},{""size"":""XL"",""value"":""43.0in"",""value_name"":""Front Length""},{""size"":""XL"",""value"":""42.0in"",""value_name"":""Hips""},{""size"":""XL"",""value"":""15.0in"",""value_name"":""Across Shoulder""},{""size"":""XXL"",""value"":""44.0in"",""value_name"":""Bust""},{""size"":""XXL"",""value"":""37.0in"",""value_name"":""Waist""},{""size"":""XXL"",""value"":""43.0in"",""value_name"":""Front Length""},{""size"":""XXL"",""value"":""43.0in"",""value_name"":""Hips""},{""size"":""XXL"",""value"":""16.0in"",""value_name"":""Across Shoulder""}]","{""applicable_on"":""Orders above Rs. 649 (only on first purchase)"",""best_price"":""434"",""coupon_code"":""MYNTRA200"",""coupon_discount"":"" Rs. 194.0 off (check cart for final savings)""}","[{""offer_name"":""10% Instant Discount on IndusInd Bank Debit Cards "",""offer_value"":"" Min Spend ₹2,500; Max Discount ₹1,000. ""},{""offer_name"":""10% Instant Discount on Citi Credit & Debit Cards "",""offer_value"":"" Min Spend ₹3,000; Max Discount ₹1,000. ""},{""offer_name"":""10% Instant Discount on Yes Bank Credit Cards "",""offer_value"":"" Min Spend ₹3,500; Max Discount ₹1,000. ""},{""offer_name"":""Flat ₹100 Cashback on Mobiwkik Wallet/Zip "",""offer_value"":"" Min Spend ₹1,999. ""},{""offer_name"":""7.5% Discount on Myntra Kotak Credit Card."",""offer_value"":"" Max Discount Up to ₹750 on every spends. ""},{""offer_name"":""EMI option available"",""offer_value"":""EMI starting from Rs.30/month""}]",dresses,636.51,1,636.51
21664936,Label Ritu Kumar,Candy Striped Pure Cotton Maxi Dress,0.0,0,5900,30.0,4130.0,INR,"http://assets.myntassets.com/assets/images/21664936/2023/1/31/edee878b-5919-405b-932b-5b4e740e5c3c1675156742837-Label-Ritu-Kumar-Women-Dresses-6231675156742211-1.jpg,http://assets.myntassets.com/assets/images/21664936/2023/1/31/e32cbdc8-8126-4617-b68a-3450c09809691675156742818-Label-Ritu-Kumar-Women-Dresses-6231675156742211-2.jpg,http://assets.myntassets.com/assets/images/21664936/2023/1/31/d52fb074-6f12-4d3a-b003-a4376c56b4481675156742795-Label-Ritu-Kumar-Women-Dresses-6231675156742211-3.jpg,http://assets.myntassets.com/assets/images/21664936/2023/1/31/c9219eb6-40d9-4120-8afd-3914e07129691675156742775-Label-Ritu-Kumar-Women-Dresses-6231675156742211-4.jpg,http://assets.myntassets.com/assets/images/21664936/2023/1/31/4e5d4141-f6bf-46b2-a3bb-571705c5da1b1675156742753-Label-Ritu-Kumar-Women-Dresses-6231675156742211-5.jpg,http://assets.myntassets.com/assets/images/21664936/2023/1/31/00873489-d411-4eea-b434-e0a4143071ad1675156742731-Label-Ritu-Kumar-Women-Dresses-6231675156742211-6.jpg","[""100% Original Products"",""Pay on delivery might be available"",""Easy 7 days returns and exchanges"",""Try & Buy might be available""]","{""description"":""Multicoloured striped fit & flare dressV-neckThree-quarter, puff sleevesSmocked detailMaxi length in flounce hem"",""material_and_care"":""100% cotton. Machine wash"",""size_and_fit"":"". Size worn by the model: S. Chest: 30\"". Waist: 24\"". Hips: 36\"". Height: 5'6\"". ""}","[{""name"":""Clothing"",""url"":""https://www.myntra.com/clothing""},{""name"":""Women"",""url"":""https://www.myntra.com/women-clothing""},{""name"":""Dresses"",""url"":""https://www.myntra.com/dresses""},{""name"":""Label Ritu Kumar"",""url"":""https://www.myntra.com/label-ritu-kumar-dresses""},{""name"":""More by Label Ritu Kumar"",""url"":""https://www.myntra.com/label-ritu-kumar""}]","[{""specification_name"":""Add-Ons"",""specification_value"":""NA""},{""specification_name"":""Body Shape ID"",""specification_value"":""443,333,324,424""},{""specification_name"":""Body or Garment Size"",""specification_value"":""To-Fit Denotes Body Measurements in""},{""specification_name"":""Care for me"",""specification_value"":""Machine Wash in cold water (30 degree C or low) to avoid shrinkage\r\nLine-dry in shade to avoid yellowing\r\nFor whites, wash with non-chlorine bleach on a hot water setting\r\nIron when slightly damp""},{""specification_name"":""Character"",""specification_value"":""NA""},{""specification_name"":""Closure"",""specification_value"":""NA""},{""specification_name"":""Fabric"",""specification_value"":""Cotton""},{""specification_name"":""Fabric 2"",""specification_value"":""NA""},{""specification_name"":""Fabric 3"",""specification_value"":""NA""},{""specification_name"":""Fabric Type"",""specification_value"":""NA""},{""specification_name"":""Hemline"",""specification_value"":""Flounce""},{""specification_name"":""Knit or Woven"",""specification_value"":""Knitted and Woven""},{""specification_name"":""Length"",""specification_value"":""Maxi""},{""specification_name"":""Lining"",""specification_value"":""Has a lining""},{""specification_name"":""Main Trend"",""specification_value"":""Candy Stripes""},{""specification_name"":""Multipack Set"",""specification_value"":""NA""},{""specification_name"":""Neck"",""specification_value"":""V-Neck""},{""specification_name"":""Number of Pockets"",""specification_value"":""NA""},{""specification_name"":""Occasion"",""specification_value"":""Casual""},{""specification_name"":""Pattern"",""specification_value"":""Striped""},{""specification_name"":""Print or Pattern Type"",""specification_value"":""Striped""},{""specification_name"":""Shape"",""specification_value"":""Fit and Flare""},{""specification_name"":""Sleeve Length"",""specification_value"":""Three-Quarter Sleeves""},{""specification_name"":""Sleeve Styling"",""specification_value"":""Puff Sleeves""},{""specification_name"":""Stitch"",""specification_value"":""Ready to Wear""},{""specification_name"":""Surface Styling"",""specification_value"":""Smocked""},{""specification_name"":""Sustainable"",""specification_value"":""Regular""},{""specification_name"":""Transparency"",""specification_value"":""Opaque""},{""specification_name"":""Wash Care"",""specification_value"":""Machine Wash""},{""specification_name"":""Wedding"",""specification_value"":""NA""}]","{""1_star"":0,""2_stars"":0,""3_stars"":0,""4_stars"":0,""5_stars"":0}","[{""percentage"":""100"",""value_name"":""Fit, Just Right""},{""percentage"":""100"",""value_name"":""Length, Just Right""},{""percentage"":""100"",""value_name"":""Transparency, Medium""}]",REL███CE ███U K█████████ATE█████████,"[{""size"":""XS"",""value"":""32.0in"",""value_name"":""To Fit Bust""},{""size"":""XS"",""value"":""26.0in"",""value_name"":""To Fit Waist""},{""size"":""XS"",""value"":""48.25in"",""value_name"":""Front Length""},{""size"":""XS"",""value"":""35.0in"",""value_name"":""To Fit Hip""},{""size"":""S"",""value"":""34.0in"",""value_name"":""To Fit Bust""},{""size"":""S"",""value"":""28.0in"",""value_name"":""To Fit Waist""},{""size"":""S"",""value"":""48.5in"",""value_name"":""Front Length""},{""size"":""S"",""value"":""37.0in"",""value_name"":""To Fit Hip""},{""size"":""M"",""value"":""36.0in"",""value_name"":""To Fit Bust""},{""size"":""M"",""value"":""30.0in"",""value_name"":""To Fit Waist""},{""size"":""M"",""value"":""48.75in"",""value_name"":""Front Length""},{""size"":""M"",""value"":""39.0in"",""value_name"":""To Fit Hip""},{""size"":""L"",""value"":""38.0in"",""value_name"":""To Fit Bust""},{""size"":""L"",""value"":""32.0in"",""value_name"":""To Fit Waist""},{""size"":""L"",""value"":""49.0in"",""value_name"":""Front Length""},{""size"":""L"",""value"":""41.0in"",""value_name"":""To Fit Hip""},{""size"":""XL"",""value"":""40.0in"",""value_name"":""To Fit Bust""},{""size"":""XL"",""value"":""34.0in"",""value_name"":""To Fit Waist""},{""size"":""XL"",""value"":""49.25in"",""value_name"":""Front Length""},{""size"":""XL"",""value"":""43.0in"",""value_name"":""To Fit Hip""}]","{""applicable_on"":""Orders above Rs. 1499 (only on first purchase)"",""best_price"":""3730"",""coupon_code"":""MYNTRA400"",""coupon_discount"":"" Rs. 400.0 off (check cart for final savings)""}","[{""offer_name"":""10% Instant Discount on IndusInd Bank Debit Cards "",""offer_value"":"" Min Spend ₹2,500; Max Discount ₹1,000. ""},{""offer_name"":""10% Instant Discount on Citi Credit & Debit Cards "",""offer_value"":"" Min Spend ₹3,000; Max Discount ₹1,000. ""},{""offer_name"":""10% Instant Discount on Yes Bank Credit Cards "",""offer_value"":"" Min Spend ₹3,500; Max Discount ₹1,000. ""},{""offer_name"":""Flat ₹100 Cashback on Mobiwkik Wallet/Zip "",""offer_value"":"" Min Spend ₹1,999. ""},{""offer_name"":""7.5% Discount on Myntra Kotak Credit Card."",""offer_value"":"" Max Discount Up to ₹750 on every spends. ""},{""offer_name"":""EMI option available"",""offer_value"":""EMI starting from Rs.193/month""}]",dresses,4130.0,1,4130.0
21665324,Harpa,Sweetheart Neck Puff Sleeves Sheath Dress,2.3,4,1999,55.0,899.55,INR,"http://assets.myntassets.com/assets/images/21665324/2023/1/23/bc2d0dac-fc50-40c8-a417-8d16f01fdf891674454317331Dresses1.jpg,http://assets.myntassets.com/assets/images/21665324/2023/1/23/5593c3fd-9f96-4803-be94-ea526ffca50f1674454317272Dresses2.jpg,http://assets.myntassets.com/assets/images/21665324/2023/1/23/0fea2f5b-bda7-428f-832e-f6b9c3ea0cc71674454317308Dresses3.jpg,http://assets.myntassets.com/assets/images/21665324/2023/1/23/4556ecfd-144b-4dcb-abde-f123a4f26a471674454317320Dresses4.jpg,http://assets.myntassets.com/assets/images/21665324/2023/1/23/5c0d5cc5-ef2a-4164-aae6-56b1db156dd61674454317297Dresses5.jpg,http://assets.myntassets.com/assets/images/21665324/2023/1/23/d40ee26e-1dc3-4046-8e8e-7b15732b3afa1674454317286Dresses6.jpg","[""100% Original Products"",""Pay on delivery might be available"",""Easy 14 days returns and exchanges"",""Try & Buy might be available""]","{""description"":""solid sheath dressSweetheart neckShort, puff sleeveKnee length in straight hem"",""material_and_care"":""Polyester. Hand wash"",""size_and_fit"":""The model (height 5'8) is wearing a size S""}","[{""name"":""Clothing"",""url"":""https://www.myntra.com/clothing""},{""name"":""Women"",""url"":""https://www.myntra.com/women-clothing""},{""name"":""Dresses"",""url"":""https://www.myntra.com/dresses""},{""name"":""Harpa"",""url"":""https://www.myntra.com/harpa-dresses""},{""name"":""More by Harpa"",""url"":""https://www.myntra.com/harpa""}]","[{""specification_name"":""Add-Ons"",""specification_value"":""NA""},{""specification_name"":""Body Shape ID"",""specification_value"":""443,333,424""},{""specification_name"":""Body or Garment Size"",""specification_value"":""To-Fit Denotes Body Measurements in""},{""specification_name"":""Care for me""},{""specification_name"":""Character"",""specification_value"":""NA""},{""specification_name"":""Closure"",""specification_value"":""NA""},{""specification_name"":""Fabric 2"",""specification_value"":""NA""},{""specification_name"":""Fabric 3"",""specification_value"":""NA""},{""specification_name"":""Fabric Type"",""specification_value"":""NA""},{""specification_name"":""Hemline"",""specification_value"":""Straight""},{""specification_name"":""Knit or Woven"",""specification_value"":""Knitted""},{""specification_name"":""Length"",""specification_value"":""Knee Length""},{""specification_name"":""Lining"",""specification_value"":""NA""},{""specification_name"":""Main Trend"",""specification_value"":""New Basics""},{""specification_name"":""Multipack Set"",""specification_value"":""NA""},{""specification_name"":""Neck"",""specification_value"":""Sweetheart Neck""},{""specification_name"":""Number of Pockets"",""specification_value"":""NA""},{""specification_name"":""Occasion"",""specification_value"":""Party""},{""specification_name"":""Pattern"",""specification_value"":""Solid""},{""specification_name"":""Print or Pattern Type"",""specification_value"":""Solid""},{""specification_name"":""Shape"",""specification_value"":""Sheath""},{""specification_name"":""Sleeve Length"",""specification_value"":""Short Sleeves""},{""specification_name"":""Sleeve Styling"",""specification_value"":""Puff Sleeves""},{""specification_name"":""Stitch"",""specification_value"":""Ready to Wear""},{""specification_name"":""Surface Styling"",""specification_value"":""NA""},{""specification_name"":""Sustainable"",""specification_value"":""Regular""},{""specification_name"":""Transparency"",""specification_value"":""Opaque""},{""specification_name"":""Wash Care"",""specification_value"":""Hand Wash""},{""specification_name"":""Wedding"",""specification_value"":""Guests & Gifting""}]","{""1_star"":2,""2_stars"":0,""3_stars"":1,""4_stars"":1,""5_stars"":0}",No review,HAR███RET███ PV█████████,"[{""size"":""XS"",""value"":""32.0in"",""value_name"":""To Fit Bust""},{""size"":""XS"",""value"":""25.0in"",""value_name"":""To Fit Waist""},{""size"":""XS"",""value"":""43.0in"",""value_name"":""Front Length""},{""size"":""XS"",""value"":""32.0in"",""value_name"":""To Fit Hip""},{""size"":""S"",""value"":""34.0in"",""value_name"":""To Fit Bust""},{""size"":""S"",""value"":""27.0in"",""value_name"":""To Fit Waist""},{""size"":""S"",""value"":""44.0in"",""value_name"":""Front Length""},{""size"":""S"",""value"":""34.0in"",""value_name"":""To Fit Hip""},{""size"":""M"",""value"":""36.0in"",""value_name"":""To Fit Bust""},{""size"":""M"",""value"":""29.0in"",""value_name"":""To Fit Waist""},{""size"":""M"",""value"":""45.0in"",""value_name"":""Front Length""},{""size"":""M"",""value"":""36.0in"",""value_name"":""To Fit Hip""},{""size"":""L"",""value"":""38.0in"",""value_name"":""To Fit Bust""},{""size"":""L"",""value"":""31.0in"",""value_name"":""To Fit Waist""},{""size"":""L"",""value"":""46.0in"",""value_name"":""Front Length""},{""size"":""L"",""value"":""38.0in"",""value_name"":""To Fit Hip""},{""size"":""XL"",""value"":""40.0in"",""value_name"":""To Fit Bust""},{""size"":""XL"",""value"":""33.0in"",""value_name"":""To Fit Waist""},{""size"":""XL"",""value"":""47.0in"",""value_name"":""Front Length""},{""size"":""XL"",""value"":""40.0in"",""value_name"":""To Fit Hip""}]","{""applicable_on"":""Orders above Rs. 999 (only on first purchase)"",""best_price"":""629"",""coupon_code"":""MYNTRA300"",""coupon_discount"":"" Rs. 270.0 off (check cart for final savings)""}","[{""offer_name"":""10% Instant Discount on IndusInd Bank Debit Cards "",""offer_value"":"" Min Spend ₹2,500; Max Discount ₹1,000. ""},{""offer_name"":""10% Instant Discount on Citi Credit & Debit Cards "",""offer_value"":"" Min Spend ₹3,000; Max Discount ₹1,000. ""},{""offer_name"":""10% Instant Discount on Yes Bank Credit Cards "",""offer_value"":"" Min Spend ₹3,500; Max Discount ₹1,000. ""},{""offer_name"":""Flat ₹100 Cashback on Mobiwkik Wallet/Zip "",""offer_value"":"" Min Spend ₹1,999. ""},{""offer_name"":""7.5% Discount on Myntra Kotak Credit Card."",""offer_value"":"" Max Discount Up to ₹750 on every spends. ""},{""offer_name"":""EMI option available"",""offer_value"":""EMI starting from Rs.42/month""}]",dresses,899.55,1,899.55
21664854,aarke Ritu Kumar,Cotton A-Line Dress,4.0,6,2200,30.0,1540.0,INR,"http://assets.myntassets.com/assets/images/21664854/2023/2/1/8deeca78-2c32-4378-bdc9-474c4c0f95ac1675238059722-aarke-Ritu-Kumar-Women-Dresses-3591675238059260-1.jpg,http://assets.myntassets.com/assets/images/21664854/2023/2/1/3c846003-058b-4913-8066-2bd3188e19fa1675238059696-aarke-Ritu-Kumar-Women-Dresses-3591675238059260-2.jpg,http://assets.myntassets.com/assets/images/21664854/2023/2/1/f9a490d4-2140-4adb-abdf-da4fd50a3baa1675238059669-aarke-Ritu-Kumar-Women-Dresses-3591675238059260-3.jpg,http://assets.myntassets.com/assets/images/21664854/2023/2/1/50af1190-f24b-4f10-ac45-301c9c3c492f1675238059643-aarke-Ritu-Kumar-Women-Dresses-3591675238059260-4.jpg,http://assets.myntassets.com/assets/images/21664854/2023/2/1/d40af07c-7275-46d4-bee7-63538993a61a1675238059600-aarke-Ritu-Kumar-Women-Dresses-3591675238059260-5.jpg","[""100% Original Products"",""Pay on delivery might be available"",""Easy 7 days returns and exchanges"",""Try & Buy might be available""]","{""description"":""  Green chevron print a-line dress   Square neck   Sleeveless,  no sleeves   Ruffled detail   Knee length length in flared hem   Cotton fabric  "",""material_and_care"":""Cotton, Machine Wash"",""size_and_fit"":"". Size worn by the model: S. Chest: 30\"". Waist: 24\"". Hips: 36\"". Height: 5'6\"". ""}","[{""name"":""Clothing"",""url"":""https://www.myntra.com/clothing""},{""name"":""Women"",""url"":""https://www.myntra.com/women-clothing""},{""name"":""Dresses"",""url"":""https://www.myntra.com/dresses""},{""name"":""aarke Ritu Kumar"",""url"":""https://www.myntra.com/aarke-ritu-kumar-dresses""},{""name"":""More by aarke Ritu Kumar"",""url"":""https://www.myntra.com/aarke-ritu-kumar""}]","[{""specification_name"":""Add-Ons"",""specification_value"":""NA""},{""specification_name"":""Body Shape ID"",""specification_value"":""443,324,424""},{""specification_name"":""Body or Garment Size"",""specification_value"":""Garment Measurements in""},{""specification_name"":""Care for me"",""specification_value"":""Machine Wash in cold water (30 degree C or low) to avoid shrinkage\r\nLine-dry in shade to avoid yellowing\r\nFor whites, wash with non-chlorine bleach on a hot water setting\r\nIron when slightly damp""},{""specification_name"":""Character"",""specification_value"":""NA""},{""specification_name"":""Closure"",""specification_value"":""NA""},{""specification_name"":""Fabric"",""specification_value"":""Cotton""},{""specification_name"":""Fabric 2"",""specification_value"":""NA""},{""specification_name"":""Fabric 3"",""specification_value"":""NA""},{""specification_name"":""Fabric Type"",""specification_value"":""Cotton""},{""specification_name"":""Hemline"",""specification_value"":""Flared""},{""specification_name"":""Knit or Woven"",""specification_value"":""Woven""},{""specification_name"":""Length"",""specification_value"":""Knee Length""},{""specification_name"":""Lining"",""specification_value"":""NA""},{""specification_name"":""Main Trend"",""specification_value"":""Geometric""},{""specification_name"":""Multipack Set"",""specification_value"":""NA""},{""specification_name"":""Neck"",""specification_value"":""Square Neck""},{""specification_name"":""Number of Pockets"",""specification_value"":""NA""},{""specification_name"":""Occasion"",""specification_value"":""Casual""},{""specification_name"":""Pattern"",""specification_value"":""Printed""},{""specification_name"":""Print or Pattern Type"",""specification_value"":""Chevron""},{""specification_name"":""Shape"",""specification_value"":""A-Line""},{""specification_name"":""Sleeve Length"",""specification_value"":""Sleeveless""},{""specification_name"":""Sleeve Styling"",""specification_value"":""No Sleeves""},{""specification_name"":""Stitch"",""specification_value"":""Ready to Wear""},{""specification_name"":""Surface Styling"",""specification_value"":""Ruffles""},{""specification_name"":""Sustainable"",""specification_value"":""Regular""},{""specification_name"":""Transparency"",""specification_value"":""Opaque""},{""specification_name"":""Wash Care"",""specification_value"":""Machine Wash""},{""specification_name"":""Wedding"",""specification_value"":""NA""}]","{""1_star"":1,""2_stars"":0,""3_stars"":1,""4_stars"":0,""5_stars"":4}",No review,REL███CE ███U K█████████ATE█████████,"[{""size"":""XS"",""value"":""33.0in"",""value_name"":""Bust""},{""size"":""XS"",""value"":""28.0in"",""value_name"":""Waist""},{""size"":""XS"",""value"":""37.0in"",""value_name"":""Front Length""},{""size"":""XS"",""value"":""40.0in"",""value_name"":""Hips""},{""size"":""XS"",""value"":""10.75in"",""value_name"":""Across Shoulder""},{""size"":""S"",""value"":""35.0in"",""value_name"":""Bust""},{""size"":""S"",""value"":""30.0in"",""value_name"":""Waist""},{""size"":""S"",""value"":""37.5in"",""value_name"":""Front Length""},{""size"":""S"",""value"":""42.0in"",""value_name"":""Hips""},{""size"":""S"",""value"":""11.0in"",""value_name"":""Across Shoulder""},{""size"":""M"",""value"":""37.0in"",""value_name"":""Bust""},{""size"":""M"",""value"":""32.0in"",""value_name"":""Waist""},{""size"":""M"",""value"":""38.0in"",""value_name"":""Front Length""},{""size"":""M"",""value"":""44.0in"",""value_name"":""Hips""},{""size"":""M"",""value"":""11.25in"",""value_name"":""Across Shoulder""},{""size"":""L"",""value"":""41.0in"",""value_name"":""Bust""},{""size"":""L"",""value"":""34.0in"",""value_name"":""Waist""},{""size"":""L"",""value"":""38.5in"",""value_name"":""Front Length""},{""size"":""L"",""value"":""47.0in"",""value_name"":""Hips""},{""size"":""L"",""value"":""11.5in"",""value_name"":""Across Shoulder""},{""size"":""XL"",""value"":""43.0in"",""value_name"":""Bust""},{""size"":""XL"",""value"":""36.0in"",""value_name"":""Waist""},{""size"":""XL"",""value"":""39.0in"",""value_name"":""Front Length""},{""size"":""XL"",""value"":""49.5in"",""value_name"":""Hips""},{""size"":""XL"",""value"":""11.75in"",""value_name"":""Across Shoulder""}]","{""applicable_on"":""Orders above Rs. 1499 (only on first purchase)"",""best_price"":""1140"",""coupon_code"":""MYNTRA400"",""coupon_discount"":"" Rs. 400.0 off (check cart for final savings)""}","[{""offer_name"":""10% Instant Discount on IndusInd Bank Debit Cards "",""offer_value"":"" Min Spend ₹2,500; Max Discount ₹1,000. ""},{""offer_name"":""10% Instant Discount on Citi Credit & Debit Cards "",""offer_value"":"" Min Spend ₹3,000; Max Discount ₹1,000. ""},{""offer_name"":""10% Instant Discount on Yes Bank Credit Cards "",""offer_value"":"" Min Spend ₹3,500; Max Discount ₹1,000. ""},{""offer_name"":""Flat ₹100 Cashback on Mobiwkik Wallet/Zip "",""offer_value"":"" Min Spend ₹1,999. ""},{""offer_name"":""7.5% Discount on Myntra Kotak Credit Card."",""offer_value"":"" Max Discount Up to ₹750 on every spends. ""},{""offer_name"":""EMI option available"",""offer_value"":""EMI starting from Rs.72/month""}]",dresses,1540.0,1,1540.0
21664974,Label Ritu Kumar,Candy Striped Pure Cotton Wrap Dress,4.6,7,4500,30.0,3150.0,INR,"http://assets.myntassets.com/assets/images/21664974/2023/1/31/228c40b6-3e40-4935-8f7a-eabe96ad777d1675165287558-Label-Ritu-Kumar-Women-Dresses-8421675165286927-1.jpg,http://assets.myntassets.com/assets/images/21664974/2023/1/31/ff2b0178-c0b4-4889-95e3-b9da17413dd51675165287539-Label-Ritu-Kumar-Women-Dresses-8421675165286927-2.jpg,http://assets.myntassets.com/assets/images/21664974/2023/1/31/ec984f6b-ace5-4c4e-85c3-715ae019460a1675165287514-Label-Ritu-Kumar-Women-Dresses-8421675165286927-3.jpg,http://assets.myntassets.com/assets/images/21664974/2023/1/31/65516f8d-a2e5-4977-9255-de45a3a787981675165287493-Label-Ritu-Kumar-Women-Dresses-8421675165286927-4.jpg,http://assets.myntassets.com/assets/images/21664974/2023/1/31/72fe62de-3dcf-4e61-9709-02dc157181df1675165287471-Label-Ritu-Kumar-Women-Dresses-8421675165286927-5.jpg,http://assets.myntassets.com/assets/images/21664974/2023/1/31/9f886b92-a918-40e5-8cfa-f397b7c09c3a1675165287446-Label-Ritu-Kumar-Women-Dresses-8421675165286927-6.jpg","[""100% Original Products"",""Pay on delivery might be available"",""Easy 7 days returns and exchanges"",""Try & Buy might be available""]","{""description"":""Multicoloured striped wrap dressV-neckThree-quarter, puff sleevesGathered or pleated detailAbove knee length in flounce hem"",""material_and_care"":""Shell: 100% cotton. Lining: 100% cotton&nbsp;. Machine wash"",""size_and_fit"":"". Size worn by the model: S. Chest: 30\"". Waist: 24\"". Hips: 36\"". Height: 5'6\"". ""}","[{""name"":""Clothing"",""url"":""https://www.myntra.com/clothing""},{""name"":""Women"",""url"":""https://www.myntra.com/women-clothing""},{""name"":""Dresses"",""url"":""https://www.myntra.com/dresses""},{""name"":""Label Ritu Kumar"",""url"":""https://www.myntra.com/label-ritu-kumar-dresses""},{""name"":""More by Label Ritu Kumar"",""url"":""https://www.myntra.com/label-ritu-kumar""}]","[{""specification_name"":""Add-Ons"",""specification_value"":""NA""},{""specification_name"":""Body Shape ID"",""specification_value"":""443,333,424""},{""specification_name"":""Body or Garment Size"",""specification_value"":""To-Fit Denotes Body Measurements in""},{""specification_name"":""Care for me"",""specification_value"":""Machine Wash in cold water (30 degree C or low) to avoid shrinkage\r\nLine-dry in shade to avoid yellowing\r\nFor whites, wash with non-chlorine bleach on a hot water setting\r\nIron when slightly damp""},{""specification_name"":""Character"",""specification_value"":""NA""},{""specification_name"":""Closure"",""specification_value"":""NA""},{""specification_name"":""Fabric"",""specification_value"":""Cotton""},{""specification_name"":""Fabric 2"",""specification_value"":""NA""},{""specification_name"":""Fabric 3"",""specification_value"":""NA""},{""specification_name"":""Fabric Type"",""specification_value"":""NA""},{""specification_name"":""Hemline"",""specification_value"":""Flounce""},{""specification_name"":""Knit or Woven"",""specification_value"":""Knitted and Woven""},{""specification_name"":""Length"",""specification_value"":""Above Knee""},{""specification_name"":""Lining"",""specification_value"":""Has a lining""},{""specification_name"":""Main Trend"",""specification_value"":""Candy Stripes""},{""specification_name"":""Multipack Set"",""specification_value"":""NA""},{""specification_name"":""Neck"",""specification_value"":""V-Neck""},{""specification_name"":""Number of Pockets"",""specification_value"":""NA""},{""specification_name"":""Occasion"",""specification_value"":""Casual""},{""specification_name"":""Pattern"",""specification_value"":""Striped""},{""specification_name"":""Print or Pattern Type"",""specification_value"":""Striped""},{""specification_name"":""Shape"",""specification_value"":""Wrap""},{""specification_name"":""Sleeve Length"",""specification_value"":""Three-Quarter Sleeves""},{""specification_name"":""Sleeve Styling"",""specification_value"":""Puff Sleeves""},{""specification_name"":""Stitch"",""specification_value"":""Ready to Wear""},{""specification_name"":""Surface Styling"",""specification_value"":""Gathered or Pleated""},{""specification_name"":""Sustainable"",""specification_value"":""Regular""},{""specification_name"":""Transparency"",""specification_value"":""Opaque""},{""specification_name"":""Wash Care"",""specification_value"":""Machine Wash""},{""specification_name"":""Wedding"",""specification_value"":""NA""}]","{""1_star"":0,""2_stars"":0,""3_stars"":0,""4_stars"":3,""5_stars"":4}","[{""percentage"":""100"",""value_name"":""Fit, Just Right""},{""percentage"":""100"",""value_name"":""Length, Just Right""},{""percentage"":""100"",""value_name"":""Transparency, Low""}]",REL███CE ███U K█████████ATE█████████,"[{""size"":""XS"",""value"":""32.0in"",""value_name"":""To Fit Bust""},{""size"":""XS"",""value"":""26.0in"",""value_name"":""To Fit Waist""},{""size"":""XS"",""value"":""36.5in"",""value_name"":""Front Length""},{""size"":""XS"",""value"":""35.0in"",""value_name"":""To Fit Hip""},{""size"":""S"",""value"":""34.0in"",""value_name"":""To Fit Bust""},{""size"":""S"",""value"":""28.0in"",""value_name"":""To Fit Waist""},{""size"":""S"",""value"":""37.0in"",""value_name"":""Front Length""},{""size"":""S"",""value"":""37.0in"",""value_name"":""To Fit Hip""},{""size"":""M"",""value"":""36.0in"",""value_name"":""To Fit Bust""},{""size"":""M"",""value"":""30.0in"",""value_name"":""To Fit Waist""},{""size"":""M"",""value"":""37.5in"",""value_name"":""Front Length""},{""size"":""M"",""value"":""39.0in"",""value_name"":""To Fit Hip""},{""size"":""L"",""value"":""38.0in"",""value_name"":""To Fit Bust""},{""size"":""L"",""value"":""32.0in"",""value_name"":""To Fit Waist""},{""size"":""L"",""value"":""38.0in"",""value_name"":""Front Length""},{""size"":""L"",""value"":""41.0in"",""value_name"":""To Fit Hip""},{""size"":""XL"",""value"":""40.0in"",""value_name"":""To Fit Bust""},{""size"":""XL"",""value"":""34.0in"",""value_name"":""To Fit Waist""},{""size"":""XL"",""value"":""38.5in"",""value_name"":""Front Length""},{""size"":""XL"",""value"":""43.0in"",""value_name"":""To Fit Hip""}]","{""applicable_on"":""Orders above Rs. 1499 (only on first purchase)"",""best_price"":""2750"",""coupon_code"":""MYNTRA400"",""coupon_discount"":"" Rs. 400.0 off (check cart for final savings)""}","[{""offer_name"":""10% Instant Discount on IndusInd Bank Debit Cards "",""offer_value"":"" Min Spend ₹2,500; Max Discount ₹1,000. ""},{""offer_name"":""10% Instant Discount on Citi Credit & Debit Cards "",""offer_value"":"" Min Spend ₹3,000; Max Discount ₹1,000. ""},{""offer_name"":""10% Instant Discount on Yes Bank Credit Cards "",""offer_value"":"" Min Spend ₹3,500; Max Discount ₹1,000. ""},{""offer_name"":""Flat ₹100 Cashback on Mobiwkik Wallet/Zip "",""offer_value"":"" Min Spend ₹1,999. ""},{""offer_name"":""7.5% Discount on Myntra Kotak Credit Card."",""offer_value"":"" Max Discount Up to ₹750 on every spends. ""},{""offer_name"":""EMI option available"",""offer_value"":""EMI starting from Rs.148/month""}]",dresses,3150.0,1,3150.0
21664840,aarke Ritu Kumar,Floral Georgette A-Line Midi Dress,4.0,6,3500,30.0,2450.0,INR,"http://assets.myntassets.com/assets/images/21664840/2023/2/1/a994c06b-3c62-47d0-b95c-db79db05abcd1675251538448-aarke-Ritu-Kumar-Women-Dresses-1731675251537628-1.jpg,http://assets.myntassets.com/assets/images/21664840/2023/2/1/48e178ca-3079-4999-8685-7fda5ec367de1675251538421-aarke-Ritu-Kumar-Women-Dresses-1731675251537628-2.jpg,http://assets.myntassets.com/assets/images/21664840/2023/2/1/97d4ce3a-cd7a-4d70-959b-ce71812cbe751675251538394-aarke-Ritu-Kumar-Women-Dresses-1731675251537628-3.jpg,http://assets.myntassets.com/assets/images/21664840/2023/2/1/7d981a5a-3eee-497b-9a97-52eb0fe498071675251538367-aarke-Ritu-Kumar-Women-Dresses-1731675251537628-4.jpg,http://assets.myntassets.com/assets/images/21664840/2023/2/1/7976e894-0dcd-43ad-92be-14b171be20ce1675251538342-aarke-Ritu-Kumar-Women-Dresses-1731675251537628-5.jpg,http://assets.myntassets.com/assets/images/21664840/2023/2/1/76df43e2-79ef-4d02-8dec-ce3eca2562cc1675251538316-aarke-Ritu-Kumar-Women-Dresses-1731675251537628-6.jpg,http://assets.myntassets.com/assets/images/21664840/2023/2/1/ed94a823-f08a-4849-83f3-6277fca905251675251538292-aarke-Ritu-Kumar-Women-Dresses-1731675251537628-7.jpg","[""100% Original Products"",""Pay on delivery might be available"",""Easy 7 days returns and exchanges"",""Try & Buy might be available""]","{""description"":""  Beige and red floral print a-line dress   V-neck   Short,  regular sleeves   Midi length in flared hem   Georgette fabric  "",""material_and_care"":""Polyster and Georgette, Machine Wash"",""size_and_fit"":"". Size worn by the model: S. Chest: 30\"". Waist: 24\"". Hips: 36\"". Height: 5'6\"". ""}","[{""name"":""Clothing"",""url"":""https://www.myntra.com/clothing""},{""name"":""Women"",""url"":""https://www.myntra.com/women-clothing""},{""name"":""Dresses"",""url"":""https://www.myntra.com/dresses""},{""name"":""aarke Ritu Kumar"",""url"":""https://www.myntra.com/aarke-ritu-kumar-dresses""},{""name"":""More by aarke Ritu Kumar"",""url"":""https://www.myntra.com/aarke-ritu-kumar""}]","[{""specification_name"":""Add-Ons"",""specification_value"":""NA""},{""specification_name"":""Body Shape ID"",""specification_value"":""443,324,424""},{""specification_name"":""Body or Garment Size"",""specification_value"":""Garment Measurements in""},{""specification_name"":""Care for me"",""specification_value"":""NA""},{""specification_name"":""Character"",""specification_value"":""NA""},{""specification_name"":""Closure"",""specification_value"":""NA""},{""specification_name"":""Fabric"",""specification_value"":""Georgette""},{""specification_name"":""Fabric 2"",""specification_value"":""NA""},{""specification_name"":""Fabric 3"",""specification_value"":""NA""},{""specification_name"":""Fabric Type"",""specification_value"":""Georgette""},{""specification_name"":""Hemline"",""specification_value"":""Flared""},{""specification_name"":""Knit or Woven"",""specification_value"":""Woven""},{""specification_name"":""Length"",""specification_value"":""Midi""},{""specification_name"":""Lining"",""specification_value"":""NA""},{""specification_name"":""Main Trend"",""specification_value"":""Floral""},{""specification_name"":""Multipack Set"",""specification_value"":""NA""},{""specification_name"":""Neck"",""specification_value"":""V-Neck""},{""specification_name"":""Number of Pockets"",""specification_value"":""NA""},{""specification_name"":""Occasion"",""specification_value"":""Casual""},{""specification_name"":""Pattern"",""specification_value"":""Printed""},{""specification_name"":""Print or Pattern Type"",""specification_value"":""Floral""},{""specification_name"":""Shape"",""specification_value"":""A-Line""},{""specification_name"":""Sleeve Length"",""specification_value"":""Short Sleeves""},{""specification_name"":""Sleeve Styling"",""specification_value"":""Regular Sleeves""},{""specification_name"":""Stitch"",""specification_value"":""Ready to Wear""},{""specification_name"":""Surface Styling"",""specification_value"":""NA""},{""specification_name"":""Sustainable"",""specification_value"":""Regular""},{""specification_name"":""Transparency"",""specification_value"":""Opaque""},{""specification_name"":""Wash Care"",""specification_value"":""Machine Wash""},{""specification_name"":""Wedding"",""specification_value"":""NA""}]","{""1_star"":1,""2_stars"":0,""3_stars"":1,""4_stars"":0,""5_stars"":4}",No review,REL███CE ███U K█████████ATE█████████,"[{""size"":""XS"",""value"":""33.0in"",""value_name"":""Bust""},{""size"":""XS"",""value"":""32.0in"",""value_name"":""Waist""},{""size"":""XS"",""value"":""40.5in"",""value_name"":""Front Length""},{""size"":""XS"",""value"":""38.0in"",""value_name"":""Hips""},{""size"":""XS"",""value"":""13.5in"",""value_name"":""Across Shoulder""},{""size"":""S"",""value"":""35.0in"",""value_name"":""Bust""},{""size"":""S"",""value"":""34.0in"",""value_name"":""Waist""},{""size"":""S"",""value"":""41.0in"",""value_name"":""Front Length""},{""size"":""S"",""value"":""40.0in"",""value_name"":""Hips""},{""size"":""S"",""value"":""14.0in"",""value_name"":""Across Shoulder""},{""size"":""M"",""value"":""37.0in"",""value_name"":""Bust""},{""size"":""M"",""value"":""36.0in"",""value_name"":""Waist""},{""size"":""M"",""value"":""41.5in"",""value_name"":""Front Length""},{""size"":""M"",""value"":""42.0in"",""value_name"":""Hips""},{""size"":""M"",""value"":""14.5in"",""value_name"":""Across Shoulder""},{""size"":""L"",""value"":""40.0in"",""value_name"":""Bust""},{""size"":""L"",""value"":""38.0in"",""value_name"":""Waist""},{""size"":""L"",""value"":""42.0in"",""value_name"":""Front Length""},{""size"":""L"",""value"":""45.0in"",""value_name"":""Hips""},{""size"":""L"",""value"":""15.0in"",""value_name"":""Across Shoulder""}]","{""applicable_on"":""Orders above Rs. 1499 (only on first purchase)"",""best_price"":""2050"",""coupon_code"":""MYNTRA400"",""coupon_discount"":"" Rs. 400.0 off (check cart for final savings)""}","[{""offer_name"":""10% Instant Discount on IndusInd Bank Debit Cards "",""offer_value"":"" Min Spend ₹2,500; Max Discount ₹1,000. ""},{""offer_name"":""10% Instant Discount on Citi Credit & Debit Cards "",""offer_value"":"" Min Spend ₹3,000; Max Discount ₹1,000. ""},{""offer_name"":""10% Instant Discount on Yes Bank Credit Cards "",""offer_value"":"" Min Spend ₹3,500; Max Discount ₹1,000. ""},{""offer_name"":""Flat ₹100 Cashback on Mobiwkik Wallet/Zip "",""offer_value"":"" Min Spend ₹1,999. ""},{""offer_name"":""7.5% Discount on Myntra Kotak Credit Card."",""offer_value"":"" Max Discount Up to ₹750 on every spends. ""},{""offer_name"":""EMI option available"",""offer_value"":""EMI starting from Rs.115/month""}]",dresses,2450.0,1,2450.0
