order_id,product_id,customer_id,quantity,price,order_date,order_status,channel,discount
1,29,1950,4,1701.7200,2024-02-29,Cancelled,Web,0.05
2,98,1491,5,1643.0100,2024-01-28,Completed,Store,0.16
3,2,1518,4,1948.4700,2024-01-10,Completed,Store,0.18
4,33,440,3,1911.6900,2024-02-01,Completed,Web,0.07
5,1,1011,4,795.8800,2024-02-11,Completed,App,0.25
6,31,741,3,625.8500,2024-01-31,Completed,Store,0.15
7,35,201,3,174.1500,2024-01-14,Completed,Web,0.22
8,100,490,5,823.9300,2024-02-29,Cancelled,Web,0.06
9,39,269,1,1880.0900,2024-02-10,Cancelled,Web,0.27
10,50,1203,3,522.3200,2024-01-12,Completed,App,0.19
11,4,1163,5,1101.8700,2024-01-21,Cancelled,App,0.04
12,81,1852,1,624.0400,2024-02-03,Completed,Web,0.12
13,63,267,5,1986.1300,2024-02-01,Cancelled,Web,0.02
14,53,874,4,1955.8600,2024-02-25,Cancelled,Web,0.19
15,1,1378,5,1218.8100,2024-01-04,Cancelled,App,0.11
16,54,986,2,752.7800,2024-01-02,Completed,App,0.18
17,86,1473,3,1750.9800,2024-02-06,Completed,App,0.19
18,93,597,5,688.1900,2024-01-24,Completed,Web,0.24
19,29,236,5,418.2200,2024-02-18,Completed,Web,0.03
20,77,475,2,341.2700,2024-02-17,Completed,App,0.18
21,18,813,2,1238.8000,2024-02-07,Cancelled,Web,0.01
22,88,270,2,347.5800,2024-02-12,Completed,Web,0.24
23,15,396,3,1087.2400,2024-02-24,Completed,Web,0.03
24,1,1940,4,330.3400,2024-02-28,Cancelled,Web,0.08
25,23,716,2,1402.9000,2024-02-05,Cancelled,App,0.01
26,96,581,2,1173.9200,2024-01-09,Completed,Store,0.17
27,33,143,5,759.2600,2024-01-25,Cancelled,App,0.22
28,39,1149,3,1614.4200,2024-01-02,Cancelled,App,0.15
29,9,1627,3,1595.8000,2024-02-11,Completed,Web,0.07
30,66,1640,1,1110.0400,2024-02-25,Cancelled,Store,0.17
31,60,1424,5,1163.7400,2024-01-06,Completed,App,0.02
32,51,1058,2,136.9100,2024-01-10,Completed,Web,0.11
33,84,268,3,101.2800,2024-01-07,Completed,Store,0.1
34,86,1686,4,1649.5100,2024-02-05,Cancelled,Web,0.03
35,67,196,2,682.8900,2024-02-28,Completed,Web,0.16
36,47,1487,1,1900.1300,2024-01-30,Completed,Web,0.03
37,98,1985,3,1702.5600,2024-02-09,Cancelled,App,0.16
38,56,1070,1,229.1000,2024-02-07,Completed,Web,0.25
39,66,55,1,117.8900,2024-01-01,Completed,Web,0.07
40,19,560,5,1104.3600,2024-01-28,Completed,App,0.04
41,76,1885,1,862.3400,2024-01-30,Cancelled,Web,0.01
42,41,576,4,1402.7500,2024-01-08,Completed,App,0.23
43,86,650,3,1819.9100,2024-02-28,Completed,Web,0.02
44,34,417,1,1967.0200,2024-02-27,Cancelled,App,0.17
45,48,1462,2,1761.1800,2024-02-08,Completed,App,0.09
46,84,1981,2,1922.0400,2024-02-09,Completed,Store,0.01
47,22,622,2,373.7200,2024-02-27,Completed,App,0.12
48,25,991,4,871.7900,2024-02-10,Cancelled,Store,0.03
49,33,1838,2,707.3900,2024-01-13,Cancelled,Store,0.02
50,99,1020,4,714.9900,2024-01-22,Completed,Store,0.08
51,92,470,1,1247.0000,2024-02-04,Completed,Store,0.06
52,23,1255,5,358.7700,2024-01-02,Completed,App,0.03
53,18,747,5,1385.5700,2024-02-19,Cancelled,Web,0.01
54,86,114,2,420.3300,2024-01-01,Cancelled,Store,0.26
55,21,1394,4,324.2800,2024-01-15,Cancelled,Store,0.03
56,82,891,5,332.0100,2024-01-17,Completed,Web,0.28
57,23,22,2,1603.9400,2024-02-18,Cancelled,Web,0.11
58,35,1875,4,1140.2700,2024-02-08,Completed,Store,0.08
59,37,1136,3,1851.4600,2024-02-27,Cancelled,Store,0.11
60,80,1833,1,1312.1500,2024-02-14,Completed,App,0.08
61,47,632,3,1593.9000,2024-02-22,Completed,App,0.17
62,90,471,1,1737.4100,2024-01-18,Completed,Web,0.12
63,72,765,2,282.0100,2024-02-07,Completed,Store,0.12
64,11,1379,3,1844.2400,2024-02-03,Cancelled,Web,0.1
65,100,1697,3,1632.2600,2024-01-04,Completed,Store,0.23
66,63,86,1,689.3900,2024-01-13,Cancelled,App,0.03
67,27,1419,4,344.7700,2024-01-28,Completed,App,0.1
68,68,534,2,163.3700,2024-02-13,Completed,Store,0.2
69,77,705,5,905.4600,2024-02-09,Cancelled,App,0.06
70,45,398,1,1397.9500,2024-01-10,Completed,Store,0.24
71,22,1966,5,593.3300,2024-01-21,Cancelled,App,0.05
72,87,170,3,706.7300,2024-01-24,Cancelled,Store,0.06
73,67,321,1,1100.8700,2024-01-30,Completed,App,0.18
74,7,292,4,581.1100,2024-02-13,Cancelled,Store,0.01
75,1,1369,2,373.9500,2024-01-06,Completed,Store,0.01
76,55,958,5,215.8900,2024-02-03,Completed,App,0.29
77,34,1787,3,1590.7300,2024-02-02,Completed,Web,0.16
78,46,1912,5,294.8200,2024-02-15,Cancelled,App,0.12
79,59,671,4,334.2600,2024-03-01,Cancelled,Web,0.23
80,57,1656,3,544.6900,2024-01-02,Completed,App,0.17
81,47,1493,5,926.2800,2024-01-26,Cancelled,Store,0.03
82,82,513,2,1888.5100,2024-02-14,Cancelled,Store,0.2
83,60,910,5,703.0700,2024-02-07,Completed,App,0.2
84,52,1,1,238.0000,2024-02-12,Cancelled,Store,0.03
85,95,641,2,1995.5900,2024-02-16,Cancelled,Store,0.22
86,72,359,4,611.3600,2024-01-21,Completed,App,0.25
87,77,1948,2,1668.6800,2024-02-29,Completed,Store,0.11
88,15,1982,4,464.8800,2024-01-28,Cancelled,Web,0.11
89,9,355,2,1260.7400,2024-02-11,Cancelled,Web,0.17
90,84,29,1,1360.3200,2024-01-24,Cancelled,App,0.09
91,5,1396,3,445.6800,2024-01-19,Completed,Web,0.07
92,33,1590,3,498.4300,2024-02-04,Cancelled,Web,0.15
93,58,57,5,477.3100,2024-02-09,Completed,App,0.25
94,71,1503,2,382.6400,2024-02-02,Cancelled,Web,0.22
95,44,1985,5,1659.3700,2024-02-11,Cancelled,App,0.1
96,86,1388,1,255.5300,2024-02-23,Cancelled,Store,0.24
97,44,568,5,1656.8200,2024-01-12,Completed,Web,0.17
98,58,777,1,315.8700,2024-01-12,Cancelled,Store,0.07
99,52,729,1,1975.6400,2024-02-22,Cancelled,Store,0.09
100,62,625,1,1391.5800,2024-01-04,Completed,App,0.25
101,31,1748,4,1874.0500,2024-02-02,Completed,Store,0.05
102,28,16,2,1258.0900,2024-02-28,Cancelled,Web,0.21
103,24,1806,2,537.7200,2024-01-22,Cancelled,Web,0.14
104,75,259,3,725.7900,2024-01-18,Cancelled,App,0.24
105,9,680,3,796.4800,2024-01-24,Completed,Web,0.06
106,55,1982,2,1397.5800,2024-02-03,Completed,App,0.02
107,11,1774,5,1110.6200,2024-01-30,Cancelled,App,0.27
108,29,495,5,1169.6500,2024-01-08,Cancelled,Web,0.21
109,8,1752,1,1037.2300,2024-02-12,Cancelled,Web,0.14
110,43,86,5,1972.7200,2024-02-28,Cancelled,Store,0.24
111,21,1465,4,798.6100,2024-01-08,Cancelled,Store,0.16
112,96,1664,3,1169.8700,2024-01-13,Completed,App,0.16
113,61,301,4,1704.0300,2024-02-10,Completed,Store,0.19
114,39,31,5,718.7700,2024-02-28,Cancelled,Web,0.21
115,22,1531,3,143.7900,2024-02-11,Cancelled,App,0.28
116,87,751,5,1154.1600,2024-01-04,Completed,Web,0.08
117,51,1940,4,337.8500,2024-01-02,Cancelled,App,0.05
118,27,267,1,1743.1200,2024-01-24,Completed,Store,0.23
119,23,1814,5,1080.0500,2024-01-29,Cancelled,Web,0.22
120,44,1139,1,595.1100,2024-01-12,Completed,Web,0.21
121,42,257,3,1510.3000,2024-01-08,Cancelled,Store,0.15
122,51,452,2,1446.9500,2024-02-16,Completed,App,0.11
123,52,658,5,1756.7200,2024-02-07,Completed,Web,0.07
124,68,1705,5,1953.2300,2024-02-21,Completed,Store,0.07
125,5,595,1,1236.6400,2024-02-21,Cancelled,Web,0.15
126,59,1161,4,880.4900,2024-01-20,Completed,Web,0.11
127,3,429,3,897.7900,2024-02-02,Cancelled,Web,0.13
128,89,54,4,1324.5700,2024-02-11,Cancelled,Store,0.1
129,63,918,5,142.5200,2024-02-14,Cancelled,App,0.04
130,13,981,4,221.0600,2024-01-24,Cancelled,Web,0.05
131,100,405,4,1306.3900,2024-01-15,Completed,Store,0.04
132,58,1322,5,955.6400,2024-01-18,Completed,App,0.04
133,81,615,1,988.0900,2024-01-06,Cancelled,Store,0.03
134,29,1038,2,315.7400,2024-01-29,Completed,Store,0.29
135,31,64,1,487.7700,2024-01-07,Cancelled,Store,0.26
136,14,447,2,2023.2000,2024-02-01,Cancelled,App,0.11
137,29,508,2,1103.1300,2024-01-23,Completed,Store,0.23
138,26,629,1,415.0000,2024-01-29,Completed,App,0.02
139,41,1986,5,1171.1200,2024-01-28,Completed,Web,0.03
140,73,1391,5,1856.1100,2024-02-18,Completed,Store,0.28
141,90,601,1,1199.1400,2024-02-05,Cancelled,Store,0.11
142,19,560,4,1217.1200,2024-01-12,Completed,Store,0.08
143,48,1214,4,1368.5100,2024-02-11,Completed,App,0.14
144,3,764,1,1317.3500,2024-02-22,Cancelled,Store,0.25
145,45,1504,1,1517.9000,2024-01-14,Completed,App,0.28
146,48,16,2,1752.0100,2024-01-04,Cancelled,Web,0.3
147,96,1301,1,1216.1900,2024-02-13,Completed,Store,0.27
148,29,1659,1,1117.2300,2024-02-14,Cancelled,Store,0.05
149,8,1793,1,1416.0300,2024-01-26,Completed,Web,0.14
150,58,1058,1,1026.9800,2024-02-05,Cancelled,App,0.04
151,52,747,5,1945.2700,2024-01-20,Completed,Web,0.11
152,77,790,4,672.5100,2024-01-12,Completed,Web,0.12
153,36,170,1,1773.0400,2024-01-29,Completed,Store,0.04
154,80,638,2,1458.4100,2024-01-06,Cancelled,Web,0.22
155,92,1204,2,1551.9400,2024-01-13,Cancelled,Store,0.18
156,5,36,3,1998.5000,2024-02-20,Cancelled,Store,0.29
157,73,516,4,100.5900,2024-01-08,Cancelled,App,0.03
158,75,1841,5,939.1200,2024-02-29,Cancelled,Web,0.25
159,13,1593,5,421.8300,2024-02-09,Cancelled,Web,0.09
160,67,1727,5,112.7700,2024-02-04,Cancelled,Web,0.11
161,99,1826,4,567.0100,2024-03-01,Cancelled,Store,0.05
162,78,911,4,1706.2700,2024-01-17,Completed,Web,0.03
163,16,264,1,659.3900,2024-01-15,Cancelled,Web,0.29
164,9,1190,2,1452.5100,2024-01-22,Cancelled,App,0.09
165,39,280,4,605.1000,2024-01-02,Completed,Web,0.25
166,21,1980,2,847.1100,2024-02-06,Completed,Web,0.1
167,60,286,5,931.8300,2024-01-20,Completed,App,0.05
168,37,1250,4,1679.6100,2024-02-01,Cancelled,Store,0.26
169,91,617,4,600.9400,2024-02-05,Completed,App,0.01
170,38,1642,4,1593.5900,2024-02-17,Completed,Web,0.22
171,15,98,3,676.8800,2024-01-08,Completed,App,0.17
172,7,1227,5,444.9600,2024-01-06,Cancelled,Store,0.1
173,52,372,4,1654.8400,2024-02-23,Cancelled,Store,0.02
174,56,1876,4,1615.7600,2024-02-11,Completed,Web,0.14
175,77,1394,1,1393.3700,2024-01-01,Completed,Store,0.21
176,55,127,1,1613.5700,2024-02-11,Cancelled,Web,0.16
177,42,1650,3,1442.4400,2024-02-22,Cancelled,Store,0.3
178,59,646,2,1774.9700,2024-01-10,Cancelled,Store,0.18
179,92,191,4,1884.6500,2024-02-22,Cancelled,Web,0.02
180,10,1455,1,1771.8900,2024-02-19,Completed,App,0.01
181,95,1871,3,175.5900,2024-01-31,Cancelled,Store,0.13
182,55,360,4,1289.0900,2024-01-01,Cancelled,App,0.02
183,2,156,5,184.5400,2024-02-11,Cancelled,Store,0.12
184,16,417,3,1172.4600,2024-01-26,Cancelled,App,0.16
185,56,76,4,136.9400,2024-02-28,Cancelled,Web,0.05
186,91,740,1,1758.4000,2024-02-27,Cancelled,App,0.01
187,64,757,2,1098.8600,2024-01-23,Completed,App,0.26
188,33,1218,1,1082.8700,2024-01-03,Completed,Web,0.24
189,8,1800,5,987.5400,2024-02-03,Cancelled,Store,0.24
190,43,645,1,230.6800,2024-02-15,Cancelled,Web,0.29
191,85,747,1,799.8700,2024-02-02,Cancelled,App,0.22
192,26,1588,4,1427.2200,2024-01-08,Cancelled,Web,0.27
193,22,1403,2,820.5200,2024-02-19,Cancelled,App,0.18
194,43,1983,1,1374.1100,2024-02-12,Cancelled,Store,0.13
195,80,339,4,692.2400,2024-02-29,Cancelled,Web,0.25
196,48,430,3,1376.5800,2024-02-24,Cancelled,App,0.02
197,30,1970,4,1988.5200,2024-01-12,Cancelled,App,0.06
198,11,761,5,1384.3600,2024-02-28,Completed,App,0
199,75,1516,4,1709.0600,2024-01-07,Cancelled,Store,0.29
200,65,1698,2,1522.4000,2024-02-01,Cancelled,App,0.06
201,78,1487,4,780.1500,2024-01-17,Cancelled,App,0.03
202,80,217,1,309.8000,2024-01-31,Cancelled,Store,0.12
203,32,1357,1,332.5400,2024-02-11,Cancelled,Store,0.17
204,45,723,5,873.2000,2024-02-11,Completed,Web,0.01
205,60,1422,4,381.3600,2024-01-09,Cancelled,Store,0.09
206,73,1951,4,1958.4200,2024-02-23,Cancelled,Store,0.21
207,82,1360,4,1998.9200,2024-02-04,Cancelled,App,0.25
208,96,744,2,635.3800,2024-02-12,Completed,Web,0.16
209,45,588,2,249.6800,2024-02-19,Cancelled,Store,0.14
210,53,424,4,257.8700,2024-02-21,Cancelled,Web,0.17
211,36,1179,3,1312.4000,2024-02-18,Cancelled,App,0.28
212,77,771,4,968.3900,2024-01-18,Cancelled,App,0.15
213,91,1577,4,1828.9500,2024-02-28,Completed,Web,0.05
214,43,321,2,377.7500,2024-02-29,Cancelled,Store,0.25
215,61,200,2,719.8600,2024-01-19,Cancelled,App,0.23
216,25,546,5,633.5900,2024-01-02,Cancelled,Web,0.25
217,62,569,5,1252.3400,2024-02-13,Completed,Web,0.14
218,24,1994,3,1748.2900,2024-01-25,Completed,Store,0.03
219,1,989,5,703.4000,2024-02-08,Cancelled,App,0.16
220,44,1249,2,1926.6700,2024-01-19,Completed,App,0.15
221,37,1536,1,1111.1500,2024-02-16,Completed,App,0.26
222,37,1319,1,292.3700,2024-02-16,Cancelled,Store,0.08
223,69,350,4,1640.0000,2024-01-15,Cancelled,Store,0.06
224,92,272,5,1189.7700,2024-02-23,Cancelled,Web,0.18
225,44,1383,3,783.8000,2024-01-21,Completed,Web,0.02
226,9,1229,3,225.0000,2024-02-21,Cancelled,Store,0.02
227,85,65,1,1238.3500,2024-01-10,Completed,Web,0.17
228,19,33,3,1669.3600,2024-02-20,Completed,Web,0.25
229,51,1475,3,1596.4100,2024-01-01,Cancelled,App,0.15
230,8,882,4,1585.3600,2024-02-05,Completed,Store,0.25
231,28,576,3,419.1700,2024-02-18,Completed,Store,0.13
232,68,1398,2,978.8900,2024-01-13,Completed,App,0.29
233,24,509,4,1945.1400,2024-01-25,Cancelled,Store,0.07
234,37,1764,2,482.2500,2024-01-11,Cancelled,App,0.11
235,53,87,3,1294.9600,2024-01-01,Cancelled,Store,0.25
236,59,532,1,1449.1400,2024-02-06,Completed,App,0.11
237,71,1200,4,389.4700,2024-01-05,Cancelled,Store,0
238,52,1567,5,1615.0900,2024-01-08,Cancelled,App,0.06
239,32,1602,4,1348.9500,2024-01-08,Completed,App,0.02
240,40,1426,2,875.1000,2024-01-20,Completed,App,0.07
241,69,1639,4,838.3500,2024-01-31,Cancelled,Web,0.29
242,63,104,3,1531.9700,2024-02-27,Cancelled,Web,0.11
243,79,478,1,1406.3100,2024-01-05,Completed,Web,0.06
244,11,1416,5,1269.2900,2024-02-05,Completed,App,0.02
245,94,334,4,978.9100,2024-01-02,Completed,Web,0.21
246,68,699,2,1282.0700,2024-01-12,Cancelled,Store,0.01
247,19,1688,1,855.5500,2024-02-22,Cancelled,Store,0.3
248,83,308,2,430.6100,2024-01-16,Completed,Web,0.15
249,85,976,4,907.2100,2024-01-02,Cancelled,App,0.22
250,37,31,5,1500.1400,2024-02-24,Cancelled,Store,0.02
251,31,1254,3,816.9500,2024-01-18,Completed,Web,0.11
252,77,432,5,1230.5300,2024-02-01,Cancelled,Store,0.16
253,11,355,3,684.6500,2024-01-02,Completed,Web,0.18
254,63,272,2,926.8400,2024-01-30,Cancelled,App,0.18
255,74,857,4,1624.3200,2024-01-14,Completed,Web,0.15
256,96,594,5,1707.6300,2024-02-18,Cancelled,Web,0.07
257,1,994,2,212.4500,2024-01-05,Cancelled,App,0.28
258,100,445,1,1177.1200,2024-02-28,Cancelled,Web,0.03
259,56,133,4,1984.9100,2024-02-04,Completed,Store,0.21
260,13,1827,1,1933.1300,2024-02-18,Cancelled,App,0.12
261,88,1858,4,1872.9800,2024-02-15,Cancelled,Store,0.22
262,35,667,4,161.1700,2024-02-23,Completed,Web,0.02
263,6,1070,5,697.1700,2024-01-19,Completed,Web,0.18
264,35,302,5,540.2200,2024-02-03,Completed,App,0.26
265,81,1813,2,1998.5500,2024-01-08,Completed,Store,0.13
266,8,127,1,381.3700,2024-02-02,Cancelled,Web,0.12
267,62,642,1,374.5300,2024-02-01,Completed,Store,0.01
268,97,269,5,1313.3700,2024-02-06,Cancelled,Store,0.08
269,82,1657,1,622.3500,2024-01-21,Cancelled,Store,0.05
270,5,121,4,1147.8900,2024-01-02,Completed,Store,0.04
271,61,1325,4,1864.3100,2024-01-08,Cancelled,Web,0.13
272,66,1292,5,658.5400,2024-02-05,Cancelled,Store,0.24
273,62,335,3,270.8100,2024-01-16,Completed,Web,0.02
274,8,921,5,1980.5300,2024-01-27,Completed,Web,0.24
275,84,1284,5,710.6300,2024-02-27,Cancelled,Store,0.27
276,59,711,2,1522.2000,2024-02-04,Completed,Store,0.11
277,78,1042,2,527.5600,2024-02-22,Completed,Store,0.19
278,5,931,1,1486.3800,2024-01-18,Cancelled,Web,0.01
279,50,1775,4,1355.1400,2024-02-17,Cancelled,Store,0.05
280,3,1079,4,300.5300,2024-01-17,Cancelled,App,0.23
281,94,400,4,1371.7300,2024-01-28,Cancelled,App,0.07
282,59,1656,5,471.0100,2024-01-19,Completed,Web,0.09
283,3,501,2,1571.8500,2024-02-05,Cancelled,Store,0.02
284,54,1122,1,949.2600,2024-02-18,Completed,Store,0.07
285,97,139,4,314.0300,2024-02-27,Cancelled,Store,0.29
286,36,1124,4,1014.5800,2024-01-22,Cancelled,Web,0.08
287,17,1969,4,462.5000,2024-02-27,Completed,Web,0.27
288,96,733,1,436.0800,2024-01-21,Cancelled,Web,0.23
289,24,163,2,1060.2400,2024-01-28,Completed,Store,0.19
290,64,1307,4,625.2900,2024-02-08,Cancelled,App,0.22
291,47,1449,2,1953.6700,2024-01-28,Completed,App,0.03
292,81,1850,2,1726.6200,2024-02-14,Completed,Web,0.11
293,85,959,5,834.4300,2024-01-16,Cancelled,Web,0.23
294,8,82,2,664.6700,2024-02-11,Cancelled,Web,0.23
295,23,1461,2,549.7700,2024-02-05,Completed,Store,0.05
296,48,950,3,460.1100,2024-01-29,Cancelled,Web,0.12
297,23,375,4,850.0900,2024-01-18,Completed,App,0.23
298,18,1582,4,448.7700,2024-01-28,Cancelled,Web,0.28
299,25,1811,3,1341.0600,2024-02-24,Completed,Store,0.11
300,67,124,3,780.0700,2024-01-10,Cancelled,App,0.16
301,52,385,3,1435.7900,2024-02-13,Cancelled,Web,0.11
302,18,1412,5,298.5500,2024-02-06,Completed,App,0.02
303,87,1877,5,1373.7000,2024-02-15,Completed,App,0.24
304,69,85,5,907.5700,2024-02-15,Cancelled,Web,0.1
305,99,1730,1,901.6400,2024-02-21,Completed,App,0.13
306,3,1446,2,1837.1700,2024-02-02,Cancelled,Web,0.13
307,72,154,1,547.1400,2024-02-08,Completed,Web,0.09
308,34,1191,5,559.6600,2024-01-25,Completed,Store,0.1
309,39,1282,4,1494.0300,2024-02-09,Completed,App,0.25
310,82,73,4,1014.2800,2024-01-09,Completed,App,0.23
311,98,1699,3,364.9300,2024-02-22,Cancelled,Web,0.07
312,7,1346,3,1199.4100,2024-01-26,Cancelled,App,0.17
313,51,288,3,1355.9500,2024-01-18,Cancelled,Web,0.12
314,95,233,5,1267.5000,2024-02-27,Cancelled,App,0.14
315,73,1001,3,1103.1300,2024-02-27,Cancelled,Web,0.03
316,11,1698,5,1060.5100,2024-02-09,Cancelled,Web,0.29
317,92,499,2,1452.2700,2024-01-12,Cancelled,App,0.19
318,33,522,2,1150.2100,2024-02-03,Cancelled,Web,0.01
319,58,1380,5,1584.8700,2024-01-06,Completed,Store,0.29
320,21,972,3,287.0600,2024-02-29,Completed,App,0.22
321,71,1713,5,884.3800,2024-02-04,Cancelled,Web,0.04
322,75,805,5,855.5500,2024-01-31,Completed,Web,0.07
323,74,1519,1,1115.0600,2024-01-13,Completed,Store,0.29
324,53,1194,5,356.0900,2024-02-28,Completed,Web,0.02
325,81,253,2,477.3900,2024-02-09,Cancelled,Web,0.08
326,43,618,3,1376.8000,2024-02-29,Cancelled,Store,0.2
327,54,219,4,1984.3700,2024-02-12,Completed,Web,0.01
328,25,513,3,1371.1800,2024-02-13,Completed,Web,0.2
329,93,110,4,872.3100,2024-02-14,Completed,Web,0.16
330,79,1003,4,309.0300,2024-01-13,Cancelled,Web,0.13
331,71,775,2,1523.6900,2024-02-04,Cancelled,Web,0.3
332,96,848,4,1724.7800,2024-01-18,Completed,Store,0.22
333,66,1547,1,1931.8700,2024-02-04,Completed,Store,0.17
334,78,1889,2,1032.1100,2024-01-09,Completed,App,0.22
335,90,1742,2,1819.0400,2024-02-15,Completed,Store,0.15
336,12,857,2,704.9000,2024-01-09,Completed,Store,0.15
337,98,675,3,818.0000,2024-02-18,Cancelled,Web,0.17
338,92,1629,3,1961.5300,2024-01-31,Completed,Web,0.29
339,17,881,2,1247.0900,2024-01-23,Cancelled,Web,0.16
340,66,441,2,1981.8600,2024-02-07,Completed,App,0.1
341,37,934,4,908.7600,2024-01-13,Cancelled,Web,0.11
342,79,727,1,1338.3600,2024-01-10,Completed,Store,0.18
343,98,1394,3,1394.7000,2024-01-09,Completed,App,0.25
344,66,535,2,875.0300,2024-01-23,Completed,Store,0.2
345,15,1464,1,259.7200,2024-01-18,Cancelled,App,0.29
346,2,1290,5,857.6700,2024-01-09,Completed,Store,0.02
347,80,1845,2,1615.5400,2024-01-05,Cancelled,Store,0.12
348,100,590,1,999.9500,2024-01-02,Completed,Store,0.29
349,13,941,2,1450.2100,2024-01-16,Completed,Store,0.16
350,40,763,3,1371.8900,2024-02-18,Cancelled,Web,0
351,48,1427,3,1537.0700,2024-02-02,Completed,Web,0.13
352,56,1323,2,1521.6600,2024-02-20,Cancelled,Store,0.06
353,23,1920,1,1452.8200,2024-02-28,Completed,Store,0.03
354,45,23,2,845.0900,2024-01-10,Cancelled,Store,0.26
355,31,1313,3,1642.3100,2024-01-15,Completed,App,0.3
356,94,1205,1,796.6600,2024-01-31,Cancelled,Store,0.05
357,23,638,4,944.4200,2024-01-29,Cancelled,Web,0.25
358,63,1913,5,888.1200,2024-02-02,Completed,App,0.06
359,21,763,1,1029.0000,2024-01-11,Completed,Web,0.21
360,63,1426,5,1667.8700,2024-02-16,Cancelled,Web,0.25
361,65,1908,3,1831.7600,2024-01-21,Completed,Web,0.15
362,40,432,5,1323.0000,2024-01-07,Cancelled,Web,0.03
363,63,484,2,1911.9800,2024-01-12,Completed,Web,0.04
364,69,1592,1,1726.2600,2024-01-27,Cancelled,App,0.09
365,96,1362,2,1208.0600,2024-02-23,Completed,Store,0.2
366,26,725,1,115.4000,2024-02-19,Completed,Web,0.11
367,26,892,1,1933.2500,2024-02-29,Cancelled,Store,0.02
368,49,1641,3,959.4600,2024-01-17,Completed,App,0.18
369,44,714,1,1824.4300,2024-01-08,Cancelled,App,0.01
370,29,1037,4,1829.1900,2024-01-25,Completed,App,0.14
371,100,823,4,1073.9600,2024-02-19,Completed,Store,0.03
372,19,1183,1,1580.6600,2024-03-01,Completed,Store,0.01
373,8,1260,5,1131.2900,2024-02-15,Completed,Web,0.01
374,69,535,4,1739.7200,2024-01-14,Cancelled,App,0.16
375,10,902,2,1633.3600,2024-01-04,Completed,Store,0.26
376,10,1825,3,1629.9000,2024-02-25,Cancelled,App,0.04
377,83,1202,3,618.0900,2024-02-05,Completed,App,0.1
378,10,1402,5,514.5500,2024-01-10,Completed,Web,0.27
379,9,852,5,399.2000,2024-01-21,Cancelled,App,0.26
380,3,1576,2,1710.0100,2024-01-19,Completed,Web,0.18
381,15,1056,1,1662.9900,2024-02-11,Completed,App,0.23
382,41,614,1,1769.2000,2024-03-01,Cancelled,Store,0.24
383,21,1768,2,1689.2000,2024-01-29,Completed,Web,0.2
384,47,390,2,377.4000,2024-02-14,Cancelled,App,0.18
385,79,96,1,410.5700,2024-02-21,Completed,Store,0.08
386,42,1915,2,1604.6700,2024-01-07,Cancelled,Store,0.05
387,29,349,2,1425.8400,2024-01-24,Cancelled,Store,0.26
388,96,1563,3,1353.8000,2024-02-08,Completed,Store,0.22
389,58,692,1,1317.9100,2024-02-01,Completed,Web,0.26
390,85,1599,5,1086.7500,2024-01-11,Cancelled,App,0.17
391,60,30,1,848.9000,2024-01-17,Completed,App,0.04
392,52,1673,1,1167.7700,2024-02-22,Completed,App,0.1
393,29,211,2,818.2600,2024-01-15,Completed,Web,0
394,76,347,4,1933.4400,2024-02-13,Cancelled,Web,0.11
395,23,1594,1,578.7200,2024-02-03,Completed,App,0.01
396,83,572,1,103.5500,2024-01-12,Completed,Web,0.08
397,55,735,5,653.6900,2024-01-26,Completed,Store,0.05
398,56,1386,2,1954.5900,2024-02-04,Cancelled,App,0.23
399,72,617,4,1020.5400,2024-01-05,Completed,Web,0.27
400,94,1134,3,742.3900,2024-01-02,Completed,App,0.02
401,71,617,2,249.8500,2024-02-17,Completed,Store,0.18
402,43,1861,2,689.9200,2024-02-02,Completed,Store,0.2
403,48,1311,2,717.5100,2024-02-15,Completed,App,0.08
404,45,1956,3,809.9700,2024-01-12,Completed,Web,0.25
405,35,1866,2,531.6400,2024-01-24,Cancelled,Web,0.01
406,88,1282,5,433.3200,2024-02-19,Cancelled,App,0.01
407,39,1242,5,1712.7400,2024-02-20,Completed,Web,0.11
408,10,1874,3,489.0200,2024-01-02,Completed,Store,0.16
409,92,1839,1,102.4200,2024-02-27,Cancelled,Store,0.21
410,17,1106,2,994.1600,2024-01-30,Cancelled,Web,0.22
411,14,72,2,1988.9600,2024-02-11,Cancelled,App,0.09
412,65,629,5,662.5300,2024-01-16,Completed,App,0.26
413,60,202,1,462.8100,2024-01-12,Completed,App,0.06
414,2,488,4,1183.3900,2024-01-02,Completed,Store,0.04
415,60,775,5,1442.7700,2024-02-07,Completed,App,0.22
416,12,1977,4,163.8100,2024-01-22,Completed,App,0
417,9,1574,2,1196.7800,2024-01-11,Cancelled,App,0.03
418,36,222,2,1246.4500,2024-01-23,Completed,Store,0.06
419,2,614,1,1699.1400,2024-02-26,Cancelled,App,0.1
420,91,519,1,1385.4000,2024-01-16,Completed,App,0.22
421,37,226,4,1798.2800,2024-02-16,Completed,App,0.15
422,93,1246,5,549.7300,2024-01-19,Completed,App,0.12
423,90,1560,3,1766.7700,2024-01-15,Cancelled,Web,0.03
424,86,296,3,936.6100,2024-01-19,Cancelled,Store,0.23
425,62,1407,1,282.4400,2024-02-28,Completed,App,0
426,58,940,1,1285.7700,2024-02-25,Completed,Store,0.24
427,51,622,3,278.2900,2024-02-12,Completed,Web,0.26
428,18,1651,2,244.3600,2024-01-31,Cancelled,App,0.17
429,43,1713,1,443.1100,2024-02-18,Cancelled,Store,0.15
430,95,539,3,647.1900,2024-02-20,Cancelled,App,0.19
431,77,598,3,1884.5300,2024-02-27,Cancelled,App,0.16
432,79,212,1,432.4300,2024-02-05,Completed,Store,0.16
433,91,1066,5,1724.4400,2024-02-27,Completed,App,0.27
434,20,588,1,192.1900,2024-02-06,Completed,Web,0.06
435,23,655,2,1258.8800,2024-02-06,Completed,App,0.23
436,88,1980,5,1440.9700,2024-01-23,Completed,App,0.08
437,54,1126,4,1171.2100,2024-02-14,Cancelled,Store,0.27
438,6,772,1,325.0500,2024-01-21,Completed,Store,0.23
439,48,435,5,607.0000,2024-02-09,Completed,Store,0.27
440,73,1594,5,796.2200,2024-02-08,Cancelled,App,0.03
441,29,1980,1,291.5900,2024-02-04,Completed,Store,0.02
442,29,298,2,740.1800,2024-01-11,Completed,Web,0.12
443,67,1045,4,812.8500,2024-02-19,Completed,Web,0.04
444,27,257,5,1190.0100,2024-01-21,Cancelled,Web,0.25
445,44,932,4,1970.3500,2024-01-03,Completed,App,0.17
446,77,984,3,1435.7600,2024-02-08,Completed,App,0.29
447,56,1144,2,1739.2800,2024-01-19,Cancelled,App,0.12
448,32,365,4,571.6600,2024-01-21,Cancelled,App,0.22
449,67,1274,2,1819.3700,2024-01-09,Cancelled,Web,0.19
450,8,339,2,1952.9000,2024-01-04,Completed,Web,0.09
451,48,93,3,285.6300,2024-01-03,Cancelled,Web,0.28
452,3,311,2,381.1600,2024-01-14,Completed,Store,0.01
453,46,1164,2,1242.6200,2024-01-01,Completed,App,0.17
454,75,694,4,1946.2300,2024-01-03,Cancelled,Web,0.21
455,34,1155,4,1132.3800,2024-02-11,Cancelled,App,0.05
456,52,770,2,154.5500,2024-02-15,Cancelled,Store,0.27
457,68,76,2,1719.7200,2024-01-31,Completed,App,0.14
458,62,1148,1,1821.3500,2024-01-02,Completed,Store,0.08
459,60,1443,4,1382.5800,2024-02-11,Cancelled,App,0.27
460,1,1199,5,1193.0700,2024-02-29,Completed,Web,0
461,56,1232,3,1449.5700,2024-01-25,Completed,Web,0.22
462,23,1576,2,1774.4100,2024-01-26,Cancelled,App,0.08
463,22,740,3,1322.3700,2024-02-18,Completed,Web,0.08
464,68,1478,2,100.4100,2024-02-28,Cancelled,Web,0.26
465,27,1452,4,1158.1400,2024-01-31,Cancelled,Store,0.21
466,8,1019,3,1140.0400,2024-02-17,Cancelled,Store,0.07
467,25,101,1,1605.2700,2024-02-13,Completed,App,0.18
468,9,204,4,1252.1500,2024-01-17,Completed,Web,0.04
469,40,573,5,1843.2400,2024-01-26,Cancelled,Web,0.25
470,42,216,3,910.1100,2024-02-29,Cancelled,Web,0.07
471,77,1325,3,1395.9100,2024-02-20,Completed,App,0.21
472,42,1472,5,1842.7400,2024-02-24,Completed,App,0.2
473,82,810,2,1144.1100,2024-02-20,Cancelled,App,0.29
474,32,155,2,1567.6800,2024-02-13,Cancelled,App,0.25
475,96,730,2,1985.0400,2024-01-01,Cancelled,App,0.07
476,91,1083,3,654.6600,2024-02-01,Completed,App,0
477,17,1447,3,336.1600,2024-01-11,Cancelled,Store,0.05
478,17,545,2,1445.3000,2024-02-24,Completed,Web,0.17
479,86,1907,2,488.0500,2024-01-18,Cancelled,Web,0.19
480,14,1876,2,921.2100,2024-03-01,Cancelled,Store,0.03
481,97,909,5,1519.6400,2024-01-08,Cancelled,Web,0
482,8,31,1,651.6900,2024-02-20,Cancelled,Web,0.16
483,77,431,4,713.5800,2024-01-14,Cancelled,Store,0.13
484,27,488,1,483.2000,2024-01-14,Cancelled,Store,0.07
485,46,1181,2,1630.2200,2024-01-14,Cancelled,Store,0.13
486,96,318,5,1341.6800,2024-02-25,Completed,Store,0.18
487,71,1666,3,1409.6200,2024-02-17,Completed,App,0.26
488,33,956,1,1306.3200,2024-02-24,Completed,Store,0.23
489,22,294,1,559.5300,2024-01-28,Completed,App,0.17
490,44,381,2,1977.9000,2024-02-21,Completed,App,0.21
491,21,1451,2,1801.5000,2024-02-23,Cancelled,App,0.13
492,99,1591,2,1661.0900,2024-02-19,Cancelled,App,0.19
493,77,1435,3,343.7100,2024-01-05,Cancelled,Store,0.01
494,73,609,5,1724.9300,2024-01-08,Cancelled,Store,0.03
495,49,92,3,843.9600,2024-02-10,Cancelled,Store,0.15
496,28,1642,3,1287.2100,2024-01-16,Cancelled,Store,0.2
497,85,1690,5,1222.3400,2024-01-24,Completed,Web,0.18
498,6,1451,4,916.4200,2024-01-27,Completed,Web,0.25
499,97,1168,1,201.3800,2024-02-21,Cancelled,Web,0.03
500,43,78,2,571.8500,2024-02-17,Completed,App,0.22
501,22,691,1,1070.6300,2024-02-14,Cancelled,App,0.19
502,30,700,3,450.8600,2024-02-25,Completed,Store,0.26
503,58,1604,2,1658.2000,2024-01-24,Completed,Store,0.14
504,38,1918,3,1385.8600,2024-01-26,Completed,Store,0.22
505,22,1784,2,1516.3400,2024-02-10,Completed,App,0.19
506,30,550,2,491.5900,2024-01-16,Cancelled,Web,0.28
507,74,1601,5,704.8500,2024-01-05,Cancelled,App,0.24
508,100,138,1,347.3900,2024-02-19,Completed,Web,0.26
509,96,529,1,200.3100,2024-01-22,Completed,App,0.2
510,4,1062,3,1981.4700,2024-02-02,Cancelled,App,0.24
511,7,571,1,1140.5300,2024-02-07,Completed,Web,0.07
512,47,267,3,1082.9900,2024-02-09,Cancelled,App,0.05
513,66,930,1,197.7200,2024-02-16,Completed,Store,0.24
514,78,638,3,375.4700,2024-01-03,Completed,Store,0.01
515,66,772,5,535.6600,2024-02-15,Cancelled,App,0.07
516,66,1159,2,485.3800,2024-01-07,Completed,Web,0.29
517,59,1577,2,752.2200,2024-01-04,Completed,Web,0.07
518,42,591,3,1826.0000,2024-02-22,Completed,Web,0.14
519,24,1333,4,382.4700,2024-01-20,Cancelled,App,0.13
520,36,1177,4,369.0500,2024-01-30,Completed,App,0.06
521,78,785,5,932.5200,2024-01-22,Completed,App,0.24
522,45,1289,4,519.5600,2024-01-13,Cancelled,App,0.03
523,61,1451,5,881.9400,2024-01-10,Completed,Store,0.11
524,51,1858,3,1012.6100,2024-01-01,Completed,App,0.11
525,6,1809,4,556.5600,2024-02-17,Cancelled,Web,0.15
526,71,116,3,1399.1600,2024-01-16,Cancelled,Store,0.19
527,99,962,2,768.5700,2024-01-18,Completed,Web,0.29
528,92,108,4,1099.5200,2024-02-09,Cancelled,Store,0.01
529,7,1234,2,1331.8200,2024-01-27,Completed,Web,0.27
530,72,1620,4,794.5400,2024-02-01,Completed,Web,0.06
531,28,1877,1,1803.3300,2024-01-07,Cancelled,Store,0.19
532,67,721,1,877.5100,2024-01-21,Cancelled,Web,0.14
533,41,1605,3,1995.2100,2024-02-01,Cancelled,Store,0.27
534,99,455,1,1156.4800,2024-01-30,Cancelled,Store,0.17
535,65,177,5,652.2500,2024-02-24,Cancelled,Store,0.2
536,27,98,4,1513.5100,2024-02-20,Cancelled,App,0.18
537,13,491,5,1210.5500,2024-01-17,Completed,Web,0.14
538,44,1991,2,976.5500,2024-02-29,Cancelled,App,0.25
539,81,1212,5,1834.1600,2024-01-07,Cancelled,App,0.26
540,37,440,3,764.2000,2024-02-29,Cancelled,App,0.11
541,39,991,1,988.6100,2024-02-28,Cancelled,Web,0.12
542,83,1010,4,567.6200,2024-01-22,Cancelled,Store,0.04
543,95,1781,4,1649.8600,2024-02-14,Completed,Store,0.09
544,51,1078,5,1367.1700,2024-02-07,Completed,App,0.07
545,37,980,2,1226.1100,2024-02-04,Completed,Store,0.07
546,97,1089,1,1084.2200,2024-01-18,Completed,Web,0.01
547,40,1075,5,1529.2000,2024-01-03,Completed,Store,0.25
548,87,774,1,1617.8800,2024-03-01,Completed,App,0.2
549,65,1767,2,1900.7600,2024-02-14,Cancelled,Web,0.12
550,28,1315,2,1642.6600,2024-02-15,Completed,Web,0.18
551,11,897,5,814.0600,2024-01-25,Cancelled,Store,0.07
552,12,634,1,403.4300,2024-01-18,Cancelled,Web,0.06
553,18,1094,5,1229.5100,2024-01-22,Completed,Web,0.22
554,10,743,2,448.5000,2024-02-07,Cancelled,Store,0.24
555,77,690,3,963.0800,2024-02-03,Cancelled,Store,0.14
556,85,854,3,1534.6500,2024-02-15,Completed,Web,0.18
557,30,826,1,1181.5600,2024-01-25,Cancelled,Web,0.07
558,68,1107,4,1043.6700,2024-02-16,Cancelled,Web,0.2
559,12,935,2,1589.8600,2024-02-27,Cancelled,Store,0.06
560,20,1297,4,129.4900,2024-01-16,Completed,App,0.1
561,1,476,4,1357.2600,2024-01-30,Cancelled,Web,0.12
562,29,178,5,1676.5700,2024-02-20,Cancelled,Web,0
563,40,1647,2,236.6900,2024-01-31,Cancelled,Web,0.23
564,5,1731,5,1611.3200,2024-02-07,Cancelled,App,0.3
565,87,1986,2,1511.9200,2024-01-18,Completed,Store,0.15
566,15,1927,5,1310.9900,2024-02-12,Cancelled,Web,0.12
567,41,1576,5,1134.3100,2024-02-03,Completed,Store,0.15
568,54,824,1,219.0200,2024-01-23,Cancelled,Store,0.1
569,78,616,3,1457.0300,2024-02-12,Completed,App,0.18
570,96,1905,5,143.2400,2024-01-14,Completed,App,0.22
571,91,490,4,1234.3800,2024-01-22,Cancelled,Web,0.1
572,56,1719,1,1825.7900,2024-02-12,Cancelled,Web,0.06
573,66,970,4,1976.2400,2024-02-02,Completed,App,0.28
574,99,319,4,166.9900,2024-02-05,Cancelled,Store,0.01
575,72,24,3,504.5500,2024-02-06,Completed,Web,0.24
576,95,1520,5,1904.4300,2024-02-14,Cancelled,Web,0.29
577,17,329,4,129.6300,2024-01-08,Cancelled,Web,0.22
578,10,593,1,1417.0500,2024-02-04,Cancelled,Store,0.2
579,46,1953,1,1787.6100,2024-01-04,Cancelled,App,0.16
580,78,1646,5,1097.2100,2024-02-08,Cancelled,Store,0.12
581,57,1528,1,285.9800,2024-02-28,Cancelled,App,0.16
582,10,1085,1,646.5000,2024-01-11,Cancelled,Store,0.12
583,56,1991,3,1683.6700,2024-01-20,Cancelled,App,0.18
584,95,956,5,1401.0500,2024-01-16,Completed,Web,0.24
585,91,685,3,1675.9200,2024-02-05,Completed,Web,0.07
586,27,891,3,1635.4100,2024-02-23,Completed,App,0.15
587,10,724,2,973.1400,2024-01-13,Cancelled,Web,0.27
588,55,809,3,1523.2200,2024-02-21,Cancelled,Web,0.28
589,59,1853,1,991.8700,2024-01-27,Completed,Web,0.25
590,99,1105,5,562.3300,2024-01-21,Completed,Web,0.16
591,63,1108,5,1293.2100,2024-02-17,Completed,Store,0.08
592,76,1308,2,1950.5300,2024-02-24,Completed,App,0.26
593,39,1634,4,716.9100,2024-01-07,Completed,Web,0.13
594,77,1750,1,706.7100,2024-03-01,Completed,Web,0.18
595,3,471,3,934.0100,2024-01-05,Completed,Web,0.01
596,31,814,2,333.2100,2024-02-21,Cancelled,Store,0.03
597,12,1863,5,525.1200,2024-01-21,Completed,App,0.16
598,28,1349,3,697.2300,2024-02-21,Cancelled,Web,0.03
599,20,1147,2,484.6400,2024-02-04,Cancelled,Store,0.09
600,35,1550,2,489.0800,2024-02-04,Completed,Store,0.1
601,26,355,4,1281.8100,2024-01-12,Cancelled,Store,0.25
602,69,720,5,938.3500,2024-02-28,Completed,Store,0.15
603,56,301,2,368.5600,2024-01-05,Cancelled,Store,0.17
604,66,665,4,1411.6300,2024-02-06,Cancelled,App,0.24
605,98,1812,5,1867.6600,2024-02-13,Completed,Web,0.19
606,18,409,1,1766.7800,2024-02-03,Completed,Web,0.01
607,62,424,4,1927.9900,2024-02-24,Completed,Store,0.26
608,88,851,2,1134.2100,2024-01-05,Completed,Store,0.08
609,16,1438,3,1653.7000,2024-02-13,Cancelled,App,0.17
610,46,791,1,1845.4900,2024-01-12,Completed,App,0.06
611,78,1072,1,1867.0600,2024-01-30,Completed,Web,0.05
612,76,261,4,1223.8600,2024-02-04,Cancelled,Store,0.11
613,6,76,5,1498.5700,2024-02-26,Cancelled,Web,0.21
614,85,1135,2,1024.4600,2024-02-19,Completed,Web,0.21
615,72,1824,4,1911.3800,2024-01-17,Cancelled,Store,0.19
616,76,1094,4,128.9500,2024-02-14,Cancelled,Store,0.14
617,23,507,3,1118.9700,2024-01-23,Completed,Web,0.13
618,46,1010,5,1004.9000,2024-02-23,Completed,Store,0.02
619,81,253,1,166.4200,2024-01-27,Completed,Store,0.27
620,65,164,3,1892.7700,2024-02-04,Completed,Web,0.3
621,46,37,5,1601.0200,2024-02-14,Cancelled,Web,0.2
622,60,111,2,1979.2100,2024-02-14,Cancelled,App,0.16
623,65,1225,1,219.7300,2024-01-08,Cancelled,Web,0.17
624,78,1632,2,102.1200,2024-01-06,Cancelled,Web,0.11
625,73,609,3,113.9700,2024-01-09,Cancelled,Web,0.02
626,34,196,1,1619.1100,2024-01-02,Completed,Web,0.09
627,68,427,5,241.0800,2024-01-29,Completed,App,0.09
628,57,1831,2,1542.1800,2024-01-11,Cancelled,App,0.21
629,25,221,1,565.3800,2024-01-08,Cancelled,App,0.12
630,95,1776,3,345.6300,2024-02-26,Completed,Store,0.11
631,20,1700,2,350.3600,2024-02-21,Cancelled,Store,0.14
632,35,1523,3,1356.9500,2024-02-16,Cancelled,Store,0.2
633,52,336,1,1284.5600,2024-02-01,Completed,Web,0.08
634,98,1269,1,333.1300,2024-01-12,Cancelled,App,0.3
635,73,1859,3,1266.6100,2024-02-15,Completed,Store,0.08
636,75,1851,2,1574.0300,2024-01-11,Completed,Web,0
637,11,1177,3,105.7800,2024-01-17,Completed,Store,0.12
638,56,323,4,521.3900,2024-01-04,Completed,App,0.18
639,19,1107,2,1420.4700,2024-02-16,Completed,Store,0.13
640,84,216,2,1326.4400,2024-01-12,Cancelled,Web,0.28
641,70,1265,1,1506.7400,2024-02-17,Cancelled,App,0.08
642,66,271,1,1464.8400,2024-01-16,Cancelled,Store,0.11
643,73,926,2,477.5800,2024-02-16,Completed,App,0.22
644,29,680,1,698.9000,2024-02-28,Cancelled,Web,0.21
645,73,436,1,620.8700,2024-02-17,Cancelled,Store,0.14
646,82,256,5,638.8600,2024-01-16,Completed,Store,0.07
647,2,1468,5,444.2800,2024-02-12,Completed,Web,0.11
648,39,580,5,1107.6000,2024-02-24,Cancelled,Store,0.08
649,71,691,4,1686.7900,2024-01-08,Cancelled,App,0.09
650,63,1928,3,1569.1900,2024-02-07,Cancelled,Store,0.09
651,36,1442,1,1784.1900,2024-02-22,Cancelled,Store,0.29
652,8,1854,3,143.7800,2024-02-18,Completed,Store,0.09
653,76,325,4,910.4100,2024-01-08,Cancelled,Web,0.15
654,59,48,2,1224.9800,2024-02-21,Cancelled,Store,0.05
655,24,49,2,897.1900,2024-02-01,Cancelled,App,0.12
656,81,263,4,395.0300,2024-02-01,Completed,Web,0.05
657,87,81,3,873.7600,2024-02-08,Completed,App,0.23
658,49,524,4,516.3300,2024-02-07,Completed,App,0.2
659,1,740,1,825.2500,2024-01-04,Cancelled,App,0.05
660,65,1028,2,182.3700,2024-02-08,Completed,App,0.1
661,97,1192,3,699.3400,2024-01-08,Cancelled,Store,0.1
662,32,967,5,1938.7000,2024-01-06,Completed,Web,0.09
663,36,335,1,675.3700,2024-01-31,Completed,Store,0.11
664,83,1638,3,342.2900,2024-01-21,Cancelled,Web,0.25
665,5,1265,5,921.8500,2024-01-20,Cancelled,Web,0.12
666,58,424,1,1619.1500,2024-02-20,Cancelled,Web,0.03
667,86,1417,2,1683.4400,2024-02-16,Completed,Web,0.1
668,89,1696,1,565.5900,2024-02-19,Cancelled,Store,0.1
669,89,1295,5,216.7200,2024-02-11,Completed,App,0.2
670,12,892,1,1091.1300,2024-01-13,Completed,App,0.04
671,50,1981,3,1292.0200,2024-01-31,Cancelled,Store,0.12
672,34,983,4,1803.8700,2024-01-14,Completed,Store,0.1
673,73,152,2,836.9500,2024-03-01,Completed,Store,0
674,14,1672,4,707.7600,2024-01-12,Cancelled,Store,0.24
675,46,1428,4,586.4700,2024-01-24,Completed,App,0.01
676,38,1250,3,1030.7500,2024-01-05,Completed,Web,0.16
677,47,1646,4,211.9500,2024-01-12,Completed,App,0.09
678,47,202,4,550.4700,2024-02-10,Completed,Web,0.18
679,14,201,2,1561.8000,2024-01-22,Cancelled,Store,0.26
680,96,373,4,1281.6500,2024-02-06,Completed,App,0.18
681,48,1773,3,1818.6400,2024-02-16,Completed,App,0.11
682,69,1507,3,1481.7300,2024-01-17,Cancelled,App,0.01
683,39,1564,2,1390.7100,2024-02-13,Cancelled,App,0.14
684,54,1693,5,1372.9800,2024-02-19,Cancelled,App,0.16
685,58,1835,3,1941.4900,2024-02-15,Cancelled,Web,0.1
686,43,330,2,569.1500,2024-02-10,Completed,Store,0.02
687,54,1940,1,1763.3100,2024-02-25,Completed,Web,0.02
688,63,363,4,274.8900,2024-02-16,Completed,Web,0.09
689,47,318,1,1947.1900,2024-01-02,Cancelled,Store,0.26
690,56,1358,2,1989.8800,2024-02-25,Completed,Store,0.04
691,71,275,1,933.3700,2024-02-12,Completed,App,0.15
692,81,1630,4,618.6200,2024-01-30,Cancelled,Web,0.26
693,18,497,3,1649.3500,2024-02-17,Completed,Web,0.2
694,69,1916,2,449.7000,2024-01-09,Cancelled,App,0.1
695,86,1014,4,1280.8100,2024-01-30,Cancelled,Web,0.13
696,20,1934,3,467.0400,2024-02-09,Cancelled,Store,0.3
697,87,690,3,1082.9600,2024-02-19,Cancelled,Store,0.08
698,82,1467,2,1219.7900,2024-01-25,Cancelled,Store,0.09
699,16,824,5,437.2700,2024-01-24,Completed,Web,0.16
700,31,453,3,754.1900,2024-02-19,Completed,Store,0.21
701,24,1162,4,1484.3300,2024-01-14,Completed,App,0.01
702,42,1105,2,1847.2100,2024-01-26,Cancelled,App,0.24
703,98,861,1,1019.6200,2024-01-16,Cancelled,Web,0.27
704,56,249,5,1266.7000,2024-02-10,Cancelled,Store,0.26
705,94,352,3,1039.3100,2024-01-25,Cancelled,Web,0.09
706,3,1070,3,477.4100,2024-02-27,Cancelled,Store,0.07
707,79,1096,2,1887.5200,2024-02-01,Completed,App,0.27
708,86,327,5,1063.6700,2024-03-01,Completed,Web,0.15
709,15,254,4,1272.3300,2024-01-15,Cancelled,App,0.08
710,74,150,3,149.2900,2024-02-09,Cancelled,App,0.22
711,77,360,3,668.5800,2024-02-11,Cancelled,App,0.19
712,62,1132,5,1156.2700,2024-02-19,Completed,Store,0.02
713,55,896,1,357.2500,2024-02-24,Completed,App,0.12
714,84,1016,2,537.1100,2024-02-08,Completed,Web,0.23
715,70,1941,2,848.5900,2024-02-13,Cancelled,App,0.11
716,57,312,3,1693.2500,2024-02-01,Cancelled,Store,0.27
717,16,1776,2,1708.1000,2024-02-14,Cancelled,Web,0.04
718,22,1170,5,1677.8900,2024-02-09,Cancelled,Web,0.22
719,48,206,1,950.5000,2024-02-23,Cancelled,Web,0.15
720,85,1790,5,1213.4100,2024-02-05,Cancelled,App,0.18
721,87,785,1,1115.3500,2024-01-11,Cancelled,App,0.04
722,72,870,4,1967.4900,2024-01-06,Completed,Store,0.21
723,10,1338,2,601.5600,2024-01-05,Completed,Web,0.25
724,66,1863,5,382.8600,2024-02-01,Completed,App,0.21
725,4,1668,4,1766.1700,2024-02-25,Cancelled,Web,0.03
726,10,1451,3,1058.4300,2024-01-11,Cancelled,Web,0.04
727,18,1420,2,530.8700,2024-01-04,Cancelled,App,0.28
728,33,1006,1,608.3200,2024-02-03,Cancelled,Web,0.05
729,10,163,1,988.9800,2024-02-02,Completed,App,0.01
730,18,992,2,1054.6500,2024-02-04,Completed,Web,0.19
731,18,1373,5,1656.9800,2024-01-16,Completed,App,0.16
732,52,465,2,1811.7200,2024-02-14,Cancelled,Web,0.29
733,27,195,2,1216.0400,2024-02-12,Completed,App,0.06
734,73,1685,4,458.6100,2024-01-27,Completed,Web,0.1
735,99,1349,3,327.2000,2024-01-02,Completed,Store,0.06
736,79,800,2,1539.0400,2024-02-22,Completed,Store,0.14
737,11,1255,5,198.7400,2024-01-10,Cancelled,App,0.17
738,81,318,1,1231.5600,2024-01-24,Cancelled,Store,0.04
739,83,1548,4,967.9400,2024-02-21,Cancelled,Store,0.11
740,85,1111,3,693.4200,2024-02-24,Cancelled,Store,0.27
741,21,1532,1,442.9400,2024-01-30,Cancelled,App,0
742,70,1966,4,433.6000,2024-02-09,Completed,App,0.03
743,42,16,1,1319.6600,2024-01-26,Completed,App,0.29
744,75,810,2,433.9800,2024-01-06,Cancelled,App,0.16
745,61,234,5,466.3300,2024-01-04,Cancelled,Web,0.16
746,62,1903,5,181.4400,2024-01-24,Completed,App,0.02
747,8,478,4,722.7200,2024-02-02,Completed,App,0
748,95,618,3,1289.7200,2024-01-26,Completed,App,0.24
749,43,1109,2,672.0100,2024-02-19,Completed,Web,0.15
750,34,12,3,723.5200,2024-01-01,Cancelled,Web,0.02
751,70,10,4,1796.8100,2024-02-04,Cancelled,Web,0.21
752,46,216,4,357.5400,2024-01-06,Completed,Web,0.02
753,100,663,4,1204.4600,2024-02-05,Completed,Web,0.26
754,73,630,3,225.5600,2024-02-24,Cancelled,App,0.27
755,20,1550,5,1576.1100,2024-01-03,Completed,Web,0.29
756,48,1459,3,766.1000,2024-01-21,Cancelled,Web,0.19
757,95,1747,2,1672.1200,2024-02-02,Completed,Store,0.28
758,97,1239,5,1663.3400,2024-03-01,Cancelled,Store,0.14
759,66,1338,4,1929.7100,2024-02-17,Cancelled,Web,0.02
760,65,1424,3,825.1300,2024-01-14,Cancelled,App,0.24
761,19,430,4,1018.3200,2024-01-22,Completed,App,0.07
762,100,871,2,697.7700,2024-01-13,Completed,App,0.05
763,33,1850,3,1912.1100,2024-01-08,Completed,App,0.14
764,7,669,4,1449.3100,2024-02-01,Completed,Web,0.27
765,1,39,4,1393.3700,2024-02-25,Cancelled,Store,0.04
766,24,816,1,1475.7000,2024-01-19,Completed,App,0.2
767,90,471,5,755.4500,2024-02-01,Cancelled,Web,0.15
768,30,1150,3,1673.9500,2024-01-27,Completed,Store,0.14
769,88,1385,5,1283.1300,2024-01-27,Cancelled,Web,0.13
770,81,1392,2,795.1200,2024-02-28,Completed,App,0.03
771,40,400,3,1372.7400,2024-02-13,Cancelled,Store,0.13
772,50,1260,5,497.2800,2024-02-10,Cancelled,App,0.28
773,5,1078,2,1604.7600,2024-01-28,Cancelled,App,0.11
774,18,1704,5,1832.6500,2024-01-06,Completed,App,0.09
775,70,1561,3,613.9600,2024-01-28,Cancelled,Web,0.11
776,51,1023,3,1836.6700,2024-02-24,Completed,Web,0.23
777,85,1279,1,178.2900,2024-01-23,Cancelled,Web,0.18
778,23,705,5,1115.2500,2024-01-27,Cancelled,Web,0
779,92,94,3,1657.2500,2024-01-28,Completed,Store,0.23
780,35,1541,1,1514.8100,2024-02-11,Cancelled,Web,0.12
781,53,1963,1,1976.1600,2024-01-17,Completed,Web,0.09
782,21,581,4,1869.8100,2024-01-10,Completed,Store,0.26
783,86,1562,5,235.5400,2024-02-20,Cancelled,Store,0.19
784,20,802,1,1608.9500,2024-01-01,Cancelled,Store,0.09
785,44,1028,3,1898.4300,2024-01-10,Completed,Store,0.06
786,14,596,1,1064.2700,2024-02-07,Completed,Web,0.05
787,10,1147,3,1458.0900,2024-01-27,Cancelled,Web,0.23
788,48,1182,4,1173.3000,2024-01-16,Cancelled,Web,0.23
789,36,1246,2,1136.7000,2024-02-19,Cancelled,App,0.05
790,24,1909,3,940.9300,2024-02-04,Completed,Store,0.13
791,24,696,3,754.8400,2024-01-01,Cancelled,Store,0.16
792,27,297,5,891.5300,2024-01-13,Completed,App,0.16
793,91,653,1,212.1300,2024-01-29,Cancelled,Store,0.13
794,40,703,3,1799.2300,2024-02-25,Completed,App,0.02
795,72,1096,1,856.9400,2024-01-29,Cancelled,Store,0.24
796,30,338,4,1797.1800,2024-01-05,Completed,Web,0.23
797,19,504,2,744.0900,2024-02-07,Cancelled,Web,0.29
798,32,59,5,658.6500,2024-02-07,Completed,App,0.27
799,10,669,3,288.4600,2024-02-23,Completed,Store,0.24
800,59,21,2,383.5900,2024-01-28,Completed,Store,0.16
801,31,1360,5,1595.4800,2024-02-24,Cancelled,App,0.07
802,42,1291,4,1413.5400,2024-02-03,Cancelled,App,0.29
803,87,1093,5,595.8800,2024-01-01,Cancelled,Web,0.1
804,2,906,4,953.7500,2024-01-01,Completed,Store,0.23
805,4,1561,4,1534.0800,2024-01-19,Cancelled,Store,0.02
806,15,986,5,1446.1400,2024-01-29,Completed,Web,0.11
807,19,1631,1,598.4100,2024-02-19,Cancelled,App,0.04
808,18,395,5,1203.6200,2024-01-16,Completed,App,0.28
809,66,723,2,1679.2900,2024-01-29,Completed,App,0.28
810,83,1039,1,514.8800,2024-01-29,Cancelled,Store,0.16
811,58,1308,2,1014.0800,2024-01-21,Cancelled,App,0.05
812,88,1861,4,1879.7900,2024-01-30,Cancelled,App,0.02
813,40,1137,3,846.6400,2024-01-25,Cancelled,Store,0.11
814,9,297,1,1470.9800,2024-02-15,Cancelled,App,0.27
815,44,1839,2,1532.3700,2024-01-03,Cancelled,Store,0.02
816,94,742,3,137.1000,2024-01-25,Completed,Web,0.21
817,13,48,1,434.0300,2024-02-20,Cancelled,App,0.05
818,7,36,1,459.2500,2024-02-05,Completed,Web,0.04
819,50,1064,5,1836.9800,2024-01-31,Completed,Store,0.29
820,88,1563,1,1321.8000,2024-02-13,Cancelled,Store,0.05
821,39,1621,2,381.8200,2024-02-05,Cancelled,Web,0.29
822,47,1628,5,1688.5000,2024-02-06,Completed,App,0.12
823,48,1983,5,290.8500,2024-02-16,Completed,Store,0.05
824,51,1201,4,360.7500,2024-01-22,Completed,App,0.1
825,19,176,4,1910.1800,2024-02-02,Cancelled,Store,0
826,92,950,4,749.6100,2024-01-28,Completed,Web,0.18
827,48,449,5,247.6800,2024-01-24,Completed,App,0.25
828,60,1486,2,1295.9700,2024-03-01,Completed,Store,0.2
829,28,993,2,2207.3600,2024-01-10,Cancelled,Store,0.07
830,35,965,5,1071.4600,2024-02-06,Cancelled,Store,0.14
831,54,156,2,709.8600,2024-02-03,Cancelled,Store,0.09
832,84,1100,5,339.4800,2024-01-26,Cancelled,Store,0.16
833,64,258,1,961.6900,2024-02-11,Completed,Store,0.24
834,28,1584,5,292.3900,2024-01-19,Completed,Web,0.02
835,6,1929,2,1165.9000,2024-02-17,Completed,App,0.21
836,92,542,2,1158.0100,2024-01-31,Completed,App,0.17
837,75,1149,2,1356.3600,2024-01-01,Completed,Web,0.08
838,44,78,1,502.5700,2024-02-21,Completed,Store,0.02
839,42,600,5,666.8800,2024-02-02,Cancelled,Store,0.01
840,15,1848,3,810.2800,2024-01-08,Completed,Web,0.2
841,18,1550,1,1995.2700,2024-01-03,Completed,Store,0.04
842,23,1611,3,1874.1100,2024-02-03,Completed,Web,0.14
843,64,1761,3,673.9000,2024-02-07,Completed,Web,0.17
844,36,1965,1,1703.5900,2024-01-17,Cancelled,Store,0.16
845,61,1397,4,1038.1500,2024-02-29,Completed,App,0.06
846,90,503,5,802.6900,2024-01-10,Cancelled,App,0.08
847,59,1092,3,317.7800,2024-02-09,Completed,App,0.07
848,61,459,2,1062.9200,2024-02-27,Cancelled,Store,0.27
849,84,1516,2,1090.1200,2024-01-13,Cancelled,Web,0.04
850,39,884,2,1960.7200,2024-02-18,Cancelled,App,0.29
851,81,1155,1,1386.2600,2024-02-09,Cancelled,Web,0.26
852,50,1861,1,540.4300,2024-01-14,Cancelled,Store,0.1
853,22,546,1,981.1500,2024-01-13,Cancelled,Web,0.25
854,74,130,4,596.5200,2024-01-05,Completed,Store,0.24
855,83,732,1,652.2600,2024-01-17,Completed,App,0.04
856,99,1753,2,1812.2000,2024-01-13,Cancelled,Web,0.11
857,2,905,1,902.6500,2024-02-11,Cancelled,Store,0.22
858,59,1596,4,979.2200,2024-02-20,Cancelled,Web,0.19
859,51,1527,4,1249.5100,2024-01-24,Completed,App,0.2
860,6,919,5,1930.8000,2024-02-09,Cancelled,Store,0.22
861,16,1639,3,302.6800,2024-01-28,Cancelled,App,0.04
862,27,374,1,1782.1900,2024-01-02,Cancelled,Store,0.08
863,43,1258,4,194.7600,2024-01-21,Cancelled,Web,0.22
864,4,1895,2,375.9600,2024-02-02,Cancelled,Web,0
865,33,1994,1,175.6000,2024-01-10,Cancelled,Web,0.16
866,87,1016,3,1085.4900,2024-01-24,Completed,App,0.07
867,17,872,5,381.0100,2024-02-07,Completed,Web,0.16
868,16,621,5,1803.0500,2024-01-30,Cancelled,Web,0.13
869,78,389,2,712.7300,2024-01-01,Cancelled,App,0.25
870,97,1061,3,1613.4500,2024-02-23,Completed,Web,0.16
871,58,1824,3,1335.8200,2024-02-06,Completed,Store,0
872,97,868,5,618.3300,2024-01-11,Completed,App,0.14
873,64,1292,2,1015.3500,2024-01-06,Cancelled,Web,0.09
874,21,336,3,1085.4600,2024-01-31,Cancelled,Store,0.09
875,89,1557,1,1742.0900,2024-02-26,Cancelled,Web,0.27
876,95,1515,2,1805.2900,2024-01-16,Completed,Store,0.21
877,30,636,2,148.2300,2024-02-20,Cancelled,App,0.1
878,44,635,1,1118.4900,2024-01-06,Cancelled,Web,0.3
879,6,548,5,824.3000,2024-01-16,Completed,Web,0.08
880,42,659,5,135.6700,2024-02-21,Completed,Store,0.04
881,31,1285,4,1142.3400,2024-02-23,Completed,Store,0.13
882,82,30,4,1066.6800,2024-02-09,Cancelled,Web,0.22
883,90,1777,3,1156.1300,2024-01-29,Cancelled,App,0.25
884,9,1516,2,1444.7600,2024-01-07,Completed,Web,0.2
885,38,598,1,1936.0300,2024-02-25,Cancelled,Web,0.24
886,90,732,2,134.7100,2024-01-23,Cancelled,Web,0.23
887,43,126,1,395.8300,2024-01-23,Cancelled,App,0.26
888,9,1629,4,582.7800,2024-01-29,Cancelled,Web,0.08
889,96,25,3,1381.2500,2024-01-15,Cancelled,Store,0.3
890,93,1496,1,1839.4900,2024-01-07,Cancelled,Store,0.12
891,94,114,1,1239.1100,2024-02-01,Completed,Store,0.1
892,65,708,3,1247.3300,2024-01-20,Cancelled,Store,0
893,80,1900,4,473.0400,2024-02-09,Cancelled,Store,0.21
894,6,753,4,360.9900,2024-01-29,Completed,Store,0.22
895,58,934,3,1006.7600,2024-02-18,Cancelled,Store,0.13
896,35,312,4,957.9100,2024-02-05,Completed,App,0.19
897,39,1615,2,1465.0100,2024-01-27,Cancelled,Store,0.24
898,56,1744,2,898.9200,2024-02-14,Completed,Web,0.01
899,98,1970,1,413.8900,2024-02-17,Cancelled,Web,0.08
900,71,1398,4,180.7900,2024-01-02,Cancelled,Store,0.11
901,77,954,1,1431.2300,2024-01-01,Completed,Store,0.12
902,60,1408,2,1565.6400,2024-02-28,Completed,Web,0.07
903,68,1030,1,1133.4900,2024-02-14,Cancelled,App,0.1
904,45,1356,2,509.4700,2024-01-04,Cancelled,Web,0.3
905,10,1609,5,1883.7300,2024-01-14,Cancelled,App,0.06
906,58,1944,1,225.7300,2024-02-07,Cancelled,Web,0.18
907,30,149,1,1310.4000,2024-01-16,Completed,App,0.28
908,42,65,3,917.8100,2024-02-12,Cancelled,Store,0.11
909,100,1050,5,1054.4700,2024-02-12,Cancelled,Web,0.25
910,19,1001,1,1278.8400,2024-01-23,Cancelled,Web,0.28
911,1,579,4,856.3900,2024-01-13,Completed,Store,0.05
912,87,1155,1,242.9800,2024-02-24,Completed,App,0.08
913,70,1553,3,869.1900,2024-02-12,Completed,Web,0.05
914,57,180,4,323.4400,2024-02-26,Cancelled,App,0.21
915,81,526,1,1793.3800,2024-02-18,Cancelled,Store,0.12
916,82,688,1,145.1400,2024-01-13,Completed,App,0.04
917,92,760,1,1215.3900,2024-02-24,Cancelled,App,0.01
918,21,1312,1,700.7700,2024-01-26,Completed,App,0.1
919,12,844,1,459.7500,2024-01-15,Cancelled,Store,0.28
920,52,987,1,1955.7200,2024-02-28,Completed,Store,0.22
921,51,1305,2,1005.6600,2024-02-01,Cancelled,Web,0.14
922,37,482,4,751.1200,2024-02-14,Cancelled,Web,0.06
923,88,1048,2,1330.7400,2024-01-26,Completed,App,0.11
924,84,487,3,462.8000,2024-01-21,Cancelled,Web,0.07
925,10,535,4,597.2700,2024-02-29,Cancelled,Web,0.03
926,10,1042,5,696.1600,2024-02-25,Completed,Web,0.15
927,66,201,1,1839.3800,2024-01-17,Cancelled,Store,0.11
928,38,1651,1,908.7900,2024-02-09,Cancelled,Store,0.06
929,37,1540,5,1882.4500,2024-02-11,Completed,App,0.25
930,77,1455,3,1282.8100,2024-01-15,Cancelled,Store,0.11
931,30,1428,1,1955.4800,2024-02-28,Completed,App,0.3
932,66,1054,3,1578.6400,2024-02-26,Cancelled,Store,0.21
933,32,1433,4,1193.5000,2024-01-16,Cancelled,App,0.26
934,41,1065,1,1431.7200,2024-01-26,Completed,App,0.2
935,22,1060,3,1615.4000,2024-02-12,Completed,Web,0.06
936,89,590,3,1278.0400,2024-01-30,Cancelled,App,0.15
937,11,53,4,1817.7900,2024-02-23,Cancelled,App,0.07
938,93,209,2,1389.0100,2024-01-31,Cancelled,Web,0.12
939,45,1217,4,1723.7700,2024-02-04,Completed,Web,0.11
940,37,1518,2,1901.1100,2024-02-05,Cancelled,Web,0.3
941,12,47,1,1505.6600,2024-02-25,Completed,App,0.17
942,14,1376,4,1375.7800,2024-01-05,Cancelled,Web,0.15
943,25,1567,5,1221.0000,2024-01-31,Cancelled,Web,0.17
944,43,512,2,787.5600,2024-01-21,Cancelled,Store,0.29
945,38,1655,2,146.0900,2024-01-19,Cancelled,Store,0.08
946,74,1615,5,1068.2700,2024-01-01,Cancelled,App,0.2
947,29,1444,4,1288.5700,2024-02-17,Cancelled,Store,0.24
948,43,395,5,921.5700,2024-01-16,Cancelled,App,0.19
949,71,1681,4,357.2400,2024-02-04,Cancelled,Store,0.14
950,43,628,4,541.4400,2024-01-05,Cancelled,Store,0.05
951,65,927,4,1250.3000,2024-01-28,Cancelled,App,0.03
952,86,601,4,149.8100,2024-01-11,Completed,App,0.27
953,71,494,4,857.3000,2024-01-25,Cancelled,Web,0.16
954,53,476,3,2415.5100,2024-02-08,Cancelled,Store,0.25
955,81,1455,3,636.3600,2024-01-29,Completed,Store,0.16
956,19,416,5,562.2800,2024-01-15,Cancelled,Store,0.27
957,10,1523,1,372.6700,2024-01-06,Cancelled,Web,0.03
958,66,972,1,166.5300,2024-01-18,Cancelled,Web,0.14
959,96,1268,3,1759.2900,2024-02-14,Cancelled,App,0.21
960,24,948,5,1061.3800,2024-02-19,Completed,Store,0.02
961,77,911,3,911.3700,2024-02-24,Cancelled,App,0.03
962,65,468,3,1771.2400,2024-02-09,Cancelled,App,0.15
963,7,1978,5,1131.0400,2024-02-03,Completed,Web,0.23
964,84,479,3,1457.3400,2024-02-02,Cancelled,Web,0.06
965,1,1572,1,1619.7100,2024-01-19,Completed,Web,0.01
966,34,644,1,649.6600,2024-02-04,Completed,App,0.01
967,54,980,2,1905.6600,2024-01-15,Completed,App,0.05
968,36,690,3,913.2000,2024-01-03,Cancelled,Store,0.16
969,50,265,3,527.8800,2024-01-16,Completed,Store,0.25
970,71,1844,2,663.7300,2024-01-05,Completed,Store,0.02
971,75,152,3,616.0600,2024-02-20,Cancelled,App,0.27
972,18,970,1,1968.2600,2024-03-01,Completed,Store,0.1
973,6,1385,4,1864.4800,2024-02-27,Cancelled,Web,0.09
974,80,1580,4,1075.0800,2024-02-08,Completed,Web,0.25
975,40,1875,3,1660.6700,2024-03-01,Cancelled,Web,0.15
976,15,565,3,1447.4700,2024-01-07,Completed,App,0.18
977,96,1425,5,533.0400,2024-02-01,Completed,Store,0.22
978,96,1104,4,1648.0600,2024-02-05,Completed,App,0.24
979,48,114,1,1948.1600,2024-01-21,Cancelled,Store,0.11
980,13,87,5,1893.7100,2024-01-06,Completed,Store,0.03
981,32,613,1,169.8200,2024-02-26,Completed,Store,0.02
982,24,1772,4,916.8300,2024-03-01,Cancelled,Store,0.06
983,5,401,3,766.4200,2024-02-21,Cancelled,Web,0.23
984,4,1968,3,1707.3400,2024-02-24,Completed,Store,0.06
985,61,368,3,847.8100,2024-02-04,Completed,Store,0.16
986,11,1892,2,780.0000,2024-02-14,Cancelled,Web,0.17
987,81,501,3,367.3400,2024-02-12,Cancelled,Web,0.24
988,100,295,4,700.4500,2024-02-04,Completed,Store,0.06
989,20,151,4,1284.2600,2024-02-05,Completed,App,0.08
990,97,174,3,1376.5700,2024-01-02,Completed,App,0.13
991,6,531,2,595.1200,2024-01-14,Cancelled,App,0.1
992,32,89,5,378.6100,2024-01-21,Completed,Store,0.15
993,100,1921,2,847.5600,2024-03-01,Completed,Web,0.05
994,57,952,1,1462.1900,2024-02-12,Completed,App,0.26
995,69,1905,2,459.6100,2024-02-05,Completed,Web,0.26
996,55,47,2,1351.4300,2024-01-07,Cancelled,Store,0.23
997,45,1013,5,1212.8900,2024-02-26,Cancelled,App,0.29
998,11,1446,3,575.3800,2024-01-22,Completed,Store,0.02
999,51,853,3,1960.9900,2024-02-09,Completed,Store,0.17
1000,62,301,1,471.9400,2024-01-08,Completed,Web,0.24
1001,20,628,4,704.3500,2024-01-24,Cancelled,App,0.08
1002,81,1325,3,630.2600,2024-02-28,Completed,Web,0.3
1003,7,995,2,1007.3700,2024-02-27,Cancelled,App,0.27
1004,91,1151,1,792.7100,2024-01-18,Cancelled,Store,0.17
1005,72,1532,4,372.5600,2024-02-06,Completed,Web,0.14
1006,92,16,5,221.3000,2024-02-15,Completed,App,0.03
1007,65,1792,5,1330.9500,2024-01-26,Cancelled,App,0.05
1008,49,91,2,580.3500,2024-01-31,Completed,Store,0.22
1009,61,438,5,1326.1700,2024-03-01,Completed,Store,0.29
1010,41,116,3,917.9600,2024-02-18,Completed,App,0.1
1011,57,948,5,1528.2000,2024-01-06,Cancelled,App,0.18
1012,69,1637,3,1547.5600,2024-02-04,Completed,Web,0.02
1013,97,9,1,255.5200,2024-02-03,Completed,Web,0.13
1014,65,516,5,1646.7500,2024-01-23,Completed,Store,0.07
1015,23,133,4,782.5900,2024-02-27,Completed,Store,0.15
1016,16,230,5,1031.5900,2024-01-12,Cancelled,Store,0.19
1017,57,62,4,1894.5800,2024-02-05,Completed,Store,0.29
1018,32,1730,2,1562.8100,2024-02-21,Completed,App,0.08
1019,75,876,3,1986.5700,2024-01-17,Completed,Store,0.06
1020,16,418,5,1234.1500,2024-02-18,Cancelled,Web,0.05
1021,58,1899,3,724.4300,2024-02-09,Cancelled,Web,0.06
1022,87,529,2,1831.6100,2024-01-09,Cancelled,Store,0.16
1023,89,1209,5,861.0100,2024-02-08,Completed,Web,0.23
1024,82,1827,4,728.9200,2024-01-05,Completed,Store,0.05
1025,92,1844,1,616.6500,2024-02-02,Cancelled,Web,0.26
1026,48,101,2,952.0100,2024-01-17,Completed,Web,0.26
1027,98,1989,4,604.2600,2024-01-15,Cancelled,App,0.09
1028,22,448,3,277.4600,2024-01-21,Completed,Web,0.26
1029,44,1393,2,1532.0100,2024-02-18,Completed,App,0.15
1030,95,1841,4,1790.5500,2024-02-10,Cancelled,Web,0.01
1031,64,1136,2,1220.3600,2024-02-29,Completed,Web,0.18
1032,70,339,3,314.9100,2024-02-13,Cancelled,App,0.01
1033,22,1112,5,1213.9100,2024-01-29,Cancelled,Store,0.04
1034,71,1090,3,403.9100,2024-02-17,Cancelled,Web,0.01
1035,18,158,1,955.5800,2024-01-25,Cancelled,App,0.23
1036,68,876,4,1254.3200,2024-01-21,Completed,Web,0.27
1037,97,107,3,566.9000,2024-02-03,Cancelled,Web,0.16
1038,57,1754,5,860.2600,2024-02-11,Completed,Web,0.14
1039,69,1434,5,1360.1500,2024-01-10,Cancelled,App,0.22
1040,66,225,1,462.5100,2024-01-10,Completed,Store,0.08
1041,63,1167,1,945.3600,2024-03-01,Completed,Web,0.22
1042,24,1549,2,1715.1800,2024-01-02,Cancelled,Store,0.08
1043,31,1869,2,1932.9500,2024-01-31,Cancelled,Store,0.29
1044,12,508,4,596.6400,2024-02-04,Cancelled,App,0.18
1045,83,1376,5,949.7500,2024-01-20,Cancelled,Web,0.14
1046,31,638,3,965.7400,2024-01-29,Completed,Web,0.12
1047,32,1816,1,1499.3200,2024-01-20,Completed,Store,0.05
1048,99,1789,1,794.0400,2024-02-26,Cancelled,Store,0.06
1049,74,355,5,1442.0900,2024-02-06,Cancelled,App,0.28
1050,40,137,4,551.6800,2024-02-20,Cancelled,Web,0.08
1051,61,572,3,1407.5600,2024-02-16,Cancelled,App,0.02
1052,65,87,5,632.5600,2024-02-22,Cancelled,Web,0.12
1053,58,1722,3,1467.3900,2024-01-27,Cancelled,Web,0.26
1054,78,1650,1,1416.4600,2024-02-12,Completed,Store,0.12
1055,98,1026,3,1925.8400,2024-03-01,Completed,Store,0.02
1056,62,347,2,1375.1300,2024-02-16,Completed,App,0.08
1057,50,1673,1,1966.6900,2024-01-22,Completed,Store,0.27
1058,52,1547,1,160.7500,2024-02-22,Completed,Web,0.13
1059,98,497,5,1773.6300,2024-01-03,Completed,Store,0.08
1060,32,933,3,648.7100,2024-02-23,Completed,Store,0.21
1061,46,588,1,776.9700,2024-02-19,Cancelled,App,0.11
1062,81,580,2,881.2400,2024-02-02,Cancelled,Store,0.24
1063,84,1314,2,103.2500,2024-02-01,Cancelled,App,0.27
1064,67,247,4,462.0300,2024-01-21,Cancelled,Web,0.05
1065,24,519,3,1511.6500,2024-01-22,Completed,App,0.11
1066,76,1581,3,1001.8200,2024-01-20,Completed,Web,0.2
1067,83,1473,4,1113.9700,2024-01-23,Completed,Web,0.13
1068,92,1854,2,258.5800,2024-02-23,Cancelled,Web,0.19
1069,80,1639,4,1400.9600,2024-01-02,Cancelled,Store,0.27
1070,16,65,2,498.1800,2024-02-06,Completed,Web,0.19
1071,87,1007,1,1156.2400,2024-02-23,Cancelled,Store,0.23
1072,26,878,3,888.7100,2024-02-27,Cancelled,Store,0.2
1073,99,1974,5,1902.5500,2024-01-28,Cancelled,Store,0.02
1074,72,1892,4,1711.7300,2024-01-27,Completed,Store,0.09
1075,53,1917,4,1682.5800,2024-02-10,Completed,Web,0.29
1076,8,1469,3,1503.4900,2024-02-25,Cancelled,Store,0.21
1077,2,1739,1,1848.1400,2024-01-29,Completed,Web,0.13
1078,93,1965,5,1639.0500,2024-02-22,Cancelled,Store,0.06
1079,46,917,4,1022.5200,2024-01-13,Cancelled,Store,0.05
1080,64,236,5,1310.3300,2024-02-04,Cancelled,App,0.11
1081,51,1198,1,439.9700,2024-03-01,Cancelled,App,0.27
1082,50,671,5,1245.5800,2024-02-19,Completed,Store,0.08
1083,7,913,1,1395.2300,2024-02-28,Completed,Store,0.23
1084,80,467,4,312.6200,2024-02-07,Cancelled,Web,0.15
1085,89,722,2,1892.7700,2024-01-20,Completed,Web,0.24
1086,39,512,2,1740.3600,2024-02-13,Cancelled,Web,0.04
1087,27,60,1,1837.3400,2024-01-29,Completed,Store,0.06
1088,47,840,2,1721.9100,2024-02-13,Completed,Store,0.28
1089,52,1784,3,584.3700,2024-02-06,Completed,Store,0.02
1090,100,209,2,1101.2000,2024-02-13,Cancelled,App,0.17
1091,2,550,3,1346.1800,2024-01-06,Cancelled,Store,0.1
1092,25,1845,4,1491.9300,2024-02-21,Completed,Store,0.01
1093,35,1008,5,359.1000,2024-01-15,Completed,Store,0.05
1094,57,972,2,1779.8100,2024-01-31,Cancelled,App,0.21
1095,63,77,2,943.9600,2024-02-08,Completed,Store,0.04
1096,69,421,1,158.8500,2024-01-27,Completed,Web,0.16
1097,32,629,5,1380.0000,2024-02-20,Cancelled,App,0.29
1098,4,1259,3,393.4500,2024-01-07,Cancelled,Store,0.28
1099,9,1228,1,606.9200,2024-02-27,Cancelled,App,0.25
1100,48,312,2,631.9800,2024-02-24,Cancelled,Store,0.28
1101,45,220,5,1628.2100,2024-02-25,Cancelled,Web,0.11
1102,29,1501,3,943.7400,2024-02-08,Cancelled,Store,0.05
1103,79,1936,1,1066.0500,2024-01-15,Completed,Store,0.1
1104,61,63,1,1682.6500,2024-02-24,Cancelled,Store,0.03
1105,26,1235,3,735.4600,2024-02-18,Cancelled,Store,0.22
1106,64,171,2,596.6600,2024-02-18,Cancelled,Store,0.24
1107,52,1083,3,885.3600,2024-01-06,Cancelled,App,0.11
1108,8,1590,2,1196.6600,2024-01-06,Cancelled,Store,0.2
1109,44,802,3,1005.8100,2024-01-13,Completed,Web,0.04
1110,61,1878,2,1919.3800,2024-01-04,Completed,Web,0.18
1111,87,135,5,1518.1600,2024-01-23,Completed,App,0.09
1112,47,1506,3,1612.8800,2024-01-09,Cancelled,App,0.09
1113,90,565,2,100.7800,2024-01-11,Completed,Web,0.17
1114,35,1019,3,1977.2200,2024-01-20,Completed,Web,0.25
1115,9,201,2,181.7300,2024-01-09,Cancelled,App,0.12
1116,22,459,3,1497.0100,2024-01-12,Cancelled,App,0.17
1117,59,424,1,749.3300,2024-01-28,Completed,Store,0.25
1118,92,1424,5,1953.8900,2024-01-05,Completed,Web,0.16
1119,53,134,3,413.5600,2024-02-26,Completed,App,0.26
1120,19,1759,2,500.2300,2024-01-27,Cancelled,Web,0
1121,37,1770,2,1965.7500,2024-02-23,Completed,Store,0.16
1122,67,1231,3,106.6200,2024-01-25,Cancelled,Web,0.22
1123,60,1366,1,1673.7100,2024-02-24,Cancelled,Store,0.11
1124,64,835,1,1635.8400,2024-02-09,Cancelled,Store,0.07
1125,87,979,5,1544.9100,2024-01-20,Cancelled,Web,0.03
1126,55,109,2,1552.9200,2024-01-27,Cancelled,Web,0.28
1127,21,148,3,1004.9200,2024-01-20,Cancelled,Web,0.13
1128,99,1545,1,1590.5300,2024-01-28,Completed,App,0.18
1129,12,1131,5,680.6700,2024-01-21,Completed,Web,0.12
1130,86,1462,2,1254.4500,2024-01-02,Cancelled,App,0.27
1131,57,1460,3,733.3700,2024-02-10,Cancelled,App,0.13
1132,10,481,4,1734.0800,2024-02-26,Completed,Web,0.24
1133,30,445,1,1683.6000,2024-02-15,Cancelled,Web,0.02
1134,84,211,1,1035.4900,2024-02-17,Completed,Web,0.05
1135,8,1598,5,1270.7000,2024-02-08,Cancelled,Store,0.08
1136,81,667,2,918.0400,2024-02-23,Completed,Store,0.02
1137,12,85,1,872.8700,2024-01-16,Completed,Store,0.13
1138,9,719,5,318.3400,2024-01-12,Cancelled,App,0.09
1139,80,93,2,958.4900,2024-01-27,Completed,Web,0.05
1140,14,1933,1,502.0300,2024-01-04,Cancelled,Store,0.22
1141,30,1129,4,1200.4600,2024-01-19,Cancelled,App,0.04
1142,98,82,1,325.6000,2024-01-08,Completed,Web,0.17
1143,75,1923,5,1508.1300,2024-02-13,Completed,App,0.11
1144,65,454,2,1632.3500,2024-02-21,Completed,Store,0.01
1145,88,1004,2,673.3200,2024-01-04,Completed,App,0.16
1146,61,399,3,495.0700,2024-01-20,Completed,Store,0.09
1147,92,12,4,429.4500,2024-01-19,Completed,Store,0.03
1148,7,1171,5,884.8700,2024-01-14,Cancelled,Store,0.15
1149,77,230,3,1636.6600,2024-01-23,Cancelled,Web,0.07
1150,5,221,2,1946.8300,2024-02-22,Cancelled,Store,0.27
1151,60,1176,3,1376.7100,2024-01-19,Completed,Web,0.04
1152,72,286,3,1233.4400,2024-01-23,Completed,Web,0.04
1153,23,510,1,1791.7600,2024-01-02,Cancelled,Store,0.09
1154,31,1123,3,388.5600,2024-01-22,Cancelled,Store,0.26
1155,62,1711,4,1042.2600,2024-02-11,Completed,Web,0.03
1156,58,1130,1,134.2000,2024-01-28,Completed,App,0.12
1157,53,1295,5,326.8600,2024-01-01,Cancelled,Store,0.27
1158,8,1982,4,1812.8200,2024-02-29,Cancelled,Store,0.02
1159,12,900,2,325.8000,2024-02-18,Cancelled,Web,0.13
1160,57,1664,3,611.6800,2024-01-09,Cancelled,Web,0.24
1161,4,976,2,1094.2900,2024-02-24,Completed,Web,0.17
1162,73,578,5,1368.3200,2024-02-08,Cancelled,App,0.01
1163,46,200,4,451.5800,2024-01-21,Completed,Web,0.02
1164,60,1384,5,289.1100,2024-01-06,Completed,Web,0.01
1165,22,124,5,967.3400,2024-01-25,Cancelled,App,0.09
1166,15,521,2,972.0500,2024-01-11,Completed,Web,0.29
1167,43,1664,5,256.9200,2024-01-10,Cancelled,Web,0.13
1168,31,825,5,998.6400,2024-02-13,Completed,App,0.22
1169,6,490,5,1174.1000,2024-01-07,Completed,Store,0.02
1170,84,1747,5,1767.2300,2024-02-10,Cancelled,Store,0.26
1171,37,467,2,1321.3500,2024-01-02,Cancelled,Store,0.24
1172,40,365,4,146.9200,2024-01-02,Completed,Web,0.27
1173,36,149,3,1389.5200,2024-01-15,Completed,Store,0.13
1174,91,718,1,679.7700,2024-02-08,Completed,Store,0.29
1175,99,1832,1,154.5200,2024-01-26,Cancelled,App,0.3
1176,78,677,3,410.2100,2024-02-24,Completed,Store,0.05
1177,24,647,1,1376.6600,2024-02-22,Completed,Store,0.24
1178,73,1310,1,1872.6000,2024-01-28,Cancelled,Web,0.06
1179,98,1255,1,349.7300,2024-02-28,Completed,App,0
1180,45,1359,3,545.9800,2024-02-16,Cancelled,Store,0.29
1181,54,1100,2,1377.5000,2024-01-01,Cancelled,Store,0.05
1182,23,1069,2,134.0900,2024-01-03,Cancelled,Web,0.08
1183,12,1610,3,233.8600,2024-03-01,Completed,Store,0.22
1184,52,992,5,598.0200,2024-02-08,Cancelled,Store,0.06
1185,30,913,3,635.8900,2024-01-04,Completed,Store,0.02
1186,9,221,2,1112.1700,2024-01-21,Cancelled,Store,0.23
1187,40,1505,1,509.1700,2024-02-02,Cancelled,Store,0.27
1188,64,1248,3,1895.7100,2024-01-16,Cancelled,App,0.03
1189,49,70,2,422.8800,2024-02-28,Cancelled,Web,0.22
1190,61,799,3,1021.7900,2024-01-11,Completed,Store,0.21
1191,44,541,1,1591.7200,2024-03-01,Completed,Store,0.01
1192,47,196,1,1028.4600,2024-03-01,Completed,Web,0.25
1193,44,198,1,381.1900,2024-01-28,Completed,App,0.23
1194,79,1631,3,770.8800,2024-01-25,Cancelled,App,0.03
1195,47,1436,1,1401.9800,2024-01-27,Cancelled,Store,0.19
1196,29,967,4,208.6300,2024-02-24,Completed,App,0.26
1197,87,1302,2,1841.6700,2024-02-06,Cancelled,Store,0.12
1198,52,1462,3,344.5100,2024-02-14,Completed,Store,0.22
1199,43,1455,3,115.4200,2024-01-25,Cancelled,App,0.15
1200,51,1512,3,370.1700,2024-02-27,Cancelled,Store,0.14
1201,83,1386,2,1324.8900,2024-02-19,Cancelled,Web,0.15
1202,34,1220,2,1385.0500,2024-02-22,Cancelled,Web,0.19
1203,4,1340,1,1108.4800,2024-02-21,Cancelled,App,0.16
1204,21,593,5,848.2100,2024-02-22,Cancelled,Web,0.14
1205,12,260,3,1648.6100,2024-01-20,Cancelled,Web,0.27
1206,19,752,1,523.6000,2024-01-09,Cancelled,App,0.13
1207,58,534,5,1966.2700,2024-01-29,Completed,Web,0.24
1208,1,1039,4,1531.6400,2024-01-06,Cancelled,Store,0.08
1209,1,1493,2,610.7800,2024-01-26,Completed,Web,0.19
1210,40,1458,2,734.9600,2024-01-07,Completed,App,0.2
1211,13,723,2,1388.6100,2024-01-07,Cancelled,Store,0.22
1212,35,1969,1,1170.4200,2024-02-09,Completed,Web,0.13
1213,37,1809,1,677.5500,2024-02-23,Completed,Store,0.29
1214,15,1105,4,732.7600,2024-02-25,Cancelled,App,0.09
1215,61,336,1,1107.9700,2024-02-01,Completed,Web,0.04
1216,55,305,4,579.1000,2024-02-02,Cancelled,App,0.21
1217,21,919,2,1580.7300,2024-02-02,Cancelled,Web,0.04
1218,2,8,3,1216.3900,2024-02-04,Cancelled,App,0.22
1219,20,997,1,307.4400,2024-03-01,Completed,App,0.09
1220,1,1825,3,997.4000,2024-02-21,Completed,Web,0.11
1221,37,59,2,310.7600,2024-01-08,Cancelled,Store,0.16
1222,62,525,4,1349.5100,2024-03-01,Completed,Store,0.29
1223,22,1955,3,1087.9400,2024-02-03,Completed,Web,0.06
1224,9,1322,1,1539.6600,2024-02-08,Completed,Store,0.05
1225,3,1117,5,946.4000,2024-01-27,Cancelled,Web,0.2
1226,73,1894,2,686.3600,2024-01-20,Completed,Store,0.22
1227,77,356,1,1860.3300,2024-01-03,Cancelled,App,0.19
1228,15,922,1,488.3100,2024-01-14,Completed,Store,0.17
1229,81,1230,1,204.0900,2024-02-17,Completed,App,0.1
1230,36,75,1,1779.2300,2024-01-02,Cancelled,Web,0.28
1231,92,1293,5,1868.3600,2024-01-10,Completed,App,0.21
1232,50,562,3,1755.2600,2024-01-31,Cancelled,Web,0.16
1233,92,1753,5,1210.7700,2024-01-27,Cancelled,Store,0.21
1234,13,589,4,420.5800,2024-01-13,Cancelled,Store,0.24
1235,48,502,3,1299.5600,2024-01-09,Completed,App,0.26
1236,16,1057,4,1202.8900,2024-01-15,Completed,App,0.12
1237,75,8,1,888.7700,2024-01-16,Completed,Web,0.19
1238,20,1229,2,1369.9100,2024-02-19,Completed,App,0.27
1239,2,1200,3,612.7200,2024-01-31,Cancelled,Web,0.05
1240,90,534,2,878.9500,2024-01-13,Completed,Web,0.07
1241,11,1992,5,1537.5300,2024-02-24,Cancelled,Web,0.05
1242,52,145,2,1265.3500,2024-02-14,Cancelled,Web,0.07
1243,91,851,4,1706.2800,2024-01-30,Cancelled,Web,0.29
1244,35,437,4,739.8100,2024-02-22,Cancelled,App,0.16
1245,94,380,4,2236.2700,2024-02-02,Cancelled,App,0.05
1246,75,1788,1,595.6200,2024-02-27,Completed,Web,0.11
1247,48,1005,2,569.3800,2024-02-11,Completed,App,0.25
1248,90,1390,2,986.6700,2024-02-26,Cancelled,Web,0.25
1249,1,492,5,1067.5500,2024-02-11,Completed,App,0.23
1250,53,451,1,563.7300,2024-02-13,Cancelled,Store,0.07
1251,49,590,2,650.9600,2024-02-12,Completed,App,0.09
1252,38,1542,5,1014.5800,2024-02-14,Completed,App,0.04
1253,56,474,5,480.7100,2024-02-12,Completed,Store,0.02
1254,4,729,4,633.7400,2024-01-16,Cancelled,Web,0.29
1255,22,1143,4,1560.0100,2024-02-17,Cancelled,App,0.27
1256,37,1681,4,1345.9600,2024-01-21,Completed,Store,0.05
1257,28,1394,2,178.9800,2024-01-29,Completed,App,0.11
1258,94,1443,5,1497.0500,2024-02-21,Completed,Web,0.13
1259,82,991,1,1453.8800,2024-01-05,Cancelled,App,0.24
1260,88,847,1,1488.3500,2024-01-13,Cancelled,Store,0.14
1261,40,1995,5,1575.8500,2024-01-12,Cancelled,App,0.01
1262,4,391,1,272.1200,2024-02-02,Cancelled,Store,0.12
1263,19,126,2,1034.4700,2024-02-19,Cancelled,Web,0
1264,94,1666,3,1984.7400,2024-01-25,Completed,Web,0.26
1265,61,1923,2,571.4400,2024-02-07,Cancelled,Web,0.04
1266,17,1973,1,1570.6100,2024-01-13,Completed,Store,0.28
1267,1,1612,3,1639.4100,2024-02-27,Cancelled,Web,0.19
1268,17,1747,1,905.3000,2024-01-06,Cancelled,Web,0.19
1269,10,1929,1,1662.5200,2024-01-12,Completed,Web,0.27
1270,8,867,3,1060.0700,2024-01-09,Completed,Web,0.22
1271,71,206,5,187.8700,2024-01-10,Cancelled,Store,0.09
1272,93,977,2,1678.1400,2024-01-14,Completed,App,0.12
1273,92,1265,1,1644.4900,2024-01-14,Completed,Store,0.19
1274,38,1413,4,886.7100,2024-01-24,Cancelled,Web,0.23
1275,51,891,4,1529.2100,2024-01-02,Cancelled,App,0.14
1276,84,1712,4,1936.7200,2024-02-08,Completed,App,0.25
1277,79,1966,3,1201.1000,2024-02-04,Completed,App,0.2
1278,90,1890,4,364.2200,2024-01-23,Completed,Store,0.04
1279,97,908,5,696.2100,2024-02-05,Cancelled,Store,0.08
1280,30,1845,1,1913.7300,2024-02-23,Completed,App,0.13
1281,19,1162,3,749.7500,2024-01-22,Completed,Store,0.08
1282,100,32,3,661.6800,2024-01-11,Cancelled,Web,0.07
1283,3,929,3,1907.7600,2024-01-28,Cancelled,Store,0.1
1284,4,1713,5,768.3200,2024-01-30,Completed,Store,0.03
1285,88,838,1,603.4100,2024-01-06,Cancelled,App,0.28
1286,4,1844,5,361.9300,2024-01-07,Completed,Store,0.06
1287,3,1192,5,530.1700,2024-01-27,Cancelled,Web,0.04
1288,53,1953,3,1259.0000,2024-02-11,Completed,App,0.07
1289,47,1535,2,259.7100,2024-02-13,Completed,Web,0.21
1290,79,1624,1,483.9200,2024-01-15,Cancelled,Store,0.13
1291,76,1837,5,248.1300,2024-02-13,Completed,Store,0.11
1292,44,318,2,1984.5800,2024-01-20,Completed,Store,0.18
1293,36,1536,2,1874.8400,2024-01-18,Completed,Web,0.19
1294,12,969,5,438.6500,2024-02-20,Cancelled,Store,0.08
1295,82,1767,4,313.5000,2024-02-01,Completed,Web,0.18
1296,43,1178,1,326.8900,2024-02-18,Cancelled,Store,0.29
1297,65,701,5,1816.3600,2024-02-13,Completed,Web,0.22
1298,35,1602,3,1265.9800,2024-02-05,Cancelled,App,0.06
1299,61,607,5,445.4400,2024-01-28,Cancelled,App,0.06
1300,95,1188,3,895.2700,2024-02-24,Completed,App,0.12
1301,27,780,3,1495.4000,2024-01-08,Cancelled,Store,0.02
1302,44,1350,1,1432.2800,2024-01-21,Cancelled,Web,0.14
1303,22,889,3,268.3700,2024-02-16,Completed,Web,0.07
1304,79,310,4,1253.6800,2024-02-07,Cancelled,Store,0.19
1305,21,555,5,464.5100,2024-01-27,Completed,Web,0.12
1306,79,568,2,967.7200,2024-02-22,Cancelled,Web,0.16
1307,10,511,3,1053.5100,2024-01-24,Cancelled,Web,0.26
1308,63,274,4,563.5600,2024-01-25,Cancelled,Store,0.12
1309,50,1829,2,224.0300,2024-02-23,Completed,Web,0.06
1310,95,334,4,746.6400,2024-01-02,Cancelled,App,0.14
1311,80,680,5,639.1400,2024-02-12,Completed,App,0.08
1312,72,1125,1,1630.1000,2024-01-09,Cancelled,Store,0.17
1313,3,236,4,397.1300,2024-02-08,Completed,Web,0
1314,55,1635,1,1347.2300,2024-02-17,Cancelled,Web,0
1315,64,876,2,725.6000,2024-01-17,Completed,App,0.16
1316,13,1939,5,1939.8900,2024-02-02,Cancelled,App,0.11
1317,24,1937,2,1761.8700,2024-01-24,Completed,Store,0.28
1318,87,276,5,317.5000,2024-01-06,Completed,Web,0
1319,97,373,4,381.7200,2024-01-12,Cancelled,App,0.04
1320,41,13,3,315.1500,2024-02-22,Completed,Store,0.24
1321,23,1817,1,218.2600,2024-01-31,Completed,Store,0.28
1322,92,99,2,151.3300,2024-02-01,Cancelled,App,0.02
1323,87,1050,3,407.5900,2024-01-27,Completed,App,0.3
1324,22,1077,3,358.2900,2024-01-09,Cancelled,App,0.09
1325,13,435,5,1508.9800,2024-01-31,Cancelled,App,0.23
1326,13,1984,1,1219.5700,2024-02-23,Completed,Store,0.14
1327,99,1392,2,1198.2300,2024-01-08,Completed,Web,0.25
1328,9,293,2,1446.3200,2024-01-25,Cancelled,App,0.22
1329,87,1488,3,1997.6000,2024-01-18,Cancelled,Store,0.06
1330,75,876,5,1135.4200,2024-01-12,Completed,Store,0.06
1331,71,276,3,1975.9600,2024-01-30,Completed,Web,0.26
1332,66,635,1,766.4800,2024-01-09,Completed,Web,0.21
1333,76,1258,2,148.5400,2024-01-08,Completed,App,0.15
1334,32,1576,3,354.6600,2024-01-04,Cancelled,App,0
1335,43,72,4,1249.9200,2024-02-01,Completed,App,0.29
1336,83,255,1,1341.8500,2024-01-13,Completed,App,0.03
1337,15,1582,5,375.9500,2024-01-08,Cancelled,Store,0.21
1338,81,1477,5,1017.3200,2024-01-30,Completed,App,0.11
1339,97,689,5,1075.9400,2024-01-14,Completed,Web,0.2
1340,1,917,2,802.6800,2024-01-19,Completed,Store,0.18
1341,73,1179,1,475.5500,2024-02-24,Cancelled,App,0.15
1342,86,49,2,918.6500,2024-02-06,Cancelled,Web,0.28
1343,17,516,2,1807.7900,2024-01-29,Completed,Web,0.03
1344,65,588,5,1201.6800,2024-01-14,Completed,Web,0.26
1345,18,1306,3,962.2300,2024-01-23,Completed,App,0.2
1346,89,332,5,516.6800,2024-02-21,Completed,Web,0.24
1347,67,707,4,1953.5700,2024-01-17,Completed,Web,0.05
1348,99,135,3,354.2700,2024-02-28,Cancelled,App,0.04
1349,59,277,5,1503.4800,2024-01-22,Cancelled,App,0
1350,1,78,3,1230.5800,2024-01-22,Cancelled,App,0.19
1351,29,1322,3,1031.3100,2024-01-18,Completed,Store,0.18
1352,24,1355,4,200.6400,2024-02-12,Completed,App,0.01
1353,88,734,5,1223.7400,2024-01-18,Completed,Store,0.04
1354,20,423,2,225.0300,2024-02-06,Cancelled,Store,0.12
1355,72,1406,5,1784.3900,2024-01-10,Completed,Store,0.21
1356,16,113,3,1128.4200,2024-02-05,Cancelled,App,0.08
1357,88,1393,5,392.2400,2024-02-28,Cancelled,Web,0.11
1358,67,1267,1,1160.9600,2024-01-15,Completed,Store,0.14
1359,73,534,4,750.1700,2024-01-08,Cancelled,App,0.1
1360,68,694,2,1437.5800,2024-01-18,Cancelled,Web,0.23
1361,98,1378,5,335.1700,2024-01-16,Cancelled,App,0.22
1362,91,1542,3,1299.4800,2024-02-08,Completed,Web,0.29
1363,95,360,4,1666.1400,2024-02-11,Completed,Store,0.28
1364,70,1713,4,840.2300,2024-02-15,Completed,Web,0.29
1365,94,1538,1,503.7100,2024-02-11,Completed,Store,0.03
1366,7,1163,4,261.2100,2024-01-08,Completed,App,0.08
1367,83,554,2,206.5700,2024-02-15,Completed,Store,0.2
1368,60,1763,2,1939.6400,2024-01-28,Cancelled,Store,0.28
1369,80,990,4,538.1000,2024-02-29,Cancelled,App,0.09
1370,48,118,3,322.6400,2024-02-14,Cancelled,App,0.06
1371,69,1649,1,1064.1800,2024-01-16,Completed,Store,0.11
1372,33,346,5,689.5300,2024-02-21,Completed,Web,0.06
1373,47,49,5,1999.4100,2024-01-14,Cancelled,Store,0.3
1374,25,1392,4,360.9100,2024-01-13,Completed,App,0.07
1375,100,501,3,200.9100,2024-02-17,Cancelled,App,0.27
1376,52,5,4,493.3200,2024-02-07,Completed,Store,0.16
1377,9,1341,5,1005.0400,2024-03-01,Cancelled,Store,0.18
1378,84,1976,2,163.2900,2024-02-28,Completed,App,0.23
1379,4,1205,4,1220.5200,2024-02-08,Completed,Store,0.24
1380,90,693,4,1172.9400,2024-02-09,Completed,Web,0.15
1381,37,785,2,509.7000,2024-01-01,Completed,Web,0.05
1382,41,1603,2,319.6300,2024-02-01,Cancelled,Web,0.23
1383,34,1701,4,107.5100,2024-01-02,Cancelled,Web,0.09
1384,44,1347,1,1637.4800,2024-01-22,Cancelled,Store,0.15
1385,62,1129,5,1151.8600,2024-01-09,Completed,App,0.21
1386,35,346,2,1367.0400,2024-02-20,Completed,Web,0.3
1387,28,909,3,1217.9800,2024-02-26,Completed,App,0.3
1388,9,654,2,1632.0400,2024-02-26,Cancelled,Web,0.19
1389,22,287,3,1226.1100,2024-02-15,Cancelled,Store,0.07
1390,62,1767,5,669.8900,2024-01-28,Completed,App,0.24
1391,66,1581,2,444.8200,2024-02-22,Cancelled,App,0.23
1392,46,1668,3,1676.1400,2024-01-11,Cancelled,Web,0.09
1393,61,512,2,1510.5400,2024-01-20,Completed,Web,0.08
1394,81,1516,5,1415.2800,2024-01-07,Completed,Web,0.07
1395,83,1455,2,1885.9200,2024-02-12,Completed,App,0.18
1396,82,1441,2,1071.7100,2024-01-31,Completed,Web,0.06
1397,36,1743,4,777.7300,2024-02-19,Completed,App,0.14
1398,87,775,4,811.3000,2024-01-06,Completed,Web,0.26
1399,71,1752,1,1020.9200,2024-02-01,Completed,Web,0
1400,95,1143,4,1038.8300,2024-01-02,Completed,Store,0.25
1401,91,1675,4,668.4100,2024-01-29,Completed,Store,0.22
1402,47,1031,1,1917.5100,2024-02-26,Cancelled,App,0.18
1403,25,502,4,301.9200,2024-01-17,Cancelled,Web,0.21
1404,91,222,1,1678.3900,2024-01-02,Completed,Web,0.12
1405,85,1952,3,838.0700,2024-01-16,Cancelled,App,0.17
1406,3,1276,3,400.6900,2024-01-26,Completed,App,0
1407,46,611,2,1317.8600,2024-01-06,Completed,Web,0.25
1408,30,1179,4,1304.4100,2024-02-27,Cancelled,Store,0.01
1409,7,1090,2,1813.4500,2024-02-19,Cancelled,Store,0.23
1410,54,539,3,790.3600,2024-01-03,Cancelled,Store,0.1
1411,28,197,1,381.8000,2024-02-26,Cancelled,Store,0.05
1412,7,1644,5,1865.1900,2024-02-27,Completed,App,0.19
1413,79,58,3,1717.4700,2024-02-27,Completed,Web,0.25
1414,54,92,5,1152.8400,2024-02-20,Completed,Web,0.04
1415,66,212,1,390.4100,2024-01-05,Cancelled,Web,0.02
1416,54,709,1,1702.0300,2024-01-01,Cancelled,App,0.17
1417,51,1307,5,1659.1000,2024-02-12,Completed,Store,0.29
1418,15,1450,2,1986.7900,2024-02-29,Completed,Store,0.01
1419,13,753,4,636.4100,2024-01-19,Cancelled,Web,0.25
1420,77,836,4,1608.4900,2024-01-20,Completed,Store,0.17
1421,14,752,3,418.1000,2024-01-25,Completed,Store,0.2
1422,78,1797,3,680.1800,2024-02-03,Completed,Web,0.29
1423,4,1708,3,1288.8500,2024-01-20,Cancelled,Store,0.28
1424,53,1067,3,452.6100,2024-02-08,Completed,Store,0.01
1425,6,1580,4,1875.1200,2024-01-06,Completed,App,0.07
1426,70,1734,4,133.3000,2024-01-13,Completed,Store,0.01
1427,64,1207,5,241.3000,2024-01-20,Completed,App,0.3
1428,16,1462,3,1982.0000,2024-01-05,Cancelled,App,0.13
1429,93,1582,2,352.0000,2024-01-03,Completed,App,0.08
1430,58,357,5,357.1300,2024-01-31,Completed,App,0.22
1431,23,469,3,1289.7200,2024-02-22,Cancelled,App,0.11
1432,34,1479,4,196.9800,2024-01-15,Cancelled,Store,0.26
1433,59,1598,3,1819.4500,2024-02-01,Cancelled,App,0.05
1434,64,1757,2,1077.6300,2024-01-01,Cancelled,Store,0.28
1435,10,920,2,1756.3200,2024-02-08,Completed,Web,0.18
1436,94,38,2,1324.8000,2024-01-13,Cancelled,App,0.26
1437,93,1174,1,1451.9600,2024-02-26,Cancelled,Web,0.13
1438,24,721,4,766.3000,2024-01-02,Cancelled,App,0.02
1439,40,478,4,1415.6000,2024-02-02,Completed,Web,0.02
1440,1,798,2,1684.7200,2024-02-13,Completed,Store,0.24
1441,5,1123,5,1528.4500,2024-02-28,Completed,App,0.15
1442,73,738,1,1913.5900,2024-01-01,Completed,App,0.26
1443,11,1480,5,437.2800,2024-01-18,Completed,Web,0
1444,76,860,1,965.4600,2024-01-15,Cancelled,App,0.22
1445,17,880,2,475.3100,2024-02-11,Cancelled,Web,0.01
1446,10,1588,5,1505.4000,2024-01-30,Cancelled,Web,0.18
1447,38,1071,3,138.8900,2024-02-22,Completed,App,0.16
1448,38,3,1,1127.7300,2024-02-06,Completed,Web,0.27
1449,43,965,4,1580.3300,2024-01-13,Cancelled,Web,0.27
1450,28,1091,1,1426.9700,2024-02-26,Completed,Web,0.17
1451,69,1364,3,1829.9800,2024-01-31,Completed,App,0.3
1452,93,382,1,1455.2400,2024-02-03,Cancelled,App,0.02
1453,38,303,1,1593.1600,2024-02-21,Cancelled,Web,0.07
1454,17,1888,2,690.4900,2024-01-15,Cancelled,App,0.27
1455,57,1088,4,519.8400,2024-02-25,Completed,App,0.25
1456,14,1817,1,1683.6300,2024-01-31,Completed,Web,0.29
1457,19,154,5,1269.8200,2024-01-26,Cancelled,Store,0.1
1458,31,710,5,725.0800,2024-01-12,Cancelled,App,0.18
1459,63,668,1,1592.9600,2024-01-27,Completed,Store,0.07
1460,9,1146,5,1830.0500,2024-02-05,Completed,Store,0.05
1461,48,245,5,1332.4400,2024-01-03,Cancelled,Web,0.13
1462,39,1935,1,1616.8400,2024-01-15,Completed,Store,0.08
1463,69,168,1,674.3900,2024-01-30,Cancelled,App,0.12
1464,81,149,5,1368.0700,2024-02-15,Cancelled,Web,0.27
1465,57,1477,5,1333.6300,2024-02-09,Completed,App,0.26
1466,84,1799,5,540.5300,2024-01-05,Cancelled,Web,0.18
1467,39,1307,3,1113.8400,2024-02-12,Cancelled,App,0.01
1468,28,484,2,759.0200,2024-02-05,Cancelled,App,0.07
1469,41,1970,1,378.1900,2024-02-29,Cancelled,Store,0.13
1470,3,659,3,1151.1500,2024-01-30,Completed,App,0.07
1471,10,238,1,210.2800,2024-02-24,Cancelled,Web,0.06
1472,61,1503,5,1784.4000,2024-02-24,Completed,App,0.25
1473,95,912,4,1930.0400,2024-01-06,Cancelled,Store,0.05
1474,84,1840,5,291.3200,2024-02-09,Cancelled,App,0.14
1475,24,218,4,1421.6700,2024-01-08,Cancelled,Web,0.3
1476,86,1582,3,926.9400,2024-01-21,Completed,Web,0.22
1477,80,1658,4,1002.0000,2024-01-27,Cancelled,Store,0.27
1478,33,1137,3,150.0300,2024-01-05,Cancelled,Store,0.13
1479,73,1184,5,1655.3700,2024-02-04,Completed,Store,0.12
1480,14,327,4,1799.7400,2024-01-05,Cancelled,App,0.25
1481,40,1969,5,1156.8700,2024-01-26,Completed,App,0.12
1482,16,1532,5,1282.2200,2024-01-30,Completed,App,0.23
1483,64,1352,3,1244.9200,2024-02-15,Completed,Web,0.19
1484,34,1816,1,1988.6300,2024-01-10,Completed,App,0.18
1485,98,457,1,1972.3000,2024-02-23,Cancelled,Store,0.24
1486,76,845,1,1404.8900,2024-01-31,Cancelled,Store,0.17
1487,4,625,2,1472.9800,2024-01-18,Completed,App,0.14
1488,91,1919,1,747.8800,2024-01-21,Cancelled,Store,0.26
1489,83,220,4,1400.3100,2024-02-07,Completed,Web,0.12
1490,47,726,4,1087.8500,2024-01-29,Cancelled,Web,0.1
1491,86,371,1,874.8600,2024-02-01,Cancelled,App,0.1
1492,97,1463,3,1069.7400,2024-03-01,Completed,App,0.29
1493,91,1976,2,270.4500,2024-01-28,Cancelled,Store,0.03
1494,52,1288,4,1247.6200,2024-02-20,Cancelled,App,0.21
1495,9,213,3,1906.1200,2024-02-08,Cancelled,Store,0.28
1496,26,954,4,2064.1700,2024-01-31,Completed,Web,0.1
1497,43,190,1,171.5400,2024-02-03,Completed,Store,0.25
1498,59,550,1,277.2200,2024-01-27,Completed,Store,0.28
1499,75,585,3,885.8900,2024-02-10,Completed,Store,0.09
1500,100,989,2,323.9300,2024-01-14,Completed,Store,0.2
1501,72,874,3,254.1300,2024-02-13,Completed,Store,0.1
1502,9,1882,5,426.1100,2024-02-20,Completed,Web,0.11
1503,37,1065,5,1905.2100,2024-01-23,Cancelled,App,0.16
1504,95,1107,1,1557.7300,2024-01-15,Cancelled,Store,0.27
1505,60,818,4,1327.6800,2024-01-15,Cancelled,App,0.27
1506,28,1877,5,529.2800,2024-02-22,Cancelled,Store,0.12
1507,16,1860,2,360.2400,2024-01-06,Completed,Store,0.29
1508,14,1953,1,1371.3300,2024-01-22,Cancelled,Web,0.22
1509,51,884,4,234.8000,2024-01-22,Cancelled,Web,0.27
1510,59,664,5,346.2900,2024-01-20,Completed,App,0.09
1511,64,436,4,890.8600,2024-02-17,Completed,Web,0.2
1512,85,962,4,1810.6200,2024-02-24,Cancelled,App,0.08
1513,61,759,2,366.0000,2024-01-03,Completed,Web,0.23
1514,87,1049,3,569.7700,2024-01-07,Completed,Store,0.14
1515,36,1780,1,1077.6600,2024-02-13,Completed,App,0.07
1516,11,1352,2,89.2700,2024-01-24,Completed,Store,0.23
1517,91,971,3,1349.6800,2024-01-05,Cancelled,Web,0.07
1518,13,1042,1,670.6700,2024-02-27,Completed,Web,0.25
1519,9,491,3,1341.4800,2024-02-05,Cancelled,Store,0.27
1520,73,182,4,1680.2200,2024-01-06,Cancelled,Web,0.2
1521,26,710,2,549.7000,2024-01-17,Completed,Store,0.25
1522,100,1814,5,590.7500,2024-01-31,Cancelled,Store,0.25
1523,31,106,3,873.9100,2024-02-17,Completed,App,0.21
1524,17,1467,2,1856.8100,2024-01-23,Cancelled,Web,0.08
1525,64,998,3,1642.4000,2024-01-16,Cancelled,Web,0.24
1526,82,894,3,1176.5000,2024-01-17,Completed,App,0.05
1527,12,14,3,946.9600,2024-01-03,Completed,Web,0.18
1528,97,1078,2,1436.4800,2024-02-07,Completed,Web,0.03
1529,59,920,4,337.1600,2024-01-30,Cancelled,Web,0.24
1530,71,1745,1,1416.2900,2024-02-09,Completed,Store,0.22
1531,92,217,4,1739.7400,2024-02-25,Completed,Web,0.14
1532,62,1468,5,1074.8900,2024-01-10,Completed,Store,0.28
1533,48,1041,1,1338.3700,2024-01-01,Completed,Web,0.23
1534,65,1245,2,1345.7900,2024-02-17,Completed,Web,0.16
1535,91,110,5,704.9500,2024-01-01,Cancelled,Store,0.22
1536,55,1782,5,1802.9400,2024-01-13,Cancelled,Store,0.1
1537,49,82,4,1414.2400,2024-01-03,Completed,App,0.1
1538,64,352,5,129.4800,2024-02-11,Completed,Store,0.04
1539,23,613,2,1245.8400,2024-01-21,Cancelled,Store,0.14
1540,55,1557,1,302.5800,2024-02-17,Completed,Store,0.03
1541,59,592,2,1480.2700,2024-01-24,Cancelled,App,0.25
1542,85,1731,5,417.4800,2024-01-21,Completed,Web,0.12
1543,91,240,1,1798.7900,2024-02-13,Completed,App,0.22
1544,75,1585,3,203.7300,2024-01-07,Completed,Store,0.05
1545,55,758,4,1656.8600,2024-01-02,Cancelled,App,0.23
1546,100,1423,4,1727.0800,2024-02-09,Completed,App,0.07
1547,69,137,1,1131.9300,2024-03-01,Cancelled,Web,0.06
1548,11,1679,2,222.5100,2024-01-06,Completed,Web,0.2
1549,7,1097,5,722.3300,2024-02-19,Cancelled,Store,0.3
1550,13,1595,2,1608.4600,2024-01-16,Cancelled,Store,0.13
1551,28,768,3,767.7400,2024-02-21,Completed,Store,0.29
1552,23,1664,2,1918.3600,2024-01-02,Completed,Web,0.3
1553,82,352,1,987.1100,2024-02-26,Cancelled,App,0.23
1554,67,588,3,959.1500,2024-02-13,Cancelled,App,0.08
1555,5,1291,1,218.6100,2024-02-02,Completed,Web,0.25
1556,36,750,1,272.8400,2024-01-26,Completed,Web,0.07
1557,17,482,4,1637.9300,2024-01-12,Completed,Store,0.14
1558,57,1597,4,1332.7300,2024-01-28,Completed,Web,0.22
1559,82,1799,3,1621.0100,2024-01-21,Cancelled,App,0.13
1560,26,1414,4,1460.3600,2024-01-22,Completed,App,0.05
1561,37,1323,3,184.6200,2024-01-16,Cancelled,App,0.21
1562,45,736,1,315.6500,2024-02-05,Cancelled,App,0.02
1563,18,202,1,1952.9900,2024-01-06,Completed,Store,0.02
1564,3,76,4,1923.1700,2024-01-13,Completed,Web,0.08
1565,3,1100,2,1460.2100,2024-02-13,Completed,App,0.15
1566,38,1134,3,837.8700,2024-02-15,Completed,Web,0.18
1567,66,265,4,1918.3800,2024-02-02,Completed,Store,0.02
1568,60,1152,2,441.3700,2024-02-18,Cancelled,Web,0.06
1569,75,1494,2,427.8400,2024-01-06,Completed,Web,0
1570,3,389,1,607.4300,2024-02-09,Cancelled,Web,0.28
1571,71,1250,2,1468.4100,2024-02-02,Completed,Web,0.15
1572,92,1677,2,1463.7600,2024-02-20,Cancelled,Web,0.2
1573,93,1301,4,1711.0700,2024-01-27,Completed,Store,0.24
1574,14,194,1,412.2700,2024-01-06,Completed,App,0.18
1575,33,781,4,1126.1000,2024-03-01,Completed,App,0.21
1576,18,47,1,1048.1000,2024-02-07,Cancelled,App,0.21
1577,72,368,5,1390.4100,2024-01-07,Cancelled,App,0.13
1578,90,290,4,461.3600,2024-01-21,Cancelled,Store,0.17
1579,98,299,1,1754.7400,2024-02-02,Cancelled,Store,0.11
1580,56,796,5,1898.9400,2024-01-20,Completed,App,0.15
1581,11,1399,2,481.6100,2024-02-07,Completed,Web,0.22
1582,9,1401,5,693.8300,2024-01-12,Completed,App,0.11
1583,93,828,5,451.9700,2024-02-29,Completed,Store,0.17
1584,31,1984,2,1386.5000,2024-02-20,Cancelled,Web,0.13
1585,38,1377,3,366.6100,2024-01-17,Cancelled,Store,0.16
1586,70,438,3,923.5400,2024-01-25,Completed,App,0.05
1587,33,120,3,791.5700,2024-02-18,Completed,Web,0.19
1588,35,1116,5,1287.6000,2024-02-16,Cancelled,Store,0.21
1589,69,151,5,296.8300,2024-02-05,Cancelled,App,0.29
1590,1,1341,1,1846.0400,2024-02-20,Completed,Store,0.02
1591,55,78,5,437.7300,2024-02-26,Completed,Store,0.16
1592,82,628,3,213.1900,2024-02-06,Cancelled,App,0.06
1593,59,1303,1,1276.3200,2024-02-26,Completed,Web,0.18
1594,63,980,2,1656.9300,2024-01-20,Cancelled,App,0.11
1595,21,1142,4,1132.7100,2024-02-07,Cancelled,App,0.13
1596,16,877,1,994.2800,2024-01-18,Cancelled,Store,0.12
1597,82,766,3,886.4700,2024-01-01,Completed,Web,0.13
1598,80,63,5,1209.1100,2024-02-19,Completed,App,0.26
1599,34,1907,5,904.4400,2024-01-21,Completed,App,0.17
1600,31,761,5,1209.7800,2024-02-14,Cancelled,Web,0.13
1601,30,865,2,1175.3000,2024-02-16,Completed,App,0.12
1602,29,422,5,1867.7100,2024-02-10,Completed,Web,0.11
1603,87,730,1,1589.8300,2024-02-12,Cancelled,Web,0.23
1604,59,1108,4,1307.3000,2024-02-02,Completed,Store,0.18
1605,48,1524,4,1026.6000,2024-01-04,Completed,App,0.06
1606,33,1892,4,670.0600,2024-01-28,Completed,App,0.01
1607,84,813,5,1830.4300,2024-01-22,Completed,Store,0.17
1608,85,1058,2,793.8300,2024-01-29,Cancelled,Web,0.18
1609,8,1913,1,1609.7200,2024-01-23,Cancelled,Web,0.04
1610,90,572,5,680.3600,2024-01-08,Completed,App,0.26
1611,37,1223,1,1884.6000,2024-02-24,Cancelled,App,0.11
1612,63,1285,2,1730.3500,2024-01-10,Completed,Store,0.18
1613,13,351,2,1697.3500,2024-01-21,Completed,App,0.23
1614,76,393,3,760.8700,2024-02-22,Completed,Store,0.19
1615,74,1198,1,342.2400,2024-02-21,Completed,App,0.18
1616,54,756,4,1472.5100,2024-01-26,Completed,Store,0.23
1617,65,321,4,113.3100,2024-01-22,Cancelled,Store,0.14
1618,26,47,3,1782.2900,2024-01-31,Cancelled,Store,0.02
1619,7,665,3,1492.2400,2024-02-12,Cancelled,Web,0.27
1620,95,536,2,1652.2300,2024-01-11,Cancelled,App,0.26
1621,89,640,2,1808.1800,2024-01-10,Cancelled,Web,0.08
1622,12,713,2,998.4200,2024-01-13,Cancelled,App,0.12
1623,71,657,3,963.3200,2024-02-09,Cancelled,Store,0.22
1624,83,288,2,1543.8700,2024-01-29,Completed,Web,0.25
1625,60,1013,5,1514.6400,2024-01-24,Completed,App,0.12
1626,64,120,5,246.7000,2024-02-12,Cancelled,App,0.08
1627,53,1900,5,188.2500,2024-01-27,Completed,Store,0.05
1628,33,1916,2,1048.1800,2024-02-06,Completed,Web,0.15
1629,51,692,5,1489.8700,2024-01-24,Cancelled,Web,0.14
1630,37,1204,3,765.2700,2024-01-17,Completed,Web,0.01
1631,84,70,2,1688.9900,2024-02-27,Cancelled,App,0.06
1632,3,1869,3,1216.8100,2024-02-20,Cancelled,App,0.22
1633,27,205,1,1677.1100,2024-02-27,Cancelled,App,0.01
1634,48,1570,1,1537.3100,2024-01-16,Completed,Store,0.12
1635,27,1274,1,1070.4600,2024-01-30,Completed,App,0.29
1636,61,511,2,1263.0300,2024-02-03,Cancelled,Web,0.25
1637,58,1421,3,730.7900,2024-01-27,Completed,App,0.23
1638,57,555,4,1958.5800,2024-01-21,Completed,Web,0.16
1639,45,1094,5,791.8400,2024-02-27,Cancelled,App,0.25
1640,17,563,1,1789.5300,2024-02-19,Completed,App,0.08
1641,59,353,5,929.1400,2024-01-16,Cancelled,App,0.24
1642,51,1956,2,1144.7700,2024-02-25,Completed,Web,0.18
1643,75,85,3,1044.2000,2024-01-20,Cancelled,Web,0.09
1644,83,551,4,361.5800,2024-01-04,Completed,Web,0.07
1645,5,1940,5,1524.4700,2024-01-07,Cancelled,App,0.29
1646,75,1078,3,679.1500,2024-01-26,Cancelled,App,0.02
1647,92,1536,5,1318.2700,2024-01-18,Cancelled,Store,0.27
1648,73,1993,1,599.8700,2024-02-21,Completed,Store,0.27
1649,36,1777,4,229.0600,2024-01-29,Cancelled,Web,0.14
1650,99,370,2,571.8100,2024-01-10,Completed,App,0.1
1651,42,399,3,516.0300,2024-03-01,Completed,Web,0.16
1652,92,1473,4,1294.1500,2024-01-19,Completed,Store,0.13
1653,64,1744,1,555.8400,2024-02-17,Cancelled,Web,0.01
1654,10,1866,3,686.3600,2024-02-05,Completed,Store,0.17
1655,100,320,4,1494.0300,2024-02-05,Completed,Store,0.13
1656,63,261,3,1692.1800,2024-02-24,Cancelled,Web,0.28
1657,98,375,3,837.9300,2024-01-17,Cancelled,App,0.18
1658,61,1244,4,195.2400,2024-01-09,Completed,App,0.29
1659,28,392,2,1187.2200,2024-01-27,Cancelled,Web,0.1
1660,39,741,1,1180.2000,2024-03-01,Cancelled,Web,0.2
1661,89,1801,3,731.9600,2024-01-10,Cancelled,Store,0.24
1662,93,591,2,1507.2700,2024-02-20,Completed,Store,0.07
1663,57,466,2,1486.1800,2024-02-16,Completed,Web,0.1
1664,65,232,5,762.4100,2024-02-01,Completed,App,0.22
1665,51,1263,3,1535.2900,2024-02-26,Cancelled,Web,0.19
1666,77,765,2,514.2900,2024-01-15,Completed,App,0.27
1667,90,1719,5,516.3800,2024-01-16,Completed,Store,0.23
1668,67,720,3,570.5800,2024-02-19,Completed,Web,0.23
1669,17,312,4,799.3200,2024-02-18,Completed,App,0.29
1670,20,209,1,1309.4800,2024-01-08,Completed,Web,0.28
1671,78,1645,1,678.7600,2024-02-02,Completed,Web,0.07
1672,74,1606,5,1640.2800,2024-01-01,Completed,Store,0.18
1673,99,949,4,538.9600,2024-02-07,Completed,App,0.16
1674,42,445,4,1361.3500,2024-01-04,Cancelled,App,0.14
1675,10,898,4,1991.0200,2024-02-22,Completed,Store,0.09
1676,9,1679,2,755.0100,2024-01-03,Cancelled,Web,0.04
1677,93,465,5,1801.2300,2024-01-27,Completed,Store,0.23
1678,46,1974,3,1661.7700,2024-02-05,Completed,Store,0.11
1679,28,1734,5,644.2600,2024-02-21,Cancelled,Store,0.12
1680,79,563,3,1134.3200,2024-01-27,Cancelled,Web,0.11
1681,37,435,5,726.0600,2024-02-29,Cancelled,App,0.17
1682,29,317,2,135.7000,2024-01-26,Cancelled,Web,0.08
1683,65,32,3,342.1400,2024-02-19,Completed,App,0.27
1684,17,1014,5,1060.2300,2024-01-26,Completed,Web,0.01
1685,26,1885,3,1810.3100,2024-01-18,Completed,Web,0.13
1686,76,688,2,1538.5400,2024-02-29,Cancelled,App,0.1
1687,57,1847,4,1494.3200,2024-01-08,Completed,Store,0.26
1688,63,41,4,1536.7900,2024-02-06,Cancelled,Web,0.09
1689,66,830,1,1871.5000,2024-01-20,Cancelled,Store,0.19
1690,58,1858,2,1209.5800,2024-02-26,Completed,Store,0.19
1691,6,942,3,176.6800,2024-01-08,Completed,Web,0.27
1692,22,942,5,1607.1000,2024-02-13,Cancelled,Store,0.05
1693,79,669,3,625.1200,2024-02-22,Completed,Web,0.01
1694,72,1161,4,1228.5400,2024-02-17,Completed,Web,0.18
1695,93,329,5,1908.2500,2024-02-25,Completed,Store,0.05
1696,42,1458,3,987.0200,2024-01-23,Cancelled,Store,0.29
1697,43,1277,4,105.5600,2024-02-12,Cancelled,Store,0.18
1698,97,1084,4,323.4000,2024-02-21,Completed,Store,0.27
1699,64,80,2,1483.1900,2024-01-28,Cancelled,Web,0.07
1700,35,1489,1,129.1400,2024-01-26,Cancelled,App,0.04
1701,66,1067,5,1127.8400,2024-01-18,Completed,Store,0.08
1702,61,1028,5,341.2900,2024-02-07,Cancelled,App,0.29
1703,63,691,3,1520.4900,2024-02-26,Cancelled,Store,0.21
1704,8,1402,1,165.5000,2024-01-24,Completed,App,0.18
1705,85,1611,2,1333.9600,2024-01-07,Cancelled,Web,0.12
1706,71,1643,5,604.4900,2024-02-16,Cancelled,Web,0.24
1707,19,1816,1,1209.1900,2024-02-09,Completed,Store,0.24
1708,45,85,2,1303.0700,2024-01-11,Completed,App,0.16
1709,67,229,2,254.6800,2024-02-28,Completed,Store,0.2
1710,26,1474,4,314.9400,2024-02-06,Completed,Web,0.16
1711,63,953,4,1134.6100,2024-02-26,Cancelled,Web,0.28
1712,7,1866,2,1253.9100,2024-02-11,Completed,Web,0.19
1713,91,750,2,1176.4400,2024-01-04,Cancelled,App,0.04
1714,44,1143,2,1834.9600,2024-02-16,Completed,Store,0.03
1715,70,1849,1,105.1100,2024-02-14,Cancelled,Store,0.19
1716,95,110,4,1110.6600,2024-01-16,Completed,Web,0.25
1717,5,881,3,986.4800,2024-02-01,Completed,App,0.22
1718,67,862,5,501.6100,2024-02-08,Cancelled,Store,0.04
1719,6,224,5,1516.4200,2024-02-27,Completed,Store,0.07
1720,76,430,3,905.8400,2024-01-21,Completed,App,0.07
1721,79,501,5,713.3700,2024-02-17,Completed,Web,0.29
1722,24,1366,5,1324.9200,2024-01-09,Cancelled,Store,0.1
1723,67,647,5,923.8600,2024-01-14,Completed,Web,0.1
1724,10,190,1,189.7600,2024-01-08,Completed,App,0.29
1725,63,1779,2,1778.9300,2024-01-13,Completed,Web,0.09
1726,37,1867,3,798.8500,2024-02-15,Completed,Store,0.18
1727,30,827,3,1178.3600,2024-01-13,Completed,Store,0.23
1728,17,1833,5,1802.4100,2024-02-12,Cancelled,Store,0.06
1729,88,828,5,735.3700,2024-01-09,Completed,Store,0.02
1730,15,1020,2,1582.7800,2024-02-17,Completed,App,0.21
1731,56,1259,4,1752.8400,2024-02-04,Completed,Web,0.3
1732,29,367,2,1370.6500,2024-01-20,Cancelled,App,0.18
1733,68,110,5,230.5900,2024-01-13,Cancelled,Web,0.22
1734,37,1759,2,572.4900,2024-01-04,Completed,Web,0.09
1735,17,686,2,1265.5100,2024-02-15,Completed,Store,0.17
1736,90,92,2,1551.3800,2024-02-07,Completed,App,0.07
1737,26,972,4,1515.0400,2024-02-27,Cancelled,Web,0.27
1738,54,1071,5,1171.6400,2024-02-23,Completed,App,0.06
1739,98,375,2,351.2100,2024-02-10,Completed,Store,0.04
1740,37,1838,3,1094.5700,2024-01-30,Completed,Web,0.21
1741,14,1302,1,1666.7800,2024-03-01,Completed,Store,0.2
1742,69,1794,5,1892.0300,2024-02-09,Cancelled,App,0.03
1743,41,934,1,496.2900,2024-01-25,Cancelled,Web,0.16
1744,8,527,3,239.4300,2024-02-24,Cancelled,Store,0.14
1745,48,1617,5,736.4600,2024-01-01,Cancelled,Store,0.29
1746,80,917,3,823.6900,2024-01-03,Completed,App,0.07
1747,36,582,4,1822.3700,2024-01-13,Cancelled,Web,0.14
1748,62,1930,4,1507.1900,2024-01-02,Completed,Web,0.29
1749,62,708,1,1584.1300,2024-01-21,Cancelled,Web,0.2
1750,83,407,1,1210.3000,2024-01-07,Cancelled,Store,0.17
1751,40,1252,2,1791.2800,2024-01-23,Cancelled,Store,0.16
1752,73,818,1,1344.9700,2024-02-03,Completed,App,0.27
1753,17,458,3,1243.7400,2024-02-13,Completed,Web,0.22
1754,77,644,5,408.7500,2024-02-05,Cancelled,Store,0.04
1755,9,1099,3,1060.5100,2024-02-08,Completed,Web,0.23
1756,79,666,5,1469.6400,2024-02-25,Completed,App,0.14
1757,3,1201,2,243.3700,2024-01-07,Completed,Web,0.04
1758,52,1655,4,1779.4000,2024-02-21,Completed,App,0.29
1759,90,1505,3,802.9400,2024-01-06,Cancelled,App,0.02
1760,99,1270,5,1101.9900,2024-01-01,Completed,Web,0.11
1761,23,696,1,1349.5700,2024-01-18,Cancelled,Web,0.3
1762,23,912,1,1977.4800,2024-02-11,Cancelled,App,0.01
1763,82,874,5,599.8000,2024-01-09,Cancelled,Web,0.19
1764,56,450,2,445.4500,2024-01-03,Completed,App,0.15
1765,3,261,5,1776.2900,2024-02-19,Cancelled,Web,0.2
1766,91,1986,1,1266.0300,2024-02-03,Completed,Web,0.05
1767,13,1992,3,118.0600,2024-01-14,Cancelled,Store,0.01
1768,30,697,2,1680.2800,2024-02-26,Completed,App,0.14
1769,29,1664,2,810.1900,2024-01-08,Completed,App,0.14
1770,52,1611,2,231.1200,2024-02-15,Completed,App,0.06
1771,87,1121,4,217.8200,2024-02-07,Cancelled,App,0.28
1772,8,1228,2,572.4900,2024-02-04,Completed,Web,0.25
1773,70,1522,3,207.0000,2024-02-11,Cancelled,Web,0.24
1774,91,1199,3,1874.2700,2024-02-15,Cancelled,Web,0.11
1775,8,284,1,634.7300,2024-02-20,Cancelled,Web,0.21
1776,54,810,2,273.7000,2024-01-29,Completed,Store,0.08
1777,56,355,3,1325.7600,2024-01-17,Completed,Store,0.27
1778,61,837,2,663.7100,2024-01-11,Completed,App,0.01
1779,42,13,4,1949.1600,2024-02-03,Completed,App,0.18
1780,46,1593,3,1145.9900,2024-02-13,Completed,App,0.2
1781,27,613,1,1795.8400,2024-02-14,Cancelled,App,0.22
1782,86,632,5,1133.0500,2024-01-09,Cancelled,Web,0
1783,14,220,5,283.0000,2024-02-03,Completed,Store,0.28
1784,53,813,2,1574.4100,2024-02-18,Completed,Store,0.05
1785,66,229,4,353.7900,2024-02-27,Completed,Web,0.25
1786,54,548,5,1802.8400,2024-02-24,Completed,Store,0.22
1787,2,1608,2,2397.6000,2024-01-29,Completed,App,0.12
1788,54,61,4,222.4000,2024-01-08,Completed,Store,0.02
1789,39,81,4,1035.1500,2024-01-04,Cancelled,Web,0.23
1790,39,38,1,1505.2300,2024-02-16,Cancelled,App,0.27
1791,74,309,1,1857.6900,2024-01-07,Cancelled,Web,0.02
1792,12,1511,2,1936.4100,2024-01-17,Cancelled,App,0.09
1793,93,348,2,1712.0100,2024-01-10,Cancelled,Store,0.18
1794,10,615,4,1366.8400,2024-02-02,Cancelled,Store,0.22
1795,41,1114,1,523.1700,2024-01-27,Completed,App,0.09
1796,11,1893,1,1700.0300,2024-02-26,Completed,App,0.16
1797,10,1643,4,838.1900,2024-01-18,Cancelled,Store,0.2
1798,44,339,3,1069.1600,2024-01-11,Cancelled,Store,0.28
1799,30,1569,3,1551.8100,2024-01-25,Completed,App,0.13
1800,12,1851,1,938.2400,2024-01-27,Cancelled,App,0.23
1801,67,488,1,1165.5900,2024-02-06,Cancelled,Store,0.18
1802,38,63,1,346.3900,2024-02-11,Cancelled,Store,0.23
1803,31,829,4,320.2700,2024-01-19,Completed,Web,0.26
1804,62,741,4,1006.5300,2024-01-16,Completed,Store,0.21
1805,30,1206,3,476.4200,2024-02-10,Cancelled,App,0.16
1806,87,24,3,1245.4300,2024-02-17,Completed,Web,0.05
1807,6,845,5,1280.8100,2024-01-27,Cancelled,Store,0.12
1808,8,7,3,1357.0600,2024-01-25,Completed,Web,0.04
1809,11,1068,2,1219.5700,2024-01-17,Cancelled,Web,0.26
1810,53,280,4,334.8400,2024-02-19,Cancelled,App,0.27
1811,59,891,3,599.0900,2024-01-02,Cancelled,Web,0.26
1812,100,1230,2,1961.0000,2024-01-04,Completed,App,0.08
1813,60,623,2,1227.7400,2024-02-27,Cancelled,Web,0.05
1814,49,336,4,1454.9500,2024-01-09,Completed,Web,0.23
1815,56,346,5,698.5400,2024-01-31,Cancelled,App,0.06
1816,40,1139,4,1675.7700,2024-02-23,Completed,Web,0.29
1817,58,1627,3,241.1000,2024-02-19,Cancelled,Store,0.13
1818,78,1542,2,321.8200,2024-01-08,Completed,Store,0.13
1819,78,1777,1,1979.4100,2024-02-10,Cancelled,Web,0.22
1820,40,449,5,1658.8300,2024-02-07,Completed,Web,0.07
1821,94,1423,1,1575.1200,2024-02-10,Completed,Web,0.14
1822,48,90,3,1136.6600,2024-01-31,Cancelled,App,0.15
1823,27,522,5,1020.2300,2024-02-04,Completed,Store,0.05
1824,88,619,4,823.8800,2024-01-30,Cancelled,Web,0
1825,38,1344,3,915.1400,2024-01-05,Cancelled,Web,0.02
1826,67,1014,3,1902.8700,2024-01-03,Cancelled,Web,0.04
1827,70,142,1,1340.5600,2024-01-30,Completed,Store,0.17
1828,63,857,4,436.2400,2024-02-04,Completed,Web,0.24
1829,5,1744,1,136.5500,2024-01-24,Completed,Store,0.09
1830,68,1195,2,278.5500,2024-01-24,Completed,Store,0.21
1831,50,810,2,1090.8000,2024-01-19,Completed,Web,0.3
1832,57,1113,4,1204.4100,2024-02-22,Cancelled,App,0.18
1833,18,1248,1,1304.3000,2024-01-10,Completed,Web,0.23
1834,23,1238,2,1060.7700,2024-02-20,Completed,Web,0.08
1835,55,10,2,1761.3100,2024-01-20,Completed,App,0.24
1836,4,731,4,1657.6100,2024-02-15,Cancelled,App,0.03
1837,80,1073,2,374.4000,2024-02-28,Cancelled,Store,0.1
1838,8,1292,5,197.5900,2024-01-16,Completed,Web,0.17
1839,94,496,4,1878.9100,2024-01-09,Cancelled,Store,0.09
1840,26,1598,4,263.8500,2024-01-16,Completed,Web,0.29
1841,79,775,2,1100.5900,2024-01-11,Cancelled,Store,0.14
1842,100,1307,2,1307.7400,2024-01-19,Cancelled,Web,0.11
1843,91,1034,1,1844.1600,2024-02-18,Completed,Store,0.14
1844,71,1169,4,1421.3200,2024-02-01,Cancelled,Web,0.21
1845,7,242,5,784.0700,2024-02-20,Cancelled,Store,0.05
1846,39,94,3,633.6200,2024-02-06,Completed,Web,0.07
1847,75,546,4,1933.2000,2024-01-12,Cancelled,App,0.11
1848,11,1927,3,670.5400,2024-01-03,Completed,App,0.13
1849,65,249,1,1864.9800,2024-02-07,Cancelled,Web,0.19
1850,87,313,5,1261.5500,2024-02-26,Completed,App,0.21
1851,85,167,2,254.2700,2024-01-17,Completed,Web,0.11
1852,94,1329,2,1100.1300,2024-01-03,Cancelled,App,0.02
1853,46,188,3,1199.0100,2024-01-20,Cancelled,Web,0.12
1854,3,101,4,247.2100,2024-01-05,Cancelled,Store,0.21
1855,42,1524,1,172.3000,2024-01-29,Completed,Store,0.24
1856,69,116,1,197.0200,2024-02-15,Cancelled,App,0.03
1857,45,287,1,1288.2400,2024-02-01,Completed,Web,0.04
1858,61,812,1,808.5600,2024-01-22,Cancelled,App,0
1859,30,1490,2,498.9200,2024-01-04,Cancelled,App,0.25
1860,67,613,1,1273.4500,2024-02-04,Completed,Store,0.19
1861,98,325,2,1475.7200,2024-02-16,Cancelled,Web,0.23
1862,58,1504,4,431.1100,2024-01-08,Cancelled,Web,0.15
1863,63,1895,4,1650.0700,2024-01-03,Cancelled,App,0.11
1864,60,1417,3,1243.3300,2024-01-25,Cancelled,Web,0.11
1865,56,362,5,1820.3500,2024-01-15,Completed,Web,0.1
1866,4,793,3,1261.3500,2024-03-01,Cancelled,App,0.24
1867,7,1818,3,716.7400,2024-01-02,Cancelled,Store,0.21
1868,25,1766,1,1270.6600,2024-02-07,Completed,Web,0.11
1869,15,1000,2,775.3900,2024-01-14,Cancelled,App,0.28
1870,33,1176,5,1099.7800,2024-01-16,Completed,Store,0.28
1871,79,977,4,242.4000,2024-02-05,Completed,Store,0.11
1872,31,441,1,961.5500,2024-01-12,Cancelled,App,0.22
1873,2,1356,2,1189.1400,2024-01-29,Completed,Store,0.28
1874,81,348,1,274.6200,2024-02-24,Cancelled,App,0.07
1875,3,527,2,1082.5600,2024-01-19,Completed,App,0.01
1876,94,917,4,416.0000,2024-02-05,Completed,Web,0.17
1877,62,321,1,1596.5400,2024-01-12,Cancelled,App,0.18
1878,65,653,4,1072.9600,2024-02-24,Completed,Store,0.23
1879,26,883,2,1973.2300,2024-02-07,Cancelled,Web,0.11
1880,39,1757,1,1463.1700,2024-02-20,Cancelled,Web,0.07
1881,12,485,4,1163.7900,2024-02-21,Cancelled,Store,0.21
1882,63,1874,1,162.1400,2024-01-15,Completed,App,0.01
1883,66,1378,1,141.9500,2024-01-17,Cancelled,App,0.17
1884,60,562,2,1580.7700,2024-01-01,Completed,Web,0.16
1885,21,706,2,554.2100,2024-02-04,Cancelled,Store,0.07
1886,80,773,2,1992.9800,2024-02-16,Completed,Store,0.06
1887,41,376,2,1143.5600,2024-02-09,Cancelled,Store,0.22
1888,52,1723,4,1157.1900,2024-01-18,Completed,Web,0.08
1889,23,802,3,885.3800,2024-01-01,Cancelled,Store,0.02
1890,52,745,1,1757.4000,2024-02-20,Completed,App,0.26
1891,34,556,2,545.1300,2024-01-01,Completed,Store,0.08
1892,34,1928,1,1166.2700,2024-01-08,Completed,Store,0.11
1893,13,288,3,1543.0300,2024-02-26,Cancelled,Web,0.1
1894,62,567,5,768.6200,2024-02-05,Cancelled,Web,0.07
1895,27,1930,3,1389.8600,2024-03-01,Completed,App,0.04
1896,71,1934,1,1540.1700,2024-01-30,Cancelled,Web,0.1
1897,16,1728,1,1143.2200,2024-01-31,Completed,Web,0.27
1898,43,959,2,937.1900,2024-02-05,Cancelled,Web,0.14
1899,58,399,5,514.5300,2024-02-19,Completed,Store,0.21
1900,44,1842,2,1994.9300,2024-01-18,Cancelled,Web,0.18
1901,78,247,3,2114.2300,2024-01-03,Completed,App,0.22
1902,95,813,2,1327.0700,2024-02-12,Completed,App,0.24
1903,66,894,2,1761.4400,2024-01-11,Cancelled,Store,0.17
1904,10,1271,1,338.3300,2024-01-22,Completed,Store,0.08
1905,24,1232,2,1467.5800,2024-02-09,Completed,Web,0.2
1906,88,816,1,722.7500,2024-02-05,Completed,App,0.21
1907,71,688,1,665.5700,2024-02-21,Completed,App,0.28
1908,37,1343,4,633.4000,2024-01-13,Completed,App,0.05
1909,95,585,4,273.7700,2024-02-10,Cancelled,App,0.14
1910,24,1660,2,332.2400,2024-02-09,Cancelled,Store,0.28
1911,33,141,3,642.1700,2024-02-14,Cancelled,App,0.02
1912,62,609,2,125.9600,2024-01-23,Cancelled,Web,0.12
1913,12,1311,2,580.4700,2024-01-16,Completed,Store,0.05
1914,100,1446,5,969.4500,2024-01-13,Completed,App,0.23
1915,4,59,4,1217.7800,2024-02-28,Cancelled,Store,0.15
1916,12,935,2,921.7700,2024-01-09,Completed,Store,0.19
1917,10,1550,4,408.4600,2024-01-08,Cancelled,App,0.17
1918,2,329,5,1928.5000,2024-01-27,Completed,App,0.21
1919,59,697,4,467.4700,2024-02-27,Completed,Store,0.26
1920,6,1846,2,1844.5400,2024-01-29,Cancelled,App,0.14
1921,13,1114,4,1317.7400,2024-01-01,Cancelled,Store,0.06
1922,10,230,3,293.1200,2024-01-01,Cancelled,App,0.23
1923,40,951,1,764.6100,2024-01-26,Cancelled,Store,0.29
1924,51,495,1,1341.3800,2024-01-21,Cancelled,Web,0.15
1925,68,783,5,1786.7200,2024-02-09,Completed,Web,0.3
1926,7,250,1,1834.5000,2024-01-08,Cancelled,Web,0.05
1927,63,1581,4,1221.8100,2024-01-23,Completed,Store,0.07
1928,93,1725,4,1447.3000,2024-02-28,Completed,Web,0.11
1929,80,60,2,265.3900,2024-02-27,Cancelled,Web,0.09
1930,22,357,3,1813.5500,2024-02-24,Cancelled,Web,0.21
1931,100,619,4,1590.8000,2024-02-11,Completed,Web,0.28
1932,41,1867,5,1877.4400,2024-02-05,Completed,App,0.3
1933,7,507,3,958.3600,2024-01-25,Completed,Web,0.3
1934,5,1767,4,1007.4100,2024-01-02,Cancelled,Store,0.17
1935,74,337,1,1070.9300,2024-01-17,Completed,App,0.21
1936,39,383,1,215.6900,2024-01-22,Cancelled,App,0.14
1937,44,1704,4,555.4700,2024-01-14,Completed,Web,0.15
1938,68,64,4,283.2100,2024-01-18,Cancelled,Store,0.09
1939,26,1807,2,850.4200,2024-02-07,Cancelled,App,0.01
1940,57,297,3,722.4300,2024-02-01,Cancelled,Web,0.03
1941,87,472,4,699.9900,2024-02-17,Cancelled,App,0.19
1942,62,1312,1,1348.7900,2024-01-03,Cancelled,Store,0.1
1943,44,933,4,1219.0200,2024-01-30,Completed,Web,0.07
1944,47,750,5,1527.5300,2024-02-25,Cancelled,Web,0.07
1945,82,365,2,284.9800,2024-02-10,Cancelled,Store,0.24
1946,80,134,2,1281.6800,2024-02-21,Completed,Web,0.22
1947,71,629,3,970.5900,2024-01-09,Cancelled,Store,0.08
1948,71,868,1,1296.4800,2024-02-27,Completed,Web,0.13
1949,13,1284,3,525.3900,2024-02-12,Completed,Store,0.17
1950,12,1567,3,1221.5900,2024-01-22,Cancelled,App,0.06
1951,9,1146,4,699.0100,2024-01-29,Cancelled,Web,0.07
1952,77,731,1,894.9300,2024-02-14,Completed,Store,0.19
1953,33,1568,4,791.6500,2024-01-22,Completed,Web,0
1954,7,1595,3,1214.9400,2024-01-31,Cancelled,Web,0.16
1955,59,929,1,1262.1900,2024-01-24,Completed,Web,0.14
1956,37,1327,1,1383.2000,2024-01-30,Cancelled,Store,0.17
1957,38,1897,5,1590.0900,2024-02-08,Cancelled,Store,0.12
1958,1,458,2,1527.3400,2024-02-04,Cancelled,Store,0.06
1959,22,185,3,1618.0900,2024-02-29,Completed,Store,0.17
1960,11,1517,2,1320.7900,2024-02-28,Cancelled,Store,0.04
1961,31,1319,2,1244.7100,2024-01-06,Cancelled,App,0.11
1962,32,108,5,1068.2300,2024-02-03,Completed,Web,0.26
1963,42,1516,5,792.7700,2024-01-05,Completed,Web,0.25
1964,64,177,4,156.5200,2024-01-06,Cancelled,App,0.28
1965,21,1352,1,504.0600,2024-02-13,Completed,Store,0.01
1966,89,1804,5,743.2700,2024-02-28,Completed,Store,0.13
1967,42,387,3,638.2800,2024-01-11,Completed,Store,0.23
1968,51,1,4,1838.6600,2024-02-25,Completed,Store,0.03
1969,19,895,3,377.0900,2024-02-08,Cancelled,Store,0.04
1970,81,65,2,723.6100,2024-02-09,Cancelled,App,0.19
1971,97,134,2,2557.9900,2024-01-20,Cancelled,Store,0.27
1972,42,139,2,1406.7900,2024-02-26,Cancelled,App,0.29
1973,95,1952,3,180.8600,2024-02-01,Completed,App,0.15
1974,30,690,1,537.9900,2024-02-03,Completed,Store,0.28
1975,97,1863,3,218.8200,2024-01-26,Completed,App,0.18
1976,95,680,2,278.4300,2024-02-25,Cancelled,App,0.18
1977,63,689,3,1104.3000,2024-01-26,Cancelled,Store,0.13
1978,28,1068,5,1395.3800,2024-01-27,Completed,Web,0.14
1979,15,1346,5,1046.6100,2024-02-03,Completed,App,0.14
1980,40,607,2,1417.9700,2024-02-07,Cancelled,Web,0.21
1981,76,617,1,1549.8600,2024-01-31,Cancelled,Store,0.11
1982,33,395,1,1872.7800,2024-01-13,Completed,Store,0.07
1983,51,1030,1,126.6000,2024-02-20,Completed,App,0.01
1984,68,953,5,610.0900,2024-01-21,Cancelled,Web,0.3
1985,37,60,5,504.5300,2024-01-08,Completed,Store,0.22
1986,14,454,3,143.8200,2024-01-31,Cancelled,Store,0.05
1987,31,1009,2,1846.1500,2024-02-09,Completed,Store,0.27
1988,49,972,5,771.7100,2024-02-01,Completed,Store,0.25
1989,57,1308,1,1598.2300,2024-02-23,Completed,Web,0.03
1990,5,176,1,1058.0900,2024-01-05,Completed,Store,0.19
1991,40,89,3,181.0200,2024-02-12,Completed,App,0.02
1992,2,596,4,892.5000,2024-01-20,Cancelled,App,0.07
1993,19,1850,2,1575.3600,2024-01-05,Completed,App,0.12
1994,92,1135,1,1784.3900,2024-02-11,Cancelled,App,0.17
1995,96,1357,5,437.9200,2024-01-03,Completed,Web,0.14
1996,3,1162,2,1367.8600,2024-02-19,Cancelled,Web,0.29
1997,95,345,1,1750.3500,2024-02-22,Completed,Web,0.17
1998,80,1345,5,528.5600,2024-01-01,Completed,Web,0.03
1999,1,19,4,1801.8500,2024-01-09,Cancelled,Store,0.17
2000,66,1126,1,1711.2800,2024-01-09,Completed,Web,0.18
2001,87,100,1,176.8300,2024-01-06,Cancelled,Store,0.03
2002,42,599,3,557.1000,2024-02-24,Completed,Store,0.16
2003,63,855,3,1470.4100,2024-02-08,Cancelled,Web,0.08
2004,78,298,3,841.3300,2024-01-17,Cancelled,Web,0.14
2005,61,159,5,466.2700,2024-02-13,Completed,App,0.26
2006,75,1392,1,1054.0900,2024-01-14,Completed,Store,0.11
2007,18,1327,5,969.0600,2024-01-22,Cancelled,Store,0.25
2008,41,1743,1,1019.6900,2024-01-04,Cancelled,App,0.21
2009,98,151,1,1806.3200,2024-01-13,Completed,App,0
2010,52,249,3,532.1200,2024-01-15,Completed,App,0.17
2011,53,986,3,1919.5500,2024-01-24,Cancelled,Web,0.05
2012,31,917,5,1971.5100,2024-02-07,Cancelled,App,0.03
2013,26,1132,4,938.9900,2024-02-27,Completed,Store,0
2014,30,1701,5,450.6600,2024-02-13,Cancelled,Web,0.17
2015,44,1399,4,136.0900,2024-02-21,Cancelled,App,0.13
2016,73,1950,2,445.6800,2024-02-14,Cancelled,Store,0.3
2017,60,993,2,1007.8100,2024-02-01,Completed,App,0.15
2018,81,461,4,669.2500,2024-02-18,Completed,Web,0.24
2019,10,1227,3,580.6600,2024-01-26,Completed,App,0.04
2020,82,1484,4,1363.3600,2024-01-21,Cancelled,App,0.01
2021,38,1160,3,393.5500,2024-01-03,Completed,Store,0.09
2022,62,1458,5,1890.7600,2024-02-11,Cancelled,Web,0.28
2023,53,1725,1,1452.2500,2024-03-01,Completed,Store,0.16
2024,17,532,5,1708.1500,2024-01-06,Completed,Store,0.27
2025,30,535,4,443.3900,2024-02-19,Completed,Web,0.1
2026,54,464,3,450.3300,2024-01-13,Completed,Store,0.29
2027,58,82,2,140.2500,2024-01-20,Cancelled,App,0.06
2028,19,607,3,538.6000,2024-01-05,Completed,Web,0.05
2029,99,591,4,758.5300,2024-01-06,Completed,App,0.03
2030,67,1997,1,674.5200,2024-01-15,Cancelled,Web,0.02
2031,46,861,4,1511.4900,2024-02-15,Cancelled,App,0.25
2032,84,1128,4,1624.4900,2024-02-22,Cancelled,App,0.11
2033,92,1170,3,1888.5800,2024-02-02,Cancelled,Store,0.09
2034,24,1601,1,256.1500,2024-02-06,Cancelled,Web,0.23
2035,35,95,2,321.4100,2024-03-01,Cancelled,Web,0.3
2036,38,1539,3,362.0200,2024-02-04,Cancelled,Web,0.1
2037,8,578,5,1094.5400,2024-01-20,Cancelled,Web,0.24
2038,41,1464,5,1649.1000,2024-01-22,Completed,Store,0.22
2039,49,1736,4,1343.9200,2024-01-04,Completed,Web,0.07
2040,38,769,4,1660.3600,2024-01-15,Completed,Store,0.04
2041,92,1598,4,1879.5900,2024-02-01,Cancelled,Store,0.18
2042,21,1657,5,704.3200,2024-01-12,Completed,Web,0.14
2043,97,753,4,1449.0500,2024-01-17,Cancelled,App,0.12
2044,75,693,5,1830.6700,2024-02-21,Completed,Web,0.2
2045,1,461,4,736.3200,2024-02-21,Completed,App,0.18
2046,12,1879,1,485.7900,2024-01-17,Completed,Store,0.07
2047,11,960,5,550.2300,2024-01-22,Completed,App,0
2048,37,233,5,297.3500,2024-01-04,Completed,Store,0
2049,8,725,3,886.9000,2024-01-22,Completed,Web,0.2
2050,69,111,4,1286.5300,2024-01-12,Completed,App,0.23
2051,71,746,5,1079.9400,2024-02-04,Completed,Web,0.23
2052,74,1931,2,981.0800,2024-02-28,Completed,App,0.01
2053,12,80,1,578.7900,2024-02-07,Completed,Store,0.02
2054,39,454,5,821.5300,2024-02-21,Completed,App,0.05
2055,9,136,3,1841.7100,2024-02-22,Cancelled,Web,0.1
2056,70,1190,4,727.2700,2024-02-02,Cancelled,Web,0.24
2057,64,511,5,1872.2200,2024-02-05,Completed,App,0.28
2058,65,42,3,1785.4200,2024-02-11,Completed,Web,0.29
2059,20,198,1,1328.0300,2024-01-24,Completed,App,0.1
2060,21,992,2,724.9200,2024-01-09,Completed,Store,0.02
2061,100,1637,5,1176.0900,2024-01-21,Completed,App,0.13
2062,67,1902,4,1843.4000,2024-02-15,Completed,Store,0.05
2063,60,1653,3,827.1000,2024-01-02,Cancelled,App,0
2064,28,972,5,586.8700,2024-02-17,Cancelled,App,0.21
2065,72,1094,1,719.2000,2024-01-22,Completed,App,0.08
2066,11,991,5,1813.0900,2024-02-16,Completed,Web,0.03
2067,71,1809,3,770.7900,2024-01-04,Completed,Web,0.09
2068,47,765,3,1769.4300,2024-02-19,Completed,App,0.15
2069,89,1329,2,362.5800,2024-01-22,Completed,Store,0.15
2070,81,542,4,998.3400,2024-01-05,Cancelled,Store,0.26
2071,21,1647,3,1989.0000,2024-02-09,Cancelled,Store,0.03
2072,94,827,3,356.8000,2024-01-12,Cancelled,Web,0.07
2073,12,494,2,648.2900,2024-01-09,Completed,Store,0.23
2074,99,128,2,1576.8500,2024-02-19,Completed,App,0.22
2075,71,649,4,1908.4000,2024-01-31,Completed,App,0.28
2076,3,1660,4,1950.1400,2024-01-11,Completed,Web,0.26
2077,41,1208,2,485.7600,2024-01-17,Cancelled,Store,0.08
2078,13,588,2,1985.6000,2024-01-08,Completed,App,0.03
2079,85,1194,1,1562.8700,2024-01-15,Cancelled,Store,0.09
2080,57,843,5,1797.3700,2024-01-21,Completed,Web,0.11
2081,25,1846,4,627.7200,2024-01-25,Cancelled,App,0.03
2082,88,390,2,1582.4100,2024-02-18,Completed,Store,0.1
2083,93,1809,5,977.4600,2024-02-14,Completed,App,0.06
2084,20,1688,3,1693.8300,2024-01-04,Completed,Web,0.05
2085,11,660,2,1029.8600,2024-02-11,Cancelled,Web,0.05
2086,74,82,5,1673.1900,2024-02-06,Completed,App,0.11
2087,28,1647,4,484.8300,2024-02-16,Completed,Web,0.17
2088,94,1684,2,1008.2400,2024-02-17,Cancelled,Web,0.11
2089,21,720,4,692.1600,2024-01-16,Completed,Store,0.22
2090,55,1070,4,1256.5900,2024-01-12,Completed,Web,0.25
2091,32,476,2,1804.7800,2024-01-06,Completed,Web,0.29
2092,100,664,2,869.9300,2024-01-17,Cancelled,Store,0.16
2093,7,930,3,652.8200,2024-02-04,Cancelled,App,0.03
2094,72,1329,4,1552.1200,2024-02-07,Completed,Web,0.24
2095,31,1168,2,994.5200,2024-01-01,Cancelled,Store,0.27
2096,17,395,5,1653.7100,2024-02-29,Cancelled,Store,0.25
2097,8,391,2,1206.8500,2024-02-14,Cancelled,Web,0.04
2098,27,533,1,235.2600,2024-01-24,Cancelled,Store,0.13
2099,41,850,5,1231.1700,2024-01-20,Cancelled,Web,0
2100,27,1404,5,927.3700,2024-02-16,Completed,App,0.19
2101,14,1194,2,1303.4000,2024-02-12,Cancelled,Store,0.3
2102,89,1532,1,971.1800,2024-02-02,Completed,Store,0.16
2103,82,921,1,1352.3000,2024-02-14,Completed,Web,0.26
2104,39,527,4,751.7000,2024-02-19,Completed,Web,0.3
2105,55,1648,5,1714.9500,2024-02-03,Completed,Web,0.19
2106,55,665,2,1966.3800,2024-01-16,Cancelled,App,0.14
2107,57,453,4,902.2100,2024-02-05,Completed,Store,0.21
2108,68,1302,1,405.8100,2024-02-14,Completed,Store,0.18
2109,70,966,3,516.1800,2024-01-26,Cancelled,Web,0.26
2110,51,53,1,1970.5000,2024-01-21,Completed,Web,0.17
2111,7,523,3,103.9200,2024-02-13,Completed,App,0.29
2112,93,1171,5,105.6500,2024-02-15,Completed,App,0.03
2113,42,500,3,424.1400,2024-02-23,Cancelled,App,0
2114,72,1777,5,1162.3700,2024-01-18,Completed,App,0.05
2115,70,958,4,328.8800,2024-02-06,Completed,Web,0.11
2116,32,358,5,832.3900,2024-02-27,Completed,Store,0.29
2117,77,1607,5,321.7300,2024-02-08,Cancelled,Web,0.16
2118,31,1514,4,754.8800,2024-02-28,Completed,Web,0.14
2119,62,56,1,1716.3900,2024-01-17,Cancelled,Web,0.08
2120,94,896,3,1870.5600,2024-01-30,Completed,Web,0.18
2121,57,277,5,331.6000,2024-01-01,Cancelled,Web,0.13
2122,97,127,5,645.2300,2024-02-27,Cancelled,Store,0.28
2123,49,1391,2,824.4000,2024-02-25,Completed,Store,0.05
2124,89,713,1,1773.3000,2024-02-10,Cancelled,Store,0.26
2125,15,310,1,1244.1000,2024-01-18,Completed,App,0.2
2126,69,482,3,1930.8400,2024-02-13,Completed,Web,0.11
2127,57,512,4,2085.9100,2024-02-01,Completed,Store,0.2
2128,69,729,5,1926.6600,2024-01-18,Cancelled,Store,0.02
2129,29,868,2,1831.0800,2024-01-14,Cancelled,Web,0.01
2130,37,517,4,320.7400,2024-02-19,Cancelled,Web,0.01
2131,89,1431,4,710.6000,2024-01-16,Cancelled,App,0.22
2132,67,303,3,1292.6900,2024-01-04,Cancelled,Store,0.01
2133,9,1269,2,767.3100,2024-01-14,Cancelled,Store,0.01
2134,50,1196,3,1029.1300,2024-01-31,Cancelled,Web,0.17
2135,75,235,2,1731.4300,2024-02-15,Completed,Web,0.17
2136,68,91,5,182.4700,2024-02-03,Cancelled,Store,0.16
2137,51,1592,3,1272.6400,2024-01-30,Completed,App,0.06
2138,41,1326,2,204.6300,2024-02-26,Completed,Web,0.07
2139,65,1018,2,1790.8600,2024-01-23,Cancelled,Store,0.05
2140,37,1282,3,1335.2000,2024-02-25,Cancelled,Store,0.22
2141,7,184,5,642.6200,2024-02-10,Cancelled,Store,0.08
2142,93,28,4,847.3800,2024-02-28,Completed,Store,0.08
2143,15,708,3,1095.7100,2024-01-03,Completed,Store,0.15
2144,84,1376,3,557.3600,2024-01-02,Completed,Store,0.09
2145,49,959,5,937.0000,2024-02-24,Completed,Store,0.01
2146,47,1445,1,1283.8800,2024-02-01,Cancelled,Store,0.22
2147,14,1693,4,1420.3500,2024-01-24,Completed,Web,0.08
2148,60,1949,5,1638.4100,2024-02-09,Cancelled,App,0.08
2149,42,1958,2,1359.0600,2024-02-12,Completed,App,0.05
2150,32,581,3,1057.5100,2024-01-01,Cancelled,Web,0.11
2151,26,810,1,1953.4300,2024-01-09,Cancelled,Store,0.17
2152,36,883,4,956.1400,2024-01-06,Completed,Store,0.22
2153,92,372,1,1823.6700,2024-02-21,Cancelled,Web,0.3
2154,84,1620,4,910.7400,2024-01-24,Cancelled,Store,0.04
2155,74,1945,4,803.0300,2024-02-19,Cancelled,Store,0.22
2156,3,109,2,360.1300,2024-02-16,Cancelled,Store,0.06
2157,12,1011,4,1626.0300,2024-01-08,Cancelled,Web,0.17
2158,11,1456,2,1232.2600,2024-02-09,Completed,App,0.17
2159,92,710,5,1589.2400,2024-02-08,Completed,App,0.05
2160,32,1805,3,678.5900,2024-02-26,Completed,Store,0.21
2161,34,1090,2,857.4300,2024-02-21,Cancelled,Store,0.23
2162,37,616,1,272.8200,2024-01-11,Cancelled,App,0.02
2163,81,1035,2,1341.4800,2024-02-14,Completed,Store,0.09
2164,6,160,4,1573.2100,2024-01-10,Cancelled,Web,0.22
2165,25,378,5,449.1400,2024-01-21,Cancelled,App,0.06
2166,30,1706,2,299.8800,2024-01-04,Cancelled,Web,0.29
2167,84,464,1,1706.7900,2024-02-24,Cancelled,Web,0.13
2168,44,3,3,1505.6300,2024-02-04,Completed,Store,0.27
2169,9,1923,3,322.0300,2024-01-15,Cancelled,Store,0.06
2170,77,247,4,336.0800,2024-01-10,Completed,App,0.23
2171,98,876,5,1182.5800,2024-02-24,Completed,Web,0.11
2172,36,1625,1,1656.5100,2024-02-08,Cancelled,Store,0.04
2173,72,652,3,1194.1500,2024-01-08,Cancelled,Store,0.21
2174,53,987,5,259.8700,2024-01-01,Completed,Store,0.02
2175,48,561,2,559.5400,2024-01-26,Cancelled,Web,0.21
2176,18,1350,3,504.4300,2024-01-19,Cancelled,Web,0.07
2177,15,1706,2,142.1800,2024-01-09,Cancelled,Store,0.2
2178,90,1129,3,584.6600,2024-02-03,Completed,Web,0.15
2179,24,1874,1,1182.0500,2024-02-10,Cancelled,Web,0.13
2180,2,26,1,1547.4100,2024-02-08,Completed,App,0.02
2181,4,656,5,1672.1700,2024-01-21,Cancelled,Store,0.08
2182,61,661,1,1170.9300,2024-01-11,Completed,Store,0.14
2183,3,1409,2,1587.6700,2024-02-05,Cancelled,Web,0.27
2184,60,432,5,858.0400,2024-01-03,Cancelled,Store,0.09
2185,8,1993,5,1732.2200,2024-02-25,Completed,App,0.29
2186,22,987,5,544.6100,2024-01-21,Cancelled,Store,0.17
2187,80,606,4,1284.2300,2024-02-14,Completed,App,0.19
2188,35,1276,5,1108.4000,2024-02-15,Cancelled,Store,0.28
2189,90,1130,2,540.5400,2024-02-27,Cancelled,Web,0.16
2190,59,1498,3,1190.7600,2024-02-20,Completed,Web,0.2
2191,99,638,4,1615.0400,2024-01-05,Cancelled,App,0.28
2192,77,294,3,797.4800,2024-02-20,Cancelled,App,0.15
2193,89,1530,4,1162.5500,2024-02-17,Cancelled,Store,0.14
2194,6,1427,2,852.4600,2024-02-24,Cancelled,Store,0.24
2195,2,175,5,1893.4300,2024-02-08,Completed,Web,0.19
2196,53,1999,1,1302.3000,2024-02-04,Cancelled,App,0.08
2197,52,555,3,1975.9100,2024-01-12,Cancelled,App,0.11
2198,41,518,1,424.1400,2024-01-31,Cancelled,App,0.29
2199,97,826,1,1356.3300,2024-01-16,Completed,Web,0.13
2200,67,1526,3,1619.7200,2024-01-09,Completed,App,0.18
2201,7,402,2,899.4600,2024-01-17,Completed,App,0.19
2202,46,1796,4,1796.6700,2024-01-03,Cancelled,App,0.07
2203,39,813,2,497.6100,2024-02-23,Cancelled,App,0.11
2204,86,1756,1,354.7900,2024-01-06,Completed,App,0.07
2205,29,1927,1,713.2100,2024-02-29,Cancelled,Web,0.15
2206,4,298,1,1927.3000,2024-02-19,Completed,Store,0.21
2207,91,1603,2,576.7200,2024-02-01,Completed,App,0.05
2208,74,1858,3,1317.8500,2024-01-12,Cancelled,Store,0.23
2209,65,363,5,421.3700,2024-02-07,Completed,App,0.02
2210,15,1051,4,469.5000,2024-01-01,Cancelled,Store,0.01
2211,73,1460,1,1489.2600,2024-01-25,Completed,App,0.19
2212,37,959,5,471.6000,2024-01-20,Completed,App,0.03
2213,4,1611,5,1313.3300,2024-01-29,Completed,Web,0.23
2214,14,80,2,530.5700,2024-02-01,Cancelled,Store,0.2
2215,71,139,5,1603.3900,2024-01-01,Cancelled,Store,0.12
2216,21,1964,2,1498.6900,2024-01-04,Cancelled,Store,0.25
2217,25,631,2,284.5500,2024-01-09,Cancelled,Store,0.3
2218,52,1152,4,1532.2200,2024-01-09,Cancelled,Web,0.01
2219,3,509,2,331.4800,2024-01-28,Completed,App,0.19
2220,83,1915,3,1110.0400,2024-02-21,Completed,Web,0.27
2221,16,1391,3,1091.5600,2024-02-14,Cancelled,Web,0.2
2222,85,1900,2,620.5600,2024-01-10,Completed,Web,0.15
2223,72,1602,1,113.8900,2024-02-01,Completed,Store,0.11
2224,86,1988,4,294.0800,2024-01-06,Completed,Store,0.12
2225,46,304,4,905.0900,2024-01-05,Cancelled,App,0.02
2226,60,394,4,502.2900,2024-02-06,Completed,Web,0.02
2227,75,222,5,407.7100,2024-02-23,Cancelled,Web,0.24
2228,85,1999,4,779.6900,2024-01-27,Cancelled,Web,0.16
2229,96,359,4,1250.5500,2024-02-01,Cancelled,Web,0.17
2230,44,1010,4,1860.2800,2024-02-04,Cancelled,App,0.19
2231,2,76,1,688.5700,2024-01-13,Cancelled,Store,0.21
2232,48,1575,4,1841.6700,2024-01-20,Cancelled,Store,0.23
2233,96,322,3,1024.5500,2024-01-06,Cancelled,Store,0.08
2234,68,912,5,988.2700,2024-01-12,Cancelled,Web,0.14
2235,69,1214,5,327.5400,2024-01-16,Completed,App,0.25
2236,93,53,3,459.0800,2024-01-24,Cancelled,App,0.12
2237,50,1371,4,1546.9000,2024-01-10,Completed,Web,0.15
2238,4,1397,5,1501.6500,2024-02-28,Cancelled,App,0.15
2239,28,28,3,1642.9600,2024-01-11,Cancelled,Web,0.17
2240,61,1188,1,303.0200,2024-01-27,Completed,App,0.07
2241,54,1328,1,1943.7100,2024-02-28,Cancelled,App,0.03
2242,32,952,2,129.4500,2024-01-28,Completed,App,0.27
2243,82,215,4,1881.5700,2024-02-24,Cancelled,Store,0.21
2244,64,389,3,1956.4100,2024-01-08,Completed,Web,0.29
2245,95,382,2,381.2500,2024-02-10,Cancelled,Store,0.23
2246,31,175,3,140.2800,2024-02-21,Cancelled,App,0.1
2247,7,1375,2,415.4400,2024-02-19,Completed,Store,0.07
2248,34,1579,3,712.5400,2024-01-27,Cancelled,Store,0.25
2249,59,376,2,192.7400,2024-01-03,Cancelled,Store,0.16
2250,62,987,4,263.1100,2024-02-01,Completed,Web,0.27
2251,54,1929,2,1101.5300,2024-02-28,Completed,App,0.27
2252,79,921,4,586.6300,2024-01-10,Completed,App,0.23
2253,28,613,3,741.7800,2024-01-02,Completed,App,0.25
2254,23,1654,4,1146.8700,2024-02-19,Completed,App,0.27
2255,62,479,1,1530.2700,2024-01-23,Cancelled,App,0.03
2256,32,1806,1,796.5600,2024-02-09,Cancelled,App,0.13
2257,23,1561,4,559.7800,2024-02-29,Completed,Store,0.23
2258,100,611,4,2074.0900,2024-02-22,Completed,Store,0.17
2259,5,392,1,407.0800,2024-01-13,Cancelled,Store,0.27
2260,57,1213,2,242.1900,2024-01-21,Completed,App,0.13
2261,94,772,3,1756.7300,2024-02-27,Completed,Web,0.06
2262,54,1114,3,1013.4100,2024-01-19,Cancelled,Store,0.06
2263,51,1564,3,873.2100,2024-02-05,Cancelled,Store,0.04
2264,9,1837,1,1445.5700,2024-02-13,Completed,App,0.16
2265,60,394,2,1439.1600,2024-02-12,Completed,App,0.29
2266,32,911,5,892.1700,2024-01-21,Cancelled,Web,0.13
2267,16,238,2,461.8600,2024-02-16,Cancelled,App,0.11
2268,78,525,2,552.1600,2024-01-30,Completed,Store,0.08
2269,85,1309,1,854.2600,2024-01-27,Completed,Store,0.06
2270,83,166,5,1228.3700,2024-01-21,Cancelled,App,0.19
2271,56,1632,3,533.4900,2024-01-20,Cancelled,Web,0.29
2272,45,7,2,1802.9700,2024-02-17,Cancelled,App,0.11
2273,58,1584,4,1587.8100,2024-03-01,Completed,App,0.05
2274,36,1957,3,1207.5900,2024-01-13,Cancelled,Web,0.07
2275,4,1236,5,1746.6600,2024-01-12,Completed,Web,0.17
2276,37,907,1,1991.0800,2024-02-20,Cancelled,Store,0.15
2277,93,998,3,1121.4400,2024-02-19,Cancelled,Store,0.11
2278,58,1759,5,663.2200,2024-02-27,Cancelled,Web,0.15
2279,26,1817,1,1102.7300,2024-02-28,Completed,Web,0.11
2280,28,1669,3,1794.8100,2024-01-04,Completed,Web,0.04
2281,8,880,3,837.3400,2024-02-06,Cancelled,Store,0.24
2282,97,1284,2,334.0000,2024-01-05,Cancelled,App,0.23
2283,92,462,4,2234.2700,2024-01-06,Completed,App,0.03
2284,30,1005,4,1332.3000,2024-02-25,Completed,App,0.27
2285,86,374,4,1902.0100,2024-01-14,Cancelled,Web,0.27
2286,87,536,2,251.1400,2024-02-03,Completed,App,0.01
2287,73,961,4,107.9100,2024-02-27,Completed,Store,0.26
2288,98,273,1,1491.1200,2024-01-21,Cancelled,Web,0.15
2289,77,1825,3,877.4200,2024-01-23,Completed,Web,0.07
2290,91,666,5,512.0100,2024-01-08,Cancelled,Web,0.14
2291,77,1780,5,1784.9100,2024-02-25,Cancelled,Store,0.03
2292,88,1360,3,1008.7400,2024-02-05,Completed,App,0.01
2293,5,37,3,237.7800,2024-01-15,Cancelled,App,0.14
2294,88,171,3,458.8600,2024-01-14,Cancelled,Web,0.13
2295,19,833,5,609.4600,2024-01-26,Completed,App,0.12
2296,81,117,4,1688.6000,2024-02-13,Completed,Store,0.26
2297,76,339,1,967.8000,2024-02-22,Completed,Store,0.04
2298,53,936,3,1031.8400,2024-02-25,Cancelled,Web,0.28
2299,48,113,5,1436.8400,2024-01-18,Cancelled,Web,0.15
2300,64,861,5,1437.7200,2024-01-24,Completed,Store,0.25
2301,52,1894,4,1934.6500,2024-01-19,Completed,Store,0.25
2302,64,51,3,1226.2300,2024-01-15,Completed,App,0.24
2303,84,333,3,1077.8400,2024-02-15,Completed,Web,0.26
2304,10,1121,5,1565.5000,2024-02-14,Completed,App,0.03
2305,56,506,3,867.3800,2024-02-09,Cancelled,Web,0.28
2306,94,898,5,1351.9800,2024-02-11,Completed,Web,0.28
2307,85,934,5,756.7200,2024-02-05,Completed,Store,0.2
2308,2,1577,5,1781.8800,2024-01-21,Cancelled,Web,0.12
2309,99,1079,3,621.3500,2024-02-28,Cancelled,Web,0.07
2310,95,974,4,339.6800,2024-02-24,Completed,Store,0.18
2311,5,1057,2,441.6000,2024-02-13,Completed,Web,0.21
2312,80,245,3,102.8900,2024-02-16,Completed,Store,0.29
2313,40,1576,1,652.8300,2024-01-23,Cancelled,Store,0.21
2314,44,83,4,1868.8500,2024-01-19,Cancelled,App,0.18
2315,99,1679,1,1263.7000,2024-02-03,Completed,Web,0.01
2316,16,1822,1,1744.4900,2024-02-29,Completed,Web,0.11
2317,73,627,1,854.6700,2024-01-04,Cancelled,Store,0.26
2318,70,672,3,1962.0100,2024-02-15,Cancelled,Web,0.18
2319,81,1501,3,1996.1900,2024-01-27,Completed,Store,0.28
2320,13,926,3,769.9300,2024-01-24,Cancelled,Store,0.2
2321,28,1112,3,1453.5500,2024-01-19,Cancelled,Store,0.19
2322,50,575,2,469.1900,2024-01-22,Cancelled,Web,0.15
2323,55,1137,2,1608.6000,2024-01-20,Cancelled,App,0.07
2324,17,1353,2,1876.1100,2024-02-18,Cancelled,Web,0.01
2325,80,442,2,513.0500,2024-01-16,Completed,Store,0.28
2326,52,303,5,950.9200,2024-02-14,Cancelled,Store,0.18
2327,31,1818,4,862.9400,2024-02-29,Cancelled,App,0.14
2328,91,1299,5,1194.7100,2024-01-08,Completed,Web,0.28
2329,60,1894,5,490.1700,2024-01-10,Cancelled,Store,0.11
2330,43,1376,5,1283.7800,2024-02-29,Cancelled,App,0.16
2331,26,1559,3,161.4900,2024-01-12,Completed,Web,0.22
2332,78,1592,1,1569.8700,2024-02-15,Cancelled,App,0.25
2333,5,508,1,1769.8400,2024-01-02,Completed,Store,0.3
2334,30,562,1,875.6700,2024-02-16,Cancelled,Store,0.23
2335,86,647,4,365.0400,2024-02-10,Completed,Store,0.28
2336,63,778,3,397.7500,2024-01-29,Completed,Web,0.14
2337,14,1329,1,1118.2500,2024-02-15,Cancelled,Web,0.27
2338,10,980,5,1562.8100,2024-01-05,Completed,App,0.24
2339,47,20,1,1573.1500,2024-01-13,Completed,Store,0.3
2340,2,876,2,247.1100,2024-02-12,Cancelled,Web,0.18
2341,14,1943,5,530.7300,2024-02-08,Cancelled,App,0.08
2342,57,1162,5,1341.8400,2024-02-03,Completed,Web,0.06
2343,24,139,3,229.2100,2024-01-21,Completed,Store,0.03
2344,54,214,4,1123.8800,2024-02-12,Completed,App,0.13
2345,45,660,2,1901.5700,2024-02-06,Cancelled,Web,0.17
2346,12,2,2,1881.7400,2024-02-07,Completed,Store,0.04
2347,97,194,2,1490.0900,2024-02-24,Cancelled,Store,0.1
2348,84,481,1,791.6200,2024-02-23,Completed,Web,0.03
2349,97,1741,2,876.7800,2024-01-07,Cancelled,Store,0.23
2350,20,440,5,1182.5600,2024-01-31,Cancelled,Web,0.03
2351,80,263,1,1889.8200,2024-02-10,Cancelled,Web,0.23
2352,98,843,4,968.9900,2024-02-18,Completed,App,0.04
2353,87,1014,1,1737.0300,2024-01-16,Cancelled,App,0.17
2354,34,935,4,1102.8200,2024-02-28,Completed,App,0.28
2355,100,1125,4,163.0900,2024-02-15,Cancelled,Web,0.03
2356,16,1430,4,747.9700,2024-02-21,Cancelled,Store,0.2
2357,76,1472,1,632.1900,2024-02-16,Cancelled,Store,0.02
2358,99,677,1,125.9000,2024-02-05,Cancelled,Store,0.2
2359,1,660,3,1429.6800,2024-01-22,Cancelled,Web,0.16
2360,71,1633,5,363.8500,2024-01-07,Completed,Web,0.07
2361,49,1818,4,1968.8300,2024-02-15,Completed,App,0.17
2362,53,1577,2,1855.2100,2024-02-04,Cancelled,Store,0.12
2363,71,261,1,1598.2600,2024-01-31,Completed,Web,0.24
2364,53,1967,2,218.4900,2024-01-20,Completed,Store,0.29
2365,96,1909,5,308.2000,2024-02-27,Completed,Store,0.08
2366,62,1438,3,572.5900,2024-01-14,Completed,Store,0.27
2367,71,567,3,1857.3700,2024-01-05,Cancelled,Store,0.07
2368,69,152,4,856.6500,2024-01-22,Cancelled,App,0.29
2369,20,857,4,812.4000,2024-02-04,Completed,App,0.3
2370,8,726,4,1079.1000,2024-02-16,Completed,Web,0.01
2371,34,1623,3,943.6400,2024-01-12,Completed,App,0.27
2372,67,1967,1,515.2900,2024-02-15,Cancelled,Store,0.23
2373,22,1827,4,917.1000,2024-02-12,Completed,Web,0.25
2374,91,1003,1,1050.4100,2024-01-16,Completed,Store,0.17
2375,3,264,2,866.5500,2024-01-20,Cancelled,App,0.06
2376,98,1565,3,1345.6100,2024-02-04,Completed,Store,0.25
2377,48,676,5,269.3400,2024-01-02,Cancelled,Web,0.18
2378,33,297,2,1668.9600,2024-01-03,Completed,Web,0.26
2379,78,1722,2,167.9600,2024-02-12,Cancelled,Store,0.03
2380,31,1397,5,1777.9600,2024-02-07,Cancelled,Store,0.08
2381,46,668,2,188.0100,2024-02-03,Completed,Store,0.24
2382,43,399,3,1498.5900,2024-01-07,Completed,App,0
2383,83,964,4,832.5400,2024-02-14,Completed,App,0.13
2384,100,130,3,224.6800,2024-01-17,Completed,Web,0.09
2385,21,239,4,1734.6300,2024-01-24,Completed,Store,0.03
2386,20,1756,4,1534.1400,2024-02-05,Cancelled,App,0.18
2387,15,1751,2,707.0000,2024-01-06,Completed,App,0.1
2388,78,1798,5,1214.9700,2024-02-27,Cancelled,App,0.01
2389,94,639,5,1772.4500,2024-02-05,Completed,Store,0.28
2390,77,1826,1,1476.3400,2024-02-07,Cancelled,Web,0.28
2391,93,1746,4,1913.4900,2024-02-24,Cancelled,Store,0.04
2392,44,426,5,1511.1400,2024-02-26,Completed,Store,0.09
2393,32,406,3,1043.6900,2024-01-04,Completed,Store,0.23
2394,96,901,2,854.9000,2024-02-04,Completed,Web,0.07
2395,89,1786,1,1439.4300,2024-02-01,Cancelled,App,0.18
2396,11,1465,3,319.8500,2024-02-07,Completed,App,0.23
2397,92,1684,3,419.3700,2024-02-06,Completed,App,0.22
2398,47,531,2,1556.6400,2024-02-29,Cancelled,Store,0.08
2399,56,1836,5,1339.8600,2024-02-16,Completed,App,0.24
2400,59,1514,1,1324.5000,2024-01-23,Completed,Store,0.18
2401,14,83,5,1042.5300,2024-01-05,Cancelled,Web,0.28
2402,19,1834,1,1877.3900,2024-02-28,Cancelled,App,0.05
2403,73,401,4,845.9200,2024-02-07,Cancelled,Store,0.25
2404,73,1595,3,566.7300,2024-02-25,Completed,Store,0.02
2405,86,565,2,1848.4500,2024-02-18,Cancelled,App,0.2
2406,13,1923,1,147.5100,2024-02-04,Completed,Web,0.24
2407,49,1417,3,1173.2500,2024-02-01,Cancelled,App,0.29
2408,60,1705,5,819.7700,2024-02-02,Cancelled,Web,0.05
2409,5,639,2,1961.9000,2024-02-03,Completed,App,0.28
2410,69,443,3,1860.5400,2024-01-07,Cancelled,App,0.22
2411,45,1995,5,930.7200,2024-01-12,Completed,Store,0.21
2412,43,597,4,1582.3000,2024-02-07,Cancelled,Web,0.27
2413,72,607,4,1094.2200,2024-02-11,Completed,Web,0.15
2414,56,995,5,1247.2500,2024-01-16,Completed,Web,0.06
2415,12,581,2,204.5500,2024-02-29,Cancelled,App,0.17
2416,17,1480,5,263.3100,2024-01-29,Completed,Web,0.18
2417,72,1594,3,1250.2500,2024-02-18,Cancelled,Web,0.21
2418,1,1534,3,940.7500,2024-01-08,Cancelled,Web,0.07
2419,37,1261,2,367.9200,2024-02-20,Completed,Web,0.09
2420,40,481,1,1376.9200,2024-01-08,Cancelled,Web,0.06
2421,80,1038,2,441.6200,2024-01-20,Cancelled,Store,0.15
2422,43,449,1,668.2800,2024-02-16,Completed,Web,0.02
2423,77,21,1,552.7500,2024-01-12,Completed,Web,0.22
2424,50,587,2,1584.1900,2024-01-03,Cancelled,App,0.12
2425,19,873,2,1425.3200,2024-02-06,Cancelled,Store,0.16
2426,31,505,5,1006.3800,2024-02-16,Completed,App,0.15
2427,3,84,3,391.6900,2024-02-28,Cancelled,App,0.19
2428,65,1677,3,968.4700,2024-02-20,Cancelled,Web,0.24
2429,14,437,5,1768.8600,2024-02-07,Completed,Store,0.05
2430,78,1950,2,631.1500,2024-01-12,Cancelled,App,0.09
2431,25,1407,1,1054.0100,2024-01-28,Completed,Web,0.06
2432,17,1603,3,1536.8000,2024-02-05,Cancelled,Web,0.03
2433,76,1935,3,1642.4800,2024-01-27,Cancelled,Store,0.01
2434,98,1978,4,1674.3100,2024-02-22,Cancelled,Web,0.1
2435,69,714,1,1082.5800,2024-01-02,Cancelled,Store,0.27
2436,5,308,3,1284.9100,2024-02-23,Completed,Store,0.24
2437,45,918,3,1266.6100,2024-02-10,Completed,App,0.21
2438,29,255,3,335.7800,2024-02-09,Cancelled,Store,0.09
2439,2,704,5,1236.1500,2024-01-15,Cancelled,Store,0.29
2440,54,1120,5,861.3400,2024-01-11,Completed,Web,0.12
2441,99,434,3,750.0200,2024-02-19,Completed,App,0.06
2442,55,1465,1,1043.0400,2024-01-17,Cancelled,Web,0.08
2443,89,442,4,1140.0300,2024-01-19,Completed,App,0.18
2444,70,169,2,676.9100,2024-01-03,Completed,App,0.21
2445,39,464,3,1562.3500,2024-02-26,Cancelled,App,0.28
2446,57,806,1,659.7600,2024-01-11,Completed,Store,0.05
2447,97,1760,1,1661.1700,2024-02-12,Completed,App,0.18
2448,22,1227,5,746.6500,2024-01-04,Completed,Web,0.17
2449,59,413,2,369.8900,2024-02-14,Cancelled,App,0.21
2450,5,1730,4,498.1900,2024-02-19,Completed,Store,0.15
2451,100,143,3,263.6800,2024-01-26,Cancelled,Web,0.25
2452,33,1632,4,653.3800,2024-02-15,Completed,Web,0.09
2453,96,150,2,1530.0600,2024-01-17,Completed,Store,0.02
2454,34,1598,4,303.0600,2024-02-20,Cancelled,Web,0.28
2455,1,498,2,1255.1500,2024-02-28,Completed,Store,0.14
2456,25,1491,3,1139.2600,2024-01-14,Cancelled,Web,0.15
2457,77,73,5,1372.9100,2024-01-14,Completed,Store,0.07
2458,51,344,5,218.8700,2024-01-17,Completed,App,0.05
2459,94,671,2,1429.7500,2024-02-25,Cancelled,Store,0.23
2460,60,1232,5,1350.8700,2024-02-19,Completed,Store,0.2
2461,64,417,2,133.2700,2024-01-12,Completed,Web,0.27
2462,16,1950,3,1674.1700,2024-02-22,Cancelled,App,0.05
2463,18,362,5,825.5800,2024-02-28,Cancelled,App,0.19
2464,23,1172,2,853.1700,2024-03-01,Cancelled,App,0.04
2465,16,1534,2,1056.0300,2024-02-27,Completed,Web,0.2
2466,42,1806,2,151.4600,2024-01-10,Completed,App,0.18
2467,78,949,1,988.6300,2024-02-23,Cancelled,App,0.07
2468,36,1334,5,546.4200,2024-02-24,Completed,Web,0.13
2469,12,1199,3,894.6200,2024-02-07,Cancelled,App,0.17
2470,31,239,3,1747.1400,2024-02-17,Cancelled,Store,0.2
2471,9,312,3,278.4300,2024-02-08,Completed,Web,0.19
2472,38,571,4,354.0900,2024-02-12,Completed,Web,0.05
2473,76,417,3,1129.2500,2024-02-24,Cancelled,Web,0.3
2474,43,163,4,564.1500,2024-02-11,Cancelled,Store,0.11
2475,96,169,5,1919.6500,2024-01-16,Completed,Store,0.11
2476,59,312,1,855.6400,2024-02-26,Completed,Store,0.15
2477,72,1605,4,1177.3200,2024-03-01,Cancelled,Web,0.25
2478,38,1170,4,999.1800,2024-02-22,Completed,App,0.14
2479,54,1314,5,1057.4900,2024-01-30,Completed,Store,0.06
2480,49,1264,5,1448.1000,2024-01-15,Completed,Web,0.22
2481,22,1283,4,946.3400,2024-01-06,Cancelled,App,0.18
2482,100,33,1,516.5600,2024-02-26,Completed,Web,0.13
2483,16,1758,3,176.5700,2024-02-14,Completed,App,0
2484,75,972,5,433.6300,2024-02-29,Cancelled,App,0.15
2485,12,803,1,1332.5900,2024-01-19,Completed,Store,0.1
2486,72,175,1,1722.5300,2024-01-22,Completed,App,0
2487,19,1285,1,443.0300,2024-01-12,Completed,App,0.28
2488,6,100,3,1658.2900,2024-01-15,Cancelled,App,0.18
2489,90,481,1,425.6500,2024-02-27,Cancelled,Web,0.2
2490,43,787,2,1308.0300,2024-01-27,Cancelled,Web,0.08
2491,59,369,2,1381.7900,2024-01-11,Completed,App,0.27
2492,41,1383,1,1802.2000,2024-01-01,Completed,Store,0.2
2493,6,519,3,1645.9800,2024-01-18,Cancelled,Web,0.04
2494,13,1371,1,241.5800,2024-01-19,Cancelled,App,0.25
2495,98,18,1,163.0800,2024-01-06,Completed,Store,0.17
2496,43,710,3,305.9600,2024-02-26,Cancelled,Store,0.18
2497,60,1054,4,1582.8400,2024-01-31,Cancelled,App,0.22
2498,65,404,4,170.8500,2024-01-16,Cancelled,Store,0.24
2499,19,1512,5,505.8400,2024-01-13,Completed,Store,0.06
2500,91,538,2,1105.9800,2024-01-28,Cancelled,Web,0.01
2501,8,1155,5,966.0300,2024-01-22,Cancelled,Store,0.08
2502,30,1545,3,387.3500,2024-01-18,Cancelled,Web,0
2503,55,976,1,1580.5100,2024-01-11,Completed,App,0.21
2504,76,1797,5,941.4200,2024-02-29,Completed,Store,0.2
2505,98,262,4,447.8500,2024-01-22,Cancelled,Web,0.18
2506,74,1965,5,1328.3400,2024-02-07,Completed,Web,0.19
2507,36,319,4,831.3000,2024-01-19,Cancelled,Web,0.06
2508,65,1269,5,393.3700,2024-02-09,Completed,Store,0.05
2509,40,1192,5,1549.7900,2024-01-04,Cancelled,Store,0.28
2510,35,1361,3,1284.2800,2024-02-28,Cancelled,Store,0.3
2511,87,1018,2,186.4100,2024-02-13,Completed,App,0.14
2512,85,1102,2,1009.3400,2024-02-23,Cancelled,Web,0.29
2513,66,884,1,804.7900,2024-01-26,Cancelled,App,0.05
2514,13,610,4,963.1400,2024-01-14,Cancelled,Web,0.3
2515,39,888,3,1670.4400,2024-02-20,Completed,Store,0.11
2516,57,1262,1,1337.0000,2024-02-28,Completed,Store,0
2517,19,1041,3,1511.4500,2024-01-29,Cancelled,App,0.01
2518,44,3,2,689.9700,2024-01-26,Completed,Store,0.19
2519,74,783,5,319.9600,2024-02-12,Cancelled,Web,0.26
2520,94,662,4,998.5100,2024-01-26,Completed,Web,0.18
2521,36,1828,1,1429.9100,2024-01-18,Completed,App,0.03
2522,72,1383,5,1700.4700,2024-01-17,Completed,Web,0.23
2523,30,39,1,1791.0000,2024-01-29,Cancelled,Web,0.27
2524,47,769,1,598.0300,2024-01-12,Cancelled,App,0.18
2525,34,171,2,1033.2200,2024-02-26,Cancelled,App,0.02
2526,79,1166,1,607.8600,2024-01-30,Cancelled,App,0.18
2527,8,1729,2,771.0200,2024-01-01,Cancelled,App,0.18
2528,42,748,3,772.2700,2024-01-12,Completed,Store,0.28
2529,67,790,5,171.0500,2024-02-05,Completed,App,0.02
2530,89,151,2,578.5600,2024-01-24,Completed,Store,0.12
2531,95,853,4,274.6100,2024-01-22,Completed,Store,0.28
2532,35,1106,2,1609.2300,2024-01-28,Completed,Store,0.17
2533,18,1201,4,821.4000,2024-02-03,Completed,App,0.2
2534,9,490,5,1962.8600,2024-02-24,Cancelled,App,0.02
2535,15,1365,2,572.0200,2024-02-01,Cancelled,App,0.14
2536,75,1407,5,398.6000,2024-01-28,Cancelled,App,0.03
2537,1,414,5,1443.3700,2024-01-01,Completed,App,0
2538,81,1247,4,1983.0200,2024-02-05,Cancelled,Web,0.13
2539,99,1292,2,635.3200,2024-01-20,Cancelled,Web,0.19
2540,30,1292,5,1674.8100,2024-02-10,Completed,Store,0.01
2541,60,1106,4,401.2400,2024-02-04,Cancelled,Web,0.06
2542,57,628,5,1479.9900,2024-02-25,Cancelled,Web,0.27
2543,46,13,2,458.4200,2024-01-20,Cancelled,Web,0.28
2544,10,1237,3,1435.7000,2024-01-15,Cancelled,Store,0.15
2545,26,972,1,1680.0800,2024-02-10,Completed,Web,0.15
2546,9,1396,4,485.6100,2024-02-16,Completed,App,0.05
2547,62,691,5,815.4600,2024-02-18,Completed,Store,0.23
2548,34,934,3,1064.8700,2024-01-13,Completed,Store,0.16
2549,51,1043,5,705.6300,2024-01-15,Completed,Store,0.1
2550,60,1361,1,316.6600,2024-01-16,Completed,App,0.01
2551,15,1970,1,953.5400,2024-01-16,Cancelled,App,0.23
2552,77,88,2,852.5500,2024-01-16,Cancelled,Web,0.24
2553,91,1462,2,908.6400,2024-02-08,Cancelled,Store,0.16
2554,40,410,1,980.2900,2024-01-25,Cancelled,Store,0.05
2555,97,1798,2,686.4000,2024-01-02,Cancelled,Web,0.01
2556,47,1740,3,219.4200,2024-01-16,Completed,Web,0.04
2557,99,1178,5,1058.2300,2024-02-25,Completed,Store,0.07
2558,58,741,3,222.9200,2024-01-17,Completed,App,0
2559,88,938,1,327.7300,2024-01-02,Cancelled,Store,0.19
2560,21,861,2,1616.1100,2024-01-17,Cancelled,App,0.07
2561,5,710,2,1270.0800,2024-02-01,Cancelled,Store,0.1
2562,79,666,5,1225.2000,2024-01-11,Completed,Web,0.12
2563,59,320,1,1358.4200,2024-01-22,Completed,Web,0.06
2564,41,1019,4,624.7000,2024-02-10,Cancelled,Store,0.09
2565,50,361,5,1631.4400,2024-02-18,Completed,Store,0.06
2566,11,1359,4,1057.1400,2024-01-26,Cancelled,Web,0.16
2567,27,1357,4,994.2500,2024-01-03,Completed,Store,0.06
2568,11,533,2,1121.5500,2024-02-24,Completed,Web,0.02
2569,12,810,2,1131.0100,2024-02-22,Cancelled,App,0.21
2570,62,1288,5,978.4600,2024-01-03,Completed,App,0.2
2571,38,1534,2,679.6100,2024-02-11,Cancelled,Web,0.24
2572,81,163,1,966.7900,2024-01-20,Completed,Store,0.04
2573,69,925,2,1635.5600,2024-02-18,Completed,App,0.04
2574,88,351,1,975.9500,2024-01-19,Completed,App,0.01
2575,28,257,3,1572.4500,2024-02-20,Completed,Web,0.19
2576,20,887,2,425.0400,2024-02-18,Completed,Store,0.03
2577,74,840,1,824.7300,2024-01-27,Completed,App,0
2578,80,1693,2,407.5300,2024-02-01,Completed,App,0.23
2579,79,1359,5,1365.7400,2024-01-14,Cancelled,Store,0.05
2580,97,1922,5,1452.8600,2024-01-27,Cancelled,Web,0.26
2581,83,298,2,1218.1600,2024-01-05,Completed,Store,0.07
2582,60,110,3,907.1400,2024-02-04,Completed,App,0.01
2583,73,721,3,1471.6000,2024-01-05,Cancelled,Store,0.11
2584,45,188,1,1531.6600,2024-01-23,Cancelled,App,0.13
2585,34,998,2,1607.0700,2024-02-16,Completed,App,0.1
2586,82,1344,3,1556.8800,2024-02-07,Cancelled,Web,0.27
2587,76,1420,1,1265.5700,2024-01-27,Completed,Store,0.1
2588,85,1286,3,1496.7600,2024-02-04,Cancelled,Web,0.03
2589,94,247,2,197.5800,2024-02-02,Cancelled,Store,0.06
2590,61,865,1,462.3900,2024-02-04,Cancelled,Store,0.16
2591,30,531,1,1237.4500,2024-03-01,Cancelled,Store,0.2
2592,46,103,4,1716.5700,2024-01-10,Completed,App,0.21
2593,98,1316,4,106.1500,2024-01-11,Cancelled,Web,0.11
2594,89,1867,5,559.7500,2024-01-04,Completed,Store,0.01
2595,56,1720,1,583.2900,2024-02-25,Completed,App,0.04
2596,41,692,5,1779.6900,2024-01-11,Completed,Store,0.15
2597,31,635,4,434.1000,2024-01-13,Cancelled,Store,0.1
2598,63,1531,5,606.6200,2024-01-03,Completed,Web,0.06
2599,21,302,2,1399.2500,2024-01-24,Cancelled,Web,0.13
2600,10,932,5,1798.0600,2024-01-09,Cancelled,Store,0.14
2601,32,1482,5,766.2100,2024-01-15,Completed,Store,0.07
2602,53,296,2,181.2600,2024-01-17,Completed,Store,0.02
2603,78,851,5,527.3900,2024-02-04,Cancelled,App,0.14
2604,98,863,5,1614.9500,2024-01-20,Cancelled,App,0.25
2605,26,1326,3,1402.0300,2024-02-24,Completed,Web,0.02
2606,92,16,4,1241.5100,2024-02-04,Completed,Web,0.29
2607,67,1830,4,495.0000,2024-01-09,Completed,Web,0.25
2608,42,573,4,468.4100,2024-02-02,Completed,App,0.15
2609,20,1894,1,475.9800,2024-01-23,Completed,App,0.07
2610,61,1377,4,382.9000,2024-01-07,Cancelled,App,0.03
2611,94,1674,4,824.2500,2024-01-07,Cancelled,App,0.17
2612,90,181,2,655.5700,2024-01-18,Completed,Store,0.03
2613,49,1180,5,290.6500,2024-02-01,Cancelled,Store,0.26
2614,9,1,1,1831.8800,2024-02-01,Completed,Web,0.07
2615,83,851,2,1684.6400,2024-02-16,Completed,Store,0.1
2616,54,771,5,403.5100,2024-02-12,Completed,Store,0.29
2617,99,1891,3,968.8200,2024-01-28,Cancelled,App,0.11
2618,10,48,2,293.0500,2024-02-02,Completed,Web,0.14
2619,60,1969,5,210.4700,2024-02-01,Completed,Web,0.05
2620,67,1294,5,1643.5600,2024-02-01,Completed,Web,0.24
2621,11,604,4,965.5000,2024-01-11,Completed,Web,0.28
2622,61,850,3,1198.2600,2024-02-08,Completed,Store,0.14
2623,87,1702,2,754.7800,2024-02-05,Cancelled,Store,0.23
2624,5,1513,3,1550.2700,2024-01-05,Cancelled,App,0.16
2625,38,358,4,937.0000,2024-02-12,Cancelled,Store,0.03
2626,25,1472,3,148.9000,2024-02-11,Cancelled,Store,0.28
2627,37,122,5,887.6400,2024-01-06,Cancelled,Web,0.26
2628,20,1464,3,363.7900,2024-01-11,Completed,Web,0.23
2629,93,1658,3,928.7000,2024-01-09,Cancelled,Store,0.1
2630,88,1123,1,1683.1500,2024-01-10,Completed,Web,0.05
2631,51,967,5,1780.7700,2024-01-12,Completed,App,0.2
2632,75,274,5,1204.7100,2024-02-19,Completed,App,0.12
2633,16,889,4,1595.4100,2024-01-25,Cancelled,Store,0.27
2634,95,1343,4,909.9400,2024-01-14,Completed,App,0.16
2635,92,65,1,1020.1600,2024-01-16,Completed,Store,0.29
2636,64,1918,1,516.9500,2024-02-26,Cancelled,Store,0.21
2637,94,1610,3,696.9700,2024-02-21,Completed,App,0.02
2638,81,650,1,1570.1900,2024-01-02,Completed,Web,0.15
2639,87,1293,4,898.4500,2024-01-29,Completed,Store,0.02
2640,88,1334,2,615.5600,2024-02-29,Completed,Store,0.15
2641,74,1772,2,776.9900,2024-02-01,Cancelled,Store,0.18
2642,2,1431,4,1319.8000,2024-01-06,Cancelled,Web,0.14
2643,53,785,5,1928.7000,2024-01-14,Cancelled,App,0.12
2644,33,340,1,1441.7400,2024-01-17,Completed,Web,0
2645,23,1154,3,514.9400,2024-01-20,Completed,Store,0.26
2646,29,1064,2,1940.3800,2024-01-25,Completed,App,0.15
2647,80,500,5,1111.5700,2024-02-20,Cancelled,App,0.25
2648,79,679,2,1252.4700,2024-02-26,Completed,App,0.03
2649,95,1460,4,679.7700,2024-01-23,Cancelled,Web,0.08
2650,82,684,5,649.6200,2024-02-04,Cancelled,App,0.02
2651,69,316,4,959.1300,2024-02-26,Cancelled,App,0.15
2652,68,1429,3,381.0000,2024-02-23,Cancelled,Web,0.06
2653,11,612,5,979.5900,2024-01-24,Completed,Web,0.14
2654,49,428,2,1427.0500,2024-01-05,Completed,App,0.15
2655,23,1167,1,1547.0800,2024-02-13,Completed,App,0.07
2656,20,1455,3,1831.2500,2024-02-08,Cancelled,App,0.14
2657,11,1589,2,1492.7500,2024-02-07,Cancelled,App,0.26
2658,82,1537,2,1125.9300,2024-01-14,Cancelled,Store,0.17
2659,26,1194,4,1433.8400,2024-02-07,Cancelled,App,0.3
2660,10,927,2,1556.2700,2024-02-28,Cancelled,Web,0.26
2661,56,1006,1,1433.1500,2024-01-21,Completed,Web,0.26
2662,35,746,5,535.3000,2024-01-08,Completed,Web,0.17
2663,87,390,1,325.2300,2024-01-31,Cancelled,Web,0.27
2664,40,1524,3,1946.4500,2024-02-26,Cancelled,Web,0.22
2665,46,395,4,1311.9300,2024-01-04,Cancelled,Web,0.24
2666,93,755,5,835.1000,2024-02-09,Cancelled,App,0.26
2667,24,1692,5,1393.8500,2024-02-19,Cancelled,Web,0.01
2668,75,29,1,1553.2400,2024-02-13,Completed,Store,0.12
2669,53,268,2,484.9800,2024-01-27,Cancelled,App,0.08
2670,38,1994,3,469.0900,2024-01-21,Cancelled,Web,0.02
2671,67,1890,5,317.9200,2024-02-28,Cancelled,Web,0.01
2672,4,1510,4,742.0000,2024-02-26,Completed,Store,0.1
2673,52,1259,4,1218.2700,2024-02-16,Cancelled,Store,0.13
2674,30,434,2,1775.4800,2024-02-26,Cancelled,App,0.08
2675,85,20,1,1793.0600,2024-02-25,Completed,App,0.08
2676,15,1717,1,1036.1600,2024-02-19,Cancelled,Store,0.22
2677,35,159,4,1207.8700,2024-01-02,Cancelled,Web,0.01
2678,25,1294,3,683.3200,2024-02-01,Completed,Web,0.07
2679,74,1107,3,1919.4100,2024-02-09,Cancelled,Store,0.04
2680,5,1271,5,1088.6600,2024-02-24,Cancelled,Web,0.05
2681,27,1666,2,777.5500,2024-02-28,Cancelled,Store,0.26
2682,66,624,1,415.9600,2024-01-05,Cancelled,App,0.02
2683,86,1406,5,1695.1200,2024-01-15,Completed,App,0.29
2684,91,477,4,1880.5100,2024-01-11,Cancelled,Store,0.29
2685,57,393,2,1972.3600,2024-01-24,Completed,App,0.05
2686,9,349,1,1339.1900,2024-02-19,Cancelled,App,0.15
2687,49,1014,2,1821.9900,2024-02-14,Cancelled,App,0.27
2688,38,413,2,1326.1900,2024-01-01,Completed,App,0.07
2689,97,1728,5,1972.4600,2024-02-26,Cancelled,Store,0.12
2690,72,136,4,1155.1800,2024-02-03,Cancelled,App,0.19
2691,28,972,3,1790.6700,2024-01-15,Completed,App,0.14
2692,35,1751,2,1690.2600,2024-01-06,Completed,Store,0.23
2693,10,889,3,1640.0000,2024-01-18,Completed,Web,0.24
2694,19,96,4,1777.1000,2024-01-03,Completed,Store,0.17
2695,60,1810,4,1234.7200,2024-01-05,Completed,Web,0.18
2696,38,1834,5,853.8900,2024-02-10,Completed,App,0.18
2697,90,1735,4,987.1200,2024-01-05,Cancelled,Web,0.11
2698,99,1377,5,1666.6200,2024-01-22,Cancelled,Store,0.26
2699,93,1798,3,911.9400,2024-01-31,Completed,Store,0.16
2700,30,242,2,886.1000,2024-01-16,Completed,App,0.2
2701,82,1807,5,1202.9000,2024-01-02,Completed,Web,0.15
2702,1,808,1,1738.4000,2024-01-12,Completed,Store,0.14
2703,54,842,5,406.6900,2024-02-08,Completed,Store,0.3
2704,21,1813,2,1207.8000,2024-02-16,Cancelled,Store,0.12
2705,60,1397,5,907.0700,2024-01-18,Completed,Web,0.01
2706,33,330,2,1026.7700,2024-02-24,Cancelled,App,0.13
2707,66,1636,1,761.8300,2024-02-24,Completed,Web,0.01
2708,81,1554,5,1947.1800,2024-02-06,Cancelled,Store,0.16
2709,54,1085,2,842.4600,2024-01-14,Completed,Web,0.19
2710,72,1905,3,276.0700,2024-02-27,Completed,App,0.13
2711,3,1546,5,145.3600,2024-02-01,Cancelled,Web,0.29
2712,65,1906,4,1445.8600,2024-01-29,Cancelled,Store,0.26
2713,70,1186,5,1244.3700,2024-01-15,Completed,Web,0.17
2714,92,1407,2,415.7500,2024-02-12,Cancelled,Web,0.24
2715,43,249,2,1562.8000,2024-03-01,Cancelled,Web,0.22
2716,31,203,2,1698.1700,2024-02-16,Completed,Store,0.26
2717,1,318,2,390.1400,2024-02-28,Cancelled,Web,0.27
2718,61,566,5,888.3700,2024-02-19,Cancelled,Web,0.21
2719,24,1599,5,1685.6200,2024-01-08,Cancelled,Web,0.23
2720,100,362,1,1387.2100,2024-01-16,Cancelled,App,0.21
2721,68,162,5,1897.3200,2024-02-04,Completed,Web,0.03
2722,35,868,3,679.1200,2024-01-09,Cancelled,App,0.27
2723,35,752,5,349.7900,2024-01-30,Cancelled,Web,0.1
2724,76,1888,1,1962.8200,2024-01-09,Cancelled,Store,0.13
2725,13,1672,3,471.5600,2024-02-05,Completed,Web,0.23
2726,43,1079,1,370.9000,2024-02-15,Completed,Web,0.25
2727,69,1966,1,656.9200,2024-02-04,Completed,Store,0.23
2728,30,841,3,1978.3300,2024-02-15,Completed,App,0.09
2729,78,1033,2,1233.5300,2024-01-07,Completed,Store,0.1
2730,45,1772,1,1673.0500,2024-01-05,Cancelled,App,0.29
2731,77,336,3,1603.4400,2024-01-17,Cancelled,Store,0.21
2732,22,895,2,236.3400,2024-02-22,Completed,Web,0.22
2733,34,1871,3,418.1400,2024-01-15,Cancelled,App,0.2
2734,86,572,5,942.4300,2024-01-03,Completed,App,0.03
2735,29,1563,3,1588.9800,2024-01-31,Completed,Store,0.23
2736,58,489,5,835.0300,2024-01-04,Cancelled,Web,0.05
2737,12,419,2,1005.5100,2024-01-24,Cancelled,Web,0.1
2738,84,1719,5,881.4100,2024-01-16,Completed,App,0.27
2739,52,820,5,506.2500,2024-01-09,Cancelled,Web,0.08
2740,81,1797,5,1576.5300,2024-01-04,Cancelled,Store,0.2
2741,38,1965,4,1581.3700,2024-01-30,Cancelled,Store,0.19
2742,62,918,3,1053.9600,2024-02-21,Cancelled,Web,0.07
2743,2,1362,3,290.5300,2024-02-28,Completed,Web,0.23
2744,9,379,3,131.7400,2024-02-23,Cancelled,Web,0.14
2745,10,272,4,338.6200,2024-01-24,Cancelled,App,0.04
2746,45,672,3,865.1100,2024-01-18,Cancelled,Web,0.21
2747,5,256,1,1322.0700,2024-02-09,Cancelled,Web,0.15
2748,65,1412,5,1136.8400,2024-02-14,Completed,App,0.04
2749,49,895,4,853.8300,2024-02-05,Cancelled,Store,0.01
2750,66,1507,4,1818.8100,2024-01-24,Completed,Store,0.21
2751,29,859,5,1938.6800,2024-01-12,Completed,Store,0.01
2752,90,10,2,958.5000,2024-02-28,Completed,Web,0.11
2753,3,617,1,1556.8400,2024-01-30,Cancelled,App,0.1
2754,41,309,3,1397.9000,2024-01-10,Completed,Web,0.23
2755,86,181,2,527.3400,2024-01-11,Completed,Store,0.11
2756,21,136,3,1579.1800,2024-01-04,Completed,Web,0.02
2757,99,701,4,476.8900,2024-01-16,Completed,Store,0.16
2758,64,1125,1,1111.8200,2024-02-09,Cancelled,Web,0.02
2759,36,1646,3,1851.3400,2024-02-03,Cancelled,Web,0
2760,73,1253,5,566.8200,2024-02-29,Cancelled,Web,0.01
2761,41,831,4,485.6800,2024-02-11,Completed,Store,0.04
2762,91,1666,5,373.4700,2024-01-20,Cancelled,App,0.01
2763,3,1032,1,1904.8000,2024-03-01,Completed,Store,0.03
2764,79,1547,1,1398.4400,2024-02-17,Completed,App,0.26
2765,95,919,5,1817.5200,2024-02-03,Completed,Web,0.22
2766,42,320,4,1990.2900,2024-02-21,Cancelled,Store,0.04
2767,48,1472,1,307.6300,2024-01-02,Completed,Store,0.29
2768,63,1663,4,986.7000,2024-01-30,Cancelled,Web,0.01
2769,53,1624,5,700.2500,2024-01-22,Completed,Store,0.15
2770,27,31,3,501.1100,2024-01-22,Cancelled,Web,0.21
2771,15,1590,5,1159.5700,2024-02-10,Completed,Store,0.08
2772,10,1163,3,1315.5000,2024-01-09,Cancelled,Store,0.07
2773,41,156,4,390.6700,2024-02-24,Cancelled,Store,0.08
2774,1,1600,3,400.2500,2024-02-09,Completed,App,0.29
2775,34,1617,1,1242.8600,2024-02-01,Completed,Store,0.26
2776,69,788,5,536.9600,2024-01-24,Completed,Web,0.04
2777,66,1324,5,683.9100,2024-02-10,Completed,Store,0.02
2778,62,1789,3,763.7000,2024-02-09,Cancelled,Web,0.27
2779,12,1143,4,493.1600,2024-02-14,Cancelled,Store,0.07
2780,46,802,1,1272.9200,2024-02-12,Completed,App,0.15
2781,64,1355,1,1993.0700,2024-01-18,Cancelled,Web,0.18
2782,36,1004,1,1368.9200,2024-02-02,Cancelled,Store,0.29
2783,23,197,1,924.7700,2024-01-24,Completed,Web,0
2784,25,1615,5,1520.4900,2024-01-29,Completed,Store,0.02
2785,9,446,4,1473.0100,2024-01-08,Completed,Web,0.22
2786,18,394,5,1447.4500,2024-02-11,Completed,Web,0.1
2787,43,501,5,1049.2100,2024-01-11,Cancelled,Web,0.12
2788,36,188,2,1833.4200,2024-01-05,Completed,Store,0.2
2789,87,794,2,1855.2900,2024-01-29,Completed,App,0.17
2790,13,757,3,941.2800,2024-02-24,Completed,Web,0.13
2791,83,1028,5,1374.9600,2024-02-20,Completed,App,0.08
2792,2,471,1,514.5300,2024-02-14,Completed,App,0.19
2793,17,1799,4,1298.6900,2024-01-18,Cancelled,Store,0.06
2794,89,729,4,565.8300,2024-02-09,Completed,App,0.16
2795,33,1383,1,862.6600,2024-01-06,Completed,App,0.14
2796,51,857,1,1054.7700,2024-01-13,Cancelled,Store,0.02
2797,30,442,1,1019.3200,2024-01-20,Cancelled,App,0.08
2798,79,1097,2,130.3300,2024-01-03,Cancelled,App,0.1
2799,100,747,5,1184.4000,2024-02-21,Cancelled,Store,0.22
2800,71,125,1,1913.6900,2024-03-01,Cancelled,Web,0.14
2801,9,437,4,263.7600,2024-01-05,Completed,App,0.09
2802,16,785,5,1704.7800,2024-02-26,Completed,App,0.19
2803,99,767,1,427.7500,2024-01-23,Cancelled,App,0
2804,91,1306,5,524.5700,2024-02-22,Completed,Web,0.21
2805,87,662,1,624.9700,2024-01-22,Cancelled,Web,0.13
2806,73,998,5,1343.1400,2024-02-19,Cancelled,App,0.19
2807,53,1368,4,1278.9200,2024-02-15,Cancelled,Web,0.03
2808,79,1590,3,1794.6100,2024-02-03,Completed,Store,0.18
2809,53,99,1,743.2100,2024-02-14,Cancelled,Web,0.06
2810,20,1407,5,1250.1800,2024-01-10,Cancelled,Web,0.01
2811,71,1419,1,448.0100,2024-01-06,Completed,Store,0.26
2812,53,1398,2,1642.8400,2024-02-06,Cancelled,App,0.26
2813,9,825,2,279.5700,2024-01-24,Cancelled,App,0.1
2814,6,136,3,1148.9100,2024-02-05,Cancelled,Web,0.19
2815,95,1079,5,383.7400,2024-01-18,Cancelled,Store,0.05
2816,9,1967,2,1110.3900,2024-02-07,Cancelled,Web,0.01
2817,61,908,3,648.0700,2024-01-23,Cancelled,Store,0.12
2818,20,1298,1,1005.0500,2024-02-24,Completed,App,0.14
2819,14,73,2,916.8300,2024-01-01,Cancelled,Web,0.16
2820,8,1611,4,1967.5100,2024-02-19,Completed,App,0.01
2821,1,1330,4,1550.1700,2024-01-01,Cancelled,Store,0.25
2822,72,1189,2,1302.3800,2024-01-11,Cancelled,Store,0.24
2823,12,1129,5,1602.8900,2024-01-10,Cancelled,App,0.14
2824,26,905,3,1855.0400,2024-01-15,Cancelled,Web,0.08
2825,91,1588,4,1194.9800,2024-01-15,Cancelled,App,0.03
2826,77,1972,2,1146.1400,2024-02-05,Cancelled,App,0.04
2827,99,231,5,1002.6500,2024-02-19,Completed,Store,0.3
2828,54,422,1,1611.2600,2024-02-14,Cancelled,App,0.13
2829,11,1718,3,1328.9400,2024-01-23,Completed,App,0.06
2830,39,679,4,1299.9400,2024-01-03,Cancelled,App,0.01
2831,66,163,4,1247.5700,2024-02-17,Cancelled,Store,0.28
2832,88,1973,2,321.2400,2024-02-24,Cancelled,Web,0.01
2833,49,434,3,1920.2200,2024-01-30,Completed,App,0.08
2834,98,1280,3,451.5300,2024-02-13,Completed,App,0.24
2835,43,1491,5,1216.6400,2024-01-12,Completed,Store,0.17
2836,77,1404,2,1424.0700,2024-01-20,Cancelled,Store,0.11
2837,95,1410,1,1821.2300,2024-02-22,Cancelled,App,0.24
2838,72,416,4,1167.1000,2024-02-09,Cancelled,Store,0.21
2839,5,106,1,131.3600,2024-01-31,Completed,App,0.27
2840,9,1945,3,935.3100,2024-02-27,Completed,App,0.23
2841,25,71,2,615.0200,2024-01-05,Cancelled,App,0.05
2842,85,1779,1,416.6800,2024-02-23,Completed,Web,0.24
2843,13,1603,2,1576.8900,2024-01-04,Cancelled,App,0.3
2844,96,1239,5,527.3400,2024-01-27,Cancelled,Store,0.27
2845,93,1847,2,794.3200,2024-02-02,Cancelled,Web,0.05
2846,37,1891,3,837.7700,2024-01-25,Completed,Store,0.19
2847,75,930,1,1223.3000,2024-01-14,Cancelled,App,0.01
2848,48,384,2,388.5000,2024-01-26,Cancelled,Store,0.21
2849,47,1472,3,210.3900,2024-02-10,Cancelled,Store,0.04
2850,17,1732,3,158.6500,2024-02-15,Cancelled,Web,0.1
2851,92,912,5,261.1500,2024-01-07,Completed,Web,0.1
2852,91,1798,5,693.0000,2024-01-30,Completed,Web,0.15
2853,36,296,4,1825.6100,2024-02-06,Cancelled,App,0.19
2854,59,323,2,563.6800,2024-02-06,Completed,App,0.04
2855,6,237,1,750.3400,2024-01-13,Cancelled,Web,0.19
2856,3,1428,4,1540.7400,2024-01-10,Cancelled,Store,0.07
2857,18,1425,2,384.3500,2024-01-15,Completed,App,0.06
2858,5,627,4,125.9400,2024-01-05,Completed,Web,0.05
2859,14,1137,3,1139.8800,2024-01-12,Completed,Store,0.19
2860,36,894,3,189.9000,2024-01-04,Completed,Store,0.11
2861,91,721,2,832.0600,2024-01-16,Completed,Store,0.2
2862,63,1265,4,1023.6200,2024-01-14,Cancelled,Web,0.25
2863,53,1472,3,863.0500,2024-02-06,Cancelled,Store,0.13
2864,96,391,2,842.2900,2024-02-02,Completed,Web,0.06
2865,78,828,5,188.9600,2024-02-10,Cancelled,Store,0.09
2866,45,1772,2,1720.8900,2024-02-26,Completed,Store,0.19
2867,91,815,4,773.3100,2024-01-26,Cancelled,Web,0.07
2868,85,1168,5,842.7500,2024-02-26,Completed,App,0.01
2869,33,1687,3,487.5700,2024-02-03,Cancelled,Store,0.03
2870,7,1580,2,738.8900,2024-01-14,Completed,Web,0.14
2871,47,578,4,629.0900,2024-01-01,Completed,App,0.15
2872,44,1360,4,1673.5300,2024-01-02,Cancelled,Store,0.04
2873,35,396,1,1695.0700,2024-01-11,Completed,Web,0.03
2874,90,956,5,1645.2200,2024-01-11,Cancelled,Store,0.23
2875,81,136,1,951.3900,2024-02-27,Cancelled,Store,0.05
2876,97,173,5,626.9100,2024-02-20,Completed,Store,0.16
2877,2,878,3,153.6300,2024-02-11,Completed,Store,0.28
2878,75,1812,3,1386.4300,2024-02-25,Completed,App,0.1
2879,75,1099,3,366.3000,2024-02-16,Cancelled,Store,0.14
2880,48,214,1,455.3500,2024-02-08,Cancelled,App,0.23
2881,63,1311,3,1173.1400,2024-01-03,Cancelled,Store,0.22
2882,97,930,1,838.3900,2024-01-20,Completed,App,0.12
2883,74,1668,3,1737.7700,2024-01-20,Completed,Web,0.28
2884,71,1981,5,1967.9800,2024-02-21,Cancelled,App,0.3
2885,95,1254,4,1726.7400,2024-02-05,Completed,App,0.09
2886,68,1556,4,1441.8400,2024-01-07,Cancelled,Store,0.05
2887,94,1016,3,1196.7000,2024-01-25,Cancelled,Store,0.07
2888,68,1121,1,771.5300,2024-01-06,Cancelled,App,0.17
2889,49,1296,2,1484.9600,2024-01-18,Completed,Store,0.14
2890,40,1312,4,893.2700,2024-02-05,Cancelled,Web,0.04
2891,81,517,3,1588.7400,2024-01-05,Completed,Web,0.12
2892,93,471,4,422.9000,2024-02-01,Completed,App,0.25
2893,52,969,1,1773.0400,2024-01-21,Completed,App,0.26
2894,52,989,1,975.7700,2024-01-30,Completed,App,0.27
2895,24,1616,3,499.3900,2024-02-14,Cancelled,App,0.15
2896,92,1146,5,1744.1100,2024-02-03,Completed,Web,0.27
2897,40,206,3,294.6800,2024-02-14,Cancelled,Web,0.26
2898,40,134,1,1913.8300,2024-02-09,Completed,Web,0
2899,26,1813,4,1896.2400,2024-01-07,Completed,Web,0.21
2900,7,282,3,591.6400,2024-02-18,Completed,App,0.16
2901,71,1919,5,614.1400,2024-02-09,Completed,App,0.1
2902,38,354,3,1129.2100,2024-01-20,Cancelled,Web,0.24
2903,97,1990,5,1754.2600,2024-02-24,Completed,App,0.12
2904,45,442,2,233.9700,2024-02-22,Cancelled,App,0.2
2905,54,277,2,325.3600,2024-02-05,Completed,Store,0.23
2906,86,1223,5,712.5600,2024-02-24,Completed,Store,0.09
2907,33,288,4,1850.2700,2024-01-28,Cancelled,App,0.2
2908,97,1958,5,706.0200,2024-01-10,Completed,Store,0.01
2909,21,1616,3,1758.7200,2024-02-14,Cancelled,Web,0.03
2910,48,1703,3,1668.7300,2024-01-01,Completed,Store,0.08
2911,97,1138,2,331.7600,2024-01-09,Completed,App,0.22
2912,83,1048,4,1188.6400,2024-02-07,Completed,App,0.28
2913,59,790,5,1151.7400,2024-01-14,Cancelled,App,0.02
2914,95,267,3,254.5800,2024-01-05,Cancelled,App,0.22
2915,35,1283,4,630.8200,2024-02-09,Cancelled,Web,0.22
2916,49,891,2,1942.1200,2024-02-15,Completed,App,0.02
2917,73,1787,4,1647.4800,2024-02-08,Completed,Web,0.2
2918,56,1323,3,270.6700,2024-02-07,Cancelled,Store,0.15
2919,52,306,2,496.9300,2024-02-06,Completed,Store,0.02
2920,58,1478,3,362.0000,2024-02-27,Completed,Web,0.26
2921,15,919,4,1443.0900,2024-01-25,Cancelled,App,0.3
2922,36,1166,2,954.0500,2024-01-05,Cancelled,Web,0.25
2923,77,743,1,1842.9300,2024-01-06,Completed,Web,0.29
2924,18,833,5,1059.5900,2024-02-18,Cancelled,App,0.01
2925,88,538,2,1778.5600,2024-01-29,Cancelled,App,0.01
2926,59,972,1,1421.7700,2024-02-14,Cancelled,Store,0.17
2927,3,1060,4,264.3100,2024-02-01,Cancelled,Web,0.04
2928,69,1710,2,624.9800,2024-01-31,Cancelled,App,0.2
2929,11,68,3,1420.8200,2024-02-07,Completed,App,0.07
2930,26,973,5,443.7000,2024-01-12,Completed,Web,0.1
2931,58,847,5,1449.1400,2024-01-11,Completed,Store,0.06
2932,63,1187,3,1009.4100,2024-01-09,Completed,Store,0.27
2933,30,1966,2,1932.4400,2024-01-23,Completed,App,0.08
2934,17,589,3,1523.1900,2024-02-09,Completed,App,0.02
2935,1,22,2,1922.2000,2024-03-01,Cancelled,Store,0.12
2936,90,1650,3,1689.8200,2024-02-26,Completed,Store,0.12
2937,50,582,2,140.9300,2024-02-19,Cancelled,App,0.08
2938,99,663,3,1103.6700,2024-02-06,Completed,App,0.18
2939,20,929,3,919.3900,2024-01-29,Completed,Store,0.23
2940,56,142,5,1445.9900,2024-02-24,Cancelled,Store,0.29
2941,65,898,3,1366.4100,2024-01-29,Completed,Web,0.1
2942,11,600,1,507.8500,2024-02-26,Completed,Web,0.21
2943,52,1637,2,469.5500,2024-01-06,Cancelled,Web,0.27
2944,65,636,5,1145.8200,2024-01-20,Completed,App,0.12
2945,40,248,1,167.0400,2024-01-07,Cancelled,Store,0.3
2946,23,1639,4,185.0900,2024-01-14,Completed,Web,0.27
2947,73,50,4,139.0200,2024-02-11,Cancelled,App,0.18
2948,1,42,4,1512.6800,2024-02-10,Completed,App,0.16
2949,36,383,1,593.5200,2024-01-05,Completed,Web,0.21
2950,80,1598,5,1357.5500,2024-01-17,Cancelled,Web,0.16
2951,53,898,5,1050.6700,2024-02-21,Cancelled,Store,0.06
2952,9,636,4,1691.8700,2024-01-15,Completed,App,0.11
2953,49,720,4,521.9200,2024-02-04,Completed,Store,0.08
2954,11,1032,3,1899.3100,2024-02-25,Cancelled,App,0.23
2955,100,1859,5,1525.5000,2024-02-04,Cancelled,Store,0.08
2956,24,1617,1,706.8200,2024-01-08,Completed,App,0.18
2957,6,687,3,1224.8400,2024-01-26,Completed,Store,0.08
2958,61,1999,4,1114.8200,2024-02-07,Cancelled,App,0.28
2959,73,1817,1,1182.4700,2024-01-31,Cancelled,Web,0.06
2960,55,1247,2,1875.7000,2024-02-07,Completed,App,0.2
2961,80,934,4,1491.1100,2024-01-20,Cancelled,Web,0.11
2962,17,1831,4,1986.5100,2024-01-01,Completed,App,0
2963,65,148,4,297.9700,2024-01-24,Completed,Store,0.15
2964,93,219,4,1982.9200,2024-02-05,Completed,App,0.25
2965,17,49,1,743.3900,2024-02-09,Completed,App,0.25
2966,65,119,5,718.8200,2024-03-01,Cancelled,Store,0.3
2967,100,392,1,1407.2000,2024-01-24,Cancelled,App,0.08
2968,24,607,2,1242.1300,2024-01-12,Completed,App,0.04
2969,12,1430,3,1451.2200,2024-01-02,Completed,Store,0.29
2970,10,786,1,651.0800,2024-01-31,Cancelled,App,0.27
2971,58,1837,1,559.2200,2024-02-05,Cancelled,Store,0.25
2972,44,1217,5,1252.2300,2024-01-31,Cancelled,Web,0.28
2973,49,156,5,1514.6700,2024-01-30,Cancelled,Store,0.17
2974,38,291,5,581.6200,2024-02-25,Cancelled,App,0.28
2975,3,758,1,1609.8900,2024-01-04,Completed,App,0.1
2976,59,852,2,1850.5400,2024-02-01,Completed,Store,0.01
2977,53,238,2,1093.3700,2024-02-29,Completed,Web,0.21
2978,44,1544,5,891.8100,2024-02-14,Completed,App,0.2
2979,56,806,3,168.4000,2024-01-04,Completed,Web,0.02
2980,55,906,4,682.0700,2024-02-15,Completed,Web,0.18
2981,28,1660,5,1180.2700,2024-02-06,Completed,Web,0.06
2982,53,1922,4,548.0400,2024-02-08,Completed,Store,0.28
2983,14,693,1,1788.1200,2024-01-18,Completed,App,0
2984,40,1028,1,1249.5100,2024-02-23,Cancelled,Web,0.09
2985,48,1652,2,1731.3500,2024-02-26,Completed,App,0.07
2986,91,318,1,257.5400,2024-02-16,Completed,Web,0.29
2987,70,1662,4,541.2300,2024-02-10,Cancelled,App,0.24
2988,71,1031,1,965.9600,2024-01-04,Completed,Store,0.17
2989,82,1981,2,1254.2100,2024-01-11,Cancelled,App,0.27
2990,73,1181,4,781.2000,2024-02-27,Completed,Web,0.03
2991,65,1561,2,1312.3200,2024-01-24,Cancelled,Store,0.11
2992,53,882,4,470.0300,2024-01-16,Cancelled,Web,0.21
2993,79,934,4,1148.6300,2024-02-06,Completed,Store,0.21
2994,40,1553,1,1104.5900,2024-02-22,Cancelled,Store,0.22
2995,77,321,1,1293.8600,2024-01-07,Cancelled,Store,0.28
2996,18,780,1,448.7100,2024-01-15,Completed,Store,0.13
2997,100,1732,4,671.5700,2024-01-11,Completed,Store,0.18
2998,81,70,3,485.1800,2024-01-01,Completed,Store,0.14
2999,79,1825,4,1737.8300,2024-01-31,Cancelled,App,0.29
3000,1,1679,5,687.6200,2024-02-10,Cancelled,App,0.09
3001,84,194,1,755.3800,2024-01-13,Cancelled,Web,0.05
3002,1,494,4,1170.5400,2024-01-05,Cancelled,App,0.11
3003,6,330,3,331.6200,2024-02-03,Cancelled,Web,0.3
3004,49,964,5,1992.6000,2024-01-17,Cancelled,Web,0.03
3005,68,1511,5,1409.2100,2024-02-21,Completed,App,0.05
3006,25,1988,4,1056.9700,2024-01-28,Completed,Web,0.15
3007,96,48,4,418.7300,2024-02-04,Cancelled,Web,0.27
3008,48,351,2,739.2900,2024-01-28,Completed,Web,0
3009,34,267,1,280.0100,2024-01-16,Cancelled,App,0.01
3010,5,1399,3,664.1400,2024-01-07,Completed,App,0.15
3011,29,1819,3,1323.6300,2024-01-20,Cancelled,Web,0.2
3012,69,1098,2,640.9800,2024-02-22,Cancelled,Web,0.08
3013,13,392,1,2182.1500,2024-02-22,Cancelled,Store,0.28
3014,32,546,3,1594.1000,2024-02-02,Cancelled,Web,0.09
3015,2,1805,2,1609.4600,2024-02-15,Cancelled,Web,0.3
3016,16,385,2,1132.9900,2024-01-07,Completed,Store,0.26
3017,51,1986,2,272.4900,2024-01-31,Completed,App,0.21
3018,19,1555,2,1400.6100,2024-02-23,Cancelled,App,0.05
3019,28,1617,2,1051.4000,2024-01-01,Cancelled,Store,0.19
3020,6,160,4,1022.2800,2024-02-24,Cancelled,App,0.13
3021,84,1428,5,1081.2100,2024-01-21,Completed,Store,0.12
3022,24,1136,5,841.0200,2024-02-23,Completed,Web,0.21
3023,49,438,1,1390.8200,2024-01-14,Completed,Store,0.3
3024,26,1800,2,267.2700,2024-02-23,Completed,Store,0.19
3025,30,1513,2,1855.5900,2024-01-14,Completed,Web,0.21
3026,95,394,4,333.3700,2024-02-21,Completed,Store,0.22
3027,82,103,1,1454.2500,2024-01-11,Cancelled,App,0.12
3028,11,1520,1,168.8200,2024-01-05,Completed,Web,0.19
3029,25,1550,3,1943.5100,2024-01-03,Cancelled,Web,0.05
3030,76,113,4,1050.4100,2024-01-24,Completed,Store,0.09
3031,80,669,3,584.0300,2024-02-28,Completed,Store,0.14
3032,58,1810,5,1954.0300,2024-01-21,Cancelled,Web,0.1
3033,30,245,2,1260.9300,2024-01-22,Cancelled,App,0.02
3034,36,1895,5,1014.6200,2024-02-08,Completed,Store,0.08
3035,97,1910,2,1949.1100,2024-02-14,Completed,Web,0.3
3036,37,499,2,191.3800,2024-01-18,Completed,Web,0.14
3037,21,397,1,257.8200,2024-02-02,Completed,Store,0.29
3038,80,1626,4,795.3700,2024-01-08,Cancelled,App,0.27
3039,48,962,1,1822.6800,2024-01-06,Completed,Web,0.05
3040,46,170,2,974.4000,2024-01-20,Cancelled,Web,0.11
3041,9,1357,5,1221.6600,2024-01-19,Cancelled,Web,0.02
3042,14,1537,3,490.5400,2024-01-07,Completed,App,0.03
3043,99,486,3,1106.7300,2024-02-20,Completed,App,0.14
3044,58,894,3,759.5600,2024-02-16,Cancelled,Web,0.19
3045,7,1131,1,208.8000,2024-01-27,Cancelled,App,0.03
3046,9,99,1,1537.1800,2024-01-30,Completed,Store,0.08
3047,76,1908,4,338.8400,2024-01-05,Completed,Store,0.17
3048,5,973,2,1070.2500,2024-02-24,Cancelled,Store,0.28
3049,100,109,5,632.0200,2024-03-01,Completed,Web,0.16
3050,74,1600,3,976.7800,2024-02-21,Completed,App,0.13
3051,27,176,3,935.2700,2024-01-28,Cancelled,Web,0.05
3052,97,650,2,1276.8000,2024-01-03,Cancelled,Web,0.05
3053,4,584,3,534.6800,2024-02-22,Cancelled,App,0.12
3054,70,1930,1,522.5700,2024-02-29,Completed,Store,0.17
3055,30,799,3,524.4100,2024-01-05,Cancelled,Store,0.04
3056,15,179,5,1857.1500,2024-02-17,Completed,Web,0.1
3057,74,1980,4,1748.1300,2024-02-24,Cancelled,App,0.19
3058,35,209,5,1659.6700,2024-01-26,Cancelled,App,0.14
3059,47,275,3,1595.6300,2024-02-29,Completed,Web,0.24
3060,97,1717,3,1627.2900,2024-02-25,Cancelled,Store,0.29
3061,78,42,3,1297.1200,2024-01-28,Cancelled,App,0.08
3062,44,534,1,1952.9600,2024-01-31,Completed,Store,0.11
3063,68,1534,4,1360.6400,2024-01-11,Completed,App,0.15
3064,87,63,2,1095.1700,2024-01-12,Cancelled,Store,0.26
3065,45,890,5,1545.3700,2024-02-29,Cancelled,Web,0.02
3066,41,1121,5,193.2500,2024-01-17,Cancelled,Web,0.02
3067,53,1311,2,851.5100,2024-02-02,Completed,Web,0.17
3068,10,233,2,1877.4900,2024-02-03,Cancelled,Web,0.27
3069,6,308,1,251.5900,2024-02-06,Completed,Store,0.28
3070,78,563,5,428.3900,2024-02-28,Cancelled,Web,0.28
3071,30,781,5,566.6600,2024-02-18,Completed,Store,0.15
3072,89,1423,4,504.8200,2024-02-09,Completed,Store,0.04
3073,40,1507,4,997.5700,2024-02-16,Completed,Web,0.13
3074,69,1017,5,1779.6000,2024-02-28,Cancelled,Store,0.18
3075,61,782,3,1869.5700,2024-01-03,Completed,Store,0.06
3076,59,1393,5,1413.7200,2024-02-16,Cancelled,Store,0.25
3077,95,1180,3,1481.4700,2024-03-01,Cancelled,Store,0.21
3078,84,1804,5,1454.0800,2024-02-19,Cancelled,Store,0.06
3079,71,1457,2,174.1800,2024-01-05,Cancelled,Web,0.28
3080,38,1257,4,814.2100,2024-01-26,Cancelled,Web,0.21
3081,46,1044,3,813.4300,2024-02-19,Cancelled,Web,0.11
3082,81,1832,2,1739.8500,2024-01-04,Cancelled,Web,0.25
3083,14,17,1,1934.0000,2024-01-09,Completed,App,0.07
3084,84,918,1,144.9100,2024-02-18,Completed,App,0.07
3085,59,1901,2,1681.7800,2024-02-15,Completed,Web,0.22
3086,22,1650,2,1161.1000,2024-02-10,Cancelled,App,0.05
3087,51,1629,2,1251.3300,2024-01-12,Completed,Web,0.24
3088,65,513,1,1414.8300,2024-02-23,Cancelled,Store,0.3
3089,28,1398,2,1972.6700,2024-01-12,Cancelled,Web,0.23
3090,62,1465,1,708.3800,2024-01-09,Cancelled,App,0.05
3091,37,510,5,827.6200,2024-01-06,Cancelled,App,0.25
3092,50,1203,2,1905.8800,2024-02-18,Completed,Web,0.21
3093,70,1158,5,224.5300,2024-01-15,Completed,Web,0.27
3094,33,1033,2,955.9200,2024-02-26,Cancelled,App,0.14
3095,88,967,2,1165.2800,2024-02-15,Cancelled,Web,0.1
3096,89,1403,5,282.2200,2024-02-03,Cancelled,Web,0.05
3097,61,568,3,814.0600,2024-02-16,Cancelled,Web,0.1
3098,56,1178,4,1048.8800,2024-01-18,Completed,Web,0.1
3099,2,1468,4,637.6100,2024-01-16,Completed,Store,0.13
3100,51,552,1,1248.2700,2024-01-12,Cancelled,Web,0.26
3101,51,1129,1,1796.9000,2024-02-22,Completed,App,0.02
3102,49,1934,4,1989.8000,2024-01-12,Cancelled,App,0.07
3103,74,1451,2,1738.1900,2024-01-20,Cancelled,Store,0.06
3104,93,830,1,1926.2800,2024-01-09,Completed,App,0.11
3105,99,1360,3,528.4300,2024-01-12,Completed,App,0.25
3106,46,998,5,1744.2500,2024-01-01,Completed,Store,0.24
3107,79,122,4,1795.7500,2024-02-27,Cancelled,App,0
3108,63,1434,3,536.9200,2024-02-27,Completed,Store,0.19
3109,72,137,2,555.9300,2024-01-18,Cancelled,Store,0.05
3110,21,1140,1,766.7800,2024-01-26,Completed,Store,0.16
3111,31,364,3,763.5300,2024-01-04,Completed,Store,0.05
3112,15,980,4,1204.6700,2024-01-23,Cancelled,Store,0.26
3113,19,1907,5,1527.8900,2024-02-22,Completed,Store,0.24
3114,70,1180,1,1650.5000,2024-02-08,Completed,App,0.24
3115,77,610,2,252.6600,2024-01-31,Cancelled,Web,0.08
3116,97,153,3,1677.4600,2024-02-27,Completed,Web,0.05
3117,72,156,2,1482.9300,2024-02-06,Completed,Store,0.21
3118,78,934,2,1771.9900,2024-01-14,Completed,Store,0.25
3119,40,1996,3,1655.1400,2024-01-27,Completed,Store,0.02
3120,7,255,2,1458.2000,2024-02-19,Cancelled,Store,0.03
3121,85,816,5,850.5300,2024-01-30,Cancelled,Web,0.14
3122,88,16,3,1189.9100,2024-01-18,Cancelled,Web,0.09
3123,68,618,4,984.5600,2024-02-26,Completed,App,0.08
3124,43,1901,3,1948.9000,2024-01-08,Cancelled,Store,0.25
3125,39,1021,5,1691.9800,2024-02-23,Completed,Store,0.02
3126,31,912,1,1261.1500,2024-01-01,Completed,App,0.04
3127,82,882,5,1317.7300,2024-02-21,Completed,App,0.22
3128,18,1510,2,1085.4700,2024-03-01,Cancelled,Store,0.01
3129,85,1082,5,1341.1700,2024-02-01,Cancelled,Store,0.12
3130,30,1179,2,439.3100,2024-01-01,Cancelled,Web,0.08
3131,22,1649,5,1294.6600,2024-01-15,Cancelled,App,0.23
3132,25,224,5,1811.9900,2024-01-05,Cancelled,Web,0.23
3133,2,219,4,2027.6800,2024-01-09,Cancelled,Store,0.02
3134,33,1889,2,1637.9700,2024-01-28,Completed,Web,0.16
3135,48,991,4,1554.0700,2024-02-12,Completed,Web,0.17
3136,24,63,3,1235.0500,2024-02-08,Completed,Web,0.21
3137,57,1226,2,1407.0500,2024-01-31,Completed,Store,0.27
3138,99,714,2,643.3200,2024-01-30,Cancelled,Web,0.29
3139,80,437,2,775.9500,2024-02-24,Cancelled,Web,0.23
3140,97,341,4,916.9200,2024-02-07,Completed,Web,0.2
3141,3,1331,5,1395.5600,2024-01-01,Completed,Web,0.21
3142,39,988,2,1511.7400,2024-02-29,Completed,App,0.21
3143,10,1258,3,1216.0800,2024-01-11,Cancelled,Store,0.27
3144,29,1253,4,234.5200,2024-02-11,Cancelled,Web,0.04
3145,98,1239,4,954.1200,2024-01-25,Completed,Web,0.12
3146,23,1567,1,424.6100,2024-01-01,Cancelled,App,0.01
3147,81,1677,4,623.2000,2024-01-11,Cancelled,Web,0.11
3148,14,1747,4,284.9600,2024-02-22,Completed,Web,0.21
3149,39,1131,3,1998.1600,2024-01-22,Cancelled,Store,0.15
3150,68,843,2,1925.7800,2024-01-01,Completed,App,0.12
3151,81,1025,3,1752.2100,2024-01-17,Completed,App,0.1
3152,1,1779,2,517.2300,2024-02-19,Cancelled,App,0.18
3153,21,866,2,1726.2700,2024-01-12,Cancelled,Web,0.05
3154,91,1814,2,1362.1100,2024-01-19,Cancelled,App,0.28
3155,71,106,3,1264.6500,2024-02-02,Cancelled,Store,0.16
3156,54,1337,2,1091.1100,2024-02-10,Completed,Store,0.13
3157,85,1240,4,1016.4500,2024-02-12,Completed,App,0.02
3158,98,1865,5,1324.1200,2024-01-15,Cancelled,App,0.19
3159,4,251,3,353.0900,2024-01-09,Completed,Store,0.29
3160,57,1111,4,1004.5400,2024-02-13,Completed,Store,0
3161,90,856,4,314.8200,2024-02-29,Cancelled,App,0.28
3162,76,1482,2,209.4200,2024-02-25,Cancelled,Web,0.18
3163,53,1369,3,728.3700,2024-01-25,Cancelled,Store,0.13
3164,95,649,3,125.0400,2024-02-02,Completed,App,0.16
3165,95,273,5,612.7500,2024-01-23,Completed,App,0.24
3166,98,345,4,269.7100,2024-01-05,Completed,App,0.3
3167,79,244,4,1607.1200,2024-01-05,Completed,App,0.27
3168,38,1016,2,1526.0400,2024-01-12,Completed,Web,0.19
3169,15,1198,5,1102.4100,2024-02-23,Completed,Store,0.25
3170,59,1064,5,1901.3500,2024-01-05,Cancelled,Web,0.07
3171,55,129,5,1557.7000,2024-01-14,Cancelled,App,0.17
3172,70,286,4,679.3700,2024-02-08,Completed,Store,0.23
3173,2,161,3,721.4800,2024-01-01,Completed,Store,0.24
3174,7,1517,2,1206.5600,2024-02-14,Completed,App,0.2
3175,75,1091,5,296.2400,2024-02-03,Completed,Store,0.26
3176,65,1603,5,279.7200,2024-02-24,Cancelled,App,0.22
3177,74,1569,4,732.8400,2024-01-16,Cancelled,Store,0.05
3178,46,1331,5,501.4200,2024-02-28,Completed,Store,0.04
3179,72,649,3,1373.2400,2024-02-07,Completed,Web,0.29
3180,25,1559,4,1621.1900,2024-02-19,Completed,Store,0.05
3181,6,185,4,1291.6600,2024-01-03,Completed,Store,0.17
3182,60,1145,3,1109.9000,2024-02-28,Completed,Store,0.19
3183,76,1887,4,864.0200,2024-02-12,Cancelled,App,0.21
3184,3,86,2,1810.6500,2024-02-19,Completed,App,0.06
3185,19,1732,4,2066.7800,2024-01-26,Cancelled,App,0.24
3186,21,1089,4,1373.7100,2024-01-15,Cancelled,App,0
3187,15,281,2,119.8000,2024-01-02,Completed,App,0.04
3188,30,1848,3,581.2300,2024-01-26,Cancelled,App,0.03
3189,75,893,5,958.3600,2024-01-08,Completed,App,0.14
3190,41,1093,5,575.5800,2024-02-26,Completed,App,0.06
3191,79,150,5,1347.9300,2024-01-29,Completed,App,0.17
3192,81,1322,4,1800.5300,2024-02-18,Cancelled,Web,0.29
3193,59,1542,1,1758.7200,2024-02-02,Completed,Web,0.19
3194,99,893,3,142.4700,2024-01-14,Cancelled,Web,0.08
3195,38,381,2,793.6300,2024-01-16,Cancelled,Web,0.29
3196,63,402,3,735.0000,2024-02-03,Completed,App,0.28
3197,4,1730,2,2151.5100,2024-02-02,Cancelled,Store,0.26
3198,11,1381,2,1039.4700,2024-01-04,Cancelled,App,0.21
3199,23,1544,5,1484.6800,2024-02-25,Completed,Web,0.19
3200,30,829,5,406.3000,2024-02-21,Completed,Store,0.21
3201,23,631,5,729.1700,2024-02-14,Completed,Store,0.01
3202,34,1465,4,1605.3100,2024-01-02,Cancelled,App,0.09
3203,57,1657,3,1975.2200,2024-02-06,Cancelled,Store,0.18
3204,66,1840,5,1860.7400,2024-01-01,Completed,Store,0.02
3205,76,1647,4,573.6300,2024-02-13,Completed,Web,0.03
3206,28,901,3,884.1400,2024-02-15,Cancelled,Web,0.12
3207,76,786,2,774.3200,2024-02-15,Completed,App,0.08
3208,81,1919,2,1896.3400,2024-02-01,Completed,Web,0.27
3209,89,1540,2,652.1700,2024-01-12,Completed,Store,0.29
3210,88,1151,4,1846.6800,2024-01-08,Cancelled,Store,0.29
3211,48,1377,4,1133.1200,2024-02-14,Cancelled,Store,0.28
3212,70,228,3,1473.6100,2024-01-08,Completed,App,0.19
3213,28,1208,2,834.4900,2024-02-11,Cancelled,Store,0.28
3214,4,1737,2,909.2100,2024-02-08,Cancelled,Store,0.25
3215,7,1369,1,1032.8000,2024-01-20,Completed,Web,0.12
3216,24,1802,3,1661.0800,2024-01-27,Completed,Store,0.09
3217,15,38,5,345.9400,2024-01-02,Cancelled,App,0.03
3218,24,1164,2,865.8100,2024-02-19,Completed,Web,0.01
3219,73,1746,4,1950.3300,2024-02-04,Cancelled,App,0.11
3220,93,1541,4,500.3400,2024-02-22,Completed,Store,0.03
3221,97,713,5,1464.9700,2024-02-11,Cancelled,Web,0.24
3222,84,310,2,1080.1400,2024-01-12,Cancelled,Web,0.13
3223,29,1464,5,1402.9000,2024-02-28,Completed,Store,0.15
3224,1,245,4,212.7400,2024-01-03,Cancelled,Store,0.11
3225,95,966,3,1287.1200,2024-02-25,Completed,Store,0.17
3226,98,1849,5,463.5300,2024-02-08,Cancelled,Web,0.05
3227,51,1339,2,1453.9700,2024-01-02,Completed,Web,0.03
3228,90,777,5,1893.6400,2024-02-15,Completed,Web,0.28
3229,6,1033,2,1056.9000,2024-02-23,Completed,Store,0.06
3230,5,1854,2,304.7200,2024-01-14,Cancelled,App,0.13
3231,34,1226,1,1565.1600,2024-01-30,Completed,Store,0.28
3232,43,454,4,1102.5500,2024-02-20,Completed,App,0.13
3233,49,609,4,1778.8700,2024-02-04,Completed,Store,0.03
3234,9,1867,2,956.5800,2024-01-28,Completed,Web,0.05
3235,23,770,3,1668.8500,2024-01-01,Cancelled,Web,0.09
3236,1,287,1,852.7500,2024-02-12,Completed,Store,0.24
3237,51,154,3,874.5900,2024-02-29,Completed,Web,0.12
3238,66,638,2,441.2400,2024-01-31,Cancelled,Web,0.12
3239,25,1242,2,297.5400,2024-01-29,Completed,App,0.08
3240,58,1073,4,386.7600,2024-02-09,Completed,App,0.17
3241,33,1603,3,1221.1900,2024-02-21,Cancelled,Web,0.14
3242,20,52,5,1551.3900,2024-01-06,Cancelled,Web,0.17
3243,50,966,4,1434.9300,2024-01-01,Cancelled,App,0.1
3244,79,1056,3,1901.7600,2024-02-07,Completed,Web,0.26
3245,69,1280,5,555.6100,2024-02-24,Cancelled,Web,0.27
3246,4,786,1,800.5100,2024-01-02,Cancelled,Web,0.18
3247,85,614,3,1883.9500,2024-01-28,Cancelled,Store,0.05
3248,85,392,3,1194.7900,2024-02-13,Cancelled,Web,0.18
3249,60,97,3,1917.6400,2024-02-08,Cancelled,Store,0.11
3250,38,791,3,309.9800,2024-01-11,Cancelled,Store,0.11
3251,28,85,4,432.0300,2024-02-19,Completed,Web,0.09
3252,54,477,1,628.2800,2024-01-25,Completed,App,0.08
3253,58,1608,5,450.8300,2024-01-06,Completed,Store,0.02
3254,56,108,4,529.7900,2024-02-14,Completed,Web,0.01
3255,100,1007,5,462.1100,2024-01-24,Cancelled,Web,0.19
3256,37,1044,4,1052.4500,2024-02-05,Completed,App,0.2
3257,76,1492,3,1347.0500,2024-02-02,Completed,App,0.13
3258,5,1708,2,1457.9400,2024-01-02,Cancelled,App,0.24
3259,92,1812,4,1022.2700,2024-02-08,Completed,Store,0.25
3260,45,339,1,1405.9600,2024-01-01,Completed,Store,0.05
3261,36,1707,4,1905.0600,2024-01-27,Cancelled,Web,0.06
3262,19,1249,1,921.9800,2024-01-22,Completed,Store,0.2
3263,53,1863,3,1784.9700,2024-01-14,Cancelled,Web,0.2
3264,95,1499,4,1792.4400,2024-02-13,Completed,App,0.15
3265,82,1435,4,926.8500,2024-02-26,Completed,Store,0.11
3266,10,99,4,978.0300,2024-01-15,Cancelled,App,0.16
3267,5,1979,2,854.2300,2024-02-17,Completed,Web,0.26
3268,36,1490,2,1164.0300,2024-01-05,Completed,App,0.19
3269,61,1472,5,277.9900,2024-01-03,Cancelled,App,0.13
3270,58,220,5,1590.4100,2024-01-15,Completed,App,0.22
3271,94,1203,2,391.0500,2024-02-15,Cancelled,Store,0
3272,7,628,5,1469.6300,2024-03-01,Completed,App,0.02
3273,33,1936,5,354.6800,2024-02-28,Completed,App,0.11
3274,78,1973,2,1449.6500,2024-02-07,Cancelled,Web,0.11
3275,97,1197,2,1731.8500,2024-02-01,Cancelled,Store,0.06
3276,97,1003,3,1628.1700,2024-01-03,Completed,Web,0.25
3277,70,992,3,1325.3700,2024-02-12,Completed,App,0.22
3278,98,517,1,469.5400,2024-02-14,Cancelled,Web,0.08
3279,37,1983,5,1716.3800,2024-01-30,Completed,Web,0.05
3280,78,893,1,978.9700,2024-01-30,Cancelled,App,0.1
3281,82,1711,1,615.8900,2024-02-08,Cancelled,Store,0.1
3282,79,1513,3,1174.1500,2024-01-12,Completed,Store,0
3283,24,1166,5,509.8400,2024-02-18,Cancelled,Store,0.24
3284,23,1179,3,391.7800,2024-01-21,Completed,Web,0.14
3285,97,1130,4,1813.7900,2024-02-29,Completed,App,0.18
3286,88,423,1,378.9000,2024-01-01,Completed,App,0.11
3287,80,675,1,817.4900,2024-02-01,Cancelled,Web,0.02
3288,27,1516,4,1383.0500,2024-01-27,Completed,App,0.28
3289,26,1451,4,1750.9600,2024-02-07,Cancelled,App,0.14
3290,46,779,2,841.3600,2024-02-10,Cancelled,App,0.28
3291,49,1890,5,1513.7200,2024-01-13,Cancelled,App,0.26
3292,6,66,1,784.2500,2024-01-15,Completed,Store,0.23
3293,85,49,2,1972.2400,2024-02-16,Cancelled,App,0.22
3294,32,1500,4,1545.4200,2024-01-10,Completed,Store,0.2
3295,27,1664,5,1870.8100,2024-03-01,Completed,App,0.01
3296,8,632,4,986.8600,2024-01-19,Completed,Web,0.28
3297,17,545,4,1877.0900,2024-01-20,Cancelled,Web,0.2
3298,46,1892,3,883.1600,2024-02-28,Cancelled,Store,0.17
3299,87,1891,1,236.8600,2024-02-27,Cancelled,Store,0.08
3300,6,1366,1,441.0600,2024-02-01,Completed,App,0.12
3301,64,727,4,1559.3100,2024-01-29,Cancelled,App,0.28
3302,17,88,1,1629.0800,2024-02-06,Completed,App,0.19
3303,40,17,5,1039.4500,2024-02-11,Cancelled,Web,0.03
3304,31,952,5,960.2500,2024-02-24,Cancelled,Store,0.05
3305,45,1308,4,895.0700,2024-02-07,Completed,Web,0.16
3306,48,485,3,1285.5800,2024-01-16,Cancelled,Store,0.14
3307,82,301,5,1873.3900,2024-02-12,Cancelled,App,0.2
3308,12,828,3,421.3300,2024-01-15,Cancelled,Web,0.23
3309,64,1209,3,761.6500,2024-01-31,Cancelled,Web,0.03
3310,52,284,3,501.9600,2024-01-25,Cancelled,Store,0.13
3311,54,1435,1,911.1900,2024-02-23,Cancelled,Web,0.29
3312,35,108,1,1014.8400,2024-01-22,Cancelled,Web,0.28
3313,61,1871,2,1510.9400,2024-01-30,Cancelled,Web,0.09
3314,78,1627,3,1462.5600,2024-02-09,Cancelled,Store,0.03
3315,50,535,3,934.6600,2024-02-04,Completed,Web,0.27
3316,41,1456,4,451.3800,2024-01-31,Cancelled,Store,0.07
3317,27,105,3,1440.2800,2024-01-31,Completed,Store,0.03
3318,44,1548,2,1935.8400,2024-03-01,Completed,Store,0.07
3319,2,790,2,1734.6400,2024-01-28,Cancelled,Store,0.18
3320,6,1366,3,1261.7400,2024-01-28,Cancelled,Web,0.17
3321,62,718,1,1236.8900,2024-02-15,Cancelled,Web,0.13
3322,74,1286,2,1306.9300,2024-02-07,Cancelled,Web,0.08
3323,55,1240,4,154.8000,2024-02-06,Completed,Web,0.24
3324,78,1021,3,1309.7700,2024-01-26,Cancelled,Web,0.25
3325,67,387,1,1681.2500,2024-02-22,Completed,Web,0.07
3326,22,45,3,1116.2500,2024-02-04,Cancelled,App,0.05
3327,47,1296,1,1866.1000,2024-01-27,Completed,App,0.22
3328,94,1911,2,1299.9500,2024-02-19,Completed,Store,0.29
3329,15,396,5,1427.4600,2024-01-30,Cancelled,Store,0.05
3330,12,1531,1,865.7800,2024-02-08,Cancelled,App,0.05
3331,61,515,4,953.2900,2024-01-19,Completed,Store,0.05
3332,27,1487,1,223.5000,2024-02-15,Completed,App,0.21
3333,63,1729,5,1129.4200,2024-02-18,Completed,Store,0.23
3334,38,272,1,618.7000,2024-02-21,Cancelled,Web,0.17
3335,41,1343,1,1766.3400,2024-01-28,Cancelled,Store,0.18
3336,57,958,5,1702.6600,2024-01-05,Cancelled,Web,0.23
3337,80,493,2,372.2200,2024-01-20,Completed,App,0.14
3338,90,1371,4,338.6300,2024-02-24,Completed,App,0.15
3339,75,788,2,973.2100,2024-01-19,Cancelled,Store,0.25
3340,3,111,4,1124.9100,2024-01-27,Cancelled,Store,0.27
3341,8,287,1,167.2100,2024-02-23,Completed,App,0.29
3342,69,1474,4,952.9100,2024-02-08,Cancelled,Store,0.29
3343,27,248,4,1053.2200,2024-01-18,Completed,App,0.14
3344,92,1558,4,1332.6200,2024-01-15,Completed,Web,0.02
3345,8,810,4,1790.7700,2024-02-12,Completed,App,0.21
3346,71,930,5,174.6100,2024-02-22,Cancelled,Store,0.26
3347,76,1027,2,406.9100,2024-01-11,Cancelled,Store,0.27
3348,33,499,2,1222.8700,2024-01-11,Completed,Store,0.21
3349,26,1033,5,658.8300,2024-02-20,Cancelled,Store,0.24
3350,83,1891,1,1541.9800,2024-03-01,Cancelled,Web,0.2
3351,84,1349,3,1077.7800,2024-01-16,Completed,App,0.26
3352,47,375,3,1412.8000,2024-01-15,Completed,App,0.11
3353,58,1304,4,517.4100,2024-02-27,Cancelled,Web,0.08
3354,48,1651,2,1194.8400,2024-01-15,Completed,App,0.27
3355,13,331,1,1996.6200,2024-02-16,Cancelled,Store,0.04
3356,88,59,5,777.5400,2024-02-02,Completed,App,0.21
3357,61,783,1,1124.4400,2024-01-08,Completed,App,0.23
3358,25,420,1,208.5600,2024-01-10,Cancelled,App,0.13
3359,9,737,4,205.1300,2024-01-26,Completed,Store,0.09
3360,91,496,2,1918.2600,2024-01-02,Cancelled,Web,0
3361,70,1834,4,723.3900,2024-01-12,Completed,App,0.24
3362,66,255,5,262.9200,2024-02-07,Cancelled,App,0.24
3363,49,1024,5,791.7700,2024-02-21,Cancelled,Web,0.3
3364,97,1156,1,827.7000,2024-02-07,Cancelled,Store,0.12
3365,9,665,2,1269.9200,2024-01-16,Completed,Store,0.08
3366,81,313,2,807.0800,2024-01-09,Completed,Store,0.19
3367,57,1485,2,1575.2300,2024-02-17,Cancelled,Web,0.22
3368,66,1341,4,1302.0000,2024-01-12,Cancelled,Store,0.02
3369,70,747,3,543.6400,2024-01-08,Completed,Web,0.07
3370,32,514,2,1222.8200,2024-01-24,Completed,Web,0.3
3371,15,1706,2,1473.0100,2024-01-04,Cancelled,App,0.26
3372,80,1278,2,1347.5300,2024-02-15,Cancelled,Web,0.09
3373,2,1510,4,1025.6900,2024-02-04,Completed,Web,0.25
3374,1,1238,4,1289.6500,2024-02-23,Cancelled,Web,0.1
3375,78,1021,5,1423.4000,2024-01-11,Cancelled,Web,0
3376,22,969,1,338.9500,2024-01-17,Cancelled,Store,0
3377,32,1691,4,1267.3000,2024-01-30,Cancelled,App,0.23
3378,88,1146,2,1658.6800,2024-01-23,Completed,Web,0.14
3379,65,374,1,256.8500,2024-01-25,Cancelled,Store,0.15
3380,85,1327,4,1719.2300,2024-01-31,Completed,Store,0.1
3381,86,1496,5,788.8000,2024-01-16,Cancelled,App,0.26
3382,97,1285,2,1925.1900,2024-01-24,Cancelled,Store,0.29
3383,26,1149,1,1602.2300,2024-02-28,Completed,Web,0.07
3384,59,653,1,1826.4100,2024-01-05,Completed,App,0.07
3385,27,296,5,123.8300,2024-02-16,Cancelled,App,0.1
3386,59,776,3,1246.4400,2024-01-29,Completed,Store,0.03
3387,77,1676,3,1342.7700,2024-01-15,Completed,Store,0.1
3388,96,676,1,1906.0200,2024-01-28,Completed,Web,0.23
3389,35,1917,3,796.1100,2024-01-19,Cancelled,App,0.1
3390,35,1477,5,916.4900,2024-02-06,Cancelled,Store,0
3391,35,1281,4,426.9900,2024-02-02,Completed,App,0.04
3392,56,1705,5,1230.9000,2024-02-12,Cancelled,Store,0.06
3393,60,1728,3,803.8200,2024-01-15,Cancelled,Web,0.08
3394,59,374,3,592.6800,2024-01-06,Completed,App,0.17
3395,20,632,5,1094.3400,2024-01-19,Cancelled,App,0.19
3396,17,1878,4,1771.3200,2024-02-19,Cancelled,Web,0.01
3397,15,347,5,1275.7700,2024-02-25,Completed,Web,0.02
3398,2,1732,4,1105.3900,2024-02-06,Completed,Store,0.2
3399,2,1799,3,525.5900,2024-01-12,Cancelled,Store,0.25
3400,59,893,2,1852.3100,2024-03-01,Cancelled,App,0.16
3401,86,1703,3,312.6800,2024-01-25,Cancelled,Store,0.06
3402,95,1608,4,805.3200,2024-02-13,Completed,App,0.17
3403,52,415,3,483.2500,2024-01-22,Completed,App,0.15
3404,54,1939,1,1562.5500,2024-02-18,Completed,App,0.19
3405,76,132,3,274.5600,2024-01-04,Cancelled,Store,0.24
3406,99,224,5,1309.0300,2024-01-29,Cancelled,Store,0.01
3407,82,692,3,1552.8800,2024-01-31,Completed,Web,0.21
3408,1,1698,5,1734.0500,2024-02-15,Completed,Web,0.08
3409,1,217,4,1410.3100,2024-02-11,Completed,Web,0.16
3410,55,427,1,840.5400,2024-02-15,Cancelled,Web,0.04
3411,64,1575,5,822.3300,2024-01-20,Completed,Web,0.17
3412,22,339,3,1542.3900,2024-02-26,Cancelled,Store,0.19
3413,48,25,2,1206.7700,2024-01-17,Completed,App,0.29
3414,51,1402,3,609.3600,2024-02-25,Cancelled,Web,0.28
3415,79,364,5,419.9700,2024-02-16,Completed,Store,0.13
3416,59,544,3,1088.8200,2024-02-17,Completed,Store,0.22
3417,72,1901,4,171.9400,2024-02-29,Cancelled,App,0.15
3418,85,502,4,207.8900,2024-01-23,Cancelled,Web,0.05
3419,88,1237,5,1009.2100,2024-01-05,Completed,App,0.22
3420,6,1472,5,1318.3500,2024-01-26,Completed,Store,0.2
3421,58,387,4,1763.2800,2024-01-12,Completed,Store,0
3422,87,1924,2,1085.4800,2024-01-03,Cancelled,Store,0.04
3423,74,691,4,1734.6900,2024-02-11,Completed,App,0.03
3424,56,1493,5,380.5100,2024-01-28,Completed,App,0.23
3425,82,945,4,780.7400,2024-01-28,Completed,Store,0.07
3426,87,585,4,2146.4800,2024-01-27,Completed,App,0.18
3427,100,1292,2,1940.8600,2024-02-03,Completed,Web,0.15
3428,70,962,4,172.1600,2024-01-25,Cancelled,Web,0.07
3429,85,149,2,608.5200,2024-03-01,Cancelled,App,0.14
3430,50,471,5,1369.1400,2024-02-19,Cancelled,Web,0.21
3431,82,1542,4,1670.3700,2024-01-27,Completed,App,0.02
3432,9,565,5,1459.0800,2024-01-29,Completed,Web,0.06
3433,9,280,1,609.8900,2024-01-22,Cancelled,Web,0.27
3434,82,868,2,1982.8800,2024-01-16,Completed,Store,0.14
3435,91,449,5,1275.9100,2024-02-17,Cancelled,App,0.01
3436,23,375,4,1573.6500,2024-01-20,Completed,Web,0.23
3437,77,710,3,1403.7400,2024-02-22,Completed,App,0.21
3438,59,1642,5,321.2200,2024-01-26,Cancelled,Web,0.18
3439,32,691,3,1052.7400,2024-01-09,Cancelled,App,0.03
3440,34,1318,2,766.4700,2024-02-26,Completed,Web,0.22
3441,21,1556,1,1858.2900,2024-01-02,Completed,Web,0.19
3442,59,1982,5,213.6800,2024-02-06,Cancelled,App,0.24
3443,4,245,5,1131.0700,2024-01-25,Cancelled,Web,0.01
3444,8,1924,2,596.8100,2024-01-06,Cancelled,Store,0.3
3445,93,534,4,512.0700,2024-02-02,Completed,Store,0.12
3446,75,888,2,150.6900,2024-02-05,Cancelled,Store,0.08
3447,6,1192,3,758.1500,2024-01-11,Cancelled,Web,0.08
3448,53,687,2,151.3400,2024-02-16,Cancelled,Web,0.14
3449,76,1681,3,1980.4000,2024-02-29,Cancelled,Store,0.28
3450,99,1727,2,991.3100,2024-01-16,Completed,Store,0.11
3451,78,735,1,471.6700,2024-01-13,Cancelled,Web,0.22
3452,50,1249,3,1140.8600,2024-01-24,Cancelled,Web,0.26
3453,10,299,4,1339.9900,2024-01-18,Cancelled,Web,0.01
3454,39,1619,4,1809.5400,2024-02-01,Completed,Web,0.08
3455,2,1393,5,1418.3000,2024-01-02,Cancelled,App,0.11
3456,6,717,1,1731.7600,2024-02-19,Completed,App,0.25
3457,21,890,2,1711.1800,2024-02-16,Cancelled,Store,0.17
3458,93,1288,1,1853.5000,2024-01-16,Completed,Web,0.05
3459,38,605,5,1775.3400,2024-01-27,Cancelled,App,0.1
3460,31,1160,5,769.8000,2024-02-18,Cancelled,Web,0.2
3461,48,748,2,939.3200,2024-01-27,Cancelled,Store,0.14
3462,33,1594,4,760.4100,2024-01-26,Completed,App,0.27
3463,26,1421,1,1239.5800,2024-01-01,Cancelled,App,0.07
3464,99,512,2,1971.6700,2024-01-27,Cancelled,App,0.3
3465,16,849,4,915.8300,2024-02-24,Cancelled,App,0.26
3466,79,203,5,1123.2000,2024-01-28,Completed,Web,0.07
3467,36,1079,3,1436.3100,2024-01-19,Completed,App,0.22
3468,93,523,3,753.3500,2024-02-22,Cancelled,Store,0.2
3469,90,1902,2,721.2500,2024-01-28,Cancelled,App,0.04
3470,70,1746,2,1468.1900,2024-01-31,Completed,Web,0.22
3471,83,670,4,1140.0300,2024-02-15,Completed,Web,0.17
3472,55,206,2,296.8500,2024-02-11,Completed,Web,0.02
3473,14,579,4,1702.6900,2024-02-11,Completed,Store,0.08
3474,45,1853,3,1299.3500,2024-01-05,Cancelled,App,0.22
3475,64,938,1,516.7000,2024-01-19,Cancelled,Web,0
3476,39,1005,4,1228.6100,2024-02-09,Completed,App,0.19
3477,23,333,5,573.8000,2024-01-22,Completed,App,0.03
3478,75,1861,2,633.5300,2024-01-22,Cancelled,Web,0.07
3479,75,711,3,1380.9300,2024-01-07,Completed,App,0.07
3480,100,879,4,658.1800,2024-02-23,Completed,Web,0.05
3481,25,1203,1,1948.0100,2024-01-11,Completed,Web,0.04
3482,84,1729,5,2057.8900,2024-01-10,Cancelled,App,0.26
3483,4,1918,2,1065.9600,2024-02-11,Completed,Web,0.25
3484,79,497,5,1149.2000,2024-01-09,Completed,Store,0.04
3485,34,1752,2,298.8100,2024-02-08,Completed,Store,0.08
3486,25,1416,4,1317.0800,2024-02-15,Completed,Store,0.07
3487,98,1095,4,651.7500,2024-02-20,Completed,Store,0.14
3488,73,1676,4,1523.5600,2024-01-06,Completed,Store,0.1
3489,33,881,2,486.5800,2024-01-30,Completed,Web,0.17
3490,35,702,4,714.0800,2024-01-15,Cancelled,Web,0.21
3491,13,1760,4,1280.4700,2024-02-13,Completed,App,0.29
3492,27,857,1,513.7600,2024-02-16,Cancelled,Store,0.1
3493,94,1293,1,342.4900,2024-02-17,Completed,Web,0.03
3494,48,467,1,808.6100,2024-02-12,Completed,App,0.13
3495,26,1998,3,520.3800,2024-01-25,Cancelled,Store,0.2
3496,45,1789,5,216.6700,2024-02-22,Completed,App,0.12
3497,46,1753,1,1619.3100,2024-02-28,Completed,App,0.28
3498,42,801,2,818.6700,2024-03-01,Cancelled,Web,0.11
3499,14,1362,3,1887.3800,2024-01-18,Cancelled,Web,0.24
3500,72,1246,1,630.3600,2024-02-25,Cancelled,Web,0.26
3501,61,243,2,1531.8400,2024-02-05,Completed,App,0.15
3502,63,820,5,1776.3400,2024-01-03,Cancelled,App,0.11
3503,52,1222,1,360.8000,2024-02-18,Completed,Web,0.16
3504,51,1356,3,343.6800,2024-01-09,Completed,Web,0.2
3505,28,1354,1,428.0800,2024-01-10,Completed,Store,0.26
3506,5,445,4,896.5900,2024-02-20,Cancelled,Store,0.04
3507,99,791,4,1418.4100,2024-01-23,Completed,Store,0.01
3508,52,301,2,666.0900,2024-02-04,Completed,Web,0.11
3509,36,1663,3,1031.2200,2024-02-28,Cancelled,App,0.13
3510,45,1122,4,1785.3600,2024-02-29,Completed,App,0.02
3511,24,205,4,775.6300,2024-01-24,Cancelled,Web,0.29
3512,100,1336,4,873.0100,2024-01-29,Completed,App,0.06
3513,96,713,1,691.1000,2024-01-22,Completed,Web,0.13
3514,97,819,5,557.8000,2024-01-19,Completed,App,0.13
3515,26,24,5,487.4100,2024-02-03,Completed,Web,0.03
3516,21,527,2,1584.4300,2024-01-15,Completed,App,0.14
3517,87,113,4,1299.6500,2024-02-14,Completed,Store,0.17
3518,80,651,1,411.1100,2024-02-21,Completed,Store,0.23
3519,91,253,3,938.9900,2024-02-06,Completed,Store,0.2
3520,79,500,4,1488.0000,2024-01-08,Completed,App,0.04
3521,85,1138,5,1436.0300,2024-01-25,Cancelled,Web,0.14
3522,9,239,4,2071.5600,2024-02-22,Completed,Store,0.17
3523,78,433,1,732.8900,2024-02-10,Cancelled,Store,0.06
3524,53,71,2,428.8300,2024-01-13,Completed,Web,0.26
3525,91,1703,3,729.4300,2024-02-03,Completed,App,0.21
3526,55,1852,4,546.7900,2024-02-09,Completed,App,0.23
3527,18,1826,2,1521.6900,2024-02-08,Completed,App,0.18
3528,37,106,1,1215.4500,2024-02-05,Cancelled,Store,0.05
3529,82,313,1,1789.5300,2024-02-18,Completed,Store,0.02
3530,13,869,4,1912.7300,2024-02-02,Cancelled,Web,0.03
3531,37,1501,5,1380.7100,2024-02-27,Completed,Store,0.15
3532,20,865,5,987.4100,2024-02-03,Cancelled,Web,0.04
3533,79,991,4,588.4900,2024-02-21,Cancelled,App,0.3
3534,3,64,1,1538.7200,2024-01-06,Cancelled,Store,0.22
3535,33,1696,5,237.4900,2024-02-28,Completed,App,0.09
3536,31,1014,5,965.3000,2024-02-09,Completed,Web,0.1
3537,48,636,4,277.3300,2024-01-21,Completed,Web,0.05
3538,42,1116,4,153.1100,2024-02-10,Completed,Store,0.23
3539,45,369,3,186.2800,2024-01-28,Cancelled,Store,0.2
3540,9,696,1,897.6000,2024-01-06,Cancelled,Store,0.24
3541,94,1584,1,1204.6300,2024-02-08,Completed,App,0.25
3542,15,318,3,134.8900,2024-01-25,Completed,Web,0.2
3543,3,1567,5,823.1900,2024-01-16,Completed,App,0.09
3544,44,949,2,1098.1400,2024-01-29,Completed,Web,0.05
3545,33,258,2,518.9500,2024-01-05,Completed,Web,0.16
3546,81,1820,4,400.1500,2024-01-18,Cancelled,Web,0.27
3547,63,1519,2,1651.9400,2024-02-20,Completed,Store,0.21
3548,41,892,5,1504.8700,2024-02-25,Completed,App,0.25
3549,88,1481,5,846.1500,2024-01-07,Completed,Web,0.15
3550,44,1114,3,1545.6600,2024-01-21,Cancelled,Store,0.2
3551,13,543,1,1503.9000,2024-01-02,Completed,App,0.11
3552,85,423,1,680.5300,2024-02-17,Completed,App,0.27
3553,31,1412,1,1654.6700,2024-02-20,Cancelled,Web,0.08
3554,73,1306,1,206.6400,2024-01-04,Cancelled,Store,0.21
3555,8,1159,4,1910.9000,2024-01-19,Completed,Store,0.04
3556,13,1478,3,1098.4500,2024-01-16,Cancelled,Store,0.04
3557,55,956,5,1240.8700,2024-02-27,Completed,Store,0.2
3558,44,584,2,1584.8800,2024-02-13,Cancelled,Store,0.01
3559,29,8,3,885.2500,2024-02-14,Cancelled,Store,0.08
3560,69,1854,4,934.6300,2024-02-26,Completed,Store,0.13
3561,36,1864,1,1414.8200,2024-02-13,Completed,Store,0.22
3562,42,927,4,1772.1700,2024-01-16,Completed,App,0.09
3563,63,1514,2,275.7100,2024-02-03,Completed,App,0.06
3564,88,1492,3,449.0000,2024-02-01,Completed,Web,0.08
3565,40,74,5,572.0900,2024-02-21,Cancelled,App,0.28
3566,37,1701,5,1549.9300,2024-01-25,Cancelled,Store,0.14
3567,77,1656,4,314.7100,2024-01-14,Cancelled,Web,0.17
3568,62,1078,2,374.0700,2024-01-01,Cancelled,Web,0.06
3569,15,1355,1,601.6300,2024-02-20,Completed,Web,0.28
3570,59,423,1,673.3000,2024-02-25,Completed,App,0.22
3571,53,1335,4,553.5400,2024-02-05,Completed,Web,0.13
3572,8,426,2,776.0700,2024-02-06,Cancelled,Store,0.11
3573,39,1055,1,1427.2100,2024-03-01,Cancelled,App,0.24
3574,37,837,2,1158.1000,2024-02-27,Completed,App,0.11
3575,87,1336,5,910.1100,2024-01-12,Completed,App,0.21
3576,92,980,4,111.9300,2024-01-29,Cancelled,Web,0.09
3577,32,168,2,872.7900,2024-02-13,Completed,App,0.09
3578,19,23,3,627.6100,2024-01-08,Cancelled,Web,0.18
3579,2,265,4,919.1200,2024-01-19,Completed,Web,0.17
3580,2,1627,5,435.5000,2024-01-04,Cancelled,Store,0.17
3581,63,11,4,779.9100,2024-02-10,Cancelled,App,0.2
3582,97,1070,2,129.7000,2024-01-22,Completed,Store,0.24
3583,26,1570,2,215.5300,2024-01-28,Completed,App,0.07
3584,2,1355,2,1306.6700,2024-02-15,Cancelled,Web,0.11
3585,46,1904,5,389.5600,2024-01-27,Completed,Web,0.1
3586,57,298,2,1723.9400,2024-02-10,Cancelled,Web,0.27
3587,82,1786,3,1069.0200,2024-02-07,Completed,Store,0.19
3588,22,407,4,262.6800,2024-02-22,Completed,App,0.21
3589,61,1248,3,632.1300,2024-02-22,Cancelled,App,0.01
3590,12,1704,2,1199.7200,2024-01-22,Cancelled,App,0.17
3591,100,155,4,359.7300,2024-02-09,Cancelled,Store,0.19
3592,86,1224,1,1537.0800,2024-02-06,Cancelled,Store,0.03
3593,14,1313,5,1845.9000,2024-02-10,Cancelled,App,0.25
3594,65,666,4,1282.3300,2024-01-21,Cancelled,App,0.24
3595,81,236,5,480.8500,2024-01-22,Completed,Store,0.06
3596,71,957,4,1693.3400,2024-02-02,Cancelled,Store,0.11
3597,91,1719,3,752.2000,2024-01-26,Cancelled,Web,0.1
3598,33,1215,2,1890.4200,2024-02-25,Cancelled,Web,0.15
3599,31,1433,2,517.7600,2024-02-26,Cancelled,Web,0.2
3600,25,1995,5,1863.0300,2024-02-29,Completed,Web,0.09
3601,61,1956,3,1698.6500,2024-02-27,Cancelled,Web,0.01
3602,95,1187,2,651.5100,2024-02-01,Completed,App,0.16
3603,39,687,4,1849.2300,2024-02-01,Cancelled,Store,0.3
3604,26,935,5,1504.5900,2024-02-01,Cancelled,Store,0.22
3605,80,1535,3,250.0500,2024-02-09,Cancelled,Store,0.21
3606,60,1371,2,1318.9500,2024-01-20,Cancelled,App,0.05
3607,48,77,5,1200.3500,2024-01-05,Cancelled,Store,0.09
3608,15,197,4,294.4000,2024-02-16,Cancelled,App,0.25
3609,4,972,3,1871.1600,2024-01-18,Completed,Web,0.17
3610,94,1649,3,744.2200,2024-02-07,Completed,Web,0.1
3611,23,444,3,1028.2900,2024-02-12,Cancelled,Web,0.1
3612,68,387,5,1345.5000,2024-01-13,Cancelled,Web,0.28
3613,64,373,2,648.5000,2024-02-03,Completed,Web,0.06
3614,94,1942,4,1404.0700,2024-01-06,Completed,Web,0.08
3615,51,383,3,806.3200,2024-02-23,Cancelled,App,0.11
3616,15,279,2,1820.7300,2024-01-09,Completed,App,0.1
3617,61,1655,2,257.3400,2024-02-02,Completed,Store,0.09
3618,20,1211,4,754.4800,2024-02-20,Completed,App,0.24
3619,31,671,3,1585.0500,2024-02-12,Cancelled,Store,0.24
3620,53,1132,1,1234.4100,2024-01-03,Completed,App,0.05
3621,50,1492,1,750.3800,2024-01-07,Completed,App,0.06
3622,24,1296,3,207.2000,2024-02-22,Completed,Web,0.1
3623,94,1406,5,1597.7500,2024-01-30,Cancelled,Web,0.21
3624,6,175,4,653.6400,2024-01-05,Cancelled,App,0.24
3625,91,120,4,995.8700,2024-01-09,Completed,App,0.02
3626,84,372,5,1364.1500,2024-02-07,Cancelled,App,0.08
3627,26,823,3,1218.2300,2024-01-13,Cancelled,Store,0.25
3628,5,967,3,1281.8900,2024-01-11,Completed,Web,0.29
3629,21,1012,3,609.1200,2024-02-19,Cancelled,Web,0.21
3630,73,1054,3,490.5400,2024-01-11,Cancelled,App,0.13
3631,69,782,1,1358.7900,2024-02-21,Cancelled,Web,0.03
3632,78,843,5,506.5800,2024-02-21,Completed,Web,0.1
3633,54,1139,2,1606.7500,2024-01-07,Cancelled,Store,0.16
3634,86,1768,4,104.4300,2024-02-09,Completed,Web,0.28
3635,35,20,3,1642.1600,2024-02-05,Cancelled,Store,0.14
3636,71,1784,1,1897.0400,2024-01-12,Completed,Store,0.2
3637,93,1298,3,1448.5000,2024-01-17,Completed,Web,0.07
3638,9,1717,3,980.9100,2024-02-01,Cancelled,Web,0.04
3639,94,1797,5,1612.2300,2024-02-11,Completed,Store,0.08
3640,9,47,2,1805.5100,2024-01-16,Cancelled,Web,0.3
3641,28,436,2,1474.0100,2024-02-16,Cancelled,App,0.03
3642,31,9,1,1636.1600,2024-01-25,Cancelled,Store,0.29
3643,51,667,5,860.5000,2024-02-20,Cancelled,App,0.08
3644,64,1909,4,165.9100,2024-02-28,Cancelled,App,0.17
3645,72,1025,4,1818.0800,2024-02-20,Cancelled,App,0.03
3646,13,1589,3,1253.0700,2024-01-21,Cancelled,App,0.1
3647,60,1315,3,1329.5100,2024-02-08,Cancelled,Web,0.08
3648,100,143,1,1021.2900,2024-01-15,Completed,App,0.25
3649,40,614,3,269.9200,2024-02-09,Completed,App,0.27
3650,70,1582,1,557.6100,2024-02-18,Completed,Web,0.06
3651,71,1824,4,1544.1500,2024-01-01,Cancelled,Web,0.23
3652,17,1815,4,1940.4200,2024-01-02,Cancelled,App,0.07
3653,18,574,5,897.1000,2024-02-11,Cancelled,Store,0.02
3654,96,1669,2,597.1200,2024-01-31,Cancelled,App,0.28
3655,90,1938,4,772.5700,2024-01-21,Cancelled,Store,0.25
3656,10,1521,3,336.1500,2024-01-05,Completed,Web,0.26
3657,44,1392,3,1284.8900,2024-02-04,Cancelled,Store,0.07
3658,34,1152,4,1050.0500,2024-01-27,Cancelled,App,0.13
3659,51,1250,4,416.7600,2024-01-14,Completed,Web,0.17
3660,85,33,3,834.1300,2024-02-22,Cancelled,Store,0.13
3661,21,176,3,1241.1000,2024-01-18,Completed,Web,0.2
3662,65,704,3,1852.0500,2024-01-15,Completed,App,0.1
3663,1,1233,1,125.0200,2024-02-25,Cancelled,Web,0.01
3664,23,612,2,1633.6400,2024-01-22,Completed,Web,0.13
3665,48,144,5,1454.6300,2024-01-01,Cancelled,Store,0.19
3666,38,604,2,1498.9600,2024-01-31,Cancelled,App,0.11
3667,91,1819,5,1518.5300,2024-01-02,Completed,App,0.1
3668,9,1723,4,329.7800,2024-02-01,Completed,Web,0.19
3669,63,1643,3,1715.5900,2024-01-17,Completed,App,0.08
3670,23,996,5,1142.7400,2024-02-18,Completed,Web,0.05
3671,77,1425,4,1030.1900,2024-02-14,Cancelled,Web,0.17
3672,82,1480,5,1040.0300,2024-02-19,Cancelled,App,0.01
3673,67,58,1,126.9600,2024-01-12,Cancelled,Store,0.05
3674,81,203,1,1715.1000,2024-02-08,Cancelled,App,0.01
3675,64,510,4,1735.5500,2024-01-15,Cancelled,App,0.14
3676,77,342,2,1058.8900,2024-02-19,Cancelled,Web,0.11
3677,100,1415,5,743.3500,2024-02-09,Completed,App,0.04
3678,58,886,5,307.1100,2024-02-22,Completed,Store,0.28
3679,7,825,1,1047.6100,2024-02-03,Cancelled,Web,0.02
3680,89,1909,1,1291.9500,2024-01-11,Completed,App,0.03
3681,74,727,3,1054.5900,2024-02-16,Cancelled,Store,0.08
3682,48,900,5,1103.7300,2024-02-08,Cancelled,App,0.26
3683,7,1368,3,185.8100,2024-02-17,Cancelled,Web,0.18
3684,87,466,5,1288.2600,2024-01-31,Completed,Web,0.3
3685,74,735,2,1277.7100,2024-02-20,Completed,Store,0.05
3686,80,139,3,1756.7700,2024-02-06,Completed,Store,0.29
3687,56,1123,5,1131.9500,2024-02-21,Cancelled,Web,0.13
3688,61,48,5,990.7400,2024-02-15,Completed,Store,0.19
3689,8,1944,5,1892.4600,2024-01-09,Completed,Web,0.16
3690,6,753,2,320.2500,2024-02-03,Cancelled,Web,0.24
3691,59,1600,2,347.2100,2024-02-21,Completed,Store,0.17
3692,95,1321,1,216.3800,2024-01-03,Cancelled,App,0.23
3693,63,164,5,1564.2300,2024-01-27,Completed,App,0.04
3694,83,1051,1,952.0100,2024-02-26,Cancelled,Store,0.09
3695,53,1442,3,1392.3400,2024-01-31,Cancelled,App,0.09
3696,46,20,4,1391.6800,2024-01-23,Cancelled,Store,0.03
3697,11,858,3,1150.9500,2024-01-09,Cancelled,App,0.23
3698,20,72,1,1018.3900,2024-01-24,Completed,Store,0.12
3699,69,1322,5,759.3000,2024-01-01,Cancelled,Web,0.17
3700,60,612,5,844.3000,2024-02-27,Cancelled,App,0.04
3701,33,1709,4,1365.7600,2024-01-02,Completed,App,0.08
3702,46,958,5,893.4800,2024-01-03,Cancelled,Store,0.02
3703,65,1986,5,1988.3600,2024-02-13,Completed,Store,0.21
3704,79,194,1,1208.7300,2024-02-02,Cancelled,Web,0.2
3705,84,1170,4,1012.4800,2024-01-23,Completed,App,0.06
3706,35,183,5,251.6800,2024-02-04,Completed,Store,0.23
3707,41,28,1,1580.0900,2024-02-21,Cancelled,Store,0.16
3708,1,1055,1,1884.1300,2024-02-19,Cancelled,Store,0.3
3709,49,1648,5,772.6500,2024-01-20,Cancelled,Web,0.21
3710,24,1202,5,628.7900,2024-02-14,Cancelled,App,0.07
3711,96,1315,2,807.4400,2024-01-26,Completed,App,0
3712,49,1010,3,1501.9800,2024-02-28,Completed,Web,0.14
3713,28,737,2,788.5500,2024-01-28,Cancelled,App,0.22
3714,3,456,2,1953.7500,2024-01-14,Completed,Store,0.22
3715,16,1530,2,259.3300,2024-02-22,Cancelled,Web,0.04
3716,65,1663,4,236.2100,2024-03-01,Cancelled,Store,0.26
3717,33,211,1,515.6600,2024-02-26,Completed,App,0.21
3718,77,1967,3,717.2900,2024-02-22,Cancelled,Store,0.13
3719,18,1884,5,831.6800,2024-02-29,Cancelled,Store,0.12
3720,19,397,1,1025.9900,2024-01-17,Completed,App,0.19
3721,92,1374,3,583.3700,2024-02-14,Completed,App,0.07
3722,35,897,4,848.5300,2024-02-18,Cancelled,Store,0.15
3723,51,544,3,1265.8500,2024-01-03,Completed,Web,0.11
3724,35,897,3,1838.6200,2024-01-21,Cancelled,Store,0.16
3725,82,1673,1,1973.6000,2024-01-07,Completed,Web,0.06
3726,76,221,3,1894.2200,2024-01-11,Completed,App,0.27
3727,25,351,1,980.4300,2024-02-04,Completed,Web,0.28
3728,87,1158,4,1126.8300,2024-01-12,Completed,Web,0.15
3729,32,1120,2,897.0700,2024-01-17,Cancelled,Store,0.03
3730,60,95,4,178.8300,2024-02-09,Cancelled,Web,0.24
3731,77,95,2,1745.9800,2024-02-25,Completed,Store,0.22
3732,19,421,2,1444.7700,2024-02-12,Completed,App,0.3
3733,92,673,4,304.9600,2024-01-13,Completed,Store,0.1
3734,60,1301,5,202.3300,2024-02-06,Cancelled,Web,0.03
3735,37,1159,3,1300.7700,2024-02-17,Completed,App,0.15
3736,53,1568,5,645.1600,2024-02-17,Cancelled,Web,0.08
3737,26,124,5,1062.5600,2024-01-18,Completed,Web,0.14
3738,8,1265,1,1705.0700,2024-02-04,Cancelled,App,0.01
3739,51,1772,4,802.6300,2024-01-10,Cancelled,Web,0
3740,60,1609,4,1977.0900,2024-01-15,Completed,Web,0.02
3741,81,1577,2,1861.9700,2024-01-23,Cancelled,Web,0.12
3742,31,273,1,247.9400,2024-02-06,Cancelled,App,0.12
3743,67,1870,5,270.8600,2024-01-21,Cancelled,Store,0.2
3744,19,1377,3,144.2000,2024-01-11,Cancelled,Store,0.04
3745,41,617,4,730.9500,2024-02-23,Cancelled,Web,0.08
3746,30,988,4,850.7500,2024-01-30,Completed,Store,0.29
3747,8,957,1,1468.1600,2024-01-29,Completed,Web,0.02
3748,7,1780,1,502.3300,2024-01-26,Completed,App,0.02
3749,88,214,2,111.4300,2024-01-01,Completed,Store,0.02
3750,84,115,4,123.1200,2024-02-20,Cancelled,Store,0.13
3751,13,24,5,1607.4700,2024-02-29,Completed,App,0.17
3752,12,1899,4,906.1900,2024-01-31,Completed,Store,0.25
3753,4,818,2,1112.3400,2024-01-28,Completed,Store,0.05
3754,30,1627,2,1823.6900,2024-01-12,Completed,Store,0.11
3755,89,336,5,389.6700,2024-02-14,Cancelled,App,0.14
3756,84,412,1,1045.1500,2024-01-06,Cancelled,App,0.27
3757,43,18,4,919.7800,2024-02-26,Cancelled,App,0.11
3758,18,214,1,1017.8300,2024-02-25,Completed,Web,0.02
3759,3,409,4,827.3200,2024-01-23,Cancelled,Web,0.04
3760,31,884,1,1088.5700,2024-01-13,Cancelled,Store,0.1
3761,80,45,2,1348.6900,2024-01-08,Completed,App,0.2
3762,91,1224,4,1575.5700,2024-01-12,Cancelled,Web,0.02
3763,26,492,4,340.6000,2024-01-06,Completed,App,0.08
3764,22,842,5,1501.6800,2024-01-08,Completed,Web,0.18
3765,92,1159,1,1187.1100,2024-02-17,Cancelled,App,0.04
3766,66,1052,3,415.2200,2024-02-20,Cancelled,App,0.13
3767,14,931,2,1552.8000,2024-01-18,Cancelled,Web,0.12
3768,9,1585,1,916.7900,2024-01-25,Completed,App,0.2
3769,80,459,5,1624.8400,2024-02-16,Cancelled,Web,0.24
3770,15,53,3,146.2200,2024-02-06,Completed,Web,0
3771,3,1419,1,1685.6900,2024-02-05,Completed,Store,0.01
3772,12,1930,1,1897.1600,2024-01-04,Completed,Web,0.1
3773,42,1194,5,1224.5500,2024-01-25,Completed,Web,0.04
3774,31,765,4,648.0600,2024-02-27,Completed,Store,0.16
3775,14,1133,3,1730.0500,2024-02-03,Cancelled,Web,0.08
3776,5,13,1,1113.3300,2024-02-18,Completed,Store,0.24
3777,27,1854,4,1406.7600,2024-02-19,Completed,App,0.18
3778,7,1372,5,1300.6600,2024-01-09,Completed,App,0.05
3779,66,1035,1,329.0800,2024-02-15,Cancelled,Store,0.07
3780,62,587,3,1236.0500,2024-01-19,Cancelled,Store,0.14
3781,8,1411,2,922.3600,2024-02-17,Cancelled,Web,0.23
3782,98,1874,5,1553.6700,2024-02-06,Cancelled,Web,0.08
3783,20,586,5,793.2800,2024-01-29,Completed,Web,0.07
3784,38,1003,5,721.3500,2024-01-09,Completed,Web,0.13
3785,97,294,1,1005.1900,2024-02-25,Cancelled,Web,0.25
3786,93,1479,5,1316.7300,2024-02-03,Cancelled,Store,0.25
3787,47,948,1,1591.8300,2024-02-07,Cancelled,Store,0.08
3788,61,601,5,421.4300,2024-01-04,Completed,Store,0
3789,20,280,4,178.9900,2024-01-09,Completed,App,0.07
3790,94,899,4,684.2300,2024-02-26,Cancelled,Web,0.29
3791,51,1485,1,244.1500,2024-02-27,Cancelled,Store,0.04
3792,27,262,2,832.9300,2024-02-09,Cancelled,Store,0.15
3793,60,628,1,1452.5900,2024-01-30,Cancelled,App,0.01
3794,86,744,4,1608.5900,2024-02-28,Completed,Store,0.29
3795,40,1519,4,1857.2200,2024-02-23,Completed,Store,0.12
3796,24,1160,4,484.8000,2024-01-28,Cancelled,Store,0.01
3797,34,831,1,1109.8500,2024-01-22,Completed,App,0.04
3798,98,66,2,1205.5100,2024-01-02,Cancelled,Web,0.25
3799,70,1299,3,1550.4300,2024-01-23,Cancelled,Store,0.29
3800,13,1634,2,538.2700,2024-02-18,Cancelled,Web,0.22
3801,76,1087,5,238.2500,2024-02-14,Cancelled,Store,0.14
3802,67,1493,4,1489.1100,2024-02-26,Cancelled,App,0.03
3803,75,1136,5,1949.0300,2024-01-31,Completed,Store,0.14
3804,83,745,4,1352.4200,2024-03-01,Cancelled,App,0.21
3805,28,1865,1,1300.7700,2024-02-23,Completed,App,0.11
3806,2,215,2,355.0800,2024-01-14,Cancelled,Store,0.14
3807,35,1677,2,1326.0900,2024-02-04,Cancelled,Web,0.08
3808,64,1731,3,1802.3200,2024-01-01,Cancelled,Store,0.26
3809,66,615,4,1182.2400,2024-01-13,Completed,Web,0.22
3810,25,1416,4,410.1600,2024-01-30,Cancelled,Store,0.09
3811,72,1052,1,1077.8500,2024-02-25,Cancelled,Store,0.15
3812,80,634,1,1006.6800,2024-01-08,Completed,Web,0.26
3813,98,1939,3,304.2900,2024-02-08,Cancelled,App,0.05
3814,49,1304,2,653.1400,2024-01-01,Completed,App,0.02
3815,36,838,1,1976.6600,2024-02-18,Completed,Store,0.05
3816,17,69,4,1375.3300,2024-01-25,Cancelled,Store,0.15
3817,24,1495,5,818.3200,2024-01-17,Cancelled,Web,0.07
3818,4,1277,1,1512.3700,2024-02-15,Completed,Store,0.16
3819,63,196,1,159.0000,2024-01-24,Completed,App,0.03
3820,33,1428,5,1027.3600,2024-02-20,Completed,App,0.29
3821,45,583,4,498.8300,2024-01-16,Cancelled,App,0.19
3822,80,758,3,1756.9300,2024-01-20,Cancelled,Web,0.29
3823,18,1042,5,1917.1200,2024-02-06,Completed,App,0.03
3824,10,1337,5,1841.0800,2024-02-05,Completed,App,0.28
3825,11,70,5,571.7600,2024-02-18,Completed,Store,0.01
3826,15,370,4,454.9600,2024-02-05,Cancelled,App,0.24
3827,22,1736,2,1983.9100,2024-02-06,Completed,Web,0.18
3828,58,1474,2,1874.9700,2024-03-01,Completed,Store,0.26
3829,21,236,5,255.5100,2024-02-09,Completed,Web,0.26
3830,94,1898,1,1575.2700,2024-01-29,Cancelled,App,0.21
3831,4,934,3,189.7300,2024-02-19,Completed,Web,0.14
3832,45,1446,3,570.9600,2024-02-06,Cancelled,App,0.16
3833,84,1034,1,1561.9300,2024-01-29,Cancelled,Store,0.07
3834,15,1054,3,1134.2700,2024-01-02,Completed,Web,0.18
3835,18,1936,4,1075.8700,2024-02-13,Completed,App,0.05
3836,33,1544,4,488.5400,2024-01-25,Cancelled,Web,0.09
3837,82,1383,3,1501.9000,2024-01-06,Completed,Store,0.04
3838,23,64,3,1636.0400,2024-01-27,Cancelled,Store,0.2
3839,17,527,5,1904.9200,2024-02-01,Completed,Store,0.05
3840,100,271,1,1492.7100,2024-02-26,Cancelled,App,0.24
3841,54,21,4,1251.6900,2024-01-27,Cancelled,Web,0.15
3842,30,1183,2,382.8300,2024-02-02,Cancelled,App,0.2
3843,98,374,5,2067.1700,2024-01-20,Cancelled,Web,0.15
3844,76,995,3,1605.9600,2024-01-08,Completed,Web,0.23
3845,42,1120,5,963.3700,2024-01-28,Completed,Store,0.21
3846,59,1175,2,269.2100,2024-02-17,Cancelled,App,0.18
3847,67,1378,4,1215.1300,2024-01-12,Completed,App,0.02
3848,13,405,4,1703.0100,2024-02-18,Completed,App,0.02
3849,46,1159,1,553.7700,2024-01-22,Completed,App,0.27
3850,67,1011,4,716.2200,2024-01-21,Completed,App,0.26
3851,12,376,3,259.6000,2024-02-13,Cancelled,Store,0.22
3852,96,893,4,245.0100,2024-01-01,Completed,App,0.1
3853,36,1220,2,134.4300,2024-02-04,Completed,Store,0.04
3854,76,1328,1,210.8800,2024-01-18,Completed,Web,0.09
3855,15,1923,2,1278.7300,2024-01-09,Completed,App,0.02
3856,1,1044,2,1668.2200,2024-02-07,Completed,Web,0.11
3857,100,27,3,396.5700,2024-01-10,Cancelled,App,0.22
3858,50,526,5,1443.7300,2024-02-01,Completed,App,0.07
3859,74,350,2,1238.6900,2024-02-18,Cancelled,App,0.12
3860,40,1218,5,1887.4700,2024-01-28,Cancelled,Store,0.16
3861,56,734,5,382.1100,2024-02-10,Cancelled,App,0.14
3862,95,960,1,1464.7500,2024-01-29,Completed,App,0.01
3863,88,517,4,654.0300,2024-01-12,Completed,App,0.11
3864,85,820,3,629.8100,2024-02-13,Cancelled,Store,0.15
3865,3,963,3,1315.3200,2024-02-12,Cancelled,Web,0.16
3866,35,175,1,1458.8300,2024-02-16,Cancelled,Web,0.12
3867,80,547,4,262.9000,2024-02-06,Cancelled,App,0.17
3868,2,463,5,239.5200,2024-01-24,Cancelled,Web,0.02
3869,35,754,1,1192.9200,2024-01-17,Cancelled,App,0.13
3870,77,1940,2,1974.2900,2024-01-17,Cancelled,Web,0.17
3871,22,54,3,1357.5700,2024-02-24,Completed,Web,0.2
3872,28,153,4,158.9300,2024-02-11,Completed,App,0.08
3873,42,668,4,1969.4700,2024-02-02,Cancelled,Web,0.1
3874,37,82,3,1986.6800,2024-01-11,Cancelled,Web,0.14
3875,62,456,2,1154.4500,2024-01-03,Completed,Web,0.05
3876,60,239,1,830.5100,2024-01-01,Completed,App,0.15
3877,5,586,1,720.8500,2024-01-31,Cancelled,Web,0.26
3878,68,15,1,885.5800,2024-01-12,Cancelled,App,0.27
3879,53,1755,1,718.7000,2024-01-14,Cancelled,Web,0.02
3880,28,792,1,1341.9500,2024-01-05,Cancelled,Web,0.06
3881,37,330,5,215.7600,2024-01-03,Completed,Store,0.27
3882,64,381,3,1125.6200,2024-02-20,Cancelled,Store,0.25
3883,49,635,3,1317.5300,2024-02-06,Completed,App,0.15
3884,96,318,4,1763.6100,2024-01-25,Completed,Web,0.28
3885,48,744,2,1399.7600,2024-01-27,Completed,Web,0.13
3886,38,1178,2,1553.7900,2024-02-26,Completed,Store,0.22
3887,61,1147,3,1702.0900,2024-02-24,Cancelled,Store,0.08
3888,50,780,3,415.9600,2024-02-17,Cancelled,Web,0.26
3889,58,1719,5,1243.7000,2024-01-28,Cancelled,App,0.18
3890,78,1959,4,644.9900,2024-02-04,Completed,Store,0.11
3891,26,1428,1,1916.5200,2024-02-07,Completed,Store,0.27
3892,62,1031,5,959.4100,2024-02-05,Completed,Web,0.17
3893,79,1718,3,226.4400,2024-02-06,Completed,App,0.18
3894,13,1736,1,153.5500,2024-01-29,Completed,Store,0.08
3895,13,142,2,685.3300,2024-01-17,Completed,Web,0.01
3896,22,558,5,273.8100,2024-02-17,Completed,Web,0.03
3897,69,1681,5,1459.4800,2024-01-24,Cancelled,Web,0.28
3898,73,158,5,886.3300,2024-02-07,Completed,Web,0.05
3899,10,1951,3,1906.4000,2024-02-01,Completed,Store,0.25
3900,96,1412,1,1153.4000,2024-02-27,Cancelled,App,0.12
3901,85,191,2,237.3200,2024-02-13,Completed,Store,0.01
3902,21,1248,2,1105.9400,2024-02-27,Cancelled,App,0.29
3903,84,214,4,719.0400,2024-02-25,Completed,App,0.24
3904,80,1403,5,1423.1300,2024-01-17,Cancelled,Web,0.16
3905,38,1246,2,1478.5800,2024-02-15,Cancelled,App,0.16
3906,98,1870,3,1512.8800,2024-01-30,Cancelled,App,0.19
3907,44,649,5,1033.4700,2024-01-07,Completed,Web,0.18
3908,96,1056,4,384.7800,2024-01-05,Cancelled,App,0.05
3909,5,1040,4,719.9800,2024-01-07,Completed,App,0.21
3910,77,1120,3,459.8100,2024-02-12,Cancelled,Store,0.27
3911,77,501,3,918.7500,2024-01-09,Completed,App,0.22
3912,44,983,5,1360.5600,2024-02-18,Completed,Web,0.17
3913,58,998,4,1028.9200,2024-02-28,Cancelled,Web,0.25
3914,85,1658,1,682.4600,2024-03-01,Completed,App,0.29
3915,84,813,4,865.3400,2024-02-29,Completed,Web,0.17
3916,28,58,1,622.8300,2024-01-30,Completed,Web,0.12
3917,86,1894,3,1778.5900,2024-01-17,Cancelled,App,0.1
3918,67,1185,4,1420.7800,2024-01-06,Cancelled,Web,0.3
3919,3,828,1,754.5800,2024-01-05,Completed,Store,0.25
3920,95,759,2,1059.6900,2024-02-03,Cancelled,Web,0.08
3921,8,1593,5,912.3500,2024-02-24,Completed,Web,0.01
3922,14,492,2,1218.0100,2024-01-31,Completed,Web,0.16
3923,84,1385,3,1228.1700,2024-01-09,Cancelled,Web,0.2
3924,76,174,3,466.3700,2024-02-19,Completed,App,0.04
3925,77,1325,3,419.0000,2024-01-18,Completed,App,0.2
3926,63,358,1,1187.1200,2024-02-16,Cancelled,Store,0.23
3927,53,414,5,233.8200,2024-01-18,Cancelled,App,0.11
3928,34,13,3,1511.6100,2024-01-29,Completed,App,0.15
3929,98,1140,3,264.5700,2024-01-13,Completed,Store,0.26
3930,81,649,2,1772.0000,2024-01-04,Completed,App,0.27
3931,52,86,5,1655.7400,2024-02-01,Cancelled,Web,0.03
3932,21,232,1,1249.9600,2024-01-17,Cancelled,App,0.11
3933,6,293,4,728.5100,2024-01-04,Cancelled,Web,0.27
3934,73,976,1,1611.7700,2024-02-05,Cancelled,App,0.08
3935,5,1814,4,482.3100,2024-02-29,Cancelled,App,0.07
3936,96,244,3,995.2000,2024-02-02,Cancelled,Web,0
3937,60,1235,3,503.4300,2024-02-09,Cancelled,Store,0.04
3938,84,1871,3,1315.2700,2024-02-14,Completed,App,0.27
3939,98,1366,3,798.0500,2024-01-03,Cancelled,App,0.12
3940,8,786,5,415.3700,2024-02-27,Cancelled,Store,0.09
3941,52,856,1,800.4100,2024-02-16,Completed,App,0.16
3942,89,1422,4,614.9100,2024-02-04,Cancelled,Store,0.2
3943,27,393,2,663.1900,2024-01-06,Completed,Store,0.22
3944,87,639,4,257.1900,2024-01-07,Cancelled,Store,0.2
3945,34,1378,1,336.8700,2024-02-22,Completed,Store,0.29
3946,95,1307,1,1703.5100,2024-02-10,Completed,App,0.01
3947,18,1983,3,1512.6400,2024-01-27,Completed,Web,0.15
3948,90,1237,4,1562.9600,2024-01-22,Cancelled,App,0.17
3949,75,1535,3,796.4700,2024-02-23,Completed,Store,0.16
3950,93,1405,4,1736.9800,2024-01-13,Cancelled,Web,0.3
3951,11,103,3,1830.4000,2024-02-14,Completed,App,0.25
3952,100,1562,5,1017.0600,2024-01-06,Cancelled,Store,0.24
3953,74,145,2,1219.4700,2024-01-21,Cancelled,Store,0.05
3954,65,1820,3,208.3500,2024-02-21,Cancelled,Store,0.27
3955,4,1261,1,259.5200,2024-01-15,Completed,App,0.07
3956,72,192,4,772.4700,2024-01-21,Cancelled,Web,0.21
3957,29,1608,1,146.1800,2024-01-10,Completed,Store,0.2
3958,93,1012,3,525.0300,2024-01-31,Cancelled,App,0.12
3959,38,1857,4,1802.5100,2024-01-26,Completed,Web,0.28
3960,27,1553,5,1191.8900,2024-02-18,Cancelled,Web,0.08
3961,72,689,2,1393.0900,2024-01-16,Completed,App,0.03
3962,62,446,3,410.2000,2024-01-03,Cancelled,Web,0.12
3963,22,1251,5,285.5100,2024-01-22,Completed,Store,0.04
3964,86,1210,5,1394.6200,2024-02-27,Cancelled,App,0.07
3965,55,419,5,617.9500,2024-02-05,Cancelled,Store,0.07
3966,62,1047,5,547.9200,2024-02-16,Completed,App,0.11
3967,54,981,3,1378.0200,2024-02-08,Completed,App,0.26
3968,62,1282,3,1797.6600,2024-02-05,Completed,Store,0.1
3969,18,206,1,1137.6700,2024-02-06,Completed,App,0.03
3970,34,1689,5,1557.5000,2024-01-02,Completed,Web,0.18
3971,81,264,4,1012.0600,2024-01-19,Cancelled,Web,0.13
3972,91,716,4,731.1700,2024-01-03,Cancelled,App,0.08
3973,4,1421,2,569.1000,2024-02-16,Cancelled,App,0.12
3974,54,1811,5,948.0200,2024-01-14,Cancelled,Web,0.17
3975,48,1383,3,156.5200,2024-01-05,Completed,Store,0.18
3976,99,1025,3,649.7800,2024-02-05,Completed,Store,0.2
3977,76,1226,3,431.7300,2024-01-12,Completed,Web,0.09
3978,50,1666,1,466.4900,2024-01-30,Completed,App,0.17
3979,36,336,5,807.9300,2024-02-14,Cancelled,Web,0.1
3980,95,470,2,874.8300,2024-01-16,Completed,Web,0.26
3981,1,1470,4,1305.6900,2024-02-08,Completed,Store,0.06
3982,23,837,5,721.5700,2024-02-18,Completed,Store,0.06
3983,16,822,5,1235.0600,2024-02-26,Cancelled,Web,0.3
3984,61,201,3,1529.1000,2024-01-30,Completed,App,0.28
3985,76,1610,5,1050.5700,2024-02-21,Cancelled,App,0.22
3986,62,1021,4,1385.7700,2024-02-28,Completed,Store,0.24
3987,2,1887,4,813.9000,2024-02-18,Completed,Web,0.01
3988,36,1290,3,1468.3500,2024-02-07,Completed,Store,0.06
3989,57,706,1,1620.3100,2024-02-23,Cancelled,Web,0.25
3990,55,1606,5,850.9500,2024-01-26,Completed,Store,0.29
3991,69,173,5,577.9000,2024-02-08,Completed,Store,0.04
3992,6,1967,2,1826.4600,2024-01-07,Cancelled,Web,0.06
3993,4,1701,1,1410.2300,2024-02-04,Completed,App,0.12
3994,59,1342,4,1925.7800,2024-01-21,Cancelled,Store,0.21
3995,86,1332,5,988.2000,2024-02-21,Cancelled,Store,0.22
3996,86,1050,4,613.5500,2024-02-23,Cancelled,Web,0.27
3997,8,380,4,1224.1700,2024-01-16,Completed,Store,0.15
3998,98,1159,5,716.2300,2024-01-25,Cancelled,Store,0.16
3999,90,418,5,825.6500,2024-01-08,Completed,App,0.22
4000,66,123,4,1420.8400,2024-01-01,Completed,App,0.24
4001,66,571,4,1297.0700,2024-02-25,Completed,Store,0.11
4002,72,1864,2,1792.9800,2024-01-23,Completed,Web,0.21
4003,66,1213,2,1483.9900,2024-01-02,Cancelled,App,0.21
4004,32,86,2,1500.4100,2024-01-20,Cancelled,Store,0.1
4005,14,1618,4,1413.1800,2024-01-01,Completed,Web,0.23
4006,42,1662,5,1670.1000,2024-01-05,Cancelled,App,0.27
4007,95,1706,5,1397.8700,2024-02-22,Completed,Web,0.23
4008,40,1813,1,1902.9400,2024-01-28,Cancelled,Store,0.1
4009,54,342,5,1176.6400,2024-01-04,Completed,App,0.02
4010,76,592,5,296.1800,2024-02-11,Completed,Web,0.08
4011,92,1293,3,538.3800,2024-02-22,Completed,Web,0.18
4012,73,1080,5,1359.7300,2024-02-16,Completed,Web,0.25
4013,27,1350,5,1632.8500,2024-02-25,Completed,Web,0.14
4014,95,1323,3,1253.7300,2024-01-10,Cancelled,Web,0.09
4015,74,674,5,579.4100,2024-01-13,Cancelled,Web,0.1
4016,39,740,1,1190.9900,2024-01-26,Completed,Web,0.11
4017,82,1418,1,1346.1700,2024-01-27,Cancelled,Store,0.15
4018,6,293,2,389.5500,2024-01-07,Completed,Web,0.27
4019,18,1340,5,549.8000,2024-02-10,Completed,Web,0.24
4020,99,924,4,1014.4100,2024-01-22,Cancelled,App,0.09
4021,20,1536,1,644.3300,2024-02-04,Completed,App,0.1
4022,31,1758,2,1849.1200,2024-01-02,Completed,Web,0.24
4023,77,603,3,324.6200,2024-01-20,Cancelled,Store,0.03
4024,84,1022,2,617.6900,2024-03-01,Completed,Store,0.12
4025,39,814,3,1462.6700,2024-02-01,Cancelled,App,0.06
4026,88,1141,2,1256.0700,2024-02-14,Completed,Web,0.2
4027,16,1493,5,197.8800,2024-01-31,Cancelled,App,0.04
4028,45,1426,3,1823.4200,2024-01-11,Completed,Web,0.08
4029,1,862,4,1711.0300,2024-01-27,Cancelled,App,0.1
4030,100,440,5,677.5000,2024-01-30,Completed,App,0.19
4031,30,445,3,1976.1700,2024-01-17,Cancelled,App,0.1
4032,70,325,2,975.3100,2024-01-21,Cancelled,Store,0.26
4033,55,494,1,1361.9700,2024-01-19,Cancelled,Store,0.05
4034,55,329,3,133.4800,2024-02-10,Cancelled,App,0.06
4035,26,373,4,1067.3900,2024-02-02,Completed,Store,0.28
4036,63,1271,5,1746.5200,2024-02-04,Completed,Web,0.04
4037,74,606,3,187.7700,2024-02-06,Cancelled,Store,0.2
4038,86,555,5,755.6300,2024-02-18,Cancelled,App,0.25
4039,41,464,2,890.7400,2024-02-14,Cancelled,Web,0.23
4040,17,564,3,1022.1800,2024-02-08,Cancelled,App,0.29
4041,54,157,3,1326.6900,2024-01-17,Completed,Store,0.19
4042,87,793,1,1457.5000,2024-02-18,Cancelled,Web,0.21
4043,59,680,4,1379.1000,2024-02-27,Cancelled,Store,0.07
4044,36,516,2,1333.8500,2024-01-16,Cancelled,Store,0.24
4045,47,433,5,1425.4900,2024-01-15,Cancelled,Web,0.01
4046,75,1384,5,1074.1700,2024-02-08,Cancelled,Store,0.07
4047,16,1697,1,1988.0000,2024-02-28,Cancelled,App,0.21
4048,68,152,5,127.4200,2024-01-30,Completed,Store,0.24
4049,45,213,4,1754.2700,2024-02-03,Completed,Web,0.16
4050,16,1431,3,545.4900,2024-02-27,Completed,Web,0.2
4051,88,1361,3,1680.2800,2024-01-09,Cancelled,Store,0.18
4052,13,1304,4,1707.3300,2024-02-10,Completed,Web,0.14
4053,18,812,1,202.4000,2024-02-24,Cancelled,Store,0.02
4054,21,1545,3,1707.9100,2024-01-03,Cancelled,Store,0.06
4055,9,69,4,1391.9900,2024-02-15,Completed,App,0.07
4056,33,1984,5,1307.2900,2024-01-19,Completed,Web,0.29
4057,1,1103,2,815.5200,2024-01-22,Cancelled,App,0.27
4058,60,1843,3,984.9700,2024-01-30,Completed,Web,0.13
4059,29,269,5,112.9900,2024-02-20,Cancelled,Store,0.3
4060,99,520,4,1693.9100,2024-01-14,Completed,Web,0.23
4061,89,1999,2,957.5300,2024-02-07,Completed,Web,0.12
4062,90,880,2,1966.0700,2024-02-29,Completed,Store,0.17
4063,98,113,1,987.5300,2024-02-28,Completed,Web,0.09
4064,62,850,4,456.1300,2024-01-04,Cancelled,Store,0.24
4065,43,1245,4,1257.3100,2024-01-07,Cancelled,Web,0.22
4066,24,1907,2,686.5500,2024-02-12,Completed,Store,0.15
4067,94,583,5,888.8700,2024-01-20,Completed,Store,0.03
4068,28,949,1,259.7500,2024-02-02,Completed,Web,0.16
4069,69,1124,4,994.2200,2024-02-29,Completed,Store,0.11
4070,35,913,2,1970.1900,2024-01-25,Cancelled,Web,0.21
4071,48,902,4,327.9700,2024-01-24,Completed,App,0.11
4072,60,1403,1,105.0400,2024-01-18,Completed,App,0.02
4073,11,237,1,1851.4500,2024-02-13,Completed,Store,0.18
4074,63,422,5,1534.0800,2024-01-01,Cancelled,Store,0.13
4075,97,271,5,312.5800,2024-02-16,Cancelled,Web,0.2
4076,76,531,3,475.3600,2024-01-28,Completed,Store,0.18
4077,19,624,2,383.5800,2024-02-28,Completed,Web,0.25
4078,15,666,5,574.1700,2024-01-01,Cancelled,Store,0.02
4079,39,297,1,1284.0600,2024-01-28,Completed,Store,0.28
4080,91,397,2,1474.6200,2024-01-25,Cancelled,Store,0.29
4081,85,915,1,540.2700,2024-02-20,Completed,Store,0.17
4082,48,644,1,746.1900,2024-01-31,Completed,Web,0.23
4083,89,1931,1,1568.5500,2024-01-22,Completed,App,0.17
4084,18,1665,2,725.3900,2024-02-29,Cancelled,Store,0.22
4085,73,1177,2,1978.2000,2024-01-10,Completed,Store,0.01
4086,29,1075,4,611.5800,2024-01-28,Cancelled,Store,0.14
4087,32,1756,4,1866.7600,2024-02-17,Cancelled,App,0.28
4088,90,720,2,1398.3400,2024-01-12,Cancelled,App,0.02
4089,50,1918,4,672.4900,2024-03-01,Completed,App,0.2
4090,86,1907,2,2087.3200,2024-01-31,Cancelled,Store,0.09
4091,51,1208,2,1996.4600,2024-01-22,Completed,Web,0.21
4092,63,1447,4,799.1400,2024-02-13,Completed,Web,0.19
4093,79,976,2,898.5000,2024-01-10,Cancelled,Store,0.16
4094,100,1263,5,813.5800,2024-01-13,Completed,App,0.28
4095,34,364,5,1061.4200,2024-02-17,Cancelled,Store,0.29
4096,22,1840,3,184.9300,2024-02-09,Completed,Store,0.08
4097,60,191,4,1531.6700,2024-02-11,Cancelled,Store,0.26
4098,50,1041,1,1975.1800,2024-01-17,Cancelled,App,0.15
4099,24,659,1,957.1500,2024-02-20,Completed,Store,0.26
4100,50,1045,4,1237.8600,2024-02-09,Cancelled,Web,0.26
4101,4,78,4,1858.3400,2024-01-25,Cancelled,Store,0.16
4102,66,402,1,1463.5400,2024-02-05,Cancelled,Web,0.3
4103,16,844,1,419.8700,2024-02-01,Completed,Web,0.1
4104,21,980,1,1452.4700,2024-01-30,Completed,App,0.19
4105,68,1264,2,1888.3200,2024-01-18,Cancelled,Web,0.23
4106,83,920,5,1886.4500,2024-01-15,Completed,App,0.05
4107,13,412,2,1902.7500,2024-02-10,Cancelled,Store,0.1
4108,91,1269,2,1173.8900,2024-02-20,Cancelled,Store,0.21
4109,42,805,2,1702.2500,2024-01-18,Completed,App,0.27
4110,78,1737,2,1768.0100,2024-02-26,Completed,Store,0.13
4111,13,309,4,1916.7700,2024-02-11,Cancelled,Web,0.01
4112,8,346,1,1542.6200,2024-01-11,Cancelled,Store,0.3
4113,48,1957,4,1935.3300,2024-01-07,Completed,Store,0.16
4114,99,1885,2,265.9200,2024-02-02,Completed,App,0.04
4115,93,379,5,369.3100,2024-02-20,Cancelled,App,0.06
4116,49,1021,5,1963.9100,2024-01-05,Completed,Web,0.28
4117,1,1145,3,143.7700,2024-01-05,Completed,Web,0.28
4118,52,1057,3,1357.5200,2024-01-05,Completed,App,0.12
4119,5,1836,2,1166.8900,2024-01-20,Cancelled,Web,0.05
4120,54,235,4,1874.1800,2024-02-09,Cancelled,Store,0.01
4121,45,450,3,1917.6800,2024-02-22,Completed,App,0.02
4122,27,801,2,225.5500,2024-02-24,Completed,Store,0.03
4123,53,1477,2,520.9000,2024-01-12,Cancelled,App,0.06
4124,83,846,4,1848.5500,2024-01-03,Cancelled,Web,0.06
4125,29,476,3,791.9200,2024-02-21,Completed,Web,0.24
4126,19,661,2,698.2200,2024-02-06,Completed,App,0.08
4127,4,56,4,309.9100,2024-01-01,Completed,Store,0.17
4128,90,1216,2,645.7600,2024-01-22,Completed,Web,0.08
4129,58,1494,5,862.0900,2024-01-08,Completed,Store,0.21
4130,31,1655,4,1006.1900,2024-02-05,Completed,Web,0
4131,67,482,5,1354.9300,2024-02-03,Cancelled,App,0.28
4132,71,130,4,1643.3200,2024-01-14,Completed,App,0.17
4133,78,1811,1,299.0600,2024-01-27,Completed,App,0.03
4134,85,1684,2,888.1400,2024-01-11,Cancelled,Web,0.06
4135,25,1759,4,1263.5600,2024-02-16,Cancelled,Store,0.1
4136,68,505,3,1146.2400,2024-01-24,Completed,App,0.1
4137,94,1849,5,659.5600,2024-02-29,Cancelled,Web,0.19
4138,17,1072,1,1527.9900,2024-02-10,Cancelled,Store,0.19
4139,47,888,3,363.2300,2024-02-19,Completed,Store,0.03
4140,60,828,5,1843.1900,2024-02-05,Completed,Store,0.16
4141,80,1179,2,181.4300,2024-01-07,Completed,Web,0.13
4142,3,948,1,402.7600,2024-01-15,Cancelled,Store,0.17
4143,10,405,2,1557.7700,2024-01-08,Completed,App,0.17
4144,55,756,3,1405.1600,2024-02-05,Cancelled,Store,0.25
4145,4,965,4,523.0200,2024-01-30,Cancelled,App,0.11
4146,86,1749,4,1709.9400,2024-02-20,Cancelled,Web,0.05
4147,71,1490,2,1069.9900,2024-02-03,Cancelled,Web,0.12
4148,17,1397,2,1006.4300,2024-01-16,Completed,App,0.04
4149,38,895,4,1784.7900,2024-01-14,Completed,App,0.21
4150,73,928,1,345.2900,2024-01-23,Cancelled,Store,0.04
4151,37,496,5,1945.8300,2024-01-02,Completed,Web,0.16
4152,74,261,3,1582.6900,2024-01-05,Completed,App,0.21
4153,16,432,1,1380.5300,2024-01-18,Completed,Web,0.05
4154,34,393,1,1586.1200,2024-02-10,Completed,Web,0
4155,60,369,3,1258.3500,2024-01-31,Cancelled,Store,0.16
4156,7,988,4,211.9100,2024-01-30,Cancelled,Web,0.07
4157,27,1002,3,1476.9700,2024-01-13,Completed,Web,0.29
4158,95,1971,5,1325.9900,2024-01-10,Cancelled,Store,0.03
4159,18,63,2,195.9400,2024-01-10,Completed,Web,0.28
4160,80,1029,5,1419.6100,2024-01-22,Cancelled,Web,0.07
4161,25,1815,5,441.9600,2024-02-26,Cancelled,App,0.2
4162,80,1655,1,1105.5500,2024-01-02,Completed,Store,0.16
4163,55,581,2,1530.6400,2024-01-22,Completed,Store,0.02
4164,41,424,4,1304.3100,2024-02-26,Cancelled,App,0.07
4165,38,1305,4,938.4200,2024-01-17,Completed,App,0.24
4166,81,9,1,1324.5200,2024-02-29,Cancelled,Web,0.25
4167,50,1292,3,523.0900,2024-01-01,Completed,Web,0.25
4168,79,659,3,1714.7300,2024-02-23,Cancelled,App,0.21
4169,96,370,1,1971.0200,2024-02-11,Completed,Web,0.18
4170,90,1056,3,126.5600,2024-02-12,Completed,Web,0.24
4171,46,426,4,1509.4300,2024-01-02,Completed,Web,0.02
4172,34,1179,5,1325.2100,2024-02-21,Completed,Web,0.21
4173,35,195,1,705.0300,2024-01-13,Completed,Web,0.14
4174,52,1845,4,232.0700,2024-02-14,Cancelled,App,0.18
4175,23,80,1,937.1400,2024-02-13,Completed,Web,0.08
4176,7,109,1,1442.3600,2024-01-16,Cancelled,Web,0
4177,86,341,5,1632.7600,2024-01-23,Completed,Web,0.05
4178,59,127,3,1183.6400,2024-02-10,Completed,App,0.29
4179,42,636,2,1749.2500,2024-02-16,Completed,Store,0.25
4180,67,1019,5,1408.1200,2024-01-12,Completed,Store,0.13
4181,7,1037,2,747.4200,2024-01-11,Cancelled,Store,0.29
4182,65,1291,1,1719.9600,2024-02-25,Completed,Web,0.08
4183,61,1673,2,392.0800,2024-02-25,Cancelled,App,0
4184,8,448,1,459.9800,2024-01-11,Cancelled,App,0.01
4185,54,431,5,592.0900,2024-02-15,Cancelled,Store,0.14
4186,39,1597,1,1058.2600,2024-02-27,Completed,Store,0.05
4187,89,862,5,363.6800,2024-02-19,Completed,Web,0.23
4188,80,26,5,1046.8800,2024-02-09,Completed,App,0.08
4189,99,1998,1,146.2600,2024-01-29,Cancelled,App,0.22
4190,4,1363,5,858.6100,2024-01-03,Completed,Web,0.29
4191,77,1342,2,291.3000,2024-01-07,Completed,Store,0.24
4192,70,1574,3,1078.6200,2024-01-13,Cancelled,App,0.16
4193,97,357,5,1345.8400,2024-01-06,Completed,Web,0.08
4194,36,846,3,1829.5200,2024-02-02,Completed,Web,0.29
4195,20,1362,2,1994.9300,2024-01-31,Cancelled,Store,0.04
4196,16,1064,2,1337.3700,2024-01-31,Completed,Store,0.13
4197,91,113,3,547.2800,2024-02-08,Completed,Web,0.01
4198,25,406,1,1888.3200,2024-01-27,Completed,App,0.08
4199,12,995,3,922.0800,2024-01-19,Cancelled,App,0.16
4200,21,1111,4,328.5800,2024-02-28,Completed,Web,0.19
4201,86,684,1,1321.0200,2024-03-01,Completed,Store,0.25
4202,98,1760,3,1652.4700,2024-01-18,Cancelled,Store,0.07
4203,32,155,4,469.4800,2024-01-25,Cancelled,App,0.2
4204,43,731,4,1755.7800,2024-01-31,Completed,Web,0.06
4205,55,421,5,1795.9300,2024-01-08,Cancelled,App,0.28
4206,49,504,3,1704.1700,2024-01-22,Cancelled,App,0.21
4207,100,999,3,1652.7400,2024-02-18,Cancelled,Store,0.11
4208,5,270,1,763.8200,2024-01-05,Cancelled,Store,0.01
4209,45,126,1,1272.1500,2024-01-12,Completed,Web,0.22
4210,84,1283,2,1002.4200,2024-02-28,Completed,App,0.11
4211,79,663,4,1724.8000,2024-02-04,Completed,Web,0.23
4212,10,1585,3,409.1900,2024-01-16,Completed,Web,0.15
4213,20,287,2,789.9500,2024-02-09,Cancelled,Store,0.09
4214,47,1733,4,267.0500,2024-02-14,Completed,Store,0.15
4215,44,979,2,590.3500,2024-01-26,Completed,Web,0.14
4216,28,1502,2,1850.4700,2024-01-26,Completed,Store,0.23
4217,59,583,5,868.7500,2024-01-22,Completed,Web,0.04
4218,99,86,2,191.8800,2024-01-25,Completed,App,0.07
4219,56,996,1,1539.5200,2024-02-23,Cancelled,Web,0.04
4220,13,1259,3,1544.2900,2024-01-20,Cancelled,Web,0.28
4221,91,505,5,196.9600,2024-02-12,Completed,Store,0.27
4222,100,827,1,1632.5000,2024-02-10,Cancelled,Web,0.23
4223,57,36,5,1167.6000,2024-02-10,Completed,App,0.16
4224,98,596,3,1875.8800,2024-02-01,Completed,Store,0.27
4225,70,517,2,1630.3400,2024-01-14,Cancelled,App,0.12
4226,6,332,2,215.0100,2024-01-16,Cancelled,App,0.15
4227,99,71,5,1020.2700,2024-02-24,Cancelled,Store,0.13
4228,4,1448,5,317.9000,2024-01-16,Cancelled,App,0.01
4229,94,1788,3,943.2200,2024-01-26,Cancelled,Web,0.07
4230,64,445,3,1079.5800,2024-01-08,Cancelled,App,0.23
4231,76,1565,4,450.2200,2024-01-24,Completed,Web,0.03
4232,49,523,2,1135.3100,2024-01-15,Completed,Store,0.17
4233,86,1025,5,495.1000,2024-02-10,Completed,App,0.13
4234,3,1427,2,1842.5500,2024-02-06,Cancelled,Web,0.14
4235,52,1141,4,127.6800,2024-02-19,Cancelled,App,0.05
4236,16,63,1,354.6600,2024-01-12,Completed,Store,0.25
4237,36,1320,3,1128.1900,2024-01-14,Completed,App,0.01
4238,19,194,4,848.3500,2024-02-09,Cancelled,App,0.18
4239,90,540,1,1938.2800,2024-02-24,Cancelled,App,0.27
4240,56,1467,3,904.1600,2024-03-01,Completed,Store,0.14
4241,64,1790,3,412.8300,2024-01-26,Completed,App,0.28
4242,79,1733,5,1567.8200,2024-01-14,Cancelled,Web,0.15
4243,63,1341,5,138.0500,2024-02-21,Completed,App,0.14
4244,92,1451,4,1181.5100,2024-01-24,Completed,Web,0.03
4245,70,4,2,1926.3300,2024-01-06,Cancelled,Store,0.02
4246,57,1539,2,466.8800,2024-01-16,Completed,Web,0.17
4247,85,300,3,1530.0000,2024-02-16,Completed,Store,0.18
4248,1,1983,5,1126.5300,2024-02-23,Completed,Store,0.1
4249,72,1254,3,770.9800,2024-01-05,Completed,App,0.13
4250,89,1498,4,1012.2800,2024-02-12,Completed,Store,0.01
4251,27,566,4,351.3800,2024-01-08,Cancelled,Web,0.24
4252,95,1833,4,1102.3100,2024-02-20,Completed,Store,0.28
4253,36,933,3,963.2400,2024-03-01,Cancelled,App,0.21
4254,81,1398,4,499.7700,2024-02-28,Completed,Web,0.04
4255,45,1386,5,443.8800,2024-01-03,Cancelled,Store,0.12
4256,73,1493,4,954.6300,2024-01-12,Cancelled,Store,0.02
4257,79,498,5,1522.7400,2024-01-16,Completed,Store,0
4258,92,683,5,289.6100,2024-01-06,Cancelled,Store,0.25
4259,17,622,5,905.2600,2024-02-21,Completed,Store,0.18
4260,48,419,4,907.0900,2024-01-20,Completed,Web,0.11
4261,10,465,2,674.9800,2024-01-18,Completed,Store,0.02
4262,80,1580,2,498.4000,2024-01-03,Completed,Web,0.2
4263,94,518,2,1812.5100,2024-01-16,Completed,Web,0.11
4264,45,136,4,1020.2400,2024-02-08,Completed,Store,0.03
4265,8,456,2,1236.9600,2024-01-13,Completed,App,0.24
4266,95,960,4,1328.3600,2024-01-09,Completed,Web,0.21
4267,92,600,2,1246.6400,2024-01-12,Cancelled,App,0.03
4268,90,287,3,704.6400,2024-02-12,Completed,Web,0.07
4269,73,1543,2,2069.4200,2024-01-12,Cancelled,Web,0.25
4270,5,450,3,842.3900,2024-02-01,Cancelled,App,0.21
4271,93,1368,1,1170.7300,2024-01-20,Completed,App,0.22
4272,50,855,3,758.0300,2024-01-03,Cancelled,App,0.21
4273,10,40,4,1491.6700,2024-02-20,Cancelled,Store,0.13
4274,93,1289,4,1684.6500,2024-02-10,Completed,App,0.1
4275,45,1421,1,916.7600,2024-01-05,Cancelled,Web,0.19
4276,9,1714,2,1144.3300,2024-01-24,Cancelled,App,0.16
4277,17,995,3,988.0200,2024-01-07,Completed,Web,0.04
4278,49,2,4,1560.9900,2024-01-24,Cancelled,Store,0.27
4279,52,1610,3,1895.5700,2024-02-07,Cancelled,App,0.27
4280,4,786,5,1192.7500,2024-02-18,Completed,Store,0.18
4281,2,1389,3,720.7200,2024-01-04,Completed,Web,0.2
4282,6,1404,4,1175.6500,2024-01-12,Completed,Store,0.19
4283,40,1746,1,1546.8200,2024-02-03,Cancelled,Web,0.26
4284,65,768,2,657.5000,2024-01-09,Completed,App,0.16
4285,46,1709,4,269.6400,2024-01-22,Cancelled,Web,0.21
4286,8,285,2,1069.7200,2024-02-15,Cancelled,Store,0
4287,62,1302,1,1420.7200,2024-02-27,Cancelled,Web,0.22
4288,85,20,2,1778.8200,2024-02-20,Completed,Web,0.28
4289,46,1845,5,1964.6700,2024-01-07,Cancelled,Store,0.23
4290,60,310,2,768.3100,2024-02-27,Cancelled,Store,0.15
4291,79,1822,1,512.2500,2024-02-16,Completed,Store,0.21
4292,38,137,3,1573.3000,2024-02-07,Completed,Store,0.1
4293,47,1413,4,1928.6200,2024-01-09,Cancelled,App,0.22
4294,30,287,2,1134.6800,2024-01-09,Cancelled,Web,0.21
4295,48,1824,5,1247.1200,2024-02-02,Cancelled,App,0.26
4296,51,114,3,437.3700,2024-01-28,Completed,Web,0.29
4297,21,424,4,1021.8100,2024-02-11,Completed,App,0.14
4298,94,1441,5,1689.7500,2024-02-10,Completed,Store,0.08
4299,10,1451,1,1721.5500,2024-01-12,Cancelled,Web,0.22
4300,100,1135,2,405.7100,2024-02-25,Completed,Web,0.25
4301,84,661,3,1193.7600,2024-01-31,Completed,Web,0.22
4302,79,619,1,621.5900,2024-02-11,Cancelled,Web,0.23
4303,10,1278,2,144.5400,2024-02-22,Cancelled,Web,0.03
4304,39,1254,2,614.9100,2024-01-10,Completed,Web,0.06
4305,5,1915,2,582.4800,2024-01-17,Completed,Store,0.11
4306,81,474,3,1273.6500,2024-02-01,Completed,Web,0.09
4307,90,259,2,1654.9800,2024-02-24,Completed,Web,0.14
4308,73,510,3,1853.3300,2024-01-30,Completed,Web,0.21
4309,91,206,3,1077.9100,2024-01-05,Completed,Web,0.04
4310,69,1391,2,1621.4200,2024-02-12,Completed,Store,0.26
4311,93,655,3,972.8600,2024-02-12,Completed,Web,0.01
4312,23,845,4,773.0700,2024-01-11,Cancelled,Store,0.08
4313,65,1651,1,437.3100,2024-01-07,Completed,Store,0.2
4314,4,165,5,1474.9900,2024-01-24,Cancelled,Web,0.06
4315,7,1877,1,1357.0000,2024-02-22,Cancelled,Web,0.21
4316,36,750,1,911.2300,2024-01-25,Completed,Web,0.19
4317,4,1739,3,163.1100,2024-01-29,Cancelled,Web,0.08
4318,44,1540,5,930.6200,2024-01-29,Completed,App,0.14
4319,75,1094,4,371.3800,2024-02-19,Completed,Store,0.26
4320,77,973,1,1714.1400,2024-01-02,Cancelled,Web,0.22
4321,6,1304,4,143.3600,2024-01-14,Completed,Web,0.07
4322,68,1528,1,1597.6600,2024-01-25,Completed,Store,0.01
4323,30,1115,2,457.2300,2024-01-30,Completed,App,0.17
4324,62,1443,2,1273.6700,2024-03-01,Completed,Web,0.25
4325,93,1353,3,1928.6300,2024-01-29,Completed,Store,0.04
4326,19,474,3,1860.2900,2024-02-04,Completed,Web,0.01
4327,85,23,3,1513.3700,2024-02-20,Completed,Store,0.27
4328,74,684,3,1580.3200,2024-01-14,Cancelled,Web,0.08
4329,24,235,3,836.5700,2024-01-14,Completed,App,0.02
4330,47,111,3,807.5900,2024-02-05,Cancelled,Store,0.29
4331,74,848,3,174.2900,2024-02-21,Cancelled,Web,0.21
4332,22,1711,2,1708.5400,2024-02-16,Cancelled,Web,0.26
4333,95,627,2,747.3000,2024-01-26,Cancelled,Web,0.01
4334,7,712,2,1067.8500,2024-02-11,Completed,App,0.14
4335,64,1040,3,155.2500,2024-02-28,Completed,Web,0.06
4336,82,621,4,1636.9100,2024-01-19,Completed,Web,0.08
4337,11,234,3,297.0800,2024-02-04,Completed,App,0.14
4338,53,920,3,1643.4400,2024-01-30,Cancelled,Web,0.01
4339,11,628,3,1384.4400,2024-02-24,Cancelled,Store,0.05
4340,36,1680,3,1591.0500,2024-01-01,Cancelled,App,0.29
4341,96,1949,5,276.0800,2024-02-10,Completed,Store,0.09
4342,2,95,1,1294.1600,2024-02-10,Cancelled,App,0.18
4343,61,421,1,869.9100,2024-03-01,Completed,Web,0.21
4344,77,1408,2,1707.1000,2024-02-11,Completed,Web,0.1
4345,50,72,2,1704.4200,2024-02-24,Cancelled,Store,0.29
4346,74,1982,1,456.1400,2024-01-05,Completed,Web,0.16
4347,91,1054,3,1210.3900,2024-02-28,Completed,Store,0.25
4348,58,1395,3,1678.9900,2024-01-30,Cancelled,Web,0.14
4349,68,655,1,921.8700,2024-02-08,Completed,Store,0.05
4350,74,172,2,795.0300,2024-01-12,Cancelled,Store,0.17
4351,97,1158,2,128.1800,2024-01-28,Completed,App,0.17
4352,34,1476,1,1966.7600,2024-01-18,Cancelled,Web,0.09
4353,100,765,5,698.9600,2024-02-02,Cancelled,Web,0.29
4354,80,170,2,841.4700,2024-01-19,Completed,Web,0.04
4355,60,717,5,1588.6400,2024-01-05,Completed,Web,0.22
4356,52,1782,3,314.6700,2024-02-02,Completed,Store,0.08
4357,49,61,1,133.0200,2024-01-23,Completed,Web,0.28
4358,76,1352,5,840.5500,2024-01-26,Cancelled,Store,0.1
4359,73,116,1,603.4900,2024-02-24,Completed,Web,0.04
4360,9,1275,3,789.6100,2024-01-30,Cancelled,App,0.22
4361,37,1307,2,1872.2100,2024-01-05,Completed,App,0.21
4362,12,1853,3,1935.4600,2024-01-17,Completed,App,0.23
4363,43,906,3,1233.3400,2024-02-04,Cancelled,Store,0.16
4364,7,1886,2,1927.5500,2024-02-14,Cancelled,App,0.07
4365,61,764,1,225.7600,2024-02-05,Completed,Store,0.27
4366,85,472,1,561.1400,2024-01-26,Completed,App,0.15
4367,38,1791,2,676.5600,2024-03-01,Completed,Web,0.26
4368,85,494,5,1139.5600,2024-01-12,Completed,App,0.29
4369,13,1619,3,1310.2900,2024-02-17,Completed,App,0.05
4370,16,1972,3,1815.5000,2024-02-09,Completed,Web,0.2
4371,75,1849,4,1098.8200,2024-02-22,Completed,Web,0.11
4372,96,1874,2,1052.9600,2024-02-02,Completed,App,0.04
4373,62,807,3,2144.0000,2024-01-09,Completed,Web,0.1
4374,9,460,2,1349.1500,2024-02-02,Cancelled,Store,0.03
4375,54,1206,5,1249.4300,2024-02-07,Cancelled,App,0.12
4376,52,464,1,163.4200,2024-02-21,Cancelled,Store,0.24
4377,28,228,5,691.3100,2024-01-02,Cancelled,Web,0.03
4378,41,1857,2,231.8800,2024-02-13,Cancelled,Store,0.2
4379,39,1608,1,811.4000,2024-02-26,Cancelled,Web,0.16
4380,66,888,3,574.0900,2024-01-05,Completed,App,0.09
4381,43,179,1,985.5300,2024-02-13,Cancelled,Store,0.1
4382,76,1190,3,173.7500,2024-01-22,Cancelled,Web,0.22
4383,91,766,5,1237.1200,2024-02-06,Cancelled,Web,0.1
4384,74,1800,1,683.1700,2024-01-13,Completed,Store,0.16
4385,75,594,2,386.8200,2024-01-12,Cancelled,App,0.02
4386,50,1922,3,664.7700,2024-01-24,Cancelled,App,0.3
4387,4,1046,2,216.6100,2024-02-09,Cancelled,App,0.22
4388,33,1059,1,1857.2700,2024-01-27,Cancelled,Web,0.24
4389,21,504,5,161.8000,2024-02-16,Completed,App,0.06
4390,70,414,4,237.6800,2024-01-21,Completed,App,0.04
4391,96,374,5,1976.9100,2024-01-18,Cancelled,Store,0.15
4392,9,738,1,634.3900,2024-02-21,Cancelled,App,0.06
4393,55,1926,3,1221.7900,2024-01-21,Completed,Web,0.21
4394,67,1075,5,1229.5700,2024-02-20,Cancelled,Web,0.1
4395,63,333,3,959.4900,2024-01-10,Cancelled,App,0.18
4396,100,1410,1,345.8600,2024-01-08,Completed,Web,0.1
4397,40,1849,5,1401.3500,2024-01-22,Completed,Web,0.29
4398,87,893,4,1885.8600,2024-02-28,Completed,Store,0.28
4399,3,1941,3,1075.7700,2024-01-12,Completed,Store,0.02
4400,46,531,1,1824.1300,2024-02-18,Completed,Store,0.23
4401,48,1125,3,896.9900,2024-01-16,Cancelled,App,0.19
4402,73,1338,5,1748.1500,2024-01-23,Cancelled,Web,0.22
4403,1,948,3,1991.5400,2024-01-26,Cancelled,App,0.12
4404,69,853,2,1068.9700,2024-01-28,Completed,App,0.13
4405,14,448,3,1833.3600,2024-01-12,Cancelled,App,0.22
4406,4,364,5,1967.2200,2024-01-04,Cancelled,Web,0
4407,73,134,3,818.7800,2024-02-21,Completed,App,0.19
4408,42,1095,2,1730.6300,2024-01-02,Completed,Store,0.29
4409,97,1443,5,1235.4200,2024-01-03,Completed,App,0.28
4410,37,297,5,1110.1400,2024-02-27,Cancelled,App,0.14
4411,38,1816,4,881.9300,2024-01-17,Cancelled,Web,0.06
4412,82,942,2,789.2500,2024-02-02,Cancelled,App,0.05
4413,51,236,1,1807.2500,2024-01-10,Cancelled,Web,0.02
4414,9,1988,1,698.3800,2024-01-20,Cancelled,Store,0.24
4415,66,992,1,1101.4500,2024-02-19,Completed,Store,0.07
4416,44,946,2,1522.8800,2024-01-28,Completed,App,0.14
4417,89,897,5,1855.4200,2024-02-26,Cancelled,Store,0.28
4418,39,867,5,1035.2700,2024-02-21,Cancelled,App,0.21
4419,23,1416,4,1733.2700,2024-02-25,Completed,Web,0.08
4420,23,760,4,963.1400,2024-02-06,Cancelled,App,0.25
4421,14,135,3,1864.7600,2024-01-11,Completed,App,0.25
4422,63,1812,3,1799.4600,2024-01-14,Cancelled,Store,0.21
4423,40,932,2,854.8900,2024-01-15,Cancelled,App,0.24
4424,44,605,1,116.9000,2024-02-22,Cancelled,App,0.27
4425,26,999,3,847.1500,2024-01-24,Completed,Store,0.16
4426,88,439,1,873.9900,2024-01-02,Cancelled,Store,0.24
4427,82,1497,4,645.0300,2024-01-10,Cancelled,App,0.27
4428,87,435,3,1234.1600,2024-01-02,Cancelled,Store,0.21
4429,30,1791,3,746.4100,2024-02-22,Completed,App,0.19
4430,41,489,3,831.8000,2024-02-02,Cancelled,App,0.06
4431,2,1402,1,430.2000,2024-01-26,Completed,Store,0.03
4432,29,318,3,421.0300,2024-01-10,Completed,Store,0.11
4433,7,262,4,1831.2200,2024-01-01,Cancelled,Web,0.14
4434,17,453,4,111.7100,2024-03-01,Cancelled,Web,0.07
4435,67,1720,3,1817.6900,2024-02-02,Cancelled,Web,0.18
4436,63,835,3,1100.0700,2024-02-14,Completed,App,0.14
4437,26,675,4,824.1000,2024-02-27,Cancelled,App,0.18
4438,6,1263,5,1488.7700,2024-02-14,Completed,Web,0.07
4439,84,132,1,402.0400,2024-01-30,Completed,App,0.14
4440,59,883,5,1373.7700,2024-01-15,Cancelled,Store,0.06
4441,45,405,3,574.7100,2024-02-05,Completed,Web,0.27
4442,99,321,2,663.9400,2024-02-17,Completed,Web,0.21
4443,80,962,4,119.9700,2024-02-17,Completed,Web,0.13
4444,35,419,3,1020.2600,2024-02-13,Completed,App,0.2
4445,45,690,5,1193.1200,2024-02-14,Completed,App,0.11
4446,19,1934,4,493.1100,2024-02-04,Cancelled,Web,0.23
4447,69,688,3,247.4100,2024-02-24,Cancelled,Web,0.12
4448,30,404,5,798.6900,2024-01-13,Completed,Store,0.21
4449,97,1669,4,830.4600,2024-01-10,Completed,App,0.07
4450,44,65,5,949.6200,2024-02-09,Completed,Store,0.22
4451,22,1743,1,686.5400,2024-01-18,Completed,Web,0.09
4452,66,105,1,1143.6300,2024-02-06,Completed,Store,0.02
4453,80,1350,5,1358.9200,2024-01-21,Completed,Store,0.02
4454,56,1844,5,1942.0000,2024-02-15,Completed,Store,0.24
4455,51,962,4,1243.3900,2024-01-21,Completed,App,0.23
4456,47,430,4,1228.3300,2024-01-09,Cancelled,App,0.17
4457,70,1163,3,1792.7200,2024-02-09,Completed,Store,0.23
4458,96,1240,1,1881.2400,2024-02-01,Completed,App,0.2
4459,27,1505,2,1539.4900,2024-01-29,Completed,Web,0.25
4460,21,1920,5,417.7700,2024-02-24,Cancelled,App,0.05
4461,71,1899,1,861.8400,2024-01-27,Completed,Web,0.01
4462,87,1659,2,616.2400,2024-01-02,Completed,App,0.28
4463,22,1666,3,1981.9100,2024-01-22,Completed,App,0.22
4464,26,1566,3,117.4200,2024-02-22,Cancelled,App,0.19
4465,66,61,4,944.6700,2024-02-28,Completed,App,0.03
4466,11,1561,2,644.6200,2024-02-03,Cancelled,Web,0.05
4467,5,1304,4,511.6000,2024-01-22,Cancelled,Store,0.26
4468,92,1190,1,693.4500,2024-02-03,Completed,App,0.1
4469,38,213,1,142.6400,2024-01-14,Cancelled,Store,0.04
4470,16,235,2,351.8500,2024-01-27,Completed,Web,0.02
4471,43,432,3,346.3000,2024-01-31,Cancelled,App,0.22
4472,16,1670,3,1315.1400,2024-02-06,Completed,Store,0.2
4473,7,1239,3,458.2900,2024-01-28,Completed,Store,0.02
4474,13,293,3,328.4000,2024-01-17,Completed,Store,0.03
4475,77,733,1,1519.7700,2024-01-04,Cancelled,Web,0.21
4476,67,96,1,1653.6600,2024-01-12,Completed,Store,0.1
4477,9,85,5,1443.4200,2024-03-01,Cancelled,App,0.04
4478,84,412,5,1287.3200,2024-02-13,Cancelled,Web,0.25
4479,20,1820,5,187.0200,2024-01-11,Completed,Store,0.3
4480,58,1353,2,969.4000,2024-01-30,Cancelled,Web,0.29
4481,72,996,2,239.2000,2024-02-05,Completed,Web,0.27
4482,91,664,3,204.6600,2024-02-27,Cancelled,Store,0.18
4483,100,1101,3,643.6100,2024-01-25,Completed,App,0.28
4484,93,967,4,142.9700,2024-02-07,Completed,Web,0
4485,60,1353,5,1121.3600,2024-02-23,Cancelled,Web,0.23
4486,16,510,4,878.0500,2024-02-09,Cancelled,Store,0.01
4487,27,130,5,1045.0600,2024-01-24,Completed,App,0.29
4488,28,215,1,912.7900,2024-02-05,Completed,Store,0.2
4489,79,80,4,1476.8300,2024-02-11,Cancelled,Web,0.14
4490,77,824,2,242.5700,2024-01-17,Cancelled,App,0.23
4491,82,1828,3,1140.4100,2024-01-01,Cancelled,Store,0.23
4492,48,1209,4,345.3900,2024-02-13,Cancelled,App,0.28
4493,66,1525,1,502.0800,2024-02-06,Cancelled,Store,0.01
4494,10,1588,5,202.7200,2024-02-23,Cancelled,App,0.12
4495,70,73,2,1419.2200,2024-02-01,Cancelled,App,0.25
4496,96,1037,4,1048.8200,2024-01-13,Cancelled,Web,0.15
4497,40,1792,2,1520.0300,2024-02-19,Completed,App,0.12
4498,95,1853,4,1322.2400,2024-02-16,Completed,Web,0.16
4499,79,388,5,1880.0900,2024-02-28,Completed,App,0.23
4500,67,680,3,443.2700,2024-02-27,Completed,Web,0.12
4501,31,1316,5,1823.8000,2024-01-01,Cancelled,App,0.26
4502,75,1274,4,723.5100,2024-02-29,Cancelled,App,0.22
4503,62,518,3,144.3600,2024-01-03,Completed,Store,0.07
4504,88,164,3,856.0200,2024-01-27,Cancelled,Web,0.05
4505,76,1898,4,1063.4500,2024-02-06,Cancelled,App,0.12
4506,32,175,3,1970.0300,2024-01-18,Cancelled,App,0.24
4507,100,1312,4,240.5800,2024-01-01,Completed,Store,0.03
4508,88,689,4,1365.4600,2024-02-23,Cancelled,Store,0.16
4509,64,292,5,1109.9600,2024-01-20,Cancelled,App,0.03
4510,88,933,5,407.3100,2024-01-06,Completed,Store,0.25
4511,32,512,4,1906.1400,2024-01-14,Cancelled,Web,0.25
4512,17,1330,5,1125.2400,2024-01-12,Cancelled,App,0.19
4513,57,110,4,694.8800,2024-01-03,Completed,App,0.11
4514,52,532,1,1354.2600,2024-01-22,Completed,Web,0.28
4515,65,1685,1,634.0800,2024-01-22,Completed,Store,0.12
4516,84,1717,4,509.1600,2024-01-12,Cancelled,Store,0.05
4517,34,1231,2,2457.6000,2024-01-14,Completed,App,0.2
4518,29,1611,5,1054.6700,2024-02-07,Cancelled,App,0.1
4519,81,1673,4,912.9600,2024-01-29,Completed,Web,0.02
4520,42,377,4,767.3400,2024-02-03,Completed,Store,0.2
4521,72,1516,3,436.5100,2024-01-19,Completed,App,0.18
4522,5,293,1,1649.1600,2024-01-18,Completed,Web,0.11
4523,34,574,2,926.1200,2024-02-08,Cancelled,App,0.27
4524,61,655,2,601.1900,2024-02-02,Cancelled,Web,0.03
4525,93,1731,2,1345.4100,2024-02-23,Cancelled,Store,0.21
4526,61,1410,4,288.3900,2024-02-10,Completed,Store,0.3
4527,53,149,1,1574.5100,2024-01-29,Completed,Store,0.12
4528,8,265,1,1738.0700,2024-02-19,Cancelled,Store,0.28
4529,67,921,2,1101.5600,2024-01-17,Completed,App,0.07
4530,39,442,5,1973.3900,2024-01-27,Completed,App,0.11
4531,22,1223,3,524.5100,2024-01-12,Completed,Store,0.14
4532,3,1284,3,1534.9600,2024-02-07,Cancelled,Web,0.1
4533,70,1943,4,1873.7000,2024-02-03,Cancelled,Store,0.24
4534,13,1663,4,879.8800,2024-02-11,Cancelled,Store,0.29
4535,8,541,1,1626.1000,2024-02-10,Cancelled,Store,0.19
4536,53,1663,3,1031.3000,2024-02-06,Cancelled,App,0.13
4537,66,829,3,897.3200,2024-02-20,Cancelled,Store,0.13
4538,45,792,5,1482.3100,2024-02-03,Cancelled,Web,0.07
4539,90,1936,4,2336.1700,2024-01-06,Completed,Web,0.09
4540,78,516,1,538.1900,2024-02-13,Cancelled,Web,0.18
4541,56,64,4,1472.4500,2024-01-02,Cancelled,App,0.05
4542,90,1286,4,477.9500,2024-02-15,Cancelled,Web,0.22
4543,16,1872,1,792.7400,2024-01-13,Cancelled,Web,0.11
4544,20,51,3,1269.3400,2024-01-13,Completed,Web,0.25
4545,59,93,5,1612.5500,2024-01-28,Cancelled,Store,0.23
4546,75,103,5,524.2900,2024-02-14,Completed,Web,0.26
4547,7,819,2,1639.4100,2024-01-15,Cancelled,App,0.26
4548,21,1832,4,437.7700,2024-02-03,Completed,Web,0.02
4549,49,1234,4,1738.7400,2024-02-02,Completed,Store,0.1
4550,92,1082,1,1965.9100,2024-01-11,Cancelled,Store,0.24
4551,62,1852,4,953.4200,2024-01-04,Completed,Web,0.17
4552,43,1483,2,1946.7300,2024-02-09,Completed,Web,0.04
4553,71,1086,3,1846.2600,2024-01-11,Cancelled,App,0.28
4554,66,1744,2,824.5800,2024-02-11,Completed,App,0.02
4555,10,1887,4,1509.3800,2024-02-05,Completed,Web,0.22
4556,75,599,2,1569.7600,2024-02-27,Cancelled,Web,0.08
4557,21,1746,2,790.5400,2024-02-05,Completed,Store,0.25
4558,64,83,3,1347.8900,2024-02-08,Cancelled,Web,0.28
4559,74,1585,3,615.4900,2024-01-21,Cancelled,Web,0.26
4560,84,1074,2,920.9800,2024-01-24,Completed,Web,0.2
4561,77,1179,4,261.7900,2024-01-07,Completed,App,0.28
4562,98,1360,4,818.4300,2024-02-19,Cancelled,Web,0.28
4563,31,848,2,1391.3800,2024-01-11,Completed,Web,0.18
4564,44,686,5,534.2200,2024-01-10,Cancelled,Web,0.24
4565,15,1620,2,1188.0500,2024-02-09,Completed,Web,0.26
4566,76,690,3,207.8100,2024-02-08,Completed,App,0.28
4567,37,1462,2,1530.5000,2024-02-08,Cancelled,App,0.24
4568,2,1324,3,426.3300,2024-02-06,Completed,App,0.15
4569,24,492,2,1918.2100,2024-01-03,Cancelled,Store,0.12
4570,56,301,3,1246.5300,2024-01-06,Cancelled,Web,0.27
4571,62,362,5,620.5500,2024-02-08,Cancelled,App,0.25
4572,39,744,4,1118.0000,2024-02-15,Cancelled,Store,0.06
4573,24,325,5,449.3900,2024-01-31,Completed,App,0.24
4574,53,925,2,1063.2200,2024-01-23,Completed,Web,0.01
4575,17,1086,1,967.6700,2024-02-05,Cancelled,Web,0.13
4576,58,1847,4,163.0300,2024-01-27,Cancelled,Web,0.2
4577,64,1194,5,617.2000,2024-02-17,Cancelled,Store,0.21
4578,98,899,1,1634.4500,2024-02-24,Cancelled,App,0.2
4579,48,324,4,264.5200,2024-01-29,Completed,App,0.26
4580,69,1088,4,135.5500,2024-02-26,Completed,App,0.07
4581,24,569,5,1172.7400,2024-01-29,Cancelled,App,0.29
4582,72,1401,4,586.5000,2024-02-12,Cancelled,Store,0.11
4583,21,1563,5,1503.2000,2024-02-29,Completed,Web,0.24
4584,61,691,3,707.2800,2024-02-06,Cancelled,Store,0.26
4585,33,396,5,1984.7100,2024-01-17,Completed,App,0.12
4586,32,617,3,1767.1100,2024-01-07,Completed,Store,0.23
4587,1,1989,5,1951.1900,2024-01-07,Cancelled,Web,0.03
4588,9,813,2,1746.4400,2024-02-18,Cancelled,Web,0.23
4589,89,1487,4,957.8400,2024-01-07,Completed,Store,0.01
4590,43,1727,1,181.4500,2024-02-05,Cancelled,Web,0.16
4591,80,189,2,2112.6700,2024-01-01,Completed,Store,0.15
4592,21,3,2,119.9600,2024-02-14,Cancelled,App,0.06
4593,49,717,4,1273.2200,2024-02-19,Cancelled,Web,0.27
4594,12,1470,3,524.8900,2024-02-05,Cancelled,Store,0.03
4595,9,1258,1,1320.7800,2024-01-19,Completed,Web,0.09
4596,8,608,4,1183.9400,2024-02-19,Cancelled,App,0.02
4597,2,483,3,357.7900,2024-02-26,Completed,App,0.08
4598,1,569,5,1587.4900,2024-02-22,Completed,App,0.14
4599,38,581,4,322.0400,2024-02-27,Cancelled,Web,0.21
4600,69,1108,1,630.5600,2024-02-08,Completed,Web,0.14
4601,86,661,3,867.8900,2024-01-28,Cancelled,Web,0.01
4602,1,837,3,481.6900,2024-01-31,Cancelled,App,0.03
4603,18,1055,1,2120.5600,2024-01-07,Completed,App,0.21
4604,54,325,5,1309.9700,2024-02-29,Completed,App,0.2
4605,18,696,3,227.5700,2024-02-19,Cancelled,Store,0.06
4606,1,604,3,951.7400,2024-02-10,Cancelled,App,0.22
4607,18,631,1,369.5000,2024-01-17,Completed,Web,0.09
4608,35,1253,3,597.9500,2024-02-11,Cancelled,Store,0.11
4609,92,246,1,1568.8500,2024-01-16,Cancelled,Web,0.2
4610,38,1112,4,1096.9100,2024-02-24,Completed,App,0.02
4611,24,954,3,1388.7700,2024-01-22,Cancelled,App,0.29
4612,31,1435,2,1495.2000,2024-02-10,Completed,Web,0.08
4613,68,729,3,1044.8300,2024-03-01,Completed,App,0.13
4614,98,823,2,1177.9700,2024-02-03,Cancelled,Store,0.29
4615,8,997,3,1572.3900,2024-01-30,Cancelled,Store,0.16
4616,25,1592,1,1737.8900,2024-01-29,Completed,Store,0.1
4617,86,286,1,1743.9300,2024-02-16,Cancelled,Web,0.03
4618,91,1298,5,119.7600,2024-01-11,Cancelled,Web,0.12
4619,77,1610,5,810.5400,2024-01-13,Cancelled,Store,0.18
4620,88,961,1,983.3700,2024-01-04,Cancelled,App,0.16
4621,17,878,5,1409.4900,2024-03-01,Completed,App,0.1
4622,33,914,1,745.3500,2024-02-05,Cancelled,App,0.21
4623,81,959,4,1028.1300,2024-02-18,Completed,Store,0.14
4624,87,661,5,1597.2900,2024-01-08,Completed,Store,0.09
4625,27,1074,3,1118.6700,2024-02-06,Completed,Web,0.3
4626,99,1991,5,198.1000,2024-02-09,Completed,Web,0.2
4627,93,194,4,1254.1200,2024-01-18,Completed,Web,0.24
4628,25,1381,2,310.8000,2024-01-30,Cancelled,App,0.13
4629,44,609,5,1177.0800,2024-01-14,Completed,Store,0.22
4630,53,1075,5,1065.4800,2024-01-28,Completed,Store,0.08
4631,10,1831,3,464.7000,2024-01-08,Cancelled,App,0.26
4632,15,1653,5,1291.5600,2024-02-21,Completed,Store,0.17
4633,25,849,2,163.1100,2024-01-29,Completed,App,0.25
4634,53,1882,5,1620.8800,2024-01-06,Completed,App,0.26
4635,76,832,4,200.5400,2024-02-27,Completed,Store,0.1
4636,12,82,4,1377.7100,2024-02-19,Completed,Store,0.1
4637,10,370,3,1097.8700,2024-02-05,Cancelled,Web,0.08
4638,7,1309,5,1215.7000,2024-02-19,Cancelled,Store,0.26
4639,16,1760,1,1614.6600,2024-01-18,Cancelled,Store,0.05
4640,60,1954,3,891.9000,2024-01-08,Completed,App,0.27
4641,59,1172,2,1998.9400,2024-01-12,Cancelled,App,0.03
4642,71,1175,4,876.6500,2024-01-19,Cancelled,Store,0.23
4643,18,491,3,1414.2900,2024-02-02,Completed,Store,0.15
4644,60,400,5,1942.6500,2024-01-05,Cancelled,Store,0.23
4645,35,1940,4,1581.0100,2024-01-13,Completed,Store,0.1
4646,3,1450,1,365.8200,2024-01-24,Cancelled,App,0.14
4647,80,249,4,1668.7500,2024-02-04,Completed,App,0.14
4648,84,1319,4,614.2900,2024-01-19,Completed,Web,0.28
4649,23,800,5,901.8000,2024-02-23,Cancelled,Web,0.28
4650,32,1998,5,1407.1700,2024-01-08,Cancelled,Store,0.17
4651,55,633,1,1962.4100,2024-01-17,Cancelled,App,0.02
4652,3,1156,1,785.6900,2024-01-01,Completed,Web,0.23
4653,76,987,5,1555.1100,2024-01-24,Cancelled,Web,0.15
4654,57,811,2,2079.7900,2024-01-28,Cancelled,Store,0.01
4655,3,191,1,447.2100,2024-02-23,Completed,Store,0.26
4656,77,658,1,1726.0700,2024-01-11,Cancelled,Web,0.11
4657,52,1083,3,694.9200,2024-01-18,Completed,Web,0.26
4658,82,475,1,544.6600,2024-01-11,Completed,Store,0
4659,68,391,2,1556.9000,2024-01-04,Completed,Store,0.16
4660,53,1065,4,1512.8300,2024-01-20,Completed,Store,0.28
4661,49,1009,5,1921.7200,2024-01-07,Cancelled,Web,0.07
4662,19,782,4,1403.0800,2024-02-13,Completed,Web,0.09
4663,73,1371,2,1428.4400,2024-01-27,Completed,Web,0
4664,8,679,5,106.6800,2024-01-31,Cancelled,Web,0.05
4665,2,457,1,1862.6400,2024-01-20,Completed,Web,0.19
4666,90,1426,1,129.8800,2024-01-04,Completed,Store,0.21
4667,70,470,5,584.0700,2024-01-26,Cancelled,Store,0.03
4668,79,1287,5,104.6100,2024-02-17,Cancelled,Store,0.15
4669,56,909,5,1229.7600,2024-02-13,Completed,Web,0.04
4670,53,438,3,1298.8300,2024-01-08,Completed,Store,0.19
4671,54,53,3,1384.5100,2024-02-06,Cancelled,Web,0.12
4672,18,1969,3,310.4500,2024-02-25,Completed,App,0.19
4673,21,524,1,915.7700,2024-01-07,Completed,App,0.1
4674,43,989,4,1454.2500,2024-02-21,Cancelled,Web,0.03
4675,81,1640,2,1471.8700,2024-01-29,Cancelled,Web,0.11
4676,100,1832,4,1485.4100,2024-02-21,Cancelled,Store,0.19
4677,3,1496,1,755.2200,2024-01-01,Cancelled,Store,0.15
4678,92,1671,4,456.9300,2024-02-02,Cancelled,Web,0.28
4679,41,1764,5,1407.3300,2024-02-13,Cancelled,App,0.11
4680,48,425,2,1075.7400,2024-01-18,Completed,App,0.29
4681,25,757,4,564.5000,2024-02-16,Cancelled,Store,0.08
4682,7,1170,5,822.1600,2024-01-02,Cancelled,Store,0.17
4683,23,103,2,126.4200,2024-02-26,Completed,App,0.13
4684,45,969,5,1584.2400,2024-01-04,Cancelled,App,0.14
4685,17,215,2,1961.6900,2024-01-29,Completed,Store,0.29
4686,43,287,3,491.6000,2024-02-19,Cancelled,App,0.07
4687,92,1061,5,1525.5300,2024-01-21,Completed,App,0.24
4688,16,51,1,693.0800,2024-02-25,Completed,Web,0.04
4689,41,1380,5,728.3200,2024-02-06,Completed,App,0.06
4690,60,1929,4,923.7100,2024-02-01,Cancelled,Web,0.08
4691,46,1593,1,1016.3800,2024-02-23,Completed,Web,0.11
4692,39,1098,4,243.1000,2024-02-04,Cancelled,Web,0.17
4693,74,1847,4,1359.2100,2024-02-25,Completed,Web,0.19
4694,65,1774,1,1989.1900,2024-01-23,Completed,Web,0.17
4695,39,1253,5,366.3200,2024-01-05,Cancelled,App,0.01
4696,99,401,5,1319.9600,2024-01-05,Completed,App,0.04
4697,2,1668,5,956.8100,2024-01-02,Completed,Web,0.21
4698,54,1416,3,999.1200,2024-02-23,Completed,Store,0.22
4699,79,1845,3,170.9200,2024-02-10,Completed,Web,0.04
4700,28,579,2,2218.1800,2024-02-22,Cancelled,App,0.26
4701,64,284,5,1855.7100,2024-01-21,Cancelled,Web,0.13
4702,33,401,1,1586.8500,2024-01-05,Cancelled,Web,0.05
4703,7,1506,2,1711.1000,2024-02-19,Cancelled,Web,0.07
4704,14,826,4,1318.3300,2024-02-28,Cancelled,App,0.01
4705,73,1218,1,836.5600,2024-01-29,Completed,App,0.01
4706,57,1964,1,956.2800,2024-01-28,Cancelled,Web,0.16
4707,19,851,5,1751.9600,2024-01-22,Cancelled,Web,0.29
4708,51,1056,1,710.2400,2024-02-05,Completed,Store,0.16
4709,15,1637,5,243.3000,2024-02-09,Cancelled,Web,0.08
4710,35,1238,2,135.2800,2024-01-21,Cancelled,App,0
4711,83,229,3,801.0300,2024-02-27,Cancelled,Web,0.17
4712,65,206,1,861.6500,2024-01-14,Completed,App,0.08
4713,5,763,4,1311.4300,2024-01-10,Completed,Store,0.21
4714,69,1363,4,691.9000,2024-01-31,Completed,Store,0.07
4715,3,1538,1,217.9900,2024-02-10,Completed,Web,0.21
4716,48,1018,5,200.3600,2024-01-14,Completed,Store,0.08
4717,17,974,5,1693.0800,2024-01-04,Cancelled,App,0.07
4718,12,604,4,1281.5600,2024-02-22,Completed,Store,0.27
4719,23,1691,2,162.1200,2024-02-07,Completed,Store,0.13
4720,6,361,4,319.0000,2024-01-20,Completed,App,0.15
4721,21,1601,1,1296.0200,2024-02-25,Cancelled,Web,0.01
4722,81,1332,5,491.0900,2024-01-13,Completed,Store,0.08
4723,99,1048,1,1026.6300,2024-02-04,Cancelled,App,0.19
4724,49,831,3,810.5100,2024-01-11,Completed,Store,0.22
4725,72,837,5,1603.2900,2024-01-12,Completed,App,0.16
4726,2,347,3,1154.6100,2024-01-18,Completed,Store,0.09
4727,39,220,5,438.5700,2024-02-07,Cancelled,Store,0.29
4728,59,1958,1,1301.5000,2024-01-02,Cancelled,Store,0.11
4729,51,330,2,1234.1100,2024-02-19,Completed,Store,0.19
4730,49,1010,4,427.5900,2024-02-16,Completed,App,0.1
4731,39,541,4,1767.4000,2024-02-09,Cancelled,Web,0.13
4732,73,294,3,463.0400,2024-02-20,Completed,Web,0.24
4733,40,1141,4,1742.3100,2024-01-06,Cancelled,Store,0.13
4734,45,1691,4,824.9800,2024-01-08,Completed,Store,0.14
4735,41,113,3,1881.3900,2024-02-07,Cancelled,Web,0.05
4736,29,696,2,517.4100,2024-01-28,Completed,Store,0.11
4737,15,839,3,1541.1900,2024-02-06,Cancelled,Web,0.23
4738,21,733,2,635.8100,2024-02-24,Cancelled,App,0.1
4739,96,214,3,853.5200,2024-02-10,Completed,Web,0.2
4740,15,319,4,1875.8500,2024-01-18,Completed,Store,0.16
4741,78,424,1,605.2600,2024-01-11,Cancelled,App,0.2
4742,53,346,5,192.4200,2024-01-31,Completed,App,0.11
4743,71,603,3,1302.7700,2024-02-10,Cancelled,App,0.13
4744,22,1006,2,1712.6700,2024-01-02,Completed,Store,0.19
4745,36,571,4,1660.3300,2024-01-01,Cancelled,Store,0.08
4746,85,1889,4,624.5300,2024-01-13,Cancelled,App,0
4747,44,477,3,1771.2500,2024-01-05,Cancelled,Store,0.03
4748,99,1858,3,693.9500,2024-01-25,Completed,Web,0.18
4749,27,19,5,989.2200,2024-02-29,Cancelled,Web,0.26
4750,32,326,3,1851.1400,2024-01-12,Completed,Web,0.09
4751,83,973,5,494.7000,2024-02-25,Cancelled,App,0.1
4752,1,108,4,1997.1400,2024-02-17,Completed,Store,0.27
4753,87,1272,3,1897.8800,2024-01-24,Completed,Store,0.02
4754,8,1486,1,113.9100,2024-01-28,Cancelled,App,0.25
4755,37,850,4,1479.4300,2024-02-12,Completed,App,0.25
4756,49,476,3,1412.9500,2024-01-24,Completed,Store,0.09
4757,33,1905,1,1076.5900,2024-02-22,Cancelled,Store,0.23
4758,37,811,5,1749.3200,2024-01-24,Cancelled,Store,0.01
4759,75,599,5,1016.1400,2024-01-12,Completed,Store,0.07
4760,5,1203,1,1934.2400,2024-01-29,Completed,Web,0.3
4761,15,1516,5,134.8800,2024-02-18,Cancelled,App,0.19
4762,41,104,1,1327.3400,2024-01-03,Completed,Store,0.04
4763,93,1267,4,400.8900,2024-02-03,Completed,App,0.09
4764,80,1392,4,833.7500,2024-02-05,Cancelled,Store,0.07
4765,56,1748,4,1189.6600,2024-02-29,Completed,Store,0.2
4766,75,595,2,1170.1900,2024-02-16,Completed,App,0.13
4767,21,1643,2,396.9300,2024-01-23,Completed,Store,0.07
4768,91,1174,3,685.1500,2024-01-22,Cancelled,Web,0.28
4769,75,1195,4,1826.0800,2024-01-22,Cancelled,Web,0.18
4770,63,1078,1,505.5700,2024-01-01,Cancelled,Web,0.13
4771,21,95,4,1817.9500,2024-02-09,Cancelled,Store,0.18
4772,37,1520,3,1369.2200,2024-01-13,Completed,Web,0.04
4773,63,1383,5,1896.9500,2024-01-21,Cancelled,App,0.2
4774,21,590,5,989.3000,2024-01-31,Cancelled,Store,0.19
4775,98,1370,3,201.7500,2024-02-15,Cancelled,App,0.04
4776,92,1173,5,1846.8600,2024-01-02,Cancelled,Store,0.25
4777,33,545,4,1653.9900,2024-01-16,Cancelled,Store,0.05
4778,3,1042,1,1301.0400,2024-02-15,Cancelled,Web,0.21
4779,64,506,1,1417.6100,2024-01-18,Completed,Store,0.19
4780,37,1016,4,551.5700,2024-02-13,Cancelled,Web,0.25
4781,44,1745,3,751.5700,2024-02-03,Completed,Web,0.16
4782,29,254,4,339.7400,2024-02-27,Completed,Store,0.09
4783,32,390,5,1882.1600,2024-01-26,Completed,App,0.14
4784,14,1549,5,289.2500,2024-01-26,Completed,App,0.12
4785,66,191,2,1803.3500,2024-01-13,Cancelled,App,0.08
4786,98,1673,3,1682.0900,2024-02-15,Cancelled,Web,0.16
4787,85,408,4,818.8700,2024-01-30,Cancelled,App,0.26
4788,27,799,3,850.5900,2024-02-19,Cancelled,App,0.24
4789,38,1035,1,1812.8600,2024-01-14,Completed,Store,0.1
4790,59,1772,5,664.7300,2024-02-25,Cancelled,Store,0.13
4791,90,84,3,764.9700,2024-01-07,Completed,App,0.18
4792,80,1310,2,1006.2100,2024-01-08,Completed,Store,0.09
4793,50,1031,1,1848.6400,2024-02-21,Completed,Store,0.13
4794,87,557,5,860.0900,2024-02-23,Cancelled,Web,0.27
4795,21,762,1,1491.9300,2024-02-28,Cancelled,Store,0.11
4796,97,1674,3,536.9200,2024-02-19,Cancelled,Store,0.15
4797,57,1502,3,1384.1100,2024-02-08,Cancelled,App,0.27
4798,49,1932,1,2004.0100,2024-02-05,Completed,Web,0.19
4799,35,1577,4,537.9900,2024-02-19,Cancelled,Web,0.13
4800,3,407,5,275.7400,2024-02-20,Cancelled,App,0.13
4801,60,1266,3,258.2500,2024-01-26,Cancelled,App,0.09
4802,67,1739,5,586.0000,2024-02-22,Completed,Web,0.24
4803,56,1435,3,1883.1700,2024-01-10,Completed,Store,0.16
4804,71,1117,1,1762.3200,2024-02-10,Completed,Web,0.07
4805,34,1532,3,824.9500,2024-02-11,Completed,Store,0.06
4806,7,939,2,1999.3500,2024-02-23,Cancelled,Web,0.08
4807,62,344,3,1793.8600,2024-02-12,Completed,Web,0.02
4808,25,1038,1,780.4800,2024-01-25,Cancelled,Store,0.29
4809,99,1571,1,410.2800,2024-02-20,Cancelled,Store,0.05
4810,72,209,5,1518.7800,2024-03-01,Cancelled,Web,0.04
4811,5,1153,3,1039.1300,2024-01-06,Cancelled,Web,0.26
4812,32,595,1,583.8300,2024-01-05,Cancelled,Store,0.16
4813,92,327,3,1521.3100,2024-01-12,Completed,Store,0.11
4814,17,664,1,2399.0800,2024-01-30,Cancelled,Web,0.04
4815,11,1962,4,1823.7900,2024-02-19,Completed,Web,0.21
4816,90,1853,2,1458.4900,2024-01-02,Completed,Store,0.25
4817,7,835,3,211.3100,2024-02-24,Completed,Store,0.2
4818,27,1173,3,1741.6400,2024-02-10,Completed,App,0.24
4819,54,1840,3,1574.8300,2024-02-18,Completed,Store,0.13
4820,31,430,2,317.3200,2024-01-31,Cancelled,Web,0.17
4821,58,1619,2,1613.6900,2024-01-17,Completed,Web,0.13
4822,44,1730,5,283.8500,2024-01-12,Completed,App,0.26
4823,78,1301,2,1170.7800,2024-02-17,Completed,Web,0.16
4824,57,692,4,295.6200,2024-01-17,Cancelled,Web,0.01
4825,30,1946,2,293.2800,2024-01-18,Completed,Store,0.27
4826,74,1557,5,1639.2500,2024-01-14,Completed,Store,0.06
4827,99,1793,3,590.0300,2024-02-18,Completed,App,0.22
4828,40,769,2,983.3900,2024-02-28,Completed,App,0.07
4829,83,1921,5,932.7400,2024-02-15,Cancelled,App,0.3
4830,92,531,3,261.4500,2024-01-08,Cancelled,Web,0.16
4831,48,1210,2,1506.9300,2024-02-28,Cancelled,App,0.14
4832,55,1564,2,1666.5600,2024-01-19,Cancelled,Web,0.3
4833,70,149,4,257.4700,2024-02-29,Completed,App,0.06
4834,41,1746,5,1725.2600,2024-01-21,Completed,Web,0.18
4835,87,1307,3,965.4700,2024-01-20,Cancelled,Store,0.05
4836,62,263,4,1903.2100,2024-02-05,Cancelled,App,0.15
4837,73,467,1,1346.4400,2024-01-06,Completed,Store,0.02
4838,9,1375,1,374.8100,2024-02-07,Completed,Web,0.24
4839,51,626,5,313.9500,2024-02-02,Completed,Web,0.24
4840,3,301,5,723.4400,2024-01-24,Cancelled,Web,0.03
4841,76,1707,1,1687.8000,2024-02-11,Completed,App,0.13
4842,94,408,5,113.4500,2024-01-07,Completed,Web,0.05
4843,68,1735,2,774.6600,2024-01-10,Completed,Store,0.24
4844,42,379,5,1176.7400,2024-01-03,Cancelled,App,0.08
4845,44,1970,2,1759.0300,2024-01-26,Cancelled,Web,0.16
4846,26,913,4,749.2400,2024-02-29,Completed,Web,0.14
4847,29,1728,2,739.1900,2024-02-04,Cancelled,Store,0.19
4848,10,1135,4,1082.3400,2024-01-05,Completed,App,0
4849,28,197,3,305.8100,2024-02-04,Completed,Store,0.12
4850,63,238,1,444.1500,2024-01-30,Completed,Web,0.17
4851,33,1289,2,531.0400,2024-01-15,Completed,Store,0.28
4852,39,181,1,838.6200,2024-01-24,Cancelled,Web,0.14
4853,74,1379,4,566.6200,2024-02-22,Completed,Web,0.12
4854,34,740,2,1455.2200,2024-01-01,Cancelled,App,0.25
4855,69,833,3,1170.7600,2024-01-04,Cancelled,App,0.16
4856,100,1925,4,305.9600,2024-02-18,Cancelled,App,0.13
4857,94,1302,1,522.8100,2024-01-30,Cancelled,Store,0.07
4858,73,1582,4,1438.4500,2024-02-15,Completed,Store,0.2
4859,61,872,2,1926.1200,2024-01-07,Cancelled,Web,0.05
4860,100,1704,1,927.4300,2024-01-04,Cancelled,App,0.2
4861,52,1003,1,1078.9600,2024-03-01,Completed,Store,0.2
4862,13,401,5,622.0100,2024-02-10,Completed,Web,0.08
4863,95,438,2,248.9000,2024-01-09,Cancelled,Web,0.28
4864,72,447,1,835.9800,2024-01-09,Completed,App,0.18
4865,91,1935,5,1732.8000,2024-02-23,Cancelled,Web,0.29
4866,8,1490,3,1603.3700,2024-02-23,Cancelled,Web,0.2
4867,55,968,5,1954.7400,2024-02-26,Completed,App,0.25
4868,16,1101,4,269.0500,2024-02-29,Completed,Store,0.08
4869,58,722,5,403.1500,2024-01-08,Cancelled,Store,0.05
4870,53,1682,1,809.5200,2024-02-02,Completed,App,0.03
4871,86,611,3,1676.4500,2024-02-21,Cancelled,Web,0.2
4872,24,1331,3,1583.1000,2024-02-03,Completed,Store,0.12
4873,62,11,3,550.5600,2024-02-20,Completed,Store,0.28
4874,72,473,2,513.2000,2024-01-18,Completed,Web,0.22
4875,30,1145,2,555.3600,2024-01-15,Completed,Web,0
4876,89,1736,1,1214.1800,2024-01-16,Completed,Store,0.29
4877,88,1884,5,1599.0300,2024-02-27,Completed,Store,0.25
4878,39,263,3,400.7600,2024-01-01,Completed,App,0.27
4879,42,889,5,1469.0200,2024-01-03,Completed,Store,0.13
4880,61,1769,1,389.6000,2024-01-27,Cancelled,Web,0.24
4881,43,1527,1,1822.6300,2024-02-11,Cancelled,Web,0.18
4882,57,551,1,1493.5100,2024-02-07,Completed,Web,0.1
4883,94,340,1,1111.9000,2024-02-04,Completed,Store,0.15
4884,64,273,5,1134.1700,2024-01-18,Cancelled,Web,0.27
4885,78,1767,1,1786.7500,2024-02-20,Completed,Store,0.19
4886,61,35,3,1505.6600,2024-01-30,Cancelled,Web,0.3
4887,18,155,4,789.1800,2024-01-09,Cancelled,App,0.05
4888,49,1335,2,570.1600,2024-02-15,Completed,Web,0.26
4889,74,1520,1,1834.3700,2024-01-13,Cancelled,App,0.27
4890,88,1543,1,1402.5700,2024-02-25,Completed,App,0.13
4891,39,1830,3,592.1800,2024-01-01,Cancelled,Store,0.16
4892,43,1262,1,636.1700,2024-01-30,Cancelled,Web,0.09
4893,14,128,4,1545.1600,2024-01-03,Cancelled,Web,0.01
4894,20,1995,4,425.3100,2024-01-22,Cancelled,Web,0.18
4895,20,709,3,416.7700,2024-02-12,Cancelled,Store,0.18
4896,19,21,3,1166.4400,2024-02-17,Completed,App,0.04
4897,67,1974,5,1146.5700,2024-01-03,Completed,Store,0.16
4898,17,1732,2,969.0100,2024-02-28,Completed,Web,0.19
4899,99,20,2,1528.5500,2024-01-29,Completed,Store,0.05
4900,6,1326,4,1159.8600,2024-01-29,Completed,Store,0.11
4901,23,491,1,431.7200,2024-02-03,Cancelled,Store,0
4902,51,268,5,217.0700,2024-02-15,Cancelled,Store,0.1
4903,54,142,3,1232.4300,2024-01-16,Completed,Web,0.28
4904,65,1595,4,242.9800,2024-01-28,Cancelled,Store,0.12
4905,11,1499,2,233.8800,2024-02-25,Cancelled,Store,0.19
4906,54,1618,2,236.0800,2024-02-08,Cancelled,App,0.07
4907,22,65,4,1483.8000,2024-01-10,Completed,Web,0.04
4908,20,31,4,1456.8900,2024-02-23,Completed,Web,0.05
4909,64,1643,2,605.6800,2024-02-14,Completed,Store,0.21
4910,57,1810,3,1643.9900,2024-01-02,Cancelled,App,0.04
4911,2,1964,1,1930.8800,2024-01-06,Cancelled,Web,0.24
4912,89,723,1,1755.1700,2024-02-22,Completed,App,0.15
4913,27,887,3,1067.8000,2024-02-05,Cancelled,App,0.18
4914,56,1475,3,1351.9000,2024-01-18,Cancelled,Web,0.02
4915,96,510,1,846.1800,2024-01-27,Cancelled,Web,0.04
4916,79,1540,3,833.1200,2024-02-16,Completed,App,0.21
4917,66,1301,2,417.6200,2024-01-26,Completed,Store,0.07
4918,29,1129,1,746.3100,2024-01-10,Cancelled,Store,0.21
4919,100,1310,5,1309.7400,2024-02-23,Cancelled,Store,0.04
4920,50,1651,3,1196.6800,2024-01-06,Cancelled,Store,0.28
4921,100,693,1,221.9100,2024-02-28,Cancelled,App,0.07
4922,75,264,1,241.5100,2024-02-07,Completed,App,0.08
4923,80,1203,4,693.0400,2024-02-19,Completed,App,0.09
4924,21,1144,4,725.7600,2024-02-28,Cancelled,Web,0.16
4925,2,79,5,1340.5100,2024-01-18,Cancelled,Store,0.06
4926,70,917,2,132.9300,2024-02-01,Cancelled,Store,0.06
4927,71,658,4,547.0300,2024-01-27,Completed,App,0.06
4928,54,464,2,1112.5700,2024-01-13,Cancelled,Web,0.1
4929,17,247,3,1995.9500,2024-01-15,Cancelled,Web,0.28
4930,70,880,2,169.2600,2024-01-18,Completed,Store,0.25
4931,74,881,5,336.2600,2024-01-05,Completed,Web,0.12
4932,88,1168,1,307.1900,2024-02-11,Cancelled,App,0.01
4933,90,728,3,615.2300,2024-01-23,Cancelled,Store,0.22
4934,51,573,3,494.1400,2024-02-09,Completed,Store,0.26
4935,68,784,5,1059.3700,2024-01-02,Cancelled,Web,0.12
4936,15,1772,5,1956.1100,2024-01-18,Cancelled,Web,0.21
4937,90,1932,4,1710.1700,2024-02-20,Completed,App,0.2
4938,78,217,3,1918.6700,2024-02-06,Completed,Web,0.19
4939,6,1602,4,471.8400,2024-02-01,Completed,Store,0.14
4940,68,949,5,1866.7900,2024-02-23,Completed,Web,0.08
4941,81,1350,1,1078.9900,2024-01-10,Completed,App,0.01
4942,58,1135,5,958.0200,2024-02-17,Completed,Store,0.17
4943,44,1433,2,874.2500,2024-01-26,Cancelled,Store,0.12
4944,17,994,1,1949.0900,2024-01-29,Completed,App,0.02
4945,49,1968,2,1398.8700,2024-01-01,Cancelled,Web,0.27
4946,88,321,5,1231.4800,2024-02-13,Completed,Store,0.12
4947,63,1641,3,1314.7500,2024-02-22,Cancelled,App,0.22
4948,15,1737,4,1448.3500,2024-01-05,Completed,Web,0.03
4949,12,466,4,1284.7300,2024-01-22,Cancelled,Web,0.13
4950,94,1712,4,1855.6600,2024-01-05,Cancelled,Web,0.17
4951,59,541,1,759.8400,2024-02-13,Completed,Store,0
4952,19,1950,5,1665.4200,2024-01-29,Cancelled,App,0.1
4953,95,1585,4,747.4300,2024-01-22,Cancelled,Store,0.13
4954,26,1263,4,1725.1600,2024-01-28,Cancelled,App,0.23
4955,91,875,3,1220.9600,2024-01-19,Completed,Store,0.28
4956,57,1332,5,1022.1300,2024-02-27,Cancelled,Store,0.2
4957,31,709,2,1272.9400,2024-01-18,Cancelled,Store,0.21
4958,71,1724,5,924.8200,2024-02-12,Cancelled,Web,0.24
4959,59,1151,2,1501.6500,2024-01-06,Cancelled,Store,0.24
4960,42,1711,5,1790.6300,2024-02-25,Completed,Web,0.03
4961,43,472,1,647.1700,2024-02-07,Completed,App,0.03
4962,32,1618,1,725.0600,2024-02-11,Completed,App,0.26
4963,48,609,4,1441.9200,2024-01-09,Cancelled,Web,0.12
4964,100,545,2,1187.8800,2024-02-23,Cancelled,Web,0.01
4965,86,1408,5,1300.4400,2024-02-15,Completed,Store,0.04
4966,96,36,3,555.4700,2024-02-17,Completed,Store,0.16
4967,58,1114,4,395.4000,2024-01-20,Cancelled,App,0.1
4968,84,562,5,127.0600,2024-01-05,Completed,Web,0.08
4969,94,1022,3,1489.6500,2024-01-13,Cancelled,App,0.19
4970,28,526,5,484.7400,2024-02-20,Completed,Web,0.2
4971,10,769,5,378.7900,2024-01-12,Completed,App,0.29
4972,54,769,5,1506.6800,2024-02-09,Completed,Web,0.21
4973,34,711,1,419.1500,2024-02-06,Cancelled,Web,0.03
4974,30,1,5,188.4300,2024-02-11,Cancelled,Web,0.12
4975,80,1566,1,1024.8000,2024-01-25,Cancelled,App,0.29
4976,86,697,2,370.0600,2024-01-18,Completed,Web,0.08
4977,4,553,3,318.5500,2024-02-25,Completed,Store,0.28
4978,15,1618,4,954.0900,2024-02-15,Cancelled,App,0.05
4979,18,1060,5,1991.6400,2024-02-10,Completed,App,0.24
4980,57,767,5,544.7900,2024-01-20,Cancelled,Web,0.09
4981,51,1297,1,950.3900,2024-02-25,Completed,Store,0.25
4982,30,695,3,1557.7700,2024-01-15,Completed,Store,0.24
4983,11,1190,3,862.1900,2024-01-10,Cancelled,Web,0.06
4984,22,1274,1,176.5600,2024-02-21,Completed,App,0.02
4985,47,776,1,1836.0800,2024-02-06,Cancelled,App,0.2
4986,39,1181,1,1745.1100,2024-01-14,Cancelled,Web,0.2
4987,62,871,2,419.6000,2024-01-31,Cancelled,Store,0.06
4988,16,722,3,1784.0400,2024-01-12,Cancelled,App,0.07
4989,47,1,2,725.9500,2024-02-23,Cancelled,App,0.11
4990,97,1961,5,202.1900,2024-01-05,Cancelled,App,0.23
4991,85,21,2,1120.4200,2024-01-12,Completed,Web,0.23
4992,69,1002,1,658.4800,2024-01-30,Completed,Store,0.08
4993,84,610,2,1902.6800,2024-02-26,Cancelled,App,0.04
4994,25,1609,5,635.1100,2024-01-18,Cancelled,Store,0.17
4995,91,462,4,180.7300,2024-02-13,Cancelled,App,0.09
4996,45,332,5,627.1700,2024-01-12,Cancelled,Store,0.23
4997,50,717,2,267.3600,2024-01-23,Completed,Web,0.09
4998,21,53,4,910.3000,2024-01-23,Completed,App,0.19
4999,79,1021,3,1417.3900,2024-02-14,Cancelled,Web,0.23
5000,76,788,4,1273.5300,2024-01-11,Cancelled,App,0.06
5001,5,1379,3,1061.3100,2024-02-17,Cancelled,Web,0.1
5002,65,1224,3,1113.9200,2024-01-20,Completed,App,0.18
5003,18,802,5,845.5800,2024-01-09,Cancelled,Web,0.05
5004,71,1493,2,195.8100,2024-01-01,Cancelled,Store,0.24
5005,47,197,1,357.1900,2024-02-25,Cancelled,Web,0.12
5006,92,1739,4,422.0400,2024-01-12,Cancelled,App,0.02
5007,76,1033,1,1489.8700,2024-02-10,Completed,Web,0.01
5008,42,1657,5,1854.3200,2024-01-02,Completed,Store,0.04
5009,64,196,1,653.0700,2024-01-03,Completed,Web,0.21
5010,87,1002,2,816.9200,2024-02-26,Cancelled,Web,0.13
5011,43,1297,5,766.1000,2024-01-27,Cancelled,App,0.02
5012,59,1719,4,1899.8900,2024-02-02,Completed,Web,0.15
5013,54,1891,4,785.8900,2024-01-12,Completed,Store,0.23
5014,18,1625,3,795.9200,2024-01-10,Completed,Store,0.1
5015,77,717,5,542.4800,2024-01-04,Completed,Web,0.11
5016,93,1217,1,1698.3800,2024-02-06,Cancelled,App,0.01
5017,56,545,2,1196.7100,2024-02-27,Completed,Web,0.09
5018,17,1504,4,1888.5900,2024-01-16,Cancelled,Store,0.18
5019,38,410,3,1789.8200,2024-02-06,Completed,App,0.07
5020,82,870,4,1203.4700,2024-02-04,Completed,Web,0.21
5021,32,23,3,1274.8000,2024-02-20,Completed,Web,0.18
5022,58,679,1,729.1200,2024-01-21,Completed,Web,0.05
5023,8,645,3,1934.7800,2024-02-20,Cancelled,Web,0.1
5024,96,815,2,693.1700,2024-01-02,Completed,App,0.08
5025,41,1918,2,931.6300,2024-01-13,Completed,Web,0.03
5026,33,1913,2,1156.4900,2024-02-01,Completed,App,0.25
5027,16,1747,2,1218.1300,2024-01-03,Cancelled,Store,0.1
5028,93,907,4,336.3500,2024-01-09,Cancelled,Web,0.04
5029,82,1951,3,1109.3400,2024-02-16,Cancelled,App,0.28
5030,35,1498,1,1589.3200,2024-01-10,Completed,App,0.02
5031,34,355,1,699.2300,2024-01-25,Completed,Web,0.19
5032,93,1373,2,1202.3300,2024-02-18,Completed,Store,0.19
5033,10,89,1,1635.3100,2024-01-06,Completed,App,0.02
5034,37,599,1,590.3500,2024-02-26,Completed,Web,0.27
5035,2,391,3,134.7600,2024-01-26,Cancelled,App,0.01
5036,97,1519,5,1354.4000,2024-02-21,Cancelled,Store,0.05
5037,57,1376,5,1316.2800,2024-01-26,Completed,Store,0.22
5038,6,1225,2,1269.2900,2024-01-17,Cancelled,App,0.24
5039,89,1275,1,599.8700,2024-01-29,Completed,Web,0.19
5040,45,942,5,662.5900,2024-02-20,Cancelled,Web,0.1
5041,61,349,1,1220.5900,2024-02-05,Completed,Web,0.28
5042,69,150,4,1622.7400,2024-02-27,Completed,Store,0.03
5043,39,620,4,1006.2300,2024-02-23,Completed,Web,0.3
5044,68,1298,5,1372.9700,2024-02-21,Cancelled,Store,0.17
5045,60,896,1,1557.4100,2024-01-01,Completed,Store,0.21
5046,37,1337,2,1851.5200,2024-02-29,Completed,Store,0.3
5047,97,1586,4,307.3700,2024-02-21,Completed,Web,0.21
5048,93,1587,2,1270.2500,2024-02-12,Completed,App,0.28
5049,6,1277,4,947.1900,2024-01-28,Completed,App,0.07
5050,20,884,5,1381.2200,2024-02-29,Completed,Web,0.01
5051,14,54,5,1097.0100,2024-02-01,Cancelled,App,0.28
5052,66,994,5,688.4600,2024-03-01,Completed,App,0.09
5053,90,742,3,1328.0400,2024-01-28,Completed,Store,0.12
5054,24,762,5,1187.7200,2024-01-19,Cancelled,Web,0.07
5055,4,704,5,1922.8600,2024-02-13,Cancelled,App,0.14
5056,51,1483,5,1844.2100,2024-02-01,Completed,Web,0.29
5057,97,842,4,1268.5000,2024-01-29,Completed,Web,0.02
5058,27,664,5,1614.3100,2024-02-06,Completed,Web,0.26
5059,40,1011,3,1903.5100,2024-02-20,Cancelled,Web,0.26
5060,47,1088,4,1699.7000,2024-01-29,Completed,App,0.01
5061,56,1387,3,1637.3700,2024-01-14,Cancelled,Store,0.27
5062,46,361,4,459.5800,2024-02-23,Cancelled,App,0.13
5063,56,1478,4,1188.3300,2024-01-25,Cancelled,App,0.29
5064,64,164,5,519.9100,2024-01-28,Cancelled,Store,0.12
5065,25,1874,2,139.9700,2024-01-12,Cancelled,Store,0.13
5066,12,1971,5,1562.1100,2024-02-27,Cancelled,Store,0.24
5067,71,1296,1,1530.1600,2024-02-06,Cancelled,Store,0.2
5068,88,1032,5,807.8300,2024-01-21,Completed,Web,0.08
5069,87,387,2,1329.8400,2024-02-09,Completed,Web,0.08
5070,8,150,1,351.2500,2024-02-20,Cancelled,Web,0.28
5071,16,1626,3,2152.5500,2024-01-17,Cancelled,Web,0.3
5072,21,317,5,1031.3800,2024-01-10,Cancelled,Store,0.21
5073,51,63,1,1638.6600,2024-01-22,Cancelled,App,0.05
5074,92,123,2,121.9700,2024-02-06,Completed,App,0.03
5075,48,411,1,1082.7800,2024-01-10,Completed,Store,0.15
5076,93,506,4,1246.6900,2024-01-31,Completed,Store,0.22
5077,65,158,1,535.0100,2024-02-19,Cancelled,Web,0.05
5078,13,1445,4,1305.5500,2024-01-11,Cancelled,Web,0.28
5079,3,1801,3,1622.8800,2024-01-08,Cancelled,App,0.26
5080,72,1501,2,651.5500,2024-01-19,Cancelled,Web,0.04
5081,15,1971,1,653.0300,2024-02-29,Cancelled,Store,0.19
5082,65,1752,3,1958.0100,2024-01-15,Cancelled,Web,0.26
5083,31,77,2,653.2800,2024-01-18,Completed,App,0.22
5084,87,54,3,1895.9300,2024-02-22,Completed,Web,0.11
5085,52,587,2,227.8900,2024-01-25,Completed,Web,0.3
5086,57,697,1,422.6700,2024-02-27,Completed,Web,0.04
5087,64,1763,3,1094.2700,2024-01-19,Cancelled,Web,0.23
5088,46,1673,2,1059.5200,2024-02-08,Completed,App,0.1
5089,95,475,5,939.9200,2024-01-03,Cancelled,Store,0.19
5090,9,376,3,1324.4200,2024-02-18,Cancelled,Store,0.26
5091,48,1713,3,542.5400,2024-02-12,Completed,App,0.25
5092,11,474,3,1858.1400,2024-02-19,Cancelled,App,0.21
5093,8,1778,1,639.7400,2024-01-10,Cancelled,Web,0.24
5094,35,685,4,1784.1000,2024-01-26,Completed,Store,0.28
5095,99,911,5,474.7300,2024-01-05,Cancelled,Web,0.18
5096,69,144,1,1047.2200,2024-01-01,Completed,Store,0.23
5097,92,525,4,1466.3200,2024-02-29,Cancelled,Store,0.28
5098,57,1518,5,149.6100,2024-01-27,Completed,App,0.2
5099,65,282,2,1001.2000,2024-01-18,Cancelled,App,0.14
5100,91,519,5,301.5600,2024-03-01,Cancelled,Store,0.22
5101,92,1645,2,850.6700,2024-01-19,Cancelled,Web,0.07
5102,3,1300,3,485.9500,2024-01-01,Cancelled,Store,0
5103,75,649,2,1911.9600,2024-02-09,Completed,Store,0.02
5104,59,577,5,610.4400,2024-01-27,Completed,App,0.12
5105,3,1886,4,1959.6600,2024-01-01,Cancelled,Store,0.18
5106,49,1021,5,1493.0700,2024-02-04,Completed,Web,0.18
5107,73,141,5,1073.8600,2024-01-12,Cancelled,Store,0.21
5108,29,570,5,283.2000,2024-01-11,Completed,Store,0.1
5109,40,1091,2,1297.7500,2024-01-06,Cancelled,Store,0.19
5110,5,1195,3,907.2800,2024-02-15,Cancelled,App,0.01
5111,66,1499,2,1603.9800,2024-01-16,Cancelled,App,0.25
5112,72,1086,1,1301.3500,2024-01-09,Completed,Store,0.1
5113,21,777,1,370.7100,2024-02-28,Completed,Store,0.2
5114,37,944,1,1424.0400,2024-01-24,Cancelled,App,0.25
5115,53,1737,1,1942.0600,2024-02-07,Completed,Web,0.18
5116,41,1484,5,168.4900,2024-01-08,Cancelled,Store,0.02
5117,81,965,3,1421.0300,2024-02-26,Completed,Store,0.29
5118,75,218,3,724.5100,2024-03-01,Completed,Web,0.29
5119,21,1952,3,1032.9400,2024-02-14,Completed,Store,0.13
5120,46,791,1,977.1200,2024-01-11,Completed,App,0.19
5121,15,1856,2,1077.8000,2024-02-10,Completed,App,0.02
5122,76,388,4,856.0700,2024-01-16,Cancelled,App,0.23
5123,5,1589,2,1984.6300,2024-02-16,Completed,Store,0.05
5124,24,30,5,269.0400,2024-01-27,Cancelled,Store,0.14
5125,34,315,5,1807.6800,2024-02-21,Cancelled,Web,0.13
5126,9,1980,5,360.8100,2024-01-20,Completed,App,0.21
5127,1,1775,1,922.2700,2024-02-02,Completed,Web,0.25
5128,33,279,2,1626.9900,2024-01-22,Cancelled,Store,0.12
5129,25,1380,1,1836.6500,2024-01-25,Completed,Web,0.01
5130,95,105,2,696.0800,2024-02-07,Completed,App,0.2
5131,69,562,3,546.4800,2024-01-17,Cancelled,Web,0.21
5132,77,1203,2,1295.2800,2024-02-24,Cancelled,Store,0.3
5133,38,8,4,923.3500,2024-02-27,Cancelled,App,0
5134,46,235,1,981.2400,2024-01-05,Cancelled,App,0.24
5135,50,173,1,1771.0100,2024-01-03,Cancelled,App,0.23
5136,17,1693,3,883.1900,2024-02-01,Cancelled,Web,0.21
5137,69,933,5,1261.0300,2024-02-16,Cancelled,Web,0.28
5138,80,66,3,773.9400,2024-02-22,Cancelled,Web,0.19
5139,36,1809,4,1535.1800,2024-02-25,Completed,App,0.02
5140,23,1909,3,736.6100,2024-03-01,Cancelled,Store,0.23
5141,50,386,4,385.2200,2024-01-24,Completed,Store,0.14
5142,60,433,4,770.7300,2024-01-05,Completed,Store,0.23
5143,13,1238,3,656.6600,2024-02-09,Completed,Store,0
5144,84,755,5,242.7500,2024-02-23,Completed,Store,0.06
5145,98,1307,1,1534.6900,2024-02-22,Cancelled,Web,0.11
5146,76,1776,4,572.8200,2024-03-01,Cancelled,App,0.29
5147,33,962,3,1311.7600,2024-02-13,Completed,Web,0.27
5148,97,907,3,1649.9500,2024-01-07,Cancelled,Store,0.26
5149,79,960,1,889.6400,2024-02-04,Cancelled,Web,0.19
5150,74,1963,4,1412.2300,2024-02-16,Cancelled,Web,0.12
5151,18,1846,3,546.2700,2024-02-10,Cancelled,Store,0.21
5152,28,1856,5,694.0600,2024-02-28,Completed,Store,0.05
5153,66,1855,1,934.0200,2024-02-08,Cancelled,Web,0.24
5154,63,1738,2,1774.1200,2024-01-07,Cancelled,Store,0.27
5155,81,111,5,1991.4200,2024-01-27,Cancelled,Store,0.24
5156,23,862,1,1541.5100,2024-01-20,Completed,Web,0.12
5157,52,622,5,294.4500,2024-02-16,Completed,Store,0.14
5158,13,711,3,1329.2700,2024-01-25,Completed,Store,0.09
5159,14,227,4,1166.9000,2024-02-17,Cancelled,Web,0.17
5160,45,778,1,1957.7400,2024-01-05,Completed,App,0.03
5161,7,1300,4,687.7400,2024-02-14,Completed,Web,0.01
5162,18,1289,1,277.0000,2024-01-15,Completed,App,0.12
5163,74,62,3,313.8100,2024-02-10,Completed,Web,0.22
5164,100,76,5,1172.1100,2024-01-25,Completed,Web,0.19
5165,24,362,4,1821.5900,2024-02-13,Completed,Store,0.08
5166,41,1804,5,323.1000,2024-01-29,Cancelled,Web,0.24
5167,14,1401,3,710.6100,2024-01-07,Completed,Web,0.24
5168,49,803,1,568.4500,2024-02-04,Cancelled,Web,0.22
5169,36,1833,1,1364.0700,2024-02-15,Cancelled,Web,0.2
5170,94,1701,2,1348.1000,2024-02-15,Cancelled,Web,0.12
5171,54,822,5,773.1100,2024-02-02,Completed,Store,0.16
5172,33,1782,3,401.1400,2024-01-12,Cancelled,Store,0.13
5173,80,1430,2,163.1700,2024-02-09,Cancelled,Web,0.27
5174,91,777,5,1071.5400,2024-01-23,Completed,App,0.04
5175,15,301,5,972.0400,2024-01-29,Cancelled,Web,0.18
5176,25,811,4,1655.4700,2024-02-29,Cancelled,Store,0.18
5177,42,1371,1,1293.3300,2024-01-16,Completed,App,0.11
5178,85,1276,5,1214.6200,2024-02-19,Completed,Web,0.25
5179,66,342,2,249.2200,2024-02-23,Cancelled,Web,0.12
5180,33,920,4,1232.4000,2024-02-25,Cancelled,Web,0.07
5181,32,1004,3,1848.5200,2024-01-06,Completed,Web,0.02
5182,49,1033,1,1300.3900,2024-01-30,Completed,App,0.19
5183,29,8,4,403.3100,2024-01-15,Completed,Store,0.19
5184,50,1251,4,1560.1600,2024-02-23,Cancelled,App,0.06
5185,56,271,3,468.7000,2024-02-26,Cancelled,App,0.06
5186,17,659,1,1797.8000,2024-02-15,Cancelled,Store,0.02
5187,53,1193,3,980.6900,2024-01-09,Completed,App,0.15
5188,5,535,3,1398.1700,2024-01-07,Completed,Store,0.23
5189,94,460,5,384.6300,2024-01-04,Completed,App,0.2
5190,33,203,3,750.6300,2024-02-03,Cancelled,Web,0.08
5191,54,1779,5,857.7600,2024-02-28,Completed,Web,0.23
5192,66,1970,5,1540.0100,2024-02-02,Completed,Store,0.25
5193,51,580,5,498.1300,2024-02-09,Cancelled,Web,0.27
5194,87,865,4,584.9400,2024-01-27,Completed,App,0.07
5195,33,1693,4,1448.8600,2024-02-09,Completed,Web,0.28
5196,19,1474,1,204.3100,2024-02-10,Cancelled,App,0.02
5197,87,1790,3,788.9000,2024-02-04,Cancelled,App,0.15
5198,39,744,4,472.8900,2024-02-28,Completed,Store,0.08
5199,37,1313,5,1370.9700,2024-01-23,Completed,Store,0.07
5200,66,816,1,855.5000,2024-02-13,Cancelled,Web,0.13
5201,49,1203,1,1721.9900,2024-02-10,Completed,App,0.22
5202,27,1431,3,244.1400,2024-02-11,Cancelled,App,0.03
5203,97,1496,2,1431.4500,2024-01-05,Completed,App,0.1
5204,69,643,5,989.0600,2024-02-22,Cancelled,App,0.24
5205,62,678,1,848.3100,2024-02-07,Completed,Web,0.04
5206,97,112,2,483.2100,2024-02-18,Cancelled,Web,0.05
5207,34,353,2,1820.2800,2024-01-21,Completed,App,0.19
5208,5,1569,2,1688.0300,2024-02-25,Completed,Web,0.03
5209,98,292,3,1469.0300,2024-02-11,Completed,Web,0.12
5210,47,1039,4,1876.8300,2024-02-03,Completed,Store,0.04
5211,98,1330,5,1555.3200,2024-01-26,Completed,App,0.08
5212,19,1254,4,889.3200,2024-01-22,Completed,Web,0.09
5213,68,1090,4,380.6900,2024-01-12,Cancelled,Store,0.25
5214,85,1846,1,1890.6100,2024-01-13,Cancelled,Store,0.19
5215,16,1113,4,1619.8600,2024-01-07,Cancelled,Store,0.12
5216,3,1588,3,306.0400,2024-01-02,Cancelled,App,0.07
5217,40,1522,2,1197.4600,2024-01-12,Completed,Store,0.03
5218,62,698,1,1812.9600,2024-02-25,Completed,Store,0.23
5219,99,304,5,1603.8000,2024-01-01,Completed,App,0.06
5220,74,1461,1,1656.2000,2024-02-24,Cancelled,Web,0.11
5221,45,836,5,1012.1600,2024-01-02,Completed,App,0.01
5222,34,1368,4,1836.6800,2024-02-29,Completed,Store,0.01
5223,31,926,4,429.4800,2024-02-06,Completed,App,0.18
5224,31,160,1,1111.8600,2024-01-11,Cancelled,Store,0.19
5225,34,538,2,467.0800,2024-01-07,Cancelled,App,0.07
5226,56,1151,3,1732.8100,2024-02-22,Completed,Store,0.09
5227,10,1125,4,1615.9800,2024-02-01,Completed,Store,0.23
5228,72,1461,5,1991.5500,2024-01-09,Cancelled,Store,0.23
5229,58,1581,5,1072.7700,2024-02-05,Completed,Web,0.3
5230,55,1468,2,1714.4800,2024-02-22,Completed,App,0.12
5231,54,1202,2,1169.4100,2024-01-08,Cancelled,Store,0.19
5232,53,543,4,869.7200,2024-01-15,Cancelled,Store,0.28
5233,3,1529,2,949.8300,2024-02-02,Cancelled,Store,0.09
5234,50,686,2,741.5800,2024-02-20,Completed,Web,0.17
5235,13,927,2,1298.7900,2024-02-16,Cancelled,Store,0.23
5236,48,1227,3,793.9200,2024-02-11,Completed,App,0.09
5237,15,1863,3,1350.9600,2024-01-06,Cancelled,Store,0.28
5238,34,1760,5,872.4200,2024-02-02,Completed,App,0.02
5239,91,889,4,1563.2300,2024-01-03,Completed,Web,0.17
5240,83,1308,3,711.5800,2024-02-10,Completed,Web,0.3
5241,24,1621,1,408.4800,2024-02-06,Completed,Web,0.27
5242,67,129,4,773.6600,2024-02-23,Completed,Store,0.17
5243,66,485,4,289.8600,2024-01-08,Completed,App,0.03
5244,40,1998,4,1870.8800,2024-01-20,Completed,App,0.03
5245,47,744,1,308.9700,2024-02-15,Cancelled,Store,0.02
5246,89,458,1,1094.9500,2024-02-28,Completed,Store,0.28
5247,20,1594,3,1480.0800,2024-02-07,Completed,Store,0.07
5248,98,1334,4,472.9300,2024-02-29,Completed,Web,0.13
5249,26,789,1,1032.4200,2024-02-25,Cancelled,Store,0.08
5250,67,1465,5,959.4000,2024-02-16,Cancelled,Store,0.23
5251,72,1771,4,289.8500,2024-01-13,Cancelled,Store,0.02
5252,58,74,2,477.0900,2024-02-08,Cancelled,Web,0.2
5253,70,202,1,1957.7000,2024-01-24,Completed,Store,0.01
5254,54,718,1,1862.5000,2024-01-04,Completed,Web,0.15
5255,77,442,4,770.2300,2024-01-20,Cancelled,Web,0.01
5256,56,1204,4,1322.4400,2024-01-31,Cancelled,App,0.22
5257,36,1719,2,1094.6100,2024-02-13,Cancelled,App,0.01
5258,11,132,1,1767.6700,2024-01-19,Cancelled,Store,0.02
5259,66,1345,4,1549.0200,2024-01-13,Cancelled,Store,0.01
5260,48,1130,5,313.1000,2024-02-15,Cancelled,App,0.29
5261,35,1036,5,996.6700,2024-01-10,Cancelled,Web,0.01
5262,90,1804,1,585.1800,2024-02-25,Cancelled,Web,0.13
5263,5,1799,5,296.2900,2024-02-28,Completed,App,0.07
5264,1,1170,5,1128.0200,2024-02-03,Cancelled,App,0.07
5265,65,527,4,944.9300,2024-02-08,Cancelled,Web,0.16
5266,69,1162,3,1725.1600,2024-02-28,Completed,App,0.11
5267,10,1906,2,931.1200,2024-03-01,Cancelled,App,0.25
5268,92,651,3,749.1500,2024-02-21,Completed,App,0.18
5269,31,386,3,1648.1200,2024-01-13,Cancelled,App,0.09
5270,9,742,3,1867.8600,2024-02-17,Completed,Web,0.13
5271,17,1148,2,1857.2300,2024-02-29,Completed,Web,0.3
5272,9,54,2,955.8500,2024-01-02,Completed,Web,0.11
5273,14,1785,4,2103.8400,2024-02-08,Completed,App,0.07
5274,44,1915,3,2418.7700,2024-02-04,Cancelled,App,0.1
5275,90,1521,5,871.7600,2024-01-28,Cancelled,App,0.03
5276,57,1449,5,1090.6800,2024-01-30,Completed,Store,0.19
5277,71,1580,1,1614.2100,2024-03-01,Cancelled,Web,0.2
5278,62,680,2,1429.9200,2024-02-02,Completed,Store,0.04
5279,51,1930,5,928.3800,2024-02-15,Completed,Web,0.04
5280,29,1508,1,1584.8800,2024-01-12,Cancelled,Web,0.07
5281,25,29,2,1787.7200,2024-01-31,Completed,App,0.26
5282,1,1529,2,1044.2900,2024-02-20,Cancelled,Store,0.25
5283,1,52,2,558.2400,2024-02-13,Completed,Web,0
5284,70,1244,1,636.3100,2024-02-22,Cancelled,Store,0.19
5285,44,144,1,278.9900,2024-02-15,Completed,App,0.18
5286,33,1386,1,1657.3400,2024-01-09,Cancelled,App,0.07
5287,78,698,2,1972.3300,2024-01-01,Completed,App,0.15
5288,25,1682,4,1339.7700,2024-02-28,Completed,Store,0.19
5289,70,1897,2,983.9500,2024-02-24,Completed,Store,0.29
5290,66,867,5,404.8300,2024-01-25,Completed,App,0.27
5291,47,789,4,848.6600,2024-01-06,Cancelled,App,0.02
5292,11,355,5,426.6700,2024-01-29,Completed,Store,0.09
5293,79,353,1,1244.3700,2024-03-01,Completed,Web,0.09
5294,12,968,1,1064.6200,2024-02-09,Completed,App,0.17
5295,92,1661,4,673.0100,2024-01-28,Cancelled,Web,0.26
5296,76,1269,2,1710.4900,2024-02-11,Cancelled,Web,0.08
5297,51,744,2,832.2200,2024-01-21,Cancelled,Web,0.22
5298,42,1387,5,1255.4000,2024-02-07,Completed,Web,0.26
5299,23,1033,2,1530.5300,2024-02-10,Completed,App,0
5300,93,479,5,631.6500,2024-01-29,Cancelled,App,0.21
5301,1,1489,2,803.4700,2024-02-25,Completed,Store,0.28
5302,84,43,1,649.4600,2024-02-04,Cancelled,Store,0.25
5303,30,762,5,1636.5600,2024-01-29,Cancelled,Store,0.15
5304,18,1621,1,1849.0400,2024-01-03,Cancelled,Store,0.11
5305,28,1345,2,1932.2300,2024-01-13,Cancelled,Store,0.16
5306,49,1849,3,1593.5100,2024-02-03,Cancelled,Store,0.17
5307,98,716,3,1461.8500,2024-01-13,Cancelled,Store,0.23
5308,82,724,4,1643.3500,2024-02-14,Completed,Web,0.11
5309,25,7,1,1773.2700,2024-01-23,Completed,Store,0.15
5310,3,375,4,319.1200,2024-01-01,Completed,Store,0.2
5311,36,1790,2,1573.8700,2024-02-10,Completed,Store,0.03
5312,41,179,1,1921.1400,2024-01-31,Completed,Web,0.15
5313,67,1317,5,1143.6700,2024-02-05,Cancelled,App,0.11
5314,94,967,3,235.7200,2024-01-27,Completed,App,0.11
5315,89,1694,2,353.9700,2024-02-29,Completed,Store,0.23
5316,26,402,4,1762.4000,2024-02-25,Cancelled,App,0.02
5317,17,842,3,1372.6200,2024-02-28,Cancelled,Web,0.22
5318,7,1978,2,1388.0300,2024-01-22,Cancelled,Web,0.11
5319,66,1215,5,1311.5500,2024-02-07,Completed,Web,0.28
5320,71,1586,2,646.5100,2024-02-28,Completed,App,0.07
5321,24,518,1,108.0800,2024-01-07,Completed,Store,0.25
5322,34,1523,4,1847.5500,2024-02-22,Cancelled,App,0.3
5323,33,1736,1,1035.1100,2024-02-21,Completed,Store,0.08
5324,77,866,5,1494.5800,2024-02-29,Cancelled,Store,0.25
5325,73,149,3,1391.1500,2024-01-08,Completed,Web,0.17
5326,62,640,3,945.1500,2024-01-22,Completed,Web,0.06
5327,20,1127,2,1107.0200,2024-01-24,Completed,Store,0.14
5328,15,892,4,507.0100,2024-02-12,Cancelled,Store,0.18
5329,25,270,2,1831.1400,2024-02-18,Completed,Store,0.07
5330,40,204,3,1611.7300,2024-01-18,Completed,App,0.22
5331,7,1519,4,397.2600,2024-01-10,Completed,App,0.21
5332,39,714,3,732.5100,2024-02-05,Completed,Web,0.22
5333,84,1261,5,740.8200,2024-02-25,Completed,Web,0.07
5334,85,384,1,1967.9700,2024-01-13,Completed,Web,0.27
5335,21,202,3,1898.2200,2024-01-25,Completed,Web,0.07
5336,99,1365,2,1156.6900,2024-02-22,Completed,Store,0.24
5337,92,765,4,1246.2400,2024-01-17,Completed,Store,0.11
5338,68,895,2,668.2800,2024-01-31,Completed,App,0.15
5339,26,1763,1,264.3100,2024-01-24,Cancelled,Web,0.29
5340,14,856,1,549.0600,2024-01-18,Cancelled,Store,0.08
5341,59,606,4,946.3800,2024-01-03,Cancelled,Store,0.24
5342,88,1949,3,914.4500,2024-01-16,Cancelled,Store,0.01
5343,82,1490,5,516.8600,2024-01-10,Cancelled,App,0.14
5344,46,1400,1,1033.7300,2024-01-19,Cancelled,Web,0.13
5345,56,1270,4,1320.6800,2024-02-28,Cancelled,App,0.03
5346,58,421,5,1396.9400,2024-01-11,Completed,Web,0.19
5347,79,301,1,991.0700,2024-02-25,Cancelled,Store,0.2
5348,13,359,5,1487.8900,2024-02-23,Cancelled,Store,0.01
5349,17,1871,5,1119.7800,2024-03-01,Completed,Store,0.3
5350,67,969,5,1461.6500,2024-01-27,Cancelled,App,0.02
5351,32,257,4,1517.7100,2024-01-17,Cancelled,App,0.05
5352,5,1858,5,364.6300,2024-01-05,Completed,Web,0.01
5353,13,9,3,1046.1600,2024-01-21,Cancelled,Store,0.16
5354,56,146,3,316.6800,2024-02-01,Completed,App,0.1
5355,97,1812,3,380.6900,2024-01-07,Completed,Web,0.16
5356,77,1817,2,1794.5500,2024-02-25,Cancelled,Web,0.05
5357,30,1966,5,375.7400,2024-01-15,Cancelled,App,0.01
5358,45,177,1,141.1800,2024-01-30,Completed,Store,0.11
5359,99,920,1,1198.8500,2024-01-14,Cancelled,Store,0.04
5360,34,1160,4,1618.8900,2024-02-25,Completed,Web,0.22
5361,30,53,5,1820.5900,2024-02-26,Cancelled,Store,0.08
5362,7,554,4,241.6200,2024-01-10,Completed,App,0.19
5363,13,211,4,1895.4900,2024-02-23,Completed,Store,0.12
5364,5,170,5,1194.8200,2024-01-15,Cancelled,Web,0.18
5365,26,1757,3,1908.3400,2024-01-14,Cancelled,Web,0.02
5366,90,1513,4,1085.5000,2024-02-27,Completed,App,0.09
5367,28,1662,1,808.4100,2024-01-13,Completed,App,0.12
5368,64,1597,1,1627.7700,2024-02-19,Completed,App,0.26
5369,17,576,2,1568.5000,2024-01-20,Completed,App,0.11
5370,48,1191,1,1574.3200,2024-02-20,Cancelled,App,0.24
5371,72,697,2,1262.5700,2024-01-11,Completed,Store,0.01
5372,53,445,1,1681.6300,2024-01-31,Cancelled,App,0.23
5373,99,1633,1,764.8800,2024-01-04,Completed,Store,0.02
5374,63,679,3,720.1300,2024-01-14,Cancelled,Store,0.23
5375,33,94,2,583.9200,2024-02-10,Completed,Store,0.29
5376,27,1886,3,1327.0500,2024-03-01,Completed,Store,0.05
5377,32,1779,5,442.4000,2024-01-02,Completed,Store,0.08
5378,86,1950,5,737.4400,2024-02-19,Completed,Store,0.17
5379,45,1789,3,1468.2700,2024-01-29,Cancelled,App,0.15
5380,98,1906,4,1330.5300,2024-02-07,Cancelled,Store,0.23
5381,72,1393,2,1494.5400,2024-02-19,Completed,Web,0.21
5382,94,205,4,1986.1800,2024-02-02,Cancelled,App,0.17
5383,2,1040,1,990.5700,2024-01-02,Completed,App,0.14
5384,61,54,3,354.1800,2024-02-12,Completed,Store,0.25
5385,94,422,2,318.5700,2024-01-10,Cancelled,Store,0.25
5386,20,199,1,1779.1700,2024-01-16,Completed,App,0.22
5387,25,819,5,1093.1200,2024-02-08,Cancelled,Store,0.14
5388,30,1892,2,753.7000,2024-01-01,Cancelled,Store,0.23
5389,18,1780,3,283.8600,2024-02-17,Cancelled,App,0.19
5390,2,1390,5,565.4700,2024-01-17,Cancelled,Store,0.19
5391,5,338,5,669.3100,2024-01-13,Completed,App,0.25
5392,50,832,2,1529.7800,2024-02-25,Completed,App,0
5393,29,871,3,460.1300,2024-01-25,Completed,Web,0.01
5394,95,1822,3,1997.1600,2024-02-15,Completed,Store,0.3
5395,66,1282,5,418.3000,2024-01-21,Cancelled,Web,0.12
5396,30,593,3,1991.7200,2024-01-21,Cancelled,Web,0.18
5397,31,768,3,265.5900,2024-01-22,Completed,Web,0.1
5398,33,1061,2,1210.8500,2024-02-25,Cancelled,App,0.24
5399,30,407,5,1831.0000,2024-01-12,Cancelled,App,0.14
5400,93,1258,2,988.0200,2024-01-26,Completed,Store,0.07
5401,10,1418,3,1207.9500,2024-02-14,Cancelled,Store,0.1
5402,62,336,4,835.3000,2024-02-21,Cancelled,Web,0.26
5403,78,1178,1,1697.3200,2024-02-16,Cancelled,Web,0.27
5404,35,955,4,886.7600,2024-02-05,Completed,Store,0.13
5405,31,793,2,1997.4600,2024-02-27,Completed,Web,0.02
5406,32,609,2,1145.9300,2024-02-19,Completed,Web,0.2
5407,93,733,5,1374.6100,2024-02-25,Completed,Web,0.05
5408,96,321,1,588.0100,2024-02-17,Completed,Store,0.23
5409,89,254,4,1585.8200,2024-01-19,Completed,App,0.07
5410,74,65,3,1120.6600,2024-02-01,Cancelled,Web,0.09
5411,45,557,1,1811.8000,2024-01-28,Completed,App,0.19
5412,37,212,3,929.7500,2024-01-09,Cancelled,Web,0.03
5413,26,1970,4,1980.1100,2024-01-13,Completed,Store,0.19
5414,37,554,2,1106.6900,2024-01-22,Cancelled,Web,0.24
5415,22,272,5,201.1200,2024-02-25,Completed,App,0.11
5416,93,1499,2,2296.3000,2024-01-28,Cancelled,App,0.18
5417,93,1707,5,1661.1300,2024-02-13,Cancelled,App,0.09
5418,1,5,1,1731.3300,2024-02-29,Cancelled,Store,0.1
5419,44,49,5,1475.1700,2024-01-07,Completed,Web,0.18
5420,34,581,3,1953.0800,2024-02-20,Cancelled,App,0.25
5421,37,1142,4,1643.3500,2024-01-20,Cancelled,Store,0.16
5422,43,561,3,1168.7600,2024-01-30,Cancelled,App,0.03
5423,14,1644,4,1322.3700,2024-02-05,Completed,App,0.22
5424,53,362,3,1289.8600,2024-02-19,Cancelled,Store,0.2
5425,98,802,1,852.5700,2024-01-06,Completed,Web,0.19
5426,14,1155,4,906.9900,2024-02-05,Completed,Store,0.08
5427,36,1382,4,1505.9100,2024-02-17,Cancelled,App,0.06
5428,67,539,3,1384.0700,2024-02-09,Cancelled,App,0.21
5429,94,804,2,198.4400,2024-01-26,Cancelled,App,0.2
5430,76,443,2,1315.9400,2024-02-24,Completed,App,0.17
5431,36,966,1,1370.8900,2024-01-06,Cancelled,Web,0.3
5432,37,1067,3,345.9900,2024-02-14,Cancelled,Store,0.14
5433,98,1403,5,873.3100,2024-02-18,Completed,App,0.27
5434,47,935,4,1419.9200,2024-02-19,Completed,Store,0.11
5435,80,1504,3,1257.4300,2024-01-10,Cancelled,Web,0.22
5436,47,1515,5,1053.4400,2024-02-18,Cancelled,App,0.07
5437,51,1220,4,618.2400,2024-02-21,Cancelled,App,0.27
5438,69,916,2,1158.3900,2024-02-19,Completed,Web,0.16
5439,51,500,2,268.3100,2024-01-07,Completed,Store,0.04
5440,66,1699,3,1364.6800,2024-01-08,Cancelled,App,0.12
5441,42,1669,1,1045.4100,2024-02-06,Cancelled,Web,0.26
5442,47,1127,1,1409.4300,2024-02-01,Cancelled,App,0.13
5443,44,657,5,1559.1900,2024-02-11,Completed,App,0.22
5444,34,1950,1,360.0600,2024-01-06,Cancelled,App,0.23
5445,20,1238,3,111.7200,2024-02-13,Cancelled,Web,0.22
5446,74,265,3,342.7800,2024-02-22,Cancelled,Web,0.29
5447,49,1617,3,912.9000,2024-02-27,Completed,Web,0.18
5448,99,972,2,123.2300,2024-01-12,Completed,App,0.13
5449,38,1121,5,953.7300,2024-01-05,Completed,Store,0.22
5450,76,1690,3,876.4500,2024-01-20,Cancelled,Store,0.19
5451,38,267,4,1987.9300,2024-02-05,Completed,Web,0.17
5452,40,536,3,1131.9500,2024-02-24,Completed,Web,0.02
5453,72,663,1,1283.3100,2024-01-29,Cancelled,Store,0.15
5454,54,1802,3,426.4300,2024-01-31,Completed,Web,0.03
5455,93,1000,5,970.5800,2024-02-10,Cancelled,Store,0.2
5456,13,1607,4,1538.6700,2024-02-18,Cancelled,Store,0.16
5457,23,1819,4,1675.5900,2024-02-19,Completed,Web,0.08
5458,10,766,5,1580.8800,2024-01-29,Completed,Web,0.09
5459,44,1971,1,599.4100,2024-01-19,Completed,Store,0.26
5460,57,150,2,679.1000,2024-01-31,Cancelled,Web,0.13
5461,78,1467,1,1312.7400,2024-02-10,Completed,App,0.24
5462,8,1966,2,884.1000,2024-02-04,Cancelled,Store,0.21
5463,91,449,1,998.7700,2024-01-03,Cancelled,Store,0.25
5464,94,615,3,324.8700,2024-01-12,Completed,Store,0.2
5465,48,1058,1,284.4200,2024-01-28,Cancelled,Web,0.04
5466,87,1739,4,221.4800,2024-01-31,Cancelled,Store,0.11
5467,69,1042,4,1160.3200,2024-01-31,Cancelled,App,0.24
5468,8,835,2,1354.0600,2024-02-11,Cancelled,App,0.17
5469,77,784,2,1007.2900,2024-01-18,Cancelled,Web,0.01
5470,77,1970,2,1385.1600,2024-02-24,Cancelled,Web,0.26
5471,44,1813,2,1961.4900,2024-01-07,Cancelled,App,0.26
5472,69,1768,5,370.7200,2024-01-06,Cancelled,App,0.24
5473,58,1546,4,1465.3300,2024-01-09,Cancelled,App,0.24
5474,61,1435,3,644.3500,2024-01-27,Cancelled,Web,0.26
5475,25,1482,3,858.5600,2024-01-03,Cancelled,App,0.29
5476,24,543,5,218.0300,2024-02-14,Completed,App,0.27
5477,67,157,3,171.8600,2024-01-17,Completed,Store,0.2
5478,58,691,5,1496.9500,2024-02-27,Completed,Store,0.11
5479,60,1113,2,1834.2800,2024-02-08,Cancelled,Store,0.28
5480,27,125,5,1169.5000,2024-01-15,Cancelled,App,0.14
5481,22,520,3,1717.4600,2024-01-11,Completed,Store,0
5482,93,1709,1,746.6700,2024-02-20,Completed,Web,0.06
5483,97,339,1,514.2900,2024-01-07,Cancelled,Store,0.05
5484,99,1475,2,1432.1600,2024-02-14,Completed,App,0.16
5485,85,1750,4,674.1100,2024-02-14,Cancelled,App,0
5486,6,134,1,407.4200,2024-02-07,Cancelled,Web,0.3
5487,35,861,5,1656.5300,2024-01-14,Completed,App,0.02
5488,94,1883,3,677.0600,2024-01-25,Completed,Web,0.18
5489,64,953,5,1225.1500,2024-02-29,Completed,App,0.18
5490,62,133,1,758.3800,2024-01-15,Completed,Web,0.03
5491,52,420,3,785.1700,2024-01-12,Completed,Store,0.24
5492,37,1036,3,138.6000,2024-02-18,Cancelled,App,0.24
5493,23,936,5,370.1900,2024-01-11,Completed,App,0.18
5494,18,732,5,479.3500,2024-01-13,Cancelled,Web,0.02
5495,19,1872,1,471.1200,2024-02-26,Cancelled,Web,0.17
5496,7,668,2,2406.3600,2024-01-20,Cancelled,App,0.13
5497,50,1331,3,1145.0900,2024-01-06,Completed,App,0.24
5498,4,1400,4,1646.0600,2024-02-11,Cancelled,Store,0.12
5499,9,36,1,559.1200,2024-01-19,Cancelled,Store,0.16
5500,35,1582,1,1324.5800,2024-02-16,Completed,Store,0.04
5501,45,1109,1,984.7000,2024-01-02,Cancelled,App,0.13
5502,89,1959,3,641.3600,2024-02-05,Cancelled,Web,0.04
5503,65,845,3,354.0400,2024-02-01,Cancelled,App,0.28
5504,38,372,4,1209.7500,2024-02-21,Cancelled,Web,0.08
5505,73,602,5,317.9000,2024-01-13,Cancelled,Store,0.08
5506,53,1834,2,504.5200,2024-02-25,Cancelled,Store,0.2
5507,4,1431,5,227.0200,2024-02-24,Completed,Web,0.23
5508,92,1015,2,1339.4900,2024-02-20,Completed,App,0.12
5509,85,1024,3,1530.9100,2024-01-24,Cancelled,Web,0.2
5510,84,1526,1,668.0700,2024-01-05,Cancelled,App,0.25
5511,78,1964,4,1952.4100,2024-01-26,Cancelled,Web,0.14
5512,39,118,3,158.7000,2024-01-04,Cancelled,Store,0.12
5513,83,505,2,1305.6700,2024-01-26,Completed,Store,0.09
5514,100,1080,1,1444.5700,2024-01-14,Completed,Web,0.28
5515,51,277,1,1618.1700,2024-01-31,Completed,App,0.04
5516,52,1870,5,1703.1000,2024-01-10,Cancelled,Web,0.03
5517,66,838,4,583.5600,2024-01-26,Cancelled,App,0.15
5518,71,1991,2,293.9100,2024-02-19,Completed,Web,0.18
5519,56,985,3,1048.7600,2024-02-25,Completed,App,0.13
5520,13,266,5,796.0000,2024-02-10,Cancelled,App,0.01
5521,46,191,2,1530.0200,2024-02-16,Cancelled,Store,0.21
5522,99,1244,4,644.3000,2024-02-16,Cancelled,Web,0.25
5523,100,1716,1,429.3600,2024-02-22,Completed,Web,0.22
5524,25,1148,2,848.3700,2024-03-01,Completed,Store,0.27
5525,67,886,4,1385.1700,2024-02-14,Completed,Web,0.09
5526,100,1250,3,989.1700,2024-02-06,Completed,App,0.12
5527,93,625,4,707.3400,2024-01-03,Cancelled,Web,0.23
5528,100,235,2,236.7500,2024-02-03,Completed,Store,0.02
5529,59,1891,4,194.6900,2024-02-27,Cancelled,App,0.3
5530,14,782,5,1514.5800,2024-01-05,Completed,App,0.22
5531,80,1404,2,1684.8400,2024-01-31,Completed,App,0.05
5532,76,1416,2,181.1500,2024-02-24,Completed,App,0.25
5533,2,822,1,624.4300,2024-01-10,Cancelled,Store,0.17
5534,1,753,1,950.5500,2024-01-09,Cancelled,Store,0.07
5535,10,1563,2,1012.1300,2024-01-03,Cancelled,App,0.17
5536,12,431,1,1343.1800,2024-01-14,Completed,Web,0.09
5537,82,1995,2,571.3900,2024-01-29,Completed,Store,0.3
5538,16,1962,5,636.7100,2024-01-14,Completed,Store,0.1
5539,30,1808,2,907.7500,2024-02-21,Cancelled,Web,0.03
5540,23,229,3,1561.7900,2024-02-21,Completed,Store,0.16
5541,79,1462,3,367.3900,2024-01-05,Completed,Store,0.24
5542,25,720,4,955.5000,2024-02-26,Cancelled,Web,0.24
5543,98,638,3,443.4900,2024-01-25,Completed,Web,0.19
5544,93,1829,4,335.1600,2024-01-10,Cancelled,Store,0.01
5545,28,1448,4,517.9100,2024-02-07,Completed,App,0.19
5546,21,237,1,1466.7500,2024-02-18,Cancelled,Web,0.11
5547,84,1833,1,1783.6000,2024-02-22,Completed,Web,0.22
5548,16,1822,2,585.4400,2024-02-11,Cancelled,Store,0.21
5549,95,236,1,1953.7900,2024-02-02,Completed,Web,0.08
5550,45,160,1,1230.5200,2024-01-24,Completed,Web,0.25
5551,60,1945,1,859.4400,2024-01-17,Completed,Store,0.18
5552,81,762,4,1064.5300,2024-02-19,Completed,Store,0.09
5553,11,1802,4,587.5700,2024-02-29,Cancelled,App,0.02
5554,95,510,2,413.3900,2024-02-26,Completed,App,0.13
5555,86,366,2,189.5600,2024-01-15,Cancelled,App,0.05
5556,69,315,5,1750.7000,2024-01-27,Cancelled,Web,0.22
5557,11,1428,4,410.1500,2024-01-08,Cancelled,Store,0.21
5558,6,1311,5,1484.3300,2024-02-11,Cancelled,Store,0.18
5559,33,917,4,1925.3400,2024-02-17,Cancelled,Web,0.29
5560,27,1960,2,193.0100,2024-02-08,Cancelled,Store,0.23
5561,11,1351,2,1707.7100,2024-01-26,Cancelled,Web,0.28
5562,12,1365,4,161.2400,2024-01-10,Cancelled,Store,0.26
5563,71,401,3,1646.8900,2024-01-06,Cancelled,Web,0.02
5564,54,1985,1,150.1700,2024-02-11,Cancelled,Store,0.27
5565,7,80,1,468.4100,2024-01-19,Cancelled,Store,0.03
5566,25,1710,4,920.7600,2024-01-23,Cancelled,Web,0.12
5567,99,1953,5,559.7400,2024-02-16,Cancelled,Store,0.23
5568,94,209,2,405.7500,2024-01-16,Completed,Web,0.16
5569,28,1760,5,840.2000,2024-01-25,Cancelled,App,0.16
5570,72,1591,2,1124.8600,2024-02-08,Completed,App,0.22
5571,76,796,1,1151.4000,2024-02-21,Cancelled,Web,0.14
5572,31,1223,1,302.6600,2024-01-23,Completed,Web,0.01
5573,3,815,3,799.8000,2024-02-17,Cancelled,Web,0.06
5574,77,312,4,1822.0800,2024-02-20,Cancelled,Web,0.2
5575,68,1906,5,139.0500,2024-02-05,Completed,App,0.01
5576,89,936,4,901.8700,2024-02-17,Cancelled,Store,0.05
5577,58,739,1,598.7500,2024-01-29,Cancelled,Store,0.2
5578,22,1217,2,333.8500,2024-02-07,Completed,App,0.22
5579,72,1026,2,1882.5900,2024-01-31,Completed,App,0.26
5580,8,212,3,1684.0400,2024-01-27,Cancelled,Store,0.24
5581,81,1172,1,1690.4000,2024-02-29,Completed,Web,0.09
5582,66,767,5,1477.2900,2024-02-25,Completed,Store,0.13
5583,71,795,4,946.5500,2024-02-22,Cancelled,App,0.1
5584,6,1541,3,676.8100,2024-01-07,Completed,Store,0
5585,21,1626,1,876.7500,2024-02-01,Completed,Store,0.16
5586,51,1801,3,1062.2400,2024-02-14,Cancelled,Web,0.21
5587,50,1776,3,772.2100,2024-01-27,Cancelled,Web,0.1
5588,20,431,4,1709.0000,2024-02-04,Completed,App,0.06
5589,53,1620,2,1820.0500,2024-02-20,Completed,Store,0.27
5590,7,119,3,1632.1800,2024-02-25,Completed,App,0.14
5591,21,1069,2,1187.0400,2024-02-29,Completed,App,0.28
5592,2,436,4,379.3800,2024-01-29,Completed,App,0.06
5593,73,1431,2,334.8100,2024-01-22,Cancelled,Web,0.11
5594,66,1118,5,1456.2000,2024-02-19,Cancelled,Store,0.17
5595,36,988,1,367.2400,2024-01-07,Cancelled,App,0.23
5596,5,610,5,653.4800,2024-01-04,Cancelled,Web,0.26
5597,43,1885,3,1135.7500,2024-02-23,Completed,Web,0.17
5598,54,1102,1,871.4700,2024-01-07,Cancelled,App,0.12
5599,30,687,1,1119.5400,2024-01-04,Completed,Store,0.19
5600,18,1234,5,519.6500,2024-01-28,Cancelled,App,0.14
5601,8,1496,4,278.8000,2024-02-17,Completed,Web,0.26
5602,40,1005,1,1510.2500,2024-02-09,Cancelled,App,0.22
5603,89,625,1,1366.2100,2024-02-25,Cancelled,Store,0.09
5604,45,1136,3,254.9600,2024-02-18,Cancelled,App,0.03
5605,65,1696,1,1341.3600,2024-02-12,Completed,Web,0.13
5606,16,1825,1,1869.0400,2024-02-20,Completed,App,0.18
5607,41,1951,2,759.9700,2024-01-02,Completed,Store,0.13
5608,83,1959,2,571.3900,2024-02-23,Cancelled,Store,0.26
5609,47,853,1,1650.6500,2024-02-21,Cancelled,Store,0.09
5610,99,1534,5,1593.8800,2024-02-17,Completed,Store,0.12
5611,99,167,5,1833.9100,2024-01-15,Completed,App,0.16
5612,97,872,3,628.7400,2024-01-01,Completed,App,0.17
5613,64,1875,5,1893.5000,2024-01-19,Completed,App,0.08
5614,49,1133,4,1884.3100,2024-02-26,Completed,Web,0.16
5615,83,770,1,992.1500,2024-02-14,Completed,Web,0.09
5616,36,443,3,1142.3100,2024-02-12,Completed,Web,0.18
5617,24,1262,2,804.5000,2024-02-06,Completed,App,0.19
5618,48,1925,2,1223.5800,2024-01-05,Completed,App,0.25
5619,89,734,3,1778.9700,2024-01-29,Completed,App,0.15
5620,83,1409,1,1340.8500,2024-01-10,Cancelled,Store,0.04
5621,65,1466,3,1097.5000,2024-01-11,Completed,Store,0.07
5622,31,1761,1,1154.7200,2024-01-28,Cancelled,Web,0.01
5623,20,675,4,373.5400,2024-02-09,Completed,Store,0.28
5624,76,1261,5,527.6100,2024-02-21,Completed,Store,0.22
5625,19,1064,1,1559.2100,2024-01-06,Completed,Store,0.03
5626,82,1812,3,1965.7900,2024-01-09,Completed,App,0.1
5627,2,543,5,1162.0200,2024-02-25,Completed,Store,0.03
5628,39,1709,5,1782.6500,2024-01-03,Cancelled,Store,0.16
5629,26,1393,4,1225.4200,2024-01-15,Cancelled,Store,0.28
5630,97,986,4,660.5100,2024-02-04,Cancelled,App,0.26
5631,75,1843,3,598.6400,2024-02-27,Cancelled,Web,0.23
5632,20,1473,3,155.7200,2024-02-07,Completed,Store,0.03
5633,79,127,2,1667.5100,2024-01-07,Completed,Web,0.06
5634,16,1893,5,1749.4000,2024-01-03,Cancelled,Store,0.08
5635,30,782,2,1337.8900,2024-03-01,Completed,Web,0.2
5636,37,722,5,217.1400,2024-02-07,Cancelled,App,0.1
5637,36,221,5,919.0400,2024-02-26,Completed,Store,0.22
5638,84,1414,4,1138.0700,2024-01-11,Completed,Store,0.03
5639,37,316,5,1421.6800,2024-02-19,Completed,Web,0.22
5640,71,1294,1,1365.9100,2024-02-24,Completed,App,0.18
5641,10,1555,2,1550.2500,2024-02-29,Completed,Store,0.04
5642,62,532,2,433.2000,2024-02-04,Completed,Store,0.24
5643,55,100,2,149.6600,2024-01-27,Cancelled,App,0.1
5644,87,1986,3,167.7800,2024-02-26,Cancelled,Web,0.25
5645,43,1903,1,202.2500,2024-02-28,Completed,Store,0.18
5646,1,168,1,208.8900,2024-02-23,Cancelled,Store,0.14
5647,46,1053,4,906.4900,2024-01-26,Completed,App,0.18
5648,68,1892,4,1079.8500,2024-03-01,Cancelled,App,0.1
5649,44,732,3,852.4900,2024-02-22,Completed,Web,0.15
5650,32,1942,2,398.5200,2024-01-04,Completed,Web,0.26
5651,25,269,4,1158.8400,2024-02-09,Cancelled,Web,0.01
5652,89,1622,3,1557.8900,2024-01-10,Completed,Web,0.23
5653,99,302,5,811.9900,2024-01-16,Completed,Store,0.15
5654,46,1941,5,1351.6700,2024-02-24,Completed,Web,0.29
5655,5,971,5,981.0500,2024-02-08,Cancelled,Store,0.23
5656,68,517,5,1163.5900,2024-01-02,Cancelled,App,0.06
5657,72,757,3,685.7400,2024-01-25,Cancelled,Web,0.24
5658,69,317,4,1892.6100,2024-01-18,Cancelled,App,0.03
5659,88,346,4,644.5700,2024-02-09,Cancelled,Web,0.3
5660,99,88,4,349.9600,2024-02-19,Completed,Web,0.19
5661,16,29,2,1022.6000,2024-02-16,Cancelled,Web,0.14
5662,90,1013,4,1885.9400,2024-01-06,Completed,App,0.26
5663,19,1828,2,1899.3900,2024-01-18,Cancelled,Web,0.01
5664,80,933,5,1615.0000,2024-01-03,Completed,Store,0.21
5665,22,1969,4,1187.2300,2024-02-07,Cancelled,Store,0.3
5666,8,1456,4,1414.3000,2024-01-08,Completed,Web,0.21
5667,80,1648,5,329.9900,2024-02-13,Cancelled,App,0.02
5668,94,1608,3,2412.7300,2024-02-06,Completed,Web,0.05
5669,16,368,2,1740.6200,2024-02-15,Cancelled,Web,0.27
5670,5,1200,4,1823.6700,2024-02-26,Completed,Web,0.19
5671,85,1103,3,1094.5000,2024-01-15,Cancelled,Web,0.03
5672,12,1152,2,1472.6400,2024-01-10,Cancelled,App,0.15
5673,63,1264,1,1801.2200,2024-01-25,Cancelled,Store,0.29
5674,52,1113,4,106.2300,2024-01-27,Cancelled,Store,0.08
5675,16,1779,3,176.3100,2024-02-15,Completed,Store,0.3
5676,8,591,2,361.8800,2024-01-01,Completed,Web,0.23
5677,62,372,4,446.1100,2024-01-08,Completed,Web,0.16
5678,18,1075,2,1997.1100,2024-01-27,Completed,Store,0.11
5679,2,734,4,782.3500,2024-02-13,Completed,App,0.26
5680,93,1512,1,1835.0700,2024-02-19,Completed,App,0.29
5681,89,28,3,1984.8700,2024-01-20,Completed,Store,0.14
5682,72,1039,2,623.2300,2024-02-14,Cancelled,Store,0.2
5683,82,65,1,332.6300,2024-02-26,Completed,Web,0.16
5684,67,813,3,1996.0300,2024-01-21,Completed,Web,0.15
5685,95,1524,1,1300.8800,2024-02-05,Cancelled,Web,0.24
5686,3,1316,4,391.1500,2024-01-22,Completed,App,0.25
5687,16,1563,1,916.5000,2024-01-26,Completed,App,0.29
5688,82,1838,5,928.3500,2024-02-26,Cancelled,App,0.09
5689,47,144,3,566.0500,2024-02-24,Cancelled,App,0.12
5690,64,195,1,201.0200,2024-02-08,Completed,Store,0.24
5691,82,1883,5,448.8500,2024-01-26,Completed,Store,0.08
5692,56,1997,5,1173.0000,2024-01-20,Cancelled,App,0.12
5693,16,1146,1,805.7400,2024-01-15,Cancelled,Web,0.23
5694,31,708,1,1949.9400,2024-01-13,Completed,Store,0.1
5695,91,1034,1,1249.8000,2024-01-05,Completed,Web,0.26
5696,31,233,2,337.1000,2024-01-24,Cancelled,Store,0.28
5697,85,650,3,327.1800,2024-02-25,Completed,Store,0.08
5698,9,351,3,768.9900,2024-01-23,Cancelled,Store,0.24
5699,97,1688,3,537.6500,2024-02-22,Cancelled,Web,0.06
5700,25,819,2,1121.5100,2024-02-23,Completed,App,0.22
5701,56,958,4,383.0600,2024-02-08,Cancelled,Web,0.19
5702,64,873,5,1137.2000,2024-02-25,Cancelled,App,0.15
5703,89,589,4,1914.8900,2024-01-08,Cancelled,App,0.03
5704,97,1948,3,1920.0800,2024-02-08,Cancelled,Store,0.02
5705,75,1042,4,1417.5900,2024-01-09,Cancelled,Web,0.03
5706,27,1525,4,1208.6200,2024-02-07,Completed,Web,0.27
5707,95,630,4,1018.8600,2024-01-27,Completed,Store,0.15
5708,66,1808,5,1303.2100,2024-02-03,Cancelled,Web,0.28
5709,83,286,4,1421.0700,2024-02-08,Completed,Web,0.05
5710,79,1944,3,1182.0600,2024-02-05,Completed,Web,0.23
5711,94,1441,2,1850.5800,2024-01-22,Cancelled,Store,0.23
5712,17,1558,5,1092.7300,2024-01-13,Cancelled,App,0.11
5713,92,135,4,1983.5000,2024-01-26,Cancelled,Web,0.11
5714,100,562,5,198.7100,2024-02-25,Completed,Store,0.07
5715,44,1792,3,931.6700,2024-01-28,Cancelled,Web,0.03
5716,100,620,4,1483.4500,2024-01-14,Cancelled,App,0.3
5717,13,1528,5,1869.1300,2024-01-21,Cancelled,App,0.24
5718,39,641,1,1780.3300,2024-01-10,Completed,Web,0.15
5719,58,1806,3,1832.3500,2024-02-03,Cancelled,Store,0.17
5720,39,1006,5,1774.4100,2024-01-10,Cancelled,App,0.24
5721,40,1510,3,560.8400,2024-02-08,Completed,Web,0.09
5722,4,811,4,1329.8000,2024-01-13,Completed,Web,0.12
5723,24,1950,1,548.8600,2024-02-26,Cancelled,Web,0.03
5724,38,28,2,1500.5400,2024-02-15,Cancelled,App,0.07
5725,26,1485,1,752.5600,2024-01-01,Cancelled,Web,0.24
5726,77,1416,2,1049.6100,2024-01-29,Completed,Store,0.14
5727,86,175,4,319.6100,2024-02-09,Completed,Web,0.11
5728,47,303,1,1314.1900,2024-01-16,Completed,Web,0.04
5729,7,1448,1,1723.4000,2024-02-17,Completed,Store,0
5730,20,1617,5,1748.9500,2024-01-17,Cancelled,Web,0.19
5731,70,1752,3,1157.7300,2024-01-21,Completed,Web,0.19
5732,41,598,5,320.5500,2024-01-27,Cancelled,Store,0.2
5733,86,1607,1,917.5100,2024-01-31,Completed,Store,0.16
5734,66,1149,5,1328.8900,2024-02-26,Completed,App,0.1
5735,74,414,1,390.8900,2024-02-23,Cancelled,Web,0.23
5736,58,711,5,524.3200,2024-03-01,Cancelled,Web,0.1
5737,28,1393,2,248.1400,2024-01-22,Completed,App,0.25
5738,17,361,2,381.8400,2024-01-17,Cancelled,App,0.27
5739,77,826,2,1392.4700,2024-02-26,Cancelled,App,0.18
5740,54,710,2,1980.1200,2024-01-06,Completed,Store,0.12
5741,67,1803,5,933.0700,2024-02-02,Cancelled,App,0.06
5742,42,1532,5,1373.1600,2024-02-17,Completed,App,0.04
5743,35,1968,4,977.2800,2024-02-07,Completed,Web,0.09
5744,22,1976,5,1848.9100,2024-02-28,Completed,App,0.13
5745,47,519,2,1410.9200,2024-01-12,Cancelled,Store,0.1
5746,67,590,5,562.1600,2024-02-01,Completed,Store,0.09
5747,27,687,1,334.6100,2024-01-11,Cancelled,Store,0.2
5748,40,1560,5,1769.9700,2024-01-25,Completed,Web,0.22
5749,51,1751,2,1003.2000,2024-02-21,Cancelled,Web,0.29
5750,18,1405,4,1017.8900,2024-01-20,Cancelled,App,0.29
5751,62,1449,4,819.0200,2024-01-19,Cancelled,App,0.03
5752,78,747,3,594.1300,2024-01-07,Cancelled,Web,0.24
5753,80,967,3,860.2200,2024-01-22,Cancelled,Store,0.02
5754,90,1434,5,1696.2800,2024-01-31,Completed,App,0.27
5755,18,15,5,385.8200,2024-01-23,Cancelled,Web,0.26
5756,63,1494,3,1395.4600,2024-01-29,Cancelled,Web,0.01
5757,66,485,3,1726.5600,2024-02-15,Cancelled,App,0.26
5758,75,363,3,492.9000,2024-02-26,Cancelled,App,0.19
5759,37,237,1,1691.8800,2024-02-08,Completed,Store,0.02
5760,13,1615,1,1713.3000,2024-02-20,Cancelled,App,0.28
5761,17,315,3,1084.8300,2024-02-14,Cancelled,Store,0.25
5762,98,440,4,876.1000,2024-02-10,Cancelled,App,0.15
5763,93,997,2,1511.8600,2024-02-10,Cancelled,Web,0.23
5764,3,1828,1,1397.3500,2024-01-07,Cancelled,Store,0.27
5765,7,14,4,486.6600,2024-02-01,Cancelled,App,0.17
5766,70,1811,5,1152.6900,2024-02-20,Completed,Web,0.16
5767,43,390,4,564.1300,2024-01-08,Completed,App,0.23
5768,51,1223,3,226.7900,2024-02-18,Cancelled,App,0.06
5769,3,86,5,187.0500,2024-01-01,Cancelled,App,0.2
5770,10,594,1,1470.3400,2024-02-10,Completed,App,0.15
5771,31,1437,4,642.9400,2024-01-29,Completed,Store,0.04
5772,40,897,5,384.1700,2024-01-04,Cancelled,Web,0.02
5773,37,57,2,1477.4700,2024-01-30,Cancelled,Web,0.26
5774,91,1146,3,200.8800,2024-01-04,Cancelled,App,0.25
5775,55,1830,4,1356.0600,2024-01-16,Completed,App,0.21
5776,40,1665,2,1999.4100,2024-01-16,Completed,Store,0.12
5777,24,1402,3,653.5100,2024-02-20,Cancelled,Web,0.1
5778,24,435,5,1360.8900,2024-01-23,Cancelled,App,0.18
5779,43,896,2,1133.6700,2024-01-28,Completed,Store,0.21
5780,47,1076,2,945.1700,2024-02-05,Cancelled,Store,0.16
5781,91,810,1,406.3000,2024-01-01,Cancelled,Store,0.08
5782,53,42,5,1471.1600,2024-01-17,Completed,App,0.06
5783,9,573,3,600.7600,2024-02-19,Completed,App,0.14
5784,5,1736,3,106.8900,2024-01-20,Cancelled,Store,0.18
5785,24,343,3,1603.1400,2024-02-28,Cancelled,Web,0.22
5786,84,557,5,1699.1600,2024-02-19,Completed,Web,0.23
5787,97,360,4,613.9700,2024-02-06,Cancelled,Web,0.08
5788,44,1863,5,1281.0100,2024-02-09,Completed,App,0.18
5789,97,1486,2,1595.7500,2024-02-11,Completed,Store,0.1
5790,58,1430,5,571.7400,2024-01-01,Cancelled,Store,0.29
5791,67,745,3,1304.7600,2024-02-11,Completed,Web,0.1
5792,47,1849,2,968.4800,2024-01-12,Cancelled,Store,0.25
5793,3,1829,4,1832.6400,2024-02-27,Completed,App,0.28
5794,11,1078,4,292.7500,2024-02-16,Completed,Web,0.24
5795,86,1865,2,829.6200,2024-02-03,Cancelled,Store,0.02
5796,3,461,4,141.7200,2024-02-27,Completed,App,0.01
5797,70,1797,4,1703.8800,2024-02-10,Completed,App,0.23
5798,91,1525,2,1334.4600,2024-01-03,Completed,App,0.13
5799,35,509,5,429.7100,2024-02-23,Cancelled,Store,0.27
5800,68,1568,3,677.4600,2024-01-16,Completed,Web,0.21
5801,91,1641,3,258.9400,2024-02-20,Completed,Web,0.23
5802,71,44,3,188.5200,2024-01-01,Cancelled,App,0.25
5803,7,995,2,1797.8200,2024-01-21,Cancelled,App,0.26
5804,93,776,4,395.3200,2024-02-22,Cancelled,App,0.19
5805,58,54,2,688.0000,2024-02-06,Completed,Store,0.09
5806,87,1006,2,964.3500,2024-01-24,Cancelled,Web,0.08
5807,13,582,3,726.7500,2024-01-05,Cancelled,Store,0.08
5808,18,806,4,1452.3800,2024-02-05,Cancelled,Web,0.14
5809,40,1522,5,1481.6200,2024-02-06,Cancelled,Web,0.17
5810,80,139,2,1181.8800,2024-02-09,Completed,App,0.02
5811,95,3,4,503.2500,2024-01-30,Completed,Web,0.1
5812,81,1419,1,1401.9300,2024-02-08,Cancelled,App,0.14
5813,89,116,3,1230.7400,2024-02-07,Cancelled,Web,0.29
5814,62,1538,3,1229.3300,2024-01-09,Cancelled,Store,0.02
5815,59,1513,4,1966.5500,2024-02-09,Completed,App,0.12
5816,64,1688,5,568.9700,2024-01-23,Completed,Web,0.29
5817,95,561,5,577.6200,2024-02-12,Completed,App,0.2
5818,98,474,2,149.1600,2024-01-10,Cancelled,Store,0.24
5819,21,1158,1,752.9700,2024-01-16,Completed,Store,0.16
5820,72,234,3,1708.2000,2024-02-14,Completed,App,0.09
5821,68,1227,5,1595.4900,2024-01-16,Completed,App,0.26
5822,78,1866,2,1464.1400,2024-01-13,Completed,Web,0.2
5823,47,502,1,1920.2000,2024-02-29,Completed,Store,0.18
5824,21,549,4,1073.8000,2024-01-19,Cancelled,Web,0.24
5825,4,1071,4,1213.5700,2024-01-10,Cancelled,Web,0.22
5826,65,729,2,225.0300,2024-01-14,Completed,Store,0.29
5827,100,358,2,535.2300,2024-01-28,Completed,App,0.28
5828,50,200,1,480.8800,2024-01-20,Cancelled,Store,0.15
5829,68,33,3,1375.4800,2024-01-13,Cancelled,Web,0.24
5830,84,1252,4,844.1400,2024-02-19,Completed,App,0.29
5831,27,1099,5,1876.9600,2024-02-19,Completed,Web,0.02
5832,70,169,2,1051.8400,2024-01-08,Cancelled,App,0.02
5833,71,1675,2,942.8200,2024-02-10,Completed,Store,0.03
5834,6,351,5,816.5100,2024-01-31,Completed,Store,0.29
5835,14,178,3,963.0500,2024-01-03,Completed,App,0.3
5836,6,1959,3,561.8300,2024-02-12,Completed,Store,0.23
5837,61,999,3,976.4100,2024-01-30,Cancelled,Store,0.05
5838,100,488,3,690.8300,2024-02-28,Cancelled,App,0.29
5839,26,895,2,1470.8800,2024-02-16,Completed,App,0.25
5840,61,1573,2,1537.9800,2024-01-24,Completed,Store,0.24
5841,24,1656,5,1352.8900,2024-02-27,Cancelled,Web,0.1
5842,63,489,2,971.4400,2024-02-21,Cancelled,Web,0.17
5843,72,964,5,2268.5900,2024-01-01,Cancelled,Store,0.09
5844,12,1494,5,812.7900,2024-01-07,Cancelled,Store,0.01
5845,88,1725,2,1832.3100,2024-01-07,Completed,App,0.27
5846,65,1614,4,705.7100,2024-01-13,Completed,App,0.14
5847,17,624,3,1148.3000,2024-02-28,Cancelled,Store,0.01
5848,73,1848,1,740.4700,2024-01-11,Cancelled,Store,0.12
5849,40,497,5,307.4100,2024-02-17,Completed,Web,0.23
5850,35,1688,4,1453.8000,2024-01-20,Completed,Store,0.16
5851,49,1034,4,975.4700,2024-01-07,Cancelled,Web,0.2
5852,53,407,1,998.4600,2024-01-02,Cancelled,Store,0.1
5853,28,1808,5,612.3300,2024-02-26,Completed,Store,0.22
5854,89,1154,3,249.9000,2024-02-11,Cancelled,App,0.29
5855,8,235,3,1470.4800,2024-02-18,Cancelled,App,0.12
5856,83,619,5,1537.3200,2024-02-14,Completed,Web,0
5857,67,728,5,1590.4100,2024-01-07,Completed,Store,0.16
5858,68,1171,2,1356.3100,2024-02-25,Cancelled,Store,0.15
5859,24,1509,5,1061.9900,2024-01-17,Completed,Web,0.16
5860,72,1965,5,494.9300,2024-03-01,Cancelled,App,0.01
5861,19,138,2,1423.5800,2024-01-01,Completed,App,0.23
5862,69,1231,2,1399.9100,2024-02-15,Completed,App,0.23
5863,5,1819,5,462.5400,2024-01-27,Cancelled,Store,0.05
5864,18,859,1,1810.1500,2024-01-01,Cancelled,Store,0.12
5865,46,1554,5,541.4800,2024-02-05,Cancelled,App,0.23
5866,31,1777,2,1630.1900,2024-01-19,Completed,Web,0.02
5867,58,156,5,1994.0400,2024-01-22,Completed,App,0.01
5868,38,48,4,547.7100,2024-01-17,Completed,Store,0.2
5869,9,811,2,1579.7300,2024-02-23,Completed,Store,0.08
5870,38,274,2,1289.2300,2024-02-17,Completed,App,0.07
5871,69,1725,2,1042.8500,2024-02-04,Cancelled,App,0.26
5872,4,438,4,909.7600,2024-02-15,Completed,Store,0.27
5873,45,1482,1,1862.2600,2024-02-14,Cancelled,Web,0.2
5874,37,1995,4,1500.6400,2024-01-13,Cancelled,Web,0.12
5875,58,667,1,1664.6200,2024-02-02,Completed,Web,0.11
5876,5,1137,2,1550.0600,2024-01-03,Completed,App,0.18
5877,31,1851,4,1062.4200,2024-01-04,Cancelled,Store,0.03
5878,24,911,5,383.2500,2024-02-20,Completed,Web,0.13
5879,62,747,5,297.7100,2024-01-06,Cancelled,Web,0.07
5880,50,1778,5,1380.8900,2024-02-28,Cancelled,Web,0.25
5881,3,792,5,1305.4400,2024-01-06,Completed,App,0.15
5882,93,1095,5,1180.3500,2024-01-24,Completed,Store,0.05
5883,79,1744,4,1142.7200,2024-01-31,Completed,Store,0.17
5884,43,1147,5,1245.1000,2024-01-05,Completed,App,0.23
5885,52,14,5,510.9400,2024-01-08,Cancelled,App,0.2
5886,43,1566,2,1113.1200,2024-01-08,Cancelled,Web,0.22
5887,25,716,5,1787.2800,2024-01-02,Completed,App,0.15
5888,90,210,3,657.5000,2024-02-21,Completed,App,0.18
5889,36,1978,5,107.4800,2024-01-03,Cancelled,App,0.26
5890,3,1951,4,532.0200,2024-02-07,Completed,App,0.2
5891,75,1081,1,1636.0400,2024-02-03,Cancelled,Web,0.17
5892,93,302,1,1159.7800,2024-01-07,Cancelled,App,0.16
5893,45,565,1,1538.2700,2024-01-29,Cancelled,Store,0.21
5894,60,1490,4,406.9400,2024-01-20,Completed,App,0.22
5895,72,1926,3,1553.3600,2024-01-08,Cancelled,App,0.08
5896,4,534,1,1659.8600,2024-01-16,Completed,Web,0.01
5897,13,1188,4,1821.2600,2024-01-06,Cancelled,Web,0.18
5898,52,1427,5,488.2000,2024-01-23,Cancelled,App,0.16
5899,34,1331,5,1555.4700,2024-02-07,Cancelled,App,0.12
5900,86,1390,3,255.3100,2024-01-03,Cancelled,Web,0.19
5901,45,191,5,1143.1200,2024-01-23,Completed,App,0.17
5902,23,378,4,1141.4600,2024-01-30,Completed,Web,0.14
5903,93,1076,3,124.3000,2024-02-15,Cancelled,Store,0.23
5904,63,1815,4,1098.9700,2024-02-04,Cancelled,App,0.22
5905,32,626,1,824.5500,2024-01-30,Cancelled,App,0.14
5906,28,1525,5,1625.1300,2024-01-27,Cancelled,Store,0.15
5907,36,1749,5,336.2400,2024-01-10,Completed,Web,0.25
5908,73,1455,2,1245.6900,2024-02-10,Completed,Store,0.04
5909,69,1310,1,1075.5500,2024-02-23,Cancelled,Store,0.04
5910,2,506,5,1646.4100,2024-02-03,Cancelled,App,0.09
5911,94,1224,1,1265.2500,2024-02-29,Completed,Web,0.09
5912,92,275,4,655.4100,2024-02-25,Cancelled,App,0.14
5913,8,1309,1,1071.2700,2024-01-19,Cancelled,App,0.05
5914,5,208,5,386.1800,2024-01-25,Cancelled,App,0.06
5915,58,897,1,772.3300,2024-01-24,Cancelled,Store,0.09
5916,69,1264,5,1192.8700,2024-01-07,Completed,Store,0.23
5917,6,1832,1,781.2700,2024-02-25,Cancelled,App,0.21
5918,96,936,1,412.8400,2024-02-09,Cancelled,Store,0.2
5919,3,898,3,174.8600,2024-01-15,Cancelled,Store,0.03
5920,2,1086,1,1937.3400,2024-01-12,Completed,Web,0.23
5921,11,128,2,713.2200,2024-02-07,Cancelled,Store,0.19
5922,20,799,5,1292.1300,2024-02-02,Cancelled,Web,0.16
5923,87,325,3,1958.5000,2024-02-02,Completed,App,0.24
5924,97,1126,2,1929.1200,2024-02-06,Cancelled,App,0.27
5925,1,1434,2,561.2200,2024-01-28,Cancelled,App,0.19
5926,35,18,4,1900.2300,2024-02-24,Completed,App,0.07
5927,73,347,4,162.0700,2024-02-25,Cancelled,Web,0.19
5928,57,1835,2,1012.2600,2024-02-07,Completed,Web,0.22
5929,36,1254,1,1446.4000,2024-02-26,Cancelled,Web,0.03
5930,96,595,1,1906.3800,2024-02-17,Completed,App,0.18
5931,18,1600,5,1711.1000,2024-02-23,Cancelled,Web,0.07
5932,59,766,3,1386.8600,2024-01-24,Completed,Store,0.07
5933,96,1301,1,1949.8900,2024-02-21,Completed,App,0.03
5934,30,1587,5,1544.1000,2024-02-26,Completed,Store,0.14
5935,13,526,4,398.1400,2024-02-25,Completed,Web,0.26
5936,86,1302,2,1420.1900,2024-01-20,Cancelled,Web,0.08
5937,96,1531,1,154.6400,2024-02-01,Completed,Store,0.24
5938,97,1070,5,1495.3100,2024-01-12,Completed,App,0.15
5939,6,185,2,194.6500,2024-03-01,Completed,Store,0.16
5940,88,819,4,1276.2200,2024-01-29,Completed,App,0.14
5941,14,1176,2,1615.0000,2024-01-02,Completed,Store,0.12
5942,22,1386,5,446.4200,2024-02-05,Cancelled,App,0.02
5943,64,1318,5,1873.1400,2024-01-24,Cancelled,App,0.23
5944,14,652,3,517.8200,2024-01-29,Cancelled,Store,0.3
5945,59,1702,1,1593.4600,2024-01-31,Completed,Web,0.05
5946,58,106,1,1863.2900,2024-02-04,Cancelled,App,0.18
5947,2,940,1,285.0900,2024-02-13,Completed,App,0.27
5948,42,1618,2,641.5100,2024-01-17,Cancelled,Store,0.18
5949,77,1404,2,2156.0500,2024-01-28,Cancelled,App,0.07
5950,73,1167,5,503.0300,2024-01-14,Cancelled,Web,0.07
5951,50,1500,1,1758.5200,2024-02-03,Cancelled,App,0.1
5952,32,335,5,1144.8400,2024-01-26,Completed,Store,0.2
5953,89,1563,1,842.9200,2024-01-26,Cancelled,Store,0.2
5954,53,837,4,766.1200,2024-01-16,Cancelled,Web,0.1
5955,72,1355,4,1416.1600,2024-02-02,Cancelled,Store,0.29
5956,96,242,1,1951.2500,2024-02-22,Cancelled,Store,0.28
5957,53,556,5,1407.0100,2024-02-21,Completed,App,0.04
5958,17,389,5,1022.4400,2024-02-07,Cancelled,App,0.02
5959,42,753,5,1632.5300,2024-01-17,Cancelled,Store,0.09
5960,51,1202,5,1875.2900,2024-02-26,Completed,App,0.05
5961,19,803,3,1525.7400,2024-01-24,Completed,App,0.07
5962,1,292,3,515.0900,2024-01-17,Completed,Store,0.22
5963,34,1504,5,1281.7400,2024-01-19,Completed,App,0.03
5964,12,1765,3,1706.7100,2024-01-24,Completed,App,0.14
5965,23,731,2,1135.9300,2024-02-21,Completed,Store,0.04
5966,92,1869,4,342.9600,2024-01-28,Cancelled,Web,0.14
5967,1,972,2,1220.0000,2024-02-09,Cancelled,Store,0.12
5968,65,205,1,741.4900,2024-01-08,Cancelled,App,0.01
5969,7,1387,2,892.7000,2024-01-12,Cancelled,Web,0.02
5970,69,1340,4,800.9100,2024-01-27,Completed,Web,0.04
5971,10,1004,4,777.9500,2024-01-24,Completed,Store,0.22
5972,44,657,1,1976.5300,2024-02-02,Completed,Web,0.16
5973,68,1630,4,1725.9800,2024-02-03,Completed,Web,0.06
5974,58,24,1,1517.6200,2024-02-22,Completed,Store,0.25
5975,69,1932,1,281.1500,2024-01-05,Completed,App,0.15
5976,76,321,2,1376.6100,2024-02-20,Completed,Web,0.08
5977,38,199,2,1698.9000,2024-02-16,Cancelled,Web,0.1
5978,12,1729,3,1775.4400,2024-01-06,Completed,Web,0.2
5979,85,655,3,126.0400,2024-01-02,Completed,Web,0.08
5980,59,1813,2,1435.4800,2024-01-18,Cancelled,App,0.17
5981,48,1407,2,1950.1400,2024-02-28,Cancelled,Web,0.18
5982,27,789,1,1153.5300,2024-02-11,Cancelled,Store,0.05
5983,33,1079,4,1641.3600,2024-02-23,Cancelled,Web,0.11
5984,60,540,2,258.1900,2024-02-05,Cancelled,Store,0.27
5985,10,394,4,1317.6600,2024-02-13,Completed,Web,0.23
5986,88,1852,3,679.0900,2024-01-31,Cancelled,Store,0.09
5987,71,391,1,1756.2800,2024-01-31,Completed,Web,0.13
5988,31,39,4,1906.7100,2024-01-09,Completed,App,0.01
5989,12,1931,3,274.7600,2024-02-11,Completed,Web,0.26
5990,58,592,4,1581.2400,2024-01-12,Completed,App,0
5991,71,38,1,631.3600,2024-02-07,Cancelled,App,0.04
5992,48,804,3,717.3900,2024-01-18,Cancelled,Web,0.27
5993,52,106,5,167.1200,2024-02-11,Completed,Store,0.15
5994,36,1782,3,512.4700,2024-01-30,Completed,Store,0.08
5995,40,1546,4,254.0600,2024-01-03,Cancelled,App,0.29
5996,2,1771,1,1717.1200,2024-02-27,Completed,Store,0.12
5997,66,657,1,1141.1500,2024-02-06,Cancelled,Web,0.12
5998,56,279,5,483.0800,2024-02-26,Completed,Web,0.17
5999,93,525,1,429.2400,2024-02-01,Completed,Store,0.03
6000,17,309,4,226.5400,2024-01-13,Completed,Store,0.13
6001,61,1619,1,1008.6600,2024-02-27,Cancelled,Web,0.21
6002,89,614,4,1045.5500,2024-01-27,Cancelled,Web,0
6003,87,419,4,175.4800,2024-01-25,Cancelled,Web,0.24
6004,69,1678,4,1768.4200,2024-02-04,Completed,Store,0.2
6005,15,1613,4,1204.8500,2024-02-18,Cancelled,App,0.25
6006,37,1923,3,953.3700,2024-02-15,Cancelled,App,0.28
6007,74,78,3,667.2100,2024-02-28,Completed,App,0.06
6008,24,1034,4,115.2000,2024-01-31,Cancelled,App,0.16
6009,4,1138,1,1274.0100,2024-01-08,Completed,App,0.08
6010,55,354,2,1298.3200,2024-02-11,Completed,Web,0.1
6011,52,1762,4,1549.0300,2024-03-01,Cancelled,Store,0.11
6012,67,641,5,1783.7700,2024-02-18,Cancelled,App,0.24
6013,90,1919,3,529.9900,2024-02-26,Cancelled,Store,0.04
6014,38,1510,5,1121.0600,2024-01-25,Cancelled,Store,0.14
6015,10,548,5,270.2500,2024-02-04,Completed,App,0.02
6016,63,1074,2,1980.9000,2024-02-06,Cancelled,Web,0.24
6017,61,1852,2,426.2100,2024-02-18,Completed,Web,0.17
6018,25,602,1,700.2900,2024-02-14,Completed,Store,0.18
6019,87,1758,4,1119.0100,2024-02-04,Cancelled,App,0.24
6020,81,900,3,1499.3300,2024-01-05,Cancelled,Web,0.19
6021,77,1991,1,533.5300,2024-02-13,Cancelled,Store,0.25
6022,52,1019,1,675.2400,2024-01-24,Cancelled,Web,0.06
6023,58,1290,4,820.7200,2024-01-30,Completed,Web,0.25
6024,17,67,3,216.3100,2024-01-10,Cancelled,Store,0.14
6025,32,582,5,546.0300,2024-02-20,Cancelled,Store,0.06
6026,91,1883,3,772.5600,2024-02-16,Cancelled,App,0.19
6027,33,1467,3,1761.8400,2024-01-11,Cancelled,App,0.09
6028,62,377,4,1055.7200,2024-02-06,Completed,App,0.28
6029,59,1096,3,1740.1900,2024-01-14,Completed,App,0.14
6030,46,1581,1,1244.6600,2024-02-20,Completed,Web,0.28
6031,44,1284,3,1699.1000,2024-01-31,Cancelled,Store,0.04
6032,30,436,1,271.8100,2024-02-03,Cancelled,Store,0.02
6033,47,761,1,627.6400,2024-01-05,Cancelled,App,0.29
6034,3,1652,2,1734.7200,2024-02-09,Completed,Store,0.02
6035,79,235,3,1553.5400,2024-02-26,Completed,App,0.22
6036,10,1651,2,599.6000,2024-01-01,Cancelled,Store,0.03
6037,61,1408,5,792.0500,2024-01-02,Cancelled,Store,0.19
6038,21,485,3,1948.8500,2024-02-15,Completed,App,0.26
6039,23,443,1,1201.9400,2024-01-26,Cancelled,Store,0.01
6040,74,1499,1,1161.8600,2024-01-08,Cancelled,Store,0.19
6041,18,1446,5,1383.1200,2024-02-28,Completed,App,0.24
6042,87,1423,5,1688.5300,2024-01-28,Completed,Web,0.27
6043,39,1960,4,663.0100,2024-02-23,Completed,Store,0.02
6044,1,405,4,586.6600,2024-02-05,Cancelled,Store,0.17
6045,96,614,3,1002.7000,2024-01-07,Cancelled,App,0.21
6046,13,906,2,320.3900,2024-02-06,Cancelled,App,0.01
6047,57,1387,1,244.7400,2024-01-30,Completed,Store,0.23
6048,56,85,1,1746.0800,2024-01-30,Completed,App,0.28
6049,16,1516,3,320.0700,2024-01-24,Completed,Store,0.28
6050,92,382,5,1300.7900,2024-02-03,Completed,App,0.13
6051,32,695,4,512.9200,2024-02-29,Cancelled,App,0.25
6052,70,1440,1,1397.7100,2024-02-04,Completed,Store,0.09
6053,36,909,2,1704.1200,2024-03-01,Completed,Web,0.06
6054,53,235,4,1852.2000,2024-01-05,Completed,Store,0.23
6055,46,1750,2,1571.3900,2024-01-13,Completed,Store,0.28
6056,27,568,5,307.2900,2024-02-16,Completed,Store,0.1
6057,24,22,2,405.3700,2024-02-25,Cancelled,Web,0.07
6058,73,19,1,1188.4400,2024-01-11,Completed,Web,0.15
6059,67,981,1,1622.3100,2024-01-13,Cancelled,Web,0.23
6060,87,118,1,449.6600,2024-01-30,Completed,App,0.11
6061,76,320,2,1583.0200,2024-01-14,Cancelled,Web,0.05
6062,71,1303,4,778.7400,2024-02-17,Completed,Store,0.21
6063,75,868,5,559.3600,2024-01-21,Completed,App,0.23
6064,47,502,3,1241.9600,2024-02-23,Cancelled,Web,0.08
6065,39,1525,2,739.9100,2024-02-12,Cancelled,App,0.04
6066,45,1356,4,1039.6100,2024-01-24,Cancelled,Web,0.11
6067,89,1966,3,570.9200,2024-02-04,Completed,Store,0.29
6068,53,534,4,1521.4700,2024-02-04,Completed,Store,0.21
6069,20,1179,4,1660.4200,2024-01-03,Completed,Store,0.28
6070,48,186,5,931.0500,2024-02-05,Completed,Store,0.09
6071,3,845,1,171.1700,2024-01-22,Cancelled,App,0.01
6072,89,1661,1,912.6700,2024-02-29,Completed,App,0.11
6073,45,1123,1,1451.2300,2024-02-26,Cancelled,Web,0.26
6074,70,435,2,307.2000,2024-02-08,Completed,Web,0.3
6075,35,1654,5,594.3900,2024-01-22,Cancelled,App,0.18
6076,33,725,4,2131.5300,2024-02-10,Cancelled,App,0.06
6077,46,1733,3,1139.7900,2024-02-29,Cancelled,Store,0.27
6078,95,542,1,1273.3900,2024-02-27,Cancelled,App,0.22
6079,16,328,5,1697.0800,2024-01-20,Completed,Store,0.08
6080,14,118,4,142.3200,2024-01-12,Completed,Store,0.18
6081,5,716,1,1134.2200,2024-01-23,Cancelled,Web,0.02
6082,40,84,5,1945.5000,2024-01-11,Cancelled,Web,0.04
6083,93,467,3,1804.3100,2024-01-02,Cancelled,Web,0.11
6084,48,366,1,366.5500,2024-02-21,Cancelled,Store,0.23
6085,65,1976,2,1663.3500,2024-02-06,Completed,Web,0.27
6086,30,1529,3,1825.3900,2024-01-03,Completed,App,0.09
6087,92,941,5,272.3400,2024-01-19,Cancelled,Web,0.12
6088,44,643,4,1140.3000,2024-01-10,Cancelled,Web,0.09
6089,91,944,4,1314.1800,2024-02-08,Completed,App,0.16
6090,29,257,4,1351.4800,2024-01-26,Cancelled,App,0.06
6091,15,1564,5,908.6100,2024-02-14,Cancelled,App,0.04
6092,11,889,2,1931.8200,2024-01-20,Cancelled,App,0.14
6093,16,1039,3,623.8500,2024-01-04,Completed,Web,0.03
6094,73,186,2,979.5600,2024-01-30,Cancelled,Store,0.18
6095,58,1490,4,804.1600,2024-02-25,Cancelled,Store,0.18
6096,65,471,2,1976.6500,2024-02-26,Completed,App,0.16
6097,41,1400,4,1600.2200,2024-02-23,Completed,Store,0.12
6098,58,705,1,1720.1400,2024-01-17,Completed,Store,0.22
6099,9,1010,5,937.4900,2024-02-11,Cancelled,App,0.18
6100,14,1472,1,1892.6100,2024-01-14,Completed,Store,0.15
6101,12,1974,3,1693.0900,2024-02-17,Completed,App,0.03
6102,11,348,4,1316.8200,2024-02-26,Cancelled,App,0.14
6103,90,1334,5,1414.5300,2024-01-31,Cancelled,App,0.18
6104,38,234,3,1009.3300,2024-01-14,Completed,Store,0.14
6105,1,228,4,1457.1400,2024-01-25,Completed,Store,0.12
6106,87,1790,5,599.0400,2024-01-22,Cancelled,Store,0.16
6107,70,656,5,582.4700,2024-02-02,Completed,App,0.08
6108,6,859,4,534.5100,2024-01-05,Cancelled,Store,0.11
6109,99,1252,5,1345.5500,2024-02-10,Completed,Store,0.01
6110,21,1212,4,1062.3000,2024-01-28,Completed,Store,0.08
6111,67,536,3,1261.4300,2024-02-02,Completed,App,0.15
6112,82,769,3,1164.7700,2024-01-18,Cancelled,App,0.04
6113,37,1285,2,699.0600,2024-01-06,Completed,App,0.15
6114,47,763,4,206.0600,2024-01-06,Cancelled,Store,0.2
6115,19,101,1,307.7400,2024-01-14,Completed,Web,0.02
6116,92,1895,4,1215.3300,2024-02-27,Completed,Store,0.08
6117,36,29,5,458.8500,2024-02-20,Cancelled,Web,0.05
6118,100,1371,4,678.5100,2024-01-16,Cancelled,App,0.04
6119,7,1831,2,115.0400,2024-02-10,Completed,App,0.07
6120,41,928,5,1930.7000,2024-01-24,Cancelled,Web,0.23
6121,44,614,2,1328.5400,2024-01-21,Cancelled,Store,0.15
6122,6,1709,2,532.7500,2024-02-26,Cancelled,App,0.11
6123,36,346,3,841.0200,2024-01-15,Completed,Web,0.04
6124,13,1159,5,1224.6100,2024-02-27,Completed,Web,0.25
6125,99,116,3,1201.9200,2024-01-15,Completed,Web,0.15
6126,54,497,5,1260.8900,2024-01-06,Completed,Store,0.28
6127,62,1450,4,478.0100,2024-02-15,Cancelled,App,0.03
6128,2,327,2,1146.4300,2024-01-30,Cancelled,Store,0.04
6129,52,1492,3,186.0600,2024-01-30,Cancelled,Store,0.17
6130,76,301,5,1432.4900,2024-01-17,Completed,Web,0.21
6131,39,1839,2,338.2300,2024-01-16,Cancelled,App,0.07
6132,44,200,1,325.9800,2024-03-01,Completed,App,0.1
6133,33,235,4,129.1900,2024-02-10,Completed,App,0.2
6134,56,421,4,937.9500,2024-02-13,Completed,Web,0.07
6135,81,1551,2,931.8700,2024-02-05,Completed,App,0.25
6136,99,799,2,744.4800,2024-01-23,Completed,App,0.13
6137,47,9,2,283.2200,2024-01-03,Cancelled,Web,0.24
6138,50,261,3,715.7100,2024-03-01,Completed,Web,0.09
6139,86,1820,3,1958.5900,2024-01-20,Completed,Store,0.26
6140,97,492,3,1323.3300,2024-01-21,Cancelled,Web,0.15
6141,6,821,2,1683.0900,2024-01-11,Completed,Store,0.14
6142,51,690,2,280.9100,2024-01-02,Completed,Store,0.11
6143,32,957,1,460.6900,2024-01-06,Completed,Store,0.07
6144,35,930,1,1750.1500,2024-02-06,Completed,App,0.15
6145,79,649,5,1973.0800,2024-02-04,Cancelled,Store,0.12
6146,30,721,2,388.2000,2024-01-18,Completed,Web,0.21
6147,41,940,1,211.4700,2024-01-24,Completed,App,0.12
6148,50,133,1,1209.7300,2024-02-28,Completed,App,0.17
6149,89,1887,5,131.2400,2024-01-27,Cancelled,Store,0.18
6150,37,594,2,1409.6100,2024-02-25,Completed,Store,0.28
6151,34,153,5,1544.5200,2024-02-02,Cancelled,App,0.11
6152,37,1779,1,958.7200,2024-02-25,Cancelled,Store,0.27
6153,82,1743,3,1769.2100,2024-02-09,Completed,Store,0.15
6154,31,184,2,914.4100,2024-02-02,Completed,Store,0.16
6155,32,44,3,470.8800,2024-01-02,Cancelled,Store,0.28
6156,56,1133,2,167.7700,2024-01-06,Completed,Web,0.08
6157,41,1397,4,1018.1800,2024-02-14,Cancelled,Store,0.23
6158,36,1584,4,874.1400,2024-02-17,Cancelled,Web,0.01
6159,98,942,3,626.9900,2024-01-12,Completed,Store,0.29
6160,40,941,1,832.6500,2024-02-11,Cancelled,Web,0.22
6161,51,407,2,197.4200,2024-01-09,Cancelled,Store,0.25
6162,23,72,4,807.4500,2024-01-03,Completed,App,0.04
6163,20,1837,4,298.1300,2024-02-25,Completed,App,0.23
6164,68,1622,1,884.4300,2024-01-19,Completed,Store,0.29
6165,24,766,1,1332.8900,2024-01-31,Cancelled,Web,0.12
6166,55,1642,4,1615.8600,2024-01-23,Completed,Store,0.12
6167,55,391,4,265.2100,2024-02-19,Completed,Store,0.04
6168,47,186,3,775.6900,2024-01-27,Cancelled,Store,0.17
6169,51,1248,4,1724.8600,2024-02-28,Cancelled,Web,0.04
6170,7,965,4,1154.9300,2024-02-26,Cancelled,Web,0.18
6171,19,85,4,601.3800,2024-01-13,Cancelled,Web,0.05
6172,98,580,5,218.0300,2024-02-26,Cancelled,App,0.23
6173,2,1568,1,202.2600,2024-02-11,Cancelled,Store,0.2
6174,67,1989,1,617.9000,2024-02-19,Completed,App,0.09
6175,2,678,2,541.9600,2024-01-30,Cancelled,Web,0.26
6176,66,1212,3,960.9600,2024-01-31,Completed,Store,0.03
6177,98,900,4,1717.5500,2024-02-28,Cancelled,App,0.04
6178,3,291,3,1827.6800,2024-02-04,Completed,App,0.11
6179,51,1968,4,1081.8300,2024-01-14,Cancelled,Store,0.1
6180,84,581,2,857.8100,2024-02-27,Completed,Store,0.07
6181,53,1058,1,1211.9200,2024-02-28,Cancelled,Web,0.1
6182,13,1739,3,389.6900,2024-02-20,Cancelled,Web,0.16
6183,55,514,4,1857.8000,2024-01-05,Cancelled,App,0.21
6184,39,703,1,1692.7100,2024-01-08,Completed,Store,0.02
6185,7,209,3,2197.5000,2024-02-28,Completed,App,0.16
6186,54,1164,3,1376.1400,2024-02-15,Cancelled,Web,0.19
6187,61,373,4,114.1200,2024-02-04,Completed,Store,0.3
6188,34,1541,3,1224.3800,2024-01-01,Completed,Web,0.14
6189,15,133,3,1900.7400,2024-01-04,Cancelled,App,0.29
6190,36,1614,4,1481.9800,2024-02-10,Completed,Store,0.01
6191,58,1626,4,1470.2400,2024-02-11,Completed,Web,0.27
6192,29,1840,5,1284.3200,2024-01-31,Cancelled,Web,0.01
6193,15,1829,1,1070.0200,2024-02-28,Cancelled,App,0.29
6194,61,494,2,1206.6900,2024-02-02,Completed,Store,0.07
6195,4,1001,5,1107.8300,2024-02-09,Completed,Store,0.16
6196,47,218,4,1160.9500,2024-01-19,Cancelled,Store,0.24
6197,55,959,2,837.9300,2024-01-02,Completed,App,0.08
6198,14,1848,1,1843.3800,2024-01-15,Cancelled,Store,0.01
6199,46,1938,2,1152.9800,2024-01-20,Completed,Web,0.06
6200,86,1340,3,1568.4000,2024-02-17,Cancelled,App,0.13
6201,45,1931,2,477.5800,2024-01-10,Cancelled,App,0.22
6202,80,862,1,813.7000,2024-02-02,Cancelled,App,0.08
6203,62,203,2,815.7700,2024-01-19,Cancelled,App,0.06
6204,95,1728,3,740.8000,2024-02-19,Completed,Web,0.25
6205,87,857,4,1011.6700,2024-01-09,Completed,Web,0.29
6206,83,1433,2,1557.6900,2024-01-04,Cancelled,Store,0.25
6207,37,486,2,1154.8400,2024-02-08,Cancelled,Store,0.04
6208,4,213,4,1590.2500,2024-01-04,Completed,Web,0.22
6209,15,1301,1,1160.3300,2024-01-01,Completed,Store,0.13
6210,67,1803,3,1428.7800,2024-02-03,Completed,App,0.17
6211,13,1672,4,791.3900,2024-02-26,Completed,Store,0.26
6212,70,1881,2,570.6000,2024-02-06,Completed,Store,0.02
6213,18,1431,1,1727.1300,2024-02-12,Completed,App,0.12
6214,75,1086,5,236.8700,2024-02-02,Completed,App,0.05
6215,76,1480,1,1435.0200,2024-01-01,Completed,App,0.26
6216,86,1992,3,897.9200,2024-01-18,Cancelled,Web,0.21
6217,32,126,2,833.9000,2024-01-31,Cancelled,Store,0.04
6218,18,573,3,1387.2600,2024-01-25,Completed,Store,0.24
6219,19,1104,5,1834.6800,2024-01-04,Completed,Store,0.16
6220,89,325,1,446.4100,2024-01-06,Cancelled,App,0.05
6221,79,1895,3,1838.8400,2024-01-02,Cancelled,Web,0.1
6222,7,1486,2,114.5500,2024-02-27,Cancelled,App,0.21
6223,9,1121,5,102.1000,2024-01-17,Cancelled,Store,0.26
6224,22,837,5,1246.7000,2024-01-14,Cancelled,App,0.2
6225,34,1648,5,1956.8300,2024-01-15,Cancelled,Store,0.24
6226,66,1613,4,735.9800,2024-01-27,Cancelled,Store,0.2
6227,20,1501,4,603.1300,2024-02-01,Cancelled,App,0.11
6228,1,94,2,1823.0000,2024-02-07,Cancelled,App,0.22
6229,72,1281,2,1612.4400,2024-01-26,Completed,App,0.09
6230,10,516,1,913.7500,2024-02-25,Cancelled,Web,0.25
6231,39,1097,3,153.4900,2024-02-20,Cancelled,Web,0.2
6232,14,685,3,1017.9000,2024-01-20,Completed,App,0.14
6233,17,1681,5,1505.8700,2024-01-25,Completed,Web,0.28
6234,13,85,2,1057.8900,2024-02-08,Completed,Web,0.13
6235,67,521,2,1575.7100,2024-01-30,Cancelled,Web,0.2
6236,57,816,2,253.1300,2024-01-02,Cancelled,Store,0.07
6237,58,699,2,924.5800,2024-02-21,Completed,Store,0.29
6238,60,1786,3,308.5100,2024-01-04,Completed,Store,0.04
6239,46,969,1,938.0400,2024-01-14,Completed,Store,0.26
6240,11,1148,5,1389.2000,2024-02-25,Cancelled,Store,0.02
6241,100,1729,4,136.8300,2024-02-03,Completed,Store,0.3
6242,55,1087,2,1776.9200,2024-02-04,Cancelled,Web,0.3
6243,18,1979,1,148.2700,2024-02-17,Completed,Web,0.24
6244,92,1232,2,1416.6300,2024-01-02,Cancelled,Store,0.28
6245,77,394,4,603.5100,2024-02-05,Cancelled,Web,0.2
6246,35,328,1,666.9600,2024-01-13,Completed,Store,0.2
6247,8,682,1,1191.1800,2024-02-08,Cancelled,Web,0.25
6248,84,125,5,707.6600,2024-01-29,Completed,App,0.21
6249,46,822,1,112.2600,2024-01-24,Cancelled,Web,0.23
6250,41,36,1,1661.6200,2024-02-01,Cancelled,Web,0.05
6251,94,885,4,373.0000,2024-01-12,Completed,App,0.14
6252,48,522,5,519.7500,2024-02-10,Completed,Web,0.2
6253,33,188,2,1952.0000,2024-02-03,Completed,Web,0.26
6254,98,656,5,812.8800,2024-02-25,Cancelled,App,0.16
6255,50,1623,5,1273.1600,2024-02-28,Cancelled,App,0.16
6256,80,1762,1,1143.2700,2024-01-29,Cancelled,App,0.25
6257,6,1479,5,1254.2200,2024-01-01,Cancelled,App,0.16
6258,73,1702,5,929.3700,2024-02-28,Cancelled,Store,0
6259,16,1132,2,1635.8100,2024-01-16,Completed,Store,0.08
6260,85,1964,5,1271.8500,2024-02-16,Cancelled,App,0.21
6261,25,853,2,1721.0100,2024-01-06,Completed,Web,0.08
6262,83,1795,5,735.8600,2024-01-27,Completed,App,0.06
6263,69,1075,4,928.8100,2024-01-19,Completed,App,0.17
6264,67,414,4,1458.8900,2024-01-06,Completed,Web,0.17
6265,98,1879,5,1314.3600,2024-01-26,Completed,Store,0
6266,51,1393,4,1985.6800,2024-01-28,Cancelled,App,0.15
6267,36,1158,2,701.2900,2024-02-11,Completed,Store,0.09
6268,53,653,4,1156.7700,2024-01-04,Cancelled,Store,0.13
6269,62,1163,2,1224.7800,2024-01-28,Cancelled,App,0.01
6270,80,1334,3,591.0500,2024-02-16,Completed,App,0.06
6271,35,926,4,490.3300,2024-02-09,Cancelled,Store,0.19
6272,81,270,2,1104.1700,2024-01-04,Cancelled,Store,0.2
6273,20,1199,2,132.3900,2024-01-02,Completed,Store,0.16
6274,8,349,3,1072.9400,2024-01-07,Cancelled,Web,0.03
6275,29,561,2,1622.4900,2024-02-04,Completed,Web,0.11
6276,8,891,1,814.2400,2024-02-29,Cancelled,Store,0.17
6277,87,549,3,510.5400,2024-01-17,Cancelled,Web,0.21
6278,79,865,2,123.7400,2024-02-22,Completed,Web,0.24
6279,98,1661,5,219.2600,2024-02-19,Completed,App,0.25
6280,49,245,4,1174.8800,2024-02-22,Completed,App,0.15
6281,54,637,5,292.0500,2024-01-23,Cancelled,App,0.11
6282,15,1405,4,1764.1700,2024-01-06,Completed,Store,0.21
6283,84,1964,5,1153.5900,2024-01-19,Cancelled,App,0.1
6284,74,559,1,167.5500,2024-01-03,Cancelled,Store,0.05
6285,99,514,2,831.9100,2024-01-31,Completed,Web,0.29
6286,9,862,3,896.2100,2024-02-22,Cancelled,App,0.13
6287,66,753,2,908.8400,2024-01-06,Cancelled,App,0.15
6288,47,1303,4,1734.2400,2024-01-17,Completed,Web,0.08
6289,31,1526,1,1281.8200,2024-02-23,Cancelled,Store,0.23
6290,89,824,2,233.1900,2024-01-26,Completed,Web,0.2
6291,54,1353,5,1149.4500,2024-02-02,Completed,App,0.18
6292,71,335,1,1267.6300,2024-01-13,Cancelled,App,0.04
6293,15,1022,4,582.3000,2024-02-22,Completed,App,0.13
6294,21,569,3,1131.5200,2024-01-06,Cancelled,App,0.24
6295,47,501,1,712.8800,2024-02-12,Cancelled,Web,0.16
6296,39,526,2,1190.1400,2024-01-28,Completed,App,0.12
6297,13,1714,3,1133.0300,2024-01-24,Completed,Web,0.06
6298,27,83,3,1054.4700,2024-01-25,Completed,App,0.15
6299,65,1923,2,566.3300,2024-02-21,Cancelled,App,0.23
6300,40,1262,3,1999.8500,2024-02-03,Completed,Store,0.1
6301,41,951,1,874.2000,2024-02-02,Cancelled,Web,0.28
6302,57,1570,1,1573.9200,2024-01-25,Cancelled,Web,0.03
6303,68,122,4,175.1900,2024-01-02,Cancelled,Store,0.04
6304,82,961,5,1049.2600,2024-01-16,Cancelled,Web,0
6305,60,644,5,470.6700,2024-01-02,Completed,Store,0.25
6306,23,389,3,789.2600,2024-02-26,Completed,App,0.29
6307,1,1944,3,636.5400,2024-02-03,Completed,App,0.26
6308,26,1760,3,1112.9800,2024-02-11,Completed,Web,0.09
6309,12,1047,3,1415.9400,2024-02-22,Completed,App,0.01
6310,64,779,5,1154.8500,2024-02-13,Cancelled,App,0.04
6311,29,938,1,1600.1400,2024-02-04,Completed,Store,0.09
6312,91,966,1,872.9200,2024-01-03,Completed,Store,0.19
6313,64,1973,4,1282.5300,2024-02-15,Completed,Store,0
6314,12,1166,3,1047.6800,2024-01-08,Cancelled,App,0.14
6315,53,29,4,371.8900,2024-01-31,Cancelled,Web,0.06
6316,42,1992,1,1970.0600,2024-03-01,Cancelled,App,0.09
6317,24,518,4,1960.9900,2024-01-25,Cancelled,Web,0.06
6318,91,799,4,1587.6400,2024-01-11,Cancelled,Web,0.07
6319,92,1796,3,1733.0200,2024-02-12,Completed,Web,0.14
6320,89,801,3,1331.2100,2024-02-06,Completed,App,0.08
6321,37,1155,4,1049.7300,2024-01-29,Cancelled,App,0.11
6322,5,626,3,870.7900,2024-02-03,Completed,App,0.07
6323,71,194,5,962.5800,2024-02-20,Cancelled,Web,0.02
6324,82,1259,5,1386.7900,2024-01-28,Completed,App,0.13
6325,96,803,5,169.6900,2024-02-21,Completed,Store,0.24
6326,13,1564,2,602.7700,2024-03-01,Cancelled,Web,0.21
6327,96,816,1,1583.6700,2024-02-01,Cancelled,Web,0.24
6328,63,986,2,1642.8400,2024-01-22,Completed,Web,0.24
6329,52,141,5,941.3200,2024-01-03,Cancelled,Web,0.07
6330,81,1359,4,176.5800,2024-02-09,Cancelled,Store,0.01
6331,50,737,5,1384.4800,2024-01-12,Completed,Web,0.11
6332,50,826,3,1046.3600,2024-01-17,Cancelled,App,0.02
6333,33,1315,5,1662.6200,2024-01-17,Completed,Store,0.17
6334,67,1563,4,326.5100,2024-01-28,Completed,Web,0.24
6335,86,1793,5,447.8900,2024-01-19,Cancelled,Web,0.08
6336,50,1156,5,568.7100,2024-02-11,Completed,Store,0.23
6337,7,1353,2,747.0100,2024-02-19,Completed,App,0.21
6338,12,1789,3,1534.5300,2024-02-04,Cancelled,App,0.15
6339,26,1074,2,1630.4800,2024-01-22,Cancelled,Web,0.16
6340,15,151,5,1848.5300,2024-02-27,Cancelled,App,0.15
6341,37,1231,2,220.0300,2024-01-22,Completed,Store,0.22
6342,6,751,2,874.3700,2024-03-01,Cancelled,Store,0.07
6343,79,418,5,994.0200,2024-02-26,Cancelled,Store,0.18
6344,44,1377,2,1652.8200,2024-02-20,Cancelled,Web,0.06
6345,59,173,3,1310.0700,2024-02-28,Completed,App,0.07
6346,88,1452,1,1976.5600,2024-02-21,Cancelled,Store,0.29
6347,55,1370,2,1872.6000,2024-02-15,Cancelled,Store,0.13
6348,45,1312,1,896.6800,2024-01-29,Cancelled,Store,0.29
6349,11,1982,1,904.5100,2024-01-09,Cancelled,Web,0.25
6350,46,893,5,316.4500,2024-02-20,Cancelled,Web,0.01
6351,32,183,1,998.4300,2024-02-25,Cancelled,App,0.27
6352,54,798,2,451.5000,2024-02-05,Completed,App,0.04
6353,82,830,3,1997.0500,2024-02-12,Cancelled,Web,0.25
6354,53,43,1,477.3500,2024-02-23,Completed,App,0.15
6355,34,626,1,1647.3500,2024-02-09,Cancelled,App,0.15
6356,66,1348,4,819.4600,2024-01-14,Completed,Web,0.28
6357,42,650,3,1397.7700,2024-01-05,Cancelled,Web,0.23
6358,81,225,5,1369.4400,2024-01-31,Cancelled,Web,0.07
6359,81,354,2,907.8100,2024-02-06,Cancelled,Store,0.12
6360,35,315,3,744.1700,2024-01-25,Cancelled,App,0.19
6361,99,1850,2,1896.4000,2024-02-02,Completed,Store,0.25
6362,48,328,3,923.6900,2024-01-19,Completed,App,0.01
6363,48,1743,1,1371.3100,2024-02-15,Completed,Web,0.05
6364,27,1878,2,1614.7800,2024-01-05,Cancelled,App,0.08
6365,51,461,5,1067.9400,2024-02-20,Cancelled,Web,0.26
6366,40,600,3,445.1300,2024-02-22,Completed,Store,0.07
6367,23,1404,5,1903.9700,2024-02-06,Completed,Web,0.16
6368,3,376,2,1046.0500,2024-01-04,Cancelled,Web,0.28
6369,57,900,1,391.9300,2024-01-24,Cancelled,Web,0.03
6370,49,81,2,2343.8200,2024-01-06,Cancelled,Web,0.3
6371,36,1432,2,607.3300,2024-01-09,Completed,App,0.06
6372,21,1802,3,351.7900,2024-02-29,Completed,Web,0.02
6373,1,278,1,951.2900,2024-01-19,Completed,Store,0.06
6374,78,1445,3,745.2000,2024-02-11,Completed,App,0
6375,20,143,4,1553.3400,2024-01-04,Cancelled,Web,0.27
6376,92,190,3,835.7400,2024-02-09,Cancelled,Store,0.23
6377,23,807,1,845.3900,2024-01-27,Completed,Web,0.12
6378,75,526,4,1750.3300,2024-01-05,Completed,Web,0.22
6379,63,9,3,141.0700,2024-01-22,Cancelled,Web,0.19
6380,62,311,1,454.6700,2024-02-09,Cancelled,Web,0.27
6381,17,712,2,824.4600,2024-01-08,Completed,Web,0.15
6382,97,197,2,633.3000,2024-01-17,Cancelled,App,0.1
6383,41,425,5,1086.4100,2024-01-14,Cancelled,Store,0.21
6384,50,1519,1,492.1500,2024-01-13,Cancelled,App,0.11
6385,26,826,1,1604.9500,2024-01-27,Completed,App,0.28
6386,40,1497,5,1523.4300,2024-01-25,Cancelled,Store,0.21
6387,30,772,2,435.3700,2024-02-21,Completed,Web,0.28
6388,2,1369,2,1605.0000,2024-02-01,Completed,App,0.17
6389,64,505,2,1163.0100,2024-01-16,Cancelled,Store,0.27
6390,51,1856,1,1315.2100,2024-02-24,Completed,Web,0.05
6391,95,1875,2,1099.6800,2024-02-19,Completed,Store,0.26
6392,8,1149,5,1168.7300,2024-01-24,Cancelled,App,0.21
6393,48,1339,3,910.3400,2024-01-14,Completed,App,0.25
6394,54,1527,2,1240.3400,2024-02-11,Completed,Web,0.08
6395,78,1188,3,1122.2000,2024-02-15,Cancelled,App,0.25
6396,87,658,2,743.8100,2024-02-22,Completed,Store,0.24
6397,55,1926,1,1206.4900,2024-01-08,Completed,Store,0.1
6398,82,1444,3,528.6200,2024-02-04,Completed,Web,0
6399,46,812,1,170.2300,2024-01-12,Completed,Web,0.05
6400,36,1945,1,484.2800,2024-01-15,Completed,Web,0.25
6401,47,1406,2,1247.4600,2024-01-15,Cancelled,Web,0.23
6402,74,226,4,851.5400,2024-01-10,Completed,Store,0.16
6403,47,391,3,1846.4700,2024-02-06,Cancelled,Store,0.27
6404,40,1268,3,1023.4400,2024-01-28,Completed,Web,0.25
6405,26,1270,2,1412.4000,2024-02-21,Cancelled,Store,0.06
6406,42,1038,3,521.2100,2024-01-18,Cancelled,App,0.24
6407,52,406,3,598.1000,2024-02-05,Cancelled,Store,0.16
6408,13,729,2,1255.4600,2024-01-26,Cancelled,App,0.14
6409,56,1684,2,719.8200,2024-01-25,Cancelled,Web,0.01
6410,73,913,4,444.9700,2024-02-28,Cancelled,Web,0.27
6411,69,1173,5,1825.4100,2024-01-12,Cancelled,App,0.03
6412,81,1307,5,649.2200,2024-02-20,Cancelled,App,0.19
6413,1,487,2,1634.5500,2024-02-15,Cancelled,App,0.22
6414,25,161,2,1874.5000,2024-02-29,Cancelled,Web,0.2
6415,55,444,5,411.9100,2024-01-10,Completed,Web,0.19
6416,59,1944,5,755.1900,2024-02-23,Cancelled,App,0.01
6417,94,1342,4,1387.5800,2024-01-26,Cancelled,App,0.15
6418,1,1788,5,1800.5400,2024-02-09,Completed,Web,0.02
6419,38,1755,2,1230.2800,2024-01-09,Completed,App,0.13
6420,76,960,3,1300.4800,2024-01-07,Completed,App,0.17
6421,8,222,4,1321.5300,2024-01-10,Completed,Store,0.02
6422,54,211,1,397.0700,2024-02-01,Completed,Web,0.27
6423,38,1992,5,1467.1000,2024-01-15,Completed,App,0.3
6424,79,513,5,1521.5200,2024-02-04,Cancelled,Web,0.29
6425,42,545,4,1505.7800,2024-01-22,Cancelled,Web,0.03
6426,79,393,4,1840.1700,2024-02-20,Completed,Store,0.1
6427,83,283,2,674.7400,2024-01-01,Cancelled,Store,0.19
6428,23,100,3,255.1100,2024-02-09,Cancelled,Store,0.19
6429,74,710,1,944.2900,2024-02-27,Cancelled,App,0.02
6430,7,694,5,1816.0700,2024-02-24,Cancelled,App,0.27
6431,37,1280,4,1696.1400,2024-02-11,Completed,Store,0.05
6432,41,829,3,1950.0500,2024-02-01,Completed,Web,0.07
6433,76,693,1,1973.6400,2024-01-20,Completed,Store,0.03
6434,70,1039,1,1765.3700,2024-02-21,Completed,App,0.11
6435,93,702,3,1920.0600,2024-01-14,Cancelled,App,0.07
6436,93,1426,2,1864.1500,2024-01-29,Completed,Store,0.03
6437,32,1542,3,1346.8600,2024-02-01,Completed,Web,0.05
6438,5,270,4,318.9200,2024-01-16,Completed,App,0.08
6439,63,95,3,1129.7700,2024-02-05,Completed,App,0.13
6440,92,282,3,695.0200,2024-01-19,Cancelled,Store,0.03
6441,100,1990,1,1819.8800,2024-02-21,Completed,App,0.04
6442,75,1874,1,558.4700,2024-02-03,Completed,Store,0.2
6443,85,1868,3,720.1800,2024-02-27,Cancelled,Store,0.04
6444,32,325,1,1320.5500,2024-01-31,Cancelled,App,0.04
6445,71,1201,5,201.0600,2024-01-10,Completed,Store,0.28
6446,8,1156,3,1516.6600,2024-01-02,Completed,App,0.05
6447,1,940,4,830.1100,2024-01-14,Cancelled,Web,0.16
6448,1,374,2,1175.6500,2024-01-08,Cancelled,App,0.3
6449,28,1641,3,162.1200,2024-03-01,Completed,App,0.05
6450,89,1805,3,339.6400,2024-01-25,Completed,Store,0.28
6451,48,1742,1,1449.8200,2024-02-28,Completed,App,0.3
6452,17,1594,5,1523.0000,2024-01-22,Cancelled,App,0.05
6453,80,66,1,713.3000,2024-02-12,Cancelled,App,0.09
6454,22,1790,3,794.3700,2024-01-31,Cancelled,App,0.05
6455,30,620,1,1448.7400,2024-01-06,Cancelled,App,0.24
6456,83,1273,2,1334.2800,2024-01-30,Cancelled,App,0.27
6457,47,1620,5,838.4000,2024-01-08,Cancelled,Web,0.06
6458,10,1347,5,1114.6300,2024-01-25,Completed,Web,0.28
6459,92,1342,2,1922.7400,2024-01-08,Completed,Store,0.19
6460,9,1728,2,1098.5900,2024-01-20,Completed,App,0.15
6461,6,335,3,782.8500,2024-02-17,Completed,Store,0.29
6462,1,394,2,1522.0800,2024-02-03,Cancelled,Web,0.19
6463,37,8,5,500.1700,2024-01-30,Cancelled,App,0.08
6464,54,1874,3,1634.5500,2024-01-29,Cancelled,Web,0.22
6465,61,886,1,1552.9300,2024-01-24,Cancelled,Store,0.27
6466,36,1503,1,486.4600,2024-01-16,Cancelled,Web,0.04
6467,33,660,1,615.6700,2024-01-11,Completed,App,0.11
6468,99,181,3,1191.6400,2024-02-23,Completed,Store,0.28
6469,66,1122,5,1906.2000,2024-02-29,Completed,Store,0.19
6470,100,1470,1,1424.6700,2024-01-16,Completed,App,0.05
6471,50,1116,1,283.5600,2024-02-22,Completed,Store,0.09
6472,71,380,1,388.7800,2024-01-02,Completed,App,0.09
6473,69,1869,1,1378.5400,2024-02-04,Cancelled,App,0.11
6474,99,670,2,482.8300,2024-03-01,Completed,Store,0.08
6475,53,888,4,909.2800,2024-02-03,Completed,App,0.07
6476,26,158,4,1418.1000,2024-02-06,Cancelled,App,0.12
6477,93,664,3,1407.4700,2024-01-25,Completed,Web,0.04
6478,69,1396,5,139.2900,2024-02-01,Completed,Store,0.17
6479,64,165,2,1726.1200,2024-03-01,Cancelled,Web,0.25
6480,77,1520,3,915.5200,2024-02-03,Completed,App,0.16
6481,25,1413,2,534.6300,2024-01-16,Completed,App,0.14
6482,28,1772,3,254.9000,2024-02-17,Completed,App,0.23
6483,52,531,4,1390.5800,2024-01-14,Completed,Store,0.02
6484,96,873,2,114.3300,2024-01-20,Cancelled,Web,0.05
6485,48,1205,1,186.9700,2024-02-23,Completed,Web,0.23
6486,21,812,5,586.4800,2024-03-01,Completed,Store,0.27
6487,48,624,2,1051.5400,2024-02-07,Cancelled,Web,0.26
6488,58,1573,3,1802.2700,2024-02-01,Cancelled,App,0.28
6489,57,1737,3,634.9300,2024-01-03,Cancelled,App,0.13
6490,24,1562,4,1491.6300,2024-01-01,Completed,App,0.16
6491,7,972,4,661.8700,2024-02-18,Completed,Store,0.28
6492,93,469,3,530.4500,2024-01-27,Cancelled,Web,0.29
6493,60,1990,4,1670.9800,2024-01-10,Completed,App,0.03
6494,100,8,5,1098.1800,2024-02-18,Completed,Store,0.06
6495,41,1085,5,1386.8900,2024-01-10,Cancelled,Web,0.23
6496,46,402,3,197.1700,2024-01-31,Completed,App,0.07
6497,82,1429,4,1442.7100,2024-02-29,Completed,Web,0.24
6498,65,1243,5,1458.6300,2024-02-21,Cancelled,Web,0.2
6499,81,1060,5,868.1000,2024-02-01,Cancelled,App,0.05
6500,77,1804,2,446.9600,2024-01-15,Cancelled,Store,0.28
6501,32,691,5,1559.3200,2024-01-30,Completed,Store,0.13
6502,71,354,5,1817.4200,2024-01-26,Cancelled,Store,0.06
6503,5,357,5,1880.3600,2024-01-09,Cancelled,Web,0.29
6504,92,891,5,975.8500,2024-02-24,Completed,Store,0.12
6505,36,1914,1,812.4400,2024-02-02,Cancelled,Web,0.18
6506,5,83,4,216.7700,2024-01-29,Completed,Store,0.21
6507,63,824,3,1271.6800,2024-01-22,Completed,App,0.14
6508,64,978,1,297.6200,2024-01-31,Completed,Web,0.22
6509,64,1511,1,799.7000,2024-02-25,Cancelled,Web,0.02
6510,27,200,4,1340.9000,2024-02-25,Completed,Store,0.03
6511,60,386,4,458.1600,2024-03-01,Cancelled,Store,0.06
6512,69,1610,1,1208.4500,2024-02-12,Completed,Web,0.26
6513,59,1893,3,1953.6700,2024-01-10,Cancelled,Store,0.27
6514,69,1687,5,127.1100,2024-03-01,Cancelled,Web,0
6515,85,715,5,1019.4000,2024-02-13,Cancelled,Web,0.29
6516,99,1669,2,639.0100,2024-01-19,Completed,App,0.2
6517,30,1595,4,874.8600,2024-02-08,Completed,App,0.28
6518,8,1695,2,1812.1400,2024-01-29,Completed,App,0.1
6519,18,1840,4,830.4600,2024-01-06,Completed,Store,0.18
6520,90,241,5,191.3400,2024-01-14,Cancelled,Store,0.06
6521,53,78,5,284.0700,2024-02-08,Completed,Web,0.3
6522,82,1026,5,1476.1200,2024-02-03,Cancelled,App,0.16
6523,71,1869,4,1027.2000,2024-01-15,Completed,Web,0.24
6524,6,1096,1,160.8300,2024-02-22,Cancelled,Store,0.01
6525,73,1586,5,867.6600,2024-01-10,Completed,Web,0.15
6526,21,961,4,1358.8600,2024-01-21,Cancelled,Web,0.28
6527,73,1252,1,1008.7200,2024-01-30,Cancelled,Store,0.24
6528,76,1515,3,332.8900,2024-01-03,Completed,Web,0.28
6529,6,1320,2,1583.1200,2024-01-15,Cancelled,App,0.27
6530,25,1203,3,1229.8700,2024-01-18,Cancelled,Web,0.19
6531,12,526,1,468.4100,2024-02-16,Cancelled,Store,0.2
6532,15,1365,3,513.8000,2024-02-21,Completed,App,0.22
6533,64,1507,5,417.3400,2024-01-27,Completed,Store,0.2
6534,61,1120,4,149.5800,2024-01-20,Completed,App,0.27
6535,18,862,1,511.3300,2024-01-04,Cancelled,Store,0.07
6536,59,1275,4,543.8100,2024-01-14,Cancelled,Store,0.14
6537,66,241,1,1057.4400,2024-02-10,Completed,Store,0.23
6538,80,1032,1,1333.4600,2024-02-16,Cancelled,Web,0.15
6539,96,1535,2,194.8900,2024-02-11,Completed,App,0.23
6540,73,702,5,465.5400,2024-01-14,Completed,App,0.03
6541,18,1891,3,515.0700,2024-02-07,Cancelled,App,0.11
6542,69,1633,2,967.3600,2024-02-06,Completed,App,0.21
6543,87,497,5,1066.0600,2024-01-21,Completed,Store,0.15
6544,44,18,1,916.3700,2024-01-24,Cancelled,Store,0.15
6545,45,281,5,830.2700,2024-02-05,Cancelled,Web,0.29
6546,66,113,2,117.3000,2024-01-03,Completed,Web,0.03
6547,56,55,2,1295.9500,2024-01-10,Cancelled,Store,0.22
6548,76,800,3,234.4100,2024-01-04,Cancelled,Store,0.12
6549,49,1693,3,1054.5500,2024-02-10,Completed,Web,0.18
6550,84,1460,4,876.0200,2024-01-28,Cancelled,Store,0.17
6551,94,1359,4,612.2200,2024-02-17,Cancelled,Store,0.26
6552,45,1362,1,825.7100,2024-01-01,Cancelled,Store,0.23
6553,7,1573,1,724.8600,2024-02-01,Cancelled,Store,0.14
6554,78,897,2,181.4500,2024-02-12,Cancelled,Web,0.16
6555,1,1899,1,1654.6600,2024-02-06,Cancelled,Web,0.07
6556,93,751,3,1165.0400,2024-02-24,Completed,App,0.13
6557,91,1684,5,1721.4600,2024-02-21,Completed,Store,0.29
6558,63,806,5,1001.1600,2024-01-12,Cancelled,App,0.28
6559,46,1294,4,145.2400,2024-02-09,Completed,Web,0.25
6560,89,1101,2,825.7700,2024-02-06,Completed,Web,0.11
6561,42,811,4,767.9100,2024-01-30,Cancelled,Web,0.01
6562,68,1583,2,1579.0900,2024-02-17,Cancelled,Store,0.02
6563,82,1594,2,1369.8300,2024-01-08,Completed,Web,0.13
6564,65,786,5,843.3500,2024-01-26,Completed,Web,0.19
6565,9,850,3,674.2100,2024-02-04,Completed,App,0.04
6566,29,896,5,789.9000,2024-01-15,Completed,App,0.05
6567,8,990,1,1600.5600,2024-01-08,Cancelled,Store,0.23
6568,40,1002,4,1401.2600,2024-01-07,Cancelled,Web,0.19
6569,3,1363,1,1079.5900,2024-02-03,Cancelled,Web,0.06
6570,60,1425,4,936.1700,2024-02-20,Cancelled,Web,0.21
6571,59,1598,1,1062.1500,2024-02-14,Cancelled,App,0.02
6572,23,325,4,777.1000,2024-02-02,Completed,Web,0.28
6573,90,1500,2,1464.2400,2024-01-16,Completed,Web,0.15
6574,86,156,2,183.2900,2024-02-07,Cancelled,Store,0.22
6575,35,1029,5,1406.0300,2024-01-20,Cancelled,App,0.21
6576,6,294,3,805.6200,2024-01-29,Cancelled,Web,0.16
6577,23,1085,1,1354.2100,2024-01-19,Cancelled,Store,0.12
6578,69,481,1,812.6500,2024-02-18,Completed,App,0.24
6579,66,1910,5,1681.2100,2024-01-22,Cancelled,Store,0.17
6580,18,1865,5,333.3200,2024-01-23,Cancelled,App,0.11
6581,70,846,5,832.3200,2024-01-15,Completed,App,0.24
6582,86,1099,3,466.4200,2024-02-02,Completed,Web,0.24
6583,87,523,1,301.0500,2024-01-29,Cancelled,App,0.11
6584,15,779,4,1360.1900,2024-01-24,Cancelled,Web,0.24
6585,69,1124,1,1581.6800,2024-01-01,Completed,Store,0.07
6586,39,726,2,346.8000,2024-02-05,Cancelled,App,0.29
6587,65,1460,5,1550.3900,2024-01-25,Completed,Web,0.13
6588,75,417,5,871.2500,2024-02-15,Cancelled,Web,0.03
6589,36,1735,5,1122.5600,2024-02-21,Cancelled,Web,0.3
6590,32,1746,4,149.7000,2024-01-21,Cancelled,Web,0.17
6591,27,931,4,724.6400,2024-02-04,Cancelled,Store,0.22
6592,9,1917,4,213.8800,2024-01-02,Cancelled,Web,0.03
6593,18,998,3,314.4000,2024-02-03,Completed,Store,0.26
6594,39,1963,5,176.4200,2024-02-24,Completed,App,0.22
6595,55,1208,2,851.3800,2024-02-24,Completed,Web,0.22
6596,19,69,1,803.1500,2024-02-20,Cancelled,Web,0.18
6597,18,654,3,1686.5600,2024-02-10,Completed,Store,0.22
6598,12,1452,3,558.3000,2024-01-11,Cancelled,Web,0.01
6599,81,1715,1,1961.5700,2024-01-19,Cancelled,Web,0.07
6600,68,1933,3,1166.2400,2024-02-13,Completed,App,0.1
6601,32,1323,1,1039.4100,2024-02-07,Cancelled,App,0.03
6602,68,1980,4,1965.0900,2024-02-01,Completed,App,0.15
6603,96,1416,3,110.9400,2024-01-24,Cancelled,Web,0.09
6604,89,916,4,1918.6200,2024-02-06,Cancelled,App,0.16
6605,27,685,5,424.5000,2024-02-28,Completed,App,0.17
6606,42,1054,2,321.3600,2024-01-22,Cancelled,Web,0.1
6607,44,1863,1,1330.0900,2024-02-08,Cancelled,Store,0.21
6608,72,1969,2,292.1300,2024-02-25,Cancelled,App,0.13
6609,71,294,5,1404.9400,2024-01-17,Cancelled,Web,0.17
6610,38,1811,5,714.0300,2024-01-22,Cancelled,App,0.26
6611,22,994,2,1479.5600,2024-02-07,Completed,Store,0.11
6612,35,1499,4,500.1700,2024-01-15,Cancelled,Store,0.05
6613,78,917,5,1824.5900,2024-02-06,Cancelled,App,0.28
6614,28,118,3,506.4300,2024-01-04,Completed,App,0.03
6615,20,1062,1,1262.4500,2024-03-01,Cancelled,Web,0.25
6616,32,1756,2,854.4300,2024-01-12,Completed,App,0.17
6617,67,1609,5,1855.9500,2024-02-13,Cancelled,Web,0.15
6618,42,1301,4,353.1700,2024-02-16,Completed,Web,0.16
6619,70,1527,5,1625.0000,2024-01-13,Completed,App,0.25
6620,2,80,1,792.3200,2024-02-13,Cancelled,Web,0.11
6621,75,1190,3,1802.9700,2024-02-20,Completed,Web,0.19
6622,29,942,2,1078.0100,2024-01-01,Completed,App,0.13
6623,63,1468,2,1904.4000,2024-01-31,Cancelled,Web,0.27
6624,58,335,3,753.7600,2024-01-08,Cancelled,App,0.05
6625,5,1640,2,1603.3800,2024-02-14,Cancelled,Store,0.08
6626,27,1007,3,314.5300,2024-01-13,Completed,Web,0.06
6627,12,1457,4,1478.2600,2024-02-19,Completed,App,0.14
6628,10,549,1,395.8300,2024-02-22,Cancelled,Store,0.12
6629,36,1495,4,1076.4200,2024-02-21,Cancelled,App,0.06
6630,98,1045,2,1517.7800,2024-02-17,Cancelled,Store,0.15
6631,74,1467,2,1822.6700,2024-02-23,Cancelled,Store,0.06
6632,60,1490,4,658.4200,2024-02-23,Cancelled,Store,0.18
6633,76,988,2,1602.3000,2024-02-12,Cancelled,Web,0.19
6634,2,1342,3,1439.8700,2024-02-09,Completed,App,0.17
6635,29,1281,3,866.9000,2024-03-01,Cancelled,App,0.3
6636,30,196,5,165.7200,2024-02-20,Completed,App,0.12
6637,46,884,2,1476.7600,2024-02-08,Cancelled,App,0.02
6638,21,263,1,1011.9800,2024-01-29,Completed,Store,0.21
6639,45,1542,2,847.6700,2024-02-01,Completed,Store,0.07
6640,1,1206,3,1744.2300,2024-01-17,Completed,App,0.03
6641,25,1561,3,1098.4800,2024-01-23,Completed,Web,0.09
6642,65,1644,4,242.2700,2024-01-29,Cancelled,Store,0.29
6643,56,821,5,576.4200,2024-02-08,Completed,App,0.06
6644,73,1655,2,472.0600,2024-01-23,Completed,Store,0.1
6645,30,1491,3,1187.6900,2024-01-14,Completed,App,0.26
6646,4,853,2,1443.6300,2024-02-10,Cancelled,App,0.24
6647,54,474,5,1065.6500,2024-02-27,Cancelled,Web,0.21
6648,9,190,1,1143.1500,2024-02-24,Cancelled,Store,0.18
6649,97,1805,2,309.1000,2024-02-04,Completed,App,0.27
6650,53,1048,3,1288.1500,2024-02-18,Cancelled,Web,0.21
6651,63,1375,3,1297.8300,2024-01-24,Completed,App,0.3
6652,60,723,1,1939.1600,2024-02-24,Completed,Store,0.25
6653,23,144,5,694.1200,2024-02-04,Completed,Store,0.1
6654,15,1917,1,406.9300,2024-01-20,Cancelled,Store,0.12
6655,14,1926,2,699.3500,2024-03-01,Completed,Store,0.24
6656,20,1900,4,1567.9900,2024-02-19,Cancelled,Store,0.08
6657,58,1364,2,525.6000,2024-03-01,Completed,App,0.23
6658,57,661,1,1007.4100,2024-02-23,Completed,App,0.24
6659,24,250,3,1989.4900,2024-01-31,Completed,Web,0.19
6660,67,613,3,1778.6300,2024-02-10,Cancelled,Web,0.21
6661,12,682,3,739.1000,2024-02-04,Completed,Web,0.15
6662,6,913,1,621.9100,2024-01-07,Completed,App,0.16
6663,88,1816,3,296.8800,2024-02-28,Completed,App,0.11
6664,31,474,5,993.1900,2024-01-03,Cancelled,Store,0.27
6665,70,1487,2,673.2100,2024-01-12,Completed,Store,0.05
6666,1,638,3,649.2200,2024-02-18,Completed,App,0.2
6667,96,459,1,1202.6100,2024-02-01,Cancelled,Store,0.28
6668,85,452,3,140.9200,2024-02-15,Completed,Store,0.19
6669,16,700,4,272.4400,2024-02-11,Cancelled,Web,0.08
6670,60,1584,4,2127.1600,2024-01-25,Completed,App,0.14
6671,57,1114,4,417.5400,2024-01-14,Completed,App,0
6672,63,229,2,294.3500,2024-01-29,Completed,Store,0.06
6673,7,316,2,1504.4700,2024-02-13,Completed,App,0.28
6674,75,1023,4,309.3000,2024-01-26,Completed,Web,0.1
6675,43,1703,5,184.6800,2024-03-01,Completed,App,0.19
6676,92,1946,2,424.9900,2024-01-08,Cancelled,App,0.25
6677,65,204,1,715.9000,2024-01-30,Cancelled,Store,0.26
6678,50,625,2,1782.9800,2024-02-21,Cancelled,Store,0.3
6679,76,1332,1,193.6600,2024-01-03,Cancelled,App,0.26
6680,81,102,5,534.9000,2024-01-13,Cancelled,App,0.07
6681,85,1001,3,1231.5700,2024-01-23,Cancelled,Web,0.19
6682,100,738,1,436.5900,2024-01-13,Cancelled,App,0.19
6683,6,517,4,590.5700,2024-01-15,Completed,App,0.09
6684,65,1276,3,1654.3500,2024-02-13,Completed,Store,0.29
6685,100,133,2,633.4000,2024-01-20,Cancelled,Web,0.19
6686,4,1706,4,785.5500,2024-01-14,Cancelled,Web,0.23
6687,71,1831,2,511.0200,2024-01-30,Completed,Store,0.17
6688,99,1291,4,108.5000,2024-01-11,Completed,App,0.17
6689,59,249,1,735.5300,2024-02-06,Completed,App,0.15
6690,3,290,2,100.6100,2024-02-28,Cancelled,App,0.15
6691,70,145,1,1171.4300,2024-01-28,Cancelled,App,0.02
6692,82,570,2,1468.7200,2024-02-07,Cancelled,Web,0.25
6693,35,1596,2,1978.1600,2024-01-14,Cancelled,Web,0.08
6694,11,1121,5,1670.7400,2024-02-25,Cancelled,App,0.14
6695,77,1250,1,433.3100,2024-02-26,Cancelled,Store,0.27
6696,57,797,4,378.0300,2024-02-13,Cancelled,Web,0.18
6697,24,433,4,1454.6500,2024-02-04,Cancelled,App,0.12
6698,80,1258,2,783.7400,2024-01-29,Cancelled,App,0.12
6699,12,1539,1,395.9300,2024-02-27,Completed,Store,0.05
6700,9,224,2,477.9300,2024-02-06,Cancelled,Store,0.09
6701,50,1418,2,1161.0900,2024-01-12,Cancelled,Store,0.12
6702,57,1387,4,1198.4700,2024-02-15,Completed,Web,0.18
6703,96,1288,3,961.1600,2024-02-01,Cancelled,Store,0.14
6704,32,61,2,102.8500,2024-01-09,Cancelled,App,0.26
6705,33,132,3,1397.6700,2024-02-07,Completed,Web,0.28
6706,8,118,1,1766.5700,2024-01-25,Completed,App,0.09
6707,55,1606,4,528.8200,2024-01-15,Completed,Web,0.19
6708,34,1394,4,686.5000,2024-01-01,Completed,App,0.27
6709,42,1244,3,1647.3300,2024-01-11,Completed,App,0.07
6710,97,272,1,1442.7100,2024-01-16,Completed,Web,0.18
6711,45,1800,1,1728.9600,2024-01-02,Cancelled,App,0.23
6712,46,585,1,178.8600,2024-01-24,Cancelled,Web,0.01
6713,43,261,2,846.5500,2024-01-07,Completed,Web,0.09
6714,37,1994,2,138.1100,2024-02-21,Cancelled,Web,0.23
6715,99,1243,5,1360.2700,2024-02-27,Cancelled,Web,0.23
6716,40,468,2,892.8600,2024-01-23,Cancelled,App,0.18
6717,57,1430,5,357.0900,2024-01-03,Completed,Web,0.03
6718,32,756,3,344.8500,2024-01-30,Cancelled,Web,0.15
6719,93,244,2,740.9100,2024-02-25,Completed,Web,0.22
6720,75,254,5,943.4800,2024-02-11,Cancelled,Web,0.26
6721,41,1574,4,580.4000,2024-02-02,Completed,Store,0.29
6722,11,655,5,885.3500,2024-01-04,Cancelled,Store,0.24
6723,43,1787,5,1101.9200,2024-01-18,Completed,App,0.26
6724,58,1158,4,1851.5400,2024-02-02,Cancelled,Web,0.14
6725,12,69,3,953.5200,2024-02-28,Cancelled,App,0.18
6726,38,868,3,1837.2100,2024-02-22,Cancelled,App,0.28
6727,38,1436,4,1914.0500,2024-02-28,Completed,App,0.19
6728,83,1937,5,461.8600,2024-01-01,Cancelled,Web,0.04
6729,61,493,4,1902.7100,2024-01-14,Cancelled,Web,0.21
6730,25,1053,4,1301.9300,2024-02-20,Completed,Store,0.07
6731,14,1900,3,1211.3100,2024-01-07,Cancelled,Web,0.09
6732,57,960,1,1176.3800,2024-01-25,Completed,App,0.12
6733,68,642,1,686.2200,2024-01-11,Cancelled,Web,0.14
6734,4,118,1,992.4600,2024-02-03,Completed,Web,0.29
6735,2,1766,3,171.3800,2024-01-22,Completed,App,0.23
6736,38,1158,2,379.2400,2024-02-17,Cancelled,Web,0.02
6737,37,678,3,477.5300,2024-02-09,Completed,App,0.02
6738,53,114,5,1503.8600,2024-01-29,Completed,App,0.07
6739,42,1211,1,454.3000,2024-02-14,Cancelled,Web,0.3
6740,26,229,1,1649.8300,2024-02-15,Completed,Store,0.07
6741,52,267,2,772.2600,2024-02-26,Cancelled,App,0.2
6742,81,1725,3,1788.3400,2024-01-14,Completed,Web,0.1
6743,97,812,2,903.2700,2024-02-21,Cancelled,Web,0.29
6744,54,776,4,1282.0800,2024-02-14,Cancelled,App,0.1
6745,76,643,2,916.6700,2024-02-12,Cancelled,App,0.18
6746,86,42,2,900.6500,2024-01-15,Cancelled,Web,0.15
6747,51,1089,1,849.1400,2024-01-31,Completed,Web,0.14
6748,11,1570,4,618.1200,2024-01-02,Cancelled,App,0.06
6749,72,573,3,161.6800,2024-02-27,Completed,App,0.2
6750,93,1687,1,839.9800,2024-02-19,Completed,App,0.2
6751,35,62,5,674.3400,2024-02-17,Cancelled,Store,0.21
6752,1,435,3,1799.2700,2024-02-07,Cancelled,Store,0.06
6753,78,188,5,1828.4600,2024-01-04,Cancelled,Store,0.21
6754,34,1833,4,1398.0600,2024-02-10,Completed,Web,0.23
6755,85,466,2,1288.9200,2024-02-03,Completed,Web,0.07
6756,55,1645,1,605.1800,2024-01-02,Cancelled,Store,0.24
6757,92,1378,2,1503.7000,2024-01-05,Completed,Web,0.24
6758,11,1764,3,1416.6800,2024-02-23,Cancelled,Store,0
6759,4,701,4,1033.2200,2024-01-24,Completed,Web,0.19
6760,97,1474,1,1812.0700,2024-01-14,Completed,Web,0.2
6761,46,309,4,719.7200,2024-02-11,Cancelled,Store,0.06
6762,38,1744,3,1556.9400,2024-01-19,Cancelled,App,0.14
6763,81,187,3,1620.7000,2024-01-04,Cancelled,Store,0.02
6764,98,481,2,292.2500,2024-01-29,Completed,Web,0.03
6765,66,1024,1,713.4000,2024-02-03,Cancelled,Web,0.22
6766,47,763,1,1711.9700,2024-02-19,Cancelled,App,0.01
6767,91,1820,1,1613.6800,2024-01-18,Completed,App,0.22
6768,95,1579,5,1705.6500,2024-02-12,Cancelled,Store,0.21
6769,12,1824,3,1246.5500,2024-02-27,Cancelled,Store,0.02
6770,32,318,5,617.5800,2024-02-27,Completed,Web,0.25
6771,17,1600,4,1712.0900,2024-01-18,Cancelled,App,0.04
6772,69,428,5,924.3600,2024-01-07,Completed,App,0.11
6773,7,119,3,599.5000,2024-01-28,Completed,Store,0.24
6774,83,418,5,1140.5000,2024-01-08,Cancelled,Web,0.13
6775,17,1686,4,802.8000,2024-01-29,Completed,Web,0.16
6776,14,146,2,1800.9100,2024-01-22,Cancelled,Store,0.19
6777,100,1839,5,855.6500,2024-02-11,Cancelled,App,0.23
6778,52,294,5,354.1400,2024-02-18,Completed,App,0.1
6779,26,1544,1,885.7100,2024-02-01,Completed,Store,0.21
6780,11,407,1,1767.3500,2024-02-06,Completed,App,0.02
6781,75,329,5,1291.7100,2024-02-26,Completed,App,0.27
6782,8,1850,2,1268.3100,2024-02-20,Cancelled,Store,0.21
6783,61,869,4,941.9400,2024-01-29,Completed,Web,0.06
6784,2,711,4,1393.0400,2024-02-10,Completed,Web,0.01
6785,52,1868,1,400.5600,2024-01-04,Completed,App,0.12
6786,34,1498,4,1386.4300,2024-01-08,Cancelled,App,0.05
6787,10,1031,1,1665.5900,2024-02-09,Completed,Web,0.11
6788,32,1378,2,1897.7200,2024-01-26,Completed,App,0.1
6789,98,155,2,146.7900,2024-01-31,Completed,Store,0
6790,14,101,2,766.7400,2024-01-06,Completed,App,0.23
6791,83,1503,5,1247.0300,2024-02-20,Cancelled,App,0.21
6792,66,158,5,617.5800,2024-01-15,Completed,Web,0.04
6793,8,1277,5,1835.9300,2024-01-10,Completed,App,0.29
6794,75,1015,2,1264.5100,2024-01-15,Cancelled,Web,0.23
6795,90,88,4,1077.2400,2024-01-26,Completed,Web,0.06
6796,79,1432,2,1284.5500,2024-01-18,Completed,Store,0.19
6797,91,810,4,1980.1100,2024-01-13,Completed,Web,0.3
6798,12,1604,5,386.6200,2024-01-18,Cancelled,App,0.23
6799,35,982,5,946.1900,2024-01-28,Cancelled,Web,0.27
6800,16,1773,4,1392.4100,2024-01-07,Cancelled,App,0.01
6801,21,138,1,742.9600,2024-02-20,Completed,Store,0.15
6802,71,190,1,663.3000,2024-01-19,Completed,App,0.14
6803,63,729,5,533.4700,2024-01-14,Cancelled,Web,0.08
6804,74,1225,3,1282.7400,2024-01-29,Cancelled,App,0.3
6805,82,1887,3,1640.3100,2024-01-25,Cancelled,Web,0.28
6806,23,727,4,412.5000,2024-02-20,Completed,App,0.11
6807,8,1642,2,1466.3200,2024-01-08,Completed,App,0.04
6808,80,1877,2,572.8600,2024-01-06,Cancelled,Web,0.02
6809,76,82,1,117.3500,2024-01-16,Completed,App,0.19
6810,95,924,2,1072.0000,2024-02-19,Cancelled,App,0.13
6811,72,316,2,962.1700,2024-02-17,Cancelled,App,0.15
6812,29,357,1,1778.1800,2024-01-30,Completed,App,0.05
6813,98,158,4,524.2200,2024-02-16,Completed,Web,0
6814,98,1671,3,1501.6300,2024-01-20,Cancelled,App,0.09
6815,16,118,1,321.4300,2024-01-18,Completed,Store,0.22
6816,21,47,4,1769.5800,2024-02-14,Completed,Web,0.13
6817,70,904,5,1619.8000,2024-01-04,Cancelled,Web,0.26
6818,85,1147,5,1746.8800,2024-01-25,Completed,App,0.23
6819,27,1812,1,1997.6600,2024-01-14,Completed,Store,0.15
6820,65,1418,5,1545.0400,2024-01-10,Completed,App,0.03
6821,89,1648,3,142.3900,2024-01-12,Cancelled,App,0.01
6822,73,359,3,1382.5500,2024-01-11,Completed,Store,0.2
6823,40,11,2,950.3800,2024-02-02,Cancelled,Store,0.05
6824,13,410,4,1265.1500,2024-01-19,Cancelled,Store,0.05
6825,98,433,4,495.8000,2024-01-28,Completed,Web,0.15
6826,14,1687,1,1763.9100,2024-01-27,Completed,Store,0.25
6827,37,26,1,1005.1600,2024-01-25,Completed,Store,0.06
6828,90,1680,3,881.2100,2024-02-24,Cancelled,Store,0.08
6829,50,1383,3,1922.9700,2024-01-19,Completed,App,0.21
6830,79,1366,2,183.2700,2024-02-19,Cancelled,Store,0.01
6831,62,350,5,1685.4800,2024-01-05,Cancelled,App,0.09
6832,56,794,2,887.6700,2024-02-25,Cancelled,Store,0.07
6833,55,1086,3,1862.4800,2024-02-17,Completed,Web,0.19
6834,28,1974,1,827.1900,2024-02-24,Completed,App,0.06
6835,30,684,1,1950.0400,2024-01-16,Cancelled,Store,0.17
6836,91,956,1,153.7700,2024-01-12,Cancelled,Web,0.11
6837,38,28,1,1327.9300,2024-02-15,Completed,Web,0.1
6838,9,647,3,575.9600,2024-02-11,Cancelled,Web,0.07
6839,22,449,1,1702.3500,2024-02-11,Completed,Web,0.25
6840,65,613,5,1205.8300,2024-01-20,Completed,Web,0.23
6841,33,1924,2,1227.1900,2024-02-11,Completed,App,0.23
6842,29,1782,3,1371.4600,2024-02-17,Completed,Web,0.08
6843,76,102,3,1345.3200,2024-02-27,Completed,Store,0.15
6844,79,498,2,1260.3100,2024-01-05,Completed,Store,0.1
6845,70,182,4,522.3800,2024-01-31,Cancelled,App,0.08
6846,30,1469,3,928.2300,2024-02-23,Cancelled,Store,0.1
6847,4,830,2,1722.8000,2024-02-11,Completed,Web,0.13
6848,54,1984,5,398.9800,2024-01-20,Completed,Store,0.28
6849,53,1641,4,225.6400,2024-02-05,Cancelled,App,0.06
6850,40,713,5,1266.0200,2024-02-19,Cancelled,App,0.16
6851,33,34,4,309.1100,2024-01-31,Cancelled,App,0.15
6852,46,602,2,1139.7500,2024-01-24,Completed,App,0.26
6853,32,926,3,1673.1000,2024-03-01,Completed,App,0.14
6854,64,1823,5,433.6900,2024-02-27,Completed,Web,0.07
6855,33,1504,4,480.5900,2024-01-24,Cancelled,App,0.01
6856,51,626,5,761.6100,2024-01-30,Cancelled,Store,0.21
6857,10,1737,1,243.2800,2024-01-20,Cancelled,Web,0.3
6858,16,888,3,253.7200,2024-02-06,Completed,Web,0.23
6859,79,414,4,1734.1200,2024-02-25,Cancelled,App,0.23
6860,72,399,3,462.0300,2024-01-26,Completed,App,0.24
6861,93,921,1,1394.0900,2024-02-18,Completed,Store,0.27
6862,68,1526,4,1583.5400,2024-01-12,Cancelled,Web,0.09
6863,41,368,2,942.8000,2024-02-15,Cancelled,Store,0.1
6864,25,335,5,1434.5200,2024-02-05,Cancelled,Store,0.27
6865,55,1466,2,1814.1000,2024-02-07,Cancelled,Web,0.14
6866,39,1977,2,459.2200,2024-01-08,Completed,App,0.14
6867,93,1307,1,1505.5100,2024-01-12,Cancelled,App,0.16
6868,70,486,2,1842.6900,2024-01-16,Completed,Web,0.25
6869,15,960,1,790.8100,2024-01-03,Completed,Web,0.23
6870,48,141,1,991.3400,2024-01-20,Completed,Web,0.21
6871,82,1383,1,1009.0200,2024-02-16,Cancelled,Store,0.12
6872,49,905,5,1027.9600,2024-01-21,Cancelled,App,0.24
6873,46,1760,1,519.6100,2024-02-18,Completed,Web,0.04
6874,76,1706,3,614.5600,2024-02-22,Completed,App,0.03
6875,7,717,4,1104.2200,2024-01-19,Cancelled,App,0.18
6876,30,184,4,1336.7100,2024-02-13,Cancelled,Store,0.11
6877,86,1190,4,774.3900,2024-01-24,Cancelled,App,0
6878,44,202,5,434.8700,2024-01-14,Completed,App,0.17
6879,16,805,3,353.4300,2024-01-21,Completed,Web,0.13
6880,41,1553,5,382.4200,2024-01-30,Cancelled,App,0.1
6881,39,911,4,461.6400,2024-01-23,Completed,App,0.13
6882,54,693,5,1271.3100,2024-01-06,Cancelled,Web,0.03
6883,8,183,3,1457.8100,2024-02-28,Completed,Web,0.06
6884,28,36,4,430.2200,2024-01-17,Cancelled,Web,0.17
6885,56,1849,1,1040.3200,2024-01-01,Cancelled,App,0.1
6886,90,1590,3,1973.2500,2024-02-06,Cancelled,App,0.29
6887,90,404,5,540.9300,2024-02-27,Cancelled,Store,0.05
6888,25,1716,5,459.8200,2024-02-16,Completed,App,0.09
6889,88,1442,4,174.5400,2024-01-13,Completed,Store,0.23
6890,56,410,2,562.1100,2024-01-02,Completed,Web,0.06
6891,63,891,2,649.6300,2024-01-11,Cancelled,Store,0.14
6892,18,455,1,1925.0700,2024-02-16,Completed,App,0.27
6893,47,646,5,1253.5500,2024-01-01,Cancelled,App,0.14
6894,40,1448,5,1934.9400,2024-02-03,Cancelled,Web,0.22
6895,4,384,4,1870.9000,2024-02-15,Cancelled,Store,0.04
6896,55,109,3,695.4300,2024-02-08,Completed,App,0.19
6897,2,1803,2,572.3600,2024-02-01,Cancelled,Store,0
6898,2,1470,4,931.6100,2024-02-09,Cancelled,App,0.17
6899,67,1555,5,1161.7200,2024-02-04,Completed,Web,0.3
6900,53,938,1,531.2300,2024-02-04,Cancelled,Web,0.08
6901,63,888,4,1667.9200,2024-02-04,Completed,Store,0.2
6902,76,125,4,1792.7900,2024-01-25,Cancelled,App,0.1
6903,4,494,1,826.8400,2024-01-28,Completed,Store,0.13
6904,10,821,4,1378.7900,2024-01-06,Completed,Store,0.03
6905,31,716,3,527.0100,2024-02-26,Cancelled,Store,0.22
6906,2,374,4,749.2900,2024-02-08,Cancelled,App,0.04
6907,77,257,1,1522.5400,2024-01-04,Cancelled,Store,0
6908,52,751,2,915.4900,2024-01-18,Cancelled,Store,0.23
6909,36,617,5,1813.2000,2024-01-30,Completed,Store,0.04
6910,54,1713,4,974.7700,2024-01-18,Completed,Web,0.25
6911,30,1989,2,966.4600,2024-02-07,Cancelled,App,0.08
6912,39,769,4,793.1200,2024-01-29,Completed,Web,0.28
6913,39,965,4,1895.2000,2024-01-11,Completed,Web,0.17
6914,57,260,4,849.4900,2024-02-13,Completed,Web,0.1
6915,27,1872,3,1655.5900,2024-01-23,Completed,Store,0.07
6916,74,824,3,869.4000,2024-01-24,Completed,Web,0.1
6917,4,991,5,1369.1800,2024-01-19,Cancelled,Store,0.09
6918,1,206,1,1207.8500,2024-01-24,Cancelled,App,0.17
6919,17,901,4,1600.1000,2024-02-03,Cancelled,App,0.16
6920,79,1658,3,310.6300,2024-01-25,Completed,Web,0.04
6921,37,1618,1,775.6400,2024-02-14,Completed,App,0.21
6922,3,1837,5,1202.5800,2024-01-11,Completed,Store,0.27
6923,57,778,1,281.6200,2024-01-20,Completed,Store,0.29
6924,35,402,4,796.3500,2024-01-29,Cancelled,App,0.28
6925,36,781,2,1466.3700,2024-02-01,Completed,Store,0.27
6926,79,1196,1,1050.3600,2024-01-30,Cancelled,Web,0.09
6927,78,903,4,199.9100,2024-02-13,Completed,Store,0.05
6928,29,1650,4,791.4300,2024-01-28,Completed,Store,0.28
6929,92,1532,2,202.5400,2024-02-29,Cancelled,App,0.09
6930,52,1393,5,1022.9000,2024-01-06,Cancelled,App,0.09
6931,52,616,3,1099.9700,2024-01-17,Cancelled,App,0.03
6932,23,874,3,932.2300,2024-02-05,Cancelled,Store,0.28
6933,98,1077,2,1416.9800,2024-01-09,Cancelled,Store,0.03
6934,80,765,3,1685.0100,2024-02-07,Cancelled,Store,0.12
6935,56,1009,4,502.1100,2024-02-29,Completed,Web,0.21
6936,16,758,5,1036.2900,2024-02-10,Cancelled,App,0.18
6937,85,1835,3,624.5600,2024-02-15,Cancelled,Web,0.21
6938,99,354,5,918.4800,2024-01-09,Completed,App,0.25
6939,72,1002,2,135.6700,2024-02-12,Completed,Store,0.02
6940,87,422,4,461.0800,2024-01-24,Completed,Store,0.17
6941,24,694,3,880.1600,2024-01-24,Cancelled,Web,0.24
6942,56,1868,3,415.5000,2024-01-03,Cancelled,Store,0.22
6943,86,673,5,1738.2500,2024-01-08,Completed,Web,0.13
6944,39,1952,2,155.1600,2024-01-10,Cancelled,Web,0.23
6945,99,749,1,1089.2800,2024-01-22,Cancelled,Web,0.03
6946,59,1199,1,1992.5400,2024-01-18,Cancelled,Store,0.3
6947,44,947,5,891.2400,2024-01-16,Cancelled,Web,0.18
6948,77,1110,3,337.1900,2024-02-05,Completed,App,0.14
6949,22,315,2,1456.5200,2024-02-11,Completed,App,0.09
6950,93,410,4,1581.7300,2024-02-14,Completed,App,0.24
6951,23,113,4,1811.0100,2024-01-20,Cancelled,Store,0.25
6952,10,1072,2,352.5600,2024-02-05,Cancelled,Store,0.3
6953,82,59,5,1148.9900,2024-02-06,Completed,Web,0.23
6954,41,1695,5,1636.0200,2024-02-09,Completed,Web,0.01
6955,51,2,3,836.6000,2024-01-10,Cancelled,App,0.16
6956,83,696,5,1154.7400,2024-03-01,Completed,App,0.18
6957,41,501,2,1039.4100,2024-02-05,Cancelled,App,0.01
6958,15,1429,2,1223.3600,2024-02-16,Completed,Web,0.27
6959,40,1609,1,1059.2100,2024-01-22,Cancelled,Store,0.29
6960,75,1774,5,493.3200,2024-02-18,Completed,Web,0.29
6961,82,995,2,1289.0000,2024-02-14,Completed,Store,0.02
6962,22,1782,3,431.9900,2024-01-06,Completed,App,0.07
6963,32,85,3,251.1800,2024-01-29,Cancelled,Store,0.27
6964,73,283,2,210.5400,2024-02-23,Completed,Store,0.21
6965,17,1858,1,378.5300,2024-02-19,Cancelled,Store,0.2
6966,40,816,5,964.8200,2024-01-12,Cancelled,App,0.19
6967,9,1434,4,1051.5500,2024-02-02,Cancelled,Store,0.09
6968,97,1654,5,1681.0500,2024-02-29,Cancelled,App,0.19
6969,64,1385,5,1710.6900,2024-01-13,Cancelled,Store,0.09
6970,82,1886,2,1895.5100,2024-02-04,Completed,Store,0.19
6971,45,142,1,1811.6300,2024-02-11,Cancelled,App,0.21
6972,62,1158,3,419.6100,2024-02-26,Cancelled,Store,0.03
6973,38,521,2,167.6100,2024-01-01,Completed,App,0.25
6974,76,344,2,1084.1400,2024-01-23,Completed,Web,0.15
6975,2,632,2,182.2800,2024-01-17,Cancelled,Web,0.2
6976,89,275,4,1790.0200,2024-02-10,Completed,App,0.02
6977,48,309,2,820.1100,2024-01-03,Completed,App,0
6978,44,263,1,610.5200,2024-01-10,Cancelled,Web,0.18
6979,22,1816,4,251.6300,2024-01-20,Completed,App,0.1
6980,84,1350,3,1535.8800,2024-02-16,Completed,App,0.25
6981,52,977,5,1960.7100,2024-02-26,Cancelled,Store,0.13
6982,35,245,5,1084.3100,2024-02-08,Completed,Store,0.26
6983,88,1748,3,1750.8100,2024-01-21,Completed,Web,0.09
6984,67,1722,5,1439.1800,2024-02-03,Completed,Web,0.01
6985,54,1185,5,1180.1800,2024-01-13,Cancelled,Web,0
6986,31,723,2,320.8200,2024-02-29,Completed,Web,0.25
6987,45,1129,4,1003.3900,2024-01-05,Cancelled,App,0.07
6988,70,955,3,1069.6200,2024-01-17,Completed,Web,0.12
6989,47,364,5,1636.3400,2024-02-13,Completed,Web,0.09
6990,47,293,3,533.3700,2024-01-07,Cancelled,Web,0.1
6991,60,1284,2,860.9900,2024-01-19,Cancelled,Web,0.26
6992,3,1963,2,1645.8200,2024-02-05,Cancelled,Web,0
6993,9,392,5,1127.5000,2024-03-01,Completed,Web,0.28
6994,9,1722,3,1560.9500,2024-01-28,Cancelled,App,0.05
6995,52,1152,5,2126.2600,2024-02-22,Cancelled,App,0.23
6996,61,602,3,139.7500,2024-02-07,Completed,App,0.15
6997,59,1012,3,1709.0800,2024-01-26,Cancelled,Store,0.01
6998,12,1628,3,865.0400,2024-01-11,Cancelled,App,0.21
6999,35,904,3,795.0800,2024-02-26,Cancelled,App,0.1
7000,1,1419,2,1304.4600,2024-01-15,Cancelled,App,0.24
7001,82,1890,4,986.7700,2024-01-29,Cancelled,App,0.17
7002,59,613,3,436.4300,2024-01-30,Completed,Web,0.03
7003,61,424,3,292.8300,2024-02-17,Completed,App,0.12
7004,32,906,5,1468.2600,2024-02-02,Cancelled,Web,0.14
7005,77,926,4,740.2100,2024-01-03,Cancelled,Web,0.29
7006,86,37,3,159.1700,2024-02-15,Completed,Web,0.01
7007,4,364,4,270.5800,2024-01-13,Completed,Store,0.06
7008,45,1760,3,326.9900,2024-01-21,Cancelled,Web,0.24
7009,6,1137,3,1622.7500,2024-01-08,Cancelled,App,0.23
7010,38,838,1,1975.6400,2024-02-07,Completed,App,0.16
7011,20,1807,3,498.1200,2024-01-02,Completed,App,0.25
7012,41,794,1,1661.3500,2024-02-06,Completed,Web,0.16
7013,92,245,3,1143.8400,2024-01-03,Cancelled,Store,0.04
7014,82,701,5,542.4800,2024-02-01,Completed,App,0.26
7015,41,142,3,912.7900,2024-02-09,Cancelled,App,0.06
7016,90,1636,3,1954.2700,2024-01-15,Completed,App,0.25
7017,69,36,2,603.9300,2024-01-08,Completed,App,0.05
7018,7,1914,4,869.3500,2024-02-26,Completed,Store,0.04
7019,23,1640,2,318.7400,2024-01-28,Completed,Web,0.03
7020,89,969,3,937.6900,2024-01-29,Completed,Store,0.1
7021,60,1473,4,1030.8700,2024-01-18,Cancelled,App,0.28
7022,68,1108,5,318.8900,2024-01-11,Cancelled,Store,0.26
7023,100,314,3,612.1300,2024-02-17,Cancelled,Web,0.14
7024,30,1957,4,1239.6100,2024-02-09,Completed,Store,0.21
7025,53,1472,4,316.3900,2024-02-06,Cancelled,App,0.29
7026,46,650,5,1372.0100,2024-01-19,Completed,Web,0.28
7027,59,1611,2,1936.6500,2024-02-14,Completed,Store,0.24
7028,41,310,5,1198.5000,2024-01-08,Cancelled,App,0.24
7029,9,1085,4,109.3900,2024-01-15,Cancelled,Store,0.12
7030,63,1139,5,321.2100,2024-02-09,Completed,Web,0.07
7031,59,162,5,386.8200,2024-01-21,Completed,App,0.24
7032,24,1454,2,634.1200,2024-01-30,Completed,App,0.18
7033,3,990,2,1215.1800,2024-01-31,Cancelled,Web,0.03
7034,87,1427,4,385.2200,2024-02-22,Completed,Web,0.05
7035,25,324,2,1370.8900,2024-02-01,Completed,Web,0.12
7036,5,28,5,1280.9600,2024-01-30,Completed,App,0.04
7037,52,218,5,1136.5300,2024-01-19,Cancelled,Store,0.2
7038,82,82,5,1259.8400,2024-02-04,Completed,Store,0.09
7039,13,464,3,750.0300,2024-02-06,Completed,Web,0.14
7040,38,1098,2,1829.3400,2024-02-16,Cancelled,Web,0.1
7041,60,345,4,125.2500,2024-02-29,Completed,App,0.1
7042,78,997,3,572.2900,2024-02-25,Cancelled,Store,0.15
7043,25,1624,3,136.9600,2024-02-21,Completed,Web,0.13
7044,48,1339,5,342.5100,2024-01-11,Cancelled,Store,0.02
7045,46,1849,4,864.7400,2024-01-14,Completed,App,0.12
7046,39,1847,3,396.7800,2024-01-20,Cancelled,Web,0.07
7047,77,1061,2,206.3700,2024-01-20,Completed,App,0.07
7048,48,1185,1,150.8200,2024-01-03,Cancelled,Store,0.13
7049,73,397,3,1519.6700,2024-02-18,Cancelled,Web,0.16
7050,40,724,5,1799.3500,2024-02-16,Completed,Store,0.05
7051,2,659,4,1257.7800,2024-01-26,Completed,App,0
7052,13,785,3,1087.5100,2024-01-04,Completed,App,0.08
7053,66,261,1,1079.6600,2024-02-12,Completed,Store,0.1
7054,40,608,2,1061.2600,2024-01-08,Completed,Store,0.24
7055,78,1040,3,1360.3600,2024-02-17,Cancelled,Web,0.26
7056,2,678,4,1942.0600,2024-02-21,Completed,Store,0.1
7057,43,1707,1,139.1900,2024-02-07,Cancelled,Store,0.18
7058,19,1290,5,1387.4900,2024-01-10,Completed,Web,0.16
7059,69,242,4,1395.2200,2024-01-29,Cancelled,App,0.06
7060,11,1050,5,1252.4700,2024-02-26,Completed,Web,0.08
7061,34,1468,5,1493.7300,2024-02-12,Completed,Store,0.01
7062,43,1327,4,220.2000,2024-02-11,Completed,Web,0.06
7063,3,1247,1,740.3000,2024-01-18,Completed,Web,0.13
7064,4,1657,4,126.9800,2024-03-01,Completed,App,0.14
7065,61,1452,3,818.8100,2024-01-27,Cancelled,App,0.12
7066,18,1299,1,527.0000,2024-01-29,Completed,Store,0.06
7067,37,1595,3,1765.8200,2024-02-11,Completed,App,0.28
7068,61,446,5,1191.9300,2024-01-31,Cancelled,Store,0.01
7069,13,781,4,395.2800,2024-01-07,Completed,Web,0.19
7070,55,1537,3,264.1400,2024-02-27,Cancelled,App,0.28
7071,16,1726,5,221.6800,2024-02-16,Completed,App,0.29
7072,46,1498,5,1536.5200,2024-02-27,Completed,Store,0.06
7073,3,153,1,1775.8200,2024-02-05,Cancelled,Web,0.05
7074,78,462,3,261.6100,2024-02-20,Cancelled,Store,0.14
7075,35,1067,5,1453.2700,2024-01-02,Completed,App,0.25
7076,63,119,2,1864.5500,2024-02-24,Cancelled,Web,0.17
7077,59,179,4,901.9900,2024-01-26,Completed,App,0.18
7078,19,670,2,1772.2100,2024-02-09,Cancelled,Web,0.05
7079,52,1528,1,241.6300,2024-01-30,Cancelled,App,0.27
7080,37,1979,4,732.4400,2024-01-07,Cancelled,App,0.19
7081,7,376,2,1757.4400,2024-01-10,Cancelled,App,0.09
7082,79,295,1,1972.4800,2024-01-17,Cancelled,App,0.12
7083,88,478,4,151.5100,2024-02-06,Cancelled,Store,0.09
7084,54,1945,1,1622.6200,2024-01-24,Completed,App,0.1
7085,50,1764,3,109.3500,2024-03-01,Completed,Store,0.21
7086,10,1834,5,1315.5100,2024-01-01,Cancelled,App,0.08
7087,15,422,2,1329.0200,2024-01-13,Cancelled,Web,0.08
7088,22,1915,4,435.7100,2024-01-04,Cancelled,Store,0.11
7089,80,327,3,377.5600,2024-02-21,Completed,App,0.05
7090,53,808,4,1752.7400,2024-01-16,Completed,Web,0.13
7091,6,479,3,1853.3700,2024-01-21,Completed,Web,0.17
7092,5,1659,5,1829.0500,2024-01-26,Cancelled,Store,0.18
7093,60,1337,4,1173.0700,2024-02-14,Completed,Store,0.24
7094,4,12,1,1135.5400,2024-02-07,Cancelled,Web,0.01
7095,99,1723,4,1308.1200,2024-01-23,Cancelled,Store,0.14
7096,38,729,3,128.2800,2024-02-04,Cancelled,Store,0.21
7097,22,487,5,152.8800,2024-01-19,Cancelled,App,0.18
7098,14,1104,2,1943.8700,2024-01-08,Cancelled,Store,0.04
7099,70,1342,5,1798.5300,2024-02-22,Cancelled,App,0.07
7100,10,1702,1,780.4500,2024-01-07,Cancelled,Store,0.18
7101,71,1083,1,341.6700,2024-01-24,Completed,Store,0.14
7102,99,1328,1,1172.9700,2024-01-29,Completed,Store,0.22
7103,82,640,2,257.8200,2024-01-27,Cancelled,Web,0.13
7104,89,134,4,343.0700,2024-02-29,Completed,App,0.14
7105,42,1604,4,889.9500,2024-01-19,Completed,Web,0.19
7106,85,507,5,1779.4600,2024-02-09,Cancelled,Web,0.29
7107,8,1243,1,577.6800,2024-01-04,Completed,Web,0.19
7108,41,1890,3,1835.3000,2024-01-15,Cancelled,Store,0.09
7109,56,1822,1,1533.9600,2024-02-15,Cancelled,App,0.06
7110,70,1019,2,714.0500,2024-01-22,Completed,Web,0.06
7111,49,1039,5,541.0400,2024-02-22,Cancelled,Web,0.29
7112,15,1085,4,1377.5300,2024-01-05,Cancelled,App,0.21
7113,23,1370,4,1503.1200,2024-02-29,Completed,App,0.13
7114,75,1281,3,905.3000,2024-01-03,Cancelled,Web,0.08
7115,5,1333,2,1264.6100,2024-02-21,Completed,Store,0.15
7116,25,1247,2,1194.6100,2024-01-21,Completed,App,0.27
7117,80,747,1,1189.9700,2024-01-28,Completed,Web,0.23
7118,17,1455,4,1675.9900,2024-02-10,Completed,Web,0.1
7119,84,344,5,1198.4900,2024-02-06,Cancelled,Web,0.07
7120,11,1277,3,1465.2200,2024-02-15,Completed,Web,0.17
7121,51,1181,4,656.0800,2024-01-20,Completed,Web,0.05
7122,9,95,2,1751.9300,2024-02-26,Cancelled,Store,0.01
7123,18,1716,5,721.0700,2024-01-09,Cancelled,Store,0.02
7124,13,390,2,1557.2500,2024-01-22,Cancelled,App,0.14
7125,22,1174,2,508.5100,2024-01-10,Completed,App,0.13
7126,52,189,1,2288.6200,2024-02-05,Cancelled,Web,0.16
7127,98,597,4,618.7400,2024-02-02,Cancelled,Web,0.08
7128,89,1250,5,1383.2400,2024-01-21,Completed,Web,0.02
7129,20,760,5,1173.6800,2024-01-19,Cancelled,Store,0.14
7130,56,647,2,1046.5700,2024-01-31,Cancelled,App,0.26
7131,88,1135,1,1777.8900,2024-01-03,Completed,Web,0.29
7132,70,1985,5,1516.3300,2024-02-03,Completed,Store,0.17
7133,27,1009,5,607.4500,2024-02-26,Cancelled,Store,0.13
7134,8,1483,3,273.4900,2024-01-12,Completed,Store,0.11
7135,69,1870,3,569.5600,2024-02-12,Cancelled,Store,0.14
7136,85,713,2,591.1200,2024-02-17,Completed,Web,0.09
7137,81,1358,2,1287.9300,2024-02-10,Completed,Web,0.16
7138,67,488,2,590.4900,2024-02-26,Completed,Store,0.26
7139,9,664,1,697.5000,2024-02-11,Cancelled,App,0.19
7140,93,124,2,1951.0400,2024-01-03,Completed,Store,0.21
7141,99,250,2,1826.6800,2024-02-14,Completed,App,0.07
7142,74,555,3,799.4100,2024-02-29,Completed,Store,0.17
7143,71,805,4,1793.1000,2024-01-30,Cancelled,App,0.18
7144,91,1862,2,1342.1900,2024-02-03,Completed,App,0.03
7145,94,908,3,1975.9500,2024-01-21,Completed,App,0.29
7146,60,1727,3,1545.5000,2024-01-01,Completed,App,0.18
7147,39,1364,2,1981.1200,2024-02-18,Cancelled,Store,0.21
7148,68,339,3,1358.1700,2024-01-14,Completed,Store,0.27
7149,41,183,2,1499.6800,2024-02-02,Completed,Web,0.18
7150,67,794,2,1745.6700,2024-01-12,Completed,App,0.01
7151,27,803,3,1036.6900,2024-01-26,Cancelled,Web,0.28
7152,67,1862,5,127.1500,2024-01-30,Cancelled,Store,0.29
7153,85,1110,1,278.7400,2024-02-20,Completed,Web,0.19
7154,28,478,3,1103.8000,2024-02-04,Cancelled,App,0.09
7155,11,108,1,1228.2600,2024-02-02,Cancelled,Store,0.1
7156,68,30,2,989.5700,2024-01-15,Completed,Web,0.19
7157,47,10,4,171.2300,2024-01-12,Cancelled,Web,0.17
7158,5,31,4,557.4500,2024-02-06,Completed,Store,0.02
7159,21,61,1,993.7400,2024-01-26,Completed,Web,0.17
7160,52,1220,4,869.9100,2024-02-21,Cancelled,Web,0.08
7161,64,1624,2,1166.2900,2024-01-13,Cancelled,Web,0.12
7162,36,1614,1,983.8400,2024-01-01,Completed,App,0.3
7163,82,1571,4,2246.1000,2024-01-22,Completed,Web,0.28
7164,8,1766,2,658.5100,2024-01-12,Completed,App,0.15
7165,69,1758,5,208.2600,2024-02-24,Completed,Store,0.27
7166,7,1966,2,1493.5400,2024-01-27,Cancelled,App,0.16
7167,92,165,4,1107.9600,2024-02-01,Cancelled,Web,0.2
7168,77,1146,3,1488.2400,2024-01-14,Cancelled,Web,0.01
7169,59,1015,3,1224.5600,2024-01-18,Completed,Web,0.22
7170,56,650,4,1844.8900,2024-02-25,Cancelled,App,0.02
7171,3,1662,2,508.3700,2024-01-26,Cancelled,Store,0.24
7172,60,1391,1,562.0100,2024-01-03,Completed,Web,0.14
7173,62,233,1,234.0000,2024-02-17,Completed,App,0.14
7174,17,173,3,372.2900,2024-02-24,Cancelled,App,0.11
7175,45,1042,4,743.3700,2024-01-24,Cancelled,App,0.08
7176,8,1081,5,448.5500,2024-01-15,Completed,App,0.27
7177,60,1519,4,592.9000,2024-02-28,Completed,Store,0.18
7178,47,1313,1,387.4700,2024-01-15,Completed,Store,0
7179,97,98,3,1320.8500,2024-01-15,Cancelled,App,0.13
7180,93,1058,4,1787.6400,2024-02-17,Cancelled,Store,0.23
7181,64,160,3,358.7900,2024-01-19,Cancelled,Store,0.07
7182,79,735,3,1400.4700,2024-02-14,Cancelled,Store,0.1
7183,43,1986,3,284.4900,2024-01-02,Completed,Store,0.09
7184,1,919,4,1059.6400,2024-01-21,Completed,Web,0.09
7185,1,573,5,907.4600,2024-01-03,Completed,Store,0.11
7186,73,1336,2,1379.7000,2024-02-23,Cancelled,Web,0.27
7187,93,1855,1,1379.0900,2024-02-05,Completed,Store,0.11
7188,93,1514,4,911.4900,2024-01-04,Cancelled,Web,0.17
7189,72,261,1,606.7600,2024-01-10,Completed,Store,0.07
7190,35,188,4,750.3400,2024-02-01,Cancelled,App,0.24
7191,82,428,4,1710.1300,2024-02-21,Completed,App,0.09
7192,61,255,2,531.2800,2024-01-24,Cancelled,Web,0.08
7193,81,806,1,1635.4100,2024-02-09,Cancelled,Web,0.05
7194,10,177,1,935.0400,2024-01-01,Completed,Store,0.2
7195,31,583,2,1793.5200,2024-01-02,Completed,Store,0.02
7196,34,1382,3,1981.1500,2024-02-14,Completed,Store,0.03
7197,87,1072,1,473.6400,2024-02-07,Cancelled,Web,0.09
7198,86,747,4,832.6400,2024-02-11,Cancelled,App,0.28
7199,25,1439,2,309.0900,2024-01-27,Completed,App,0.12
7200,12,1155,2,297.1400,2024-02-28,Completed,Web,0.15
7201,67,1142,1,1250.1300,2024-01-15,Completed,App,0.07
7202,56,745,3,331.1600,2024-02-25,Cancelled,Web,0.09
7203,17,1676,1,1189.0700,2024-02-25,Completed,Web,0.29
7204,47,938,4,625.8000,2024-01-18,Completed,Web,0.03
7205,95,1984,4,1956.6900,2024-02-11,Cancelled,Store,0.19
7206,15,673,4,1541.6600,2024-02-24,Completed,Store,0.22
7207,10,1694,1,915.8200,2024-02-24,Completed,Web,0.27
7208,63,239,1,470.0400,2024-01-25,Cancelled,App,0.06
7209,70,1620,2,1810.6700,2024-02-24,Completed,Store,0.24
7210,1,1702,4,420.5300,2024-02-13,Completed,Store,0.2
7211,11,1732,1,351.4000,2024-02-19,Cancelled,App,0.2
7212,32,925,3,214.9800,2024-02-05,Cancelled,Web,0.14
7213,42,50,2,1686.4400,2024-01-03,Cancelled,Store,0.07
7214,39,847,4,1271.4900,2024-02-17,Cancelled,Web,0.12
7215,34,546,1,1082.6000,2024-02-15,Cancelled,App,0.27
7216,31,941,4,1756.2600,2024-01-02,Cancelled,Web,0.28
7217,74,1972,2,381.3800,2024-01-26,Cancelled,Store,0.16
7218,93,898,5,1629.6800,2024-03-01,Cancelled,Store,0.21
7219,50,1173,4,366.7000,2024-01-08,Cancelled,Web,0.21
7220,92,1888,5,1397.7000,2024-02-09,Completed,Web,0.15
7221,38,742,3,1441.4700,2024-02-29,Completed,Store,0.04
7222,79,671,4,993.8600,2024-02-06,Completed,App,0
7223,60,1157,2,1209.8500,2024-01-02,Cancelled,App,0.26
7224,90,1152,3,289.3900,2024-02-23,Cancelled,Store,0.18
7225,45,1012,3,1854.3300,2024-02-25,Cancelled,App,0.26
7226,53,1705,2,815.8600,2024-01-28,Completed,Store,0.03
7227,54,1401,2,1753.9000,2024-01-14,Completed,Store,0.1
7228,11,1833,1,1799.2000,2024-02-20,Completed,App,0.06
7229,41,1110,2,1907.9700,2024-02-25,Completed,Store,0.28
7230,36,755,2,234.4700,2024-02-17,Cancelled,Store,0.21
7231,39,652,4,856.3100,2024-02-03,Cancelled,Store,0.12
7232,3,1160,1,101.5100,2024-01-30,Completed,Store,0.02
7233,84,235,1,605.2700,2024-02-16,Cancelled,Store,0.04
7234,54,362,4,640.8900,2024-01-19,Completed,Web,0.13
7235,42,443,2,580.8300,2024-02-20,Completed,Web,0.05
7236,56,1857,3,466.6300,2024-01-13,Completed,Store,0.12
7237,71,1637,2,1622.0500,2024-02-28,Cancelled,Store,0.06
7238,53,1183,2,1289.2400,2024-02-09,Completed,Store,0.19
7239,97,1445,2,606.0000,2024-02-25,Completed,Web,0.26
7240,17,18,3,1289.9700,2024-02-20,Completed,Store,0.15
7241,67,5,5,394.0900,2024-01-24,Cancelled,App,0.24
7242,8,1520,5,1702.0700,2024-02-26,Completed,App,0.04
7243,14,1582,2,112.3300,2024-01-11,Cancelled,Web,0.06
7244,99,1139,4,965.4500,2024-02-28,Cancelled,Store,0.1
7245,77,344,1,438.2200,2024-02-13,Completed,Store,0.1
7246,63,605,2,723.4000,2024-02-24,Completed,Store,0.16
7247,70,1506,2,1049.4700,2024-02-29,Cancelled,Web,0.22
7248,27,947,3,419.0700,2024-02-28,Completed,App,0.05
7249,52,1159,4,1492.5600,2024-02-08,Completed,App,0.02
7250,26,989,3,1869.6900,2024-01-02,Completed,Store,0.11
7251,68,633,2,204.5300,2024-01-03,Completed,Web,0.02
7252,52,1524,2,1720.8500,2024-01-13,Completed,Web,0.28
7253,54,1952,5,1295.2100,2024-01-01,Cancelled,Store,0.01
7254,10,1312,4,1153.2900,2024-02-16,Cancelled,Store,0.19
7255,70,263,2,463.8900,2024-01-06,Completed,Web,0.15
7256,23,1776,5,1346.8300,2024-02-25,Completed,Store,0
7257,61,936,1,1033.3900,2024-02-22,Completed,Store,0.01
7258,37,1073,5,975.2400,2024-01-10,Completed,Web,0.03
7259,10,963,3,221.6100,2024-02-21,Cancelled,App,0.1
7260,9,46,4,1554.9800,2024-02-09,Completed,Store,0.15
7261,70,755,2,1596.8400,2024-01-09,Completed,Web,0.18
7262,86,1284,3,223.3200,2024-02-05,Completed,Web,0.13
7263,78,486,5,1636.4900,2024-01-30,Cancelled,Store,0.25
7264,31,279,2,986.6200,2024-02-12,Cancelled,App,0.25
7265,61,114,3,294.7100,2024-01-15,Completed,Store,0.19
7266,72,234,5,299.9400,2024-01-22,Completed,Web,0.07
7267,36,1121,4,826.8200,2024-01-31,Cancelled,Store,0.19
7268,69,997,3,997.3400,2024-01-18,Cancelled,App,0.09
7269,82,1477,2,1952.2600,2024-01-19,Cancelled,Store,0.27
7270,27,1510,5,702.1300,2024-02-09,Cancelled,App,0.14
7271,10,876,4,1323.9600,2024-01-08,Cancelled,Store,0.21
7272,33,92,3,716.8400,2024-02-07,Cancelled,Web,0.1
7273,94,1225,1,455.8300,2024-01-29,Cancelled,Web,0.01
7274,78,954,5,951.0300,2024-01-14,Completed,Store,0.28
7275,79,1718,2,980.9000,2024-01-06,Cancelled,App,0.11
7276,26,1072,4,1028.7000,2024-02-10,Cancelled,Web,0.22
7277,35,90,5,332.8700,2024-01-22,Completed,Web,0.08
7278,84,28,1,413.7000,2024-02-09,Cancelled,App,0.19
7279,70,101,2,779.3300,2024-01-27,Completed,Web,0.06
7280,76,1683,2,1128.0500,2024-03-01,Completed,Store,0.15
7281,30,2000,5,1394.5700,2024-01-09,Cancelled,App,0.29
7282,48,749,2,113.4700,2024-02-18,Completed,Web,0.23
7283,74,835,4,413.0800,2024-01-30,Completed,Web,0.21
7284,90,1627,4,1473.1100,2024-02-11,Cancelled,Store,0.16
7285,79,1537,3,1319.1000,2024-02-03,Cancelled,Store,0.26
7286,68,812,3,1935.0800,2024-01-29,Cancelled,App,0.28
7287,78,804,1,1339.3700,2024-01-21,Completed,Store,0.22
7288,97,265,3,823.6500,2024-01-01,Completed,Web,0.23
7289,56,1334,3,1462.9900,2024-02-02,Completed,App,0.16
7290,91,1813,1,1883.0500,2024-01-14,Cancelled,Web,0.05
7291,86,1733,3,352.5200,2024-02-23,Cancelled,Store,0.29
7292,36,1785,4,1665.9000,2024-01-01,Completed,Web,0.1
7293,92,441,1,1203.6500,2024-01-01,Completed,Web,0.29
7294,5,1304,4,1633.0200,2024-02-07,Cancelled,Store,0.01
7295,22,494,5,1457.7400,2024-02-14,Cancelled,Store,0
7296,18,1820,3,1540.6500,2024-02-09,Cancelled,Web,0.01
7297,35,1303,1,1255.5000,2024-01-04,Completed,Store,0.27
7298,92,276,4,986.4800,2024-01-01,Completed,Web,0
7299,66,724,5,177.2200,2024-02-11,Cancelled,App,0.09
7300,58,388,2,399.3400,2024-02-25,Completed,Store,0.01
7301,93,1716,2,1536.5400,2024-02-27,Cancelled,Store,0.14
7302,72,1978,3,770.8200,2024-01-16,Completed,Web,0.2
7303,24,1924,5,1262.6900,2024-01-19,Completed,Web,0.24
7304,83,387,3,1996.9900,2024-02-05,Cancelled,Store,0.29
7305,70,989,2,168.4400,2024-03-01,Completed,Web,0.01
7306,64,206,1,347.9000,2024-01-17,Completed,Web,0.03
7307,42,1030,1,1588.2900,2024-01-09,Completed,Store,0.15
7308,49,1693,2,1809.6000,2024-02-09,Cancelled,App,0.02
7309,18,1202,5,1019.1500,2024-02-03,Cancelled,App,0.29
7310,67,1686,5,1718.2200,2024-01-29,Cancelled,App,0.13
7311,70,647,4,170.5900,2024-02-29,Cancelled,Store,0.01
7312,50,262,4,953.0400,2024-01-14,Cancelled,Store,0.16
7313,21,1097,1,448.1900,2024-02-07,Completed,Web,0.22
7314,57,830,1,1673.2600,2024-01-07,Completed,Store,0.23
7315,51,398,4,1710.4600,2024-01-31,Completed,Web,0.16
7316,54,1311,1,1021.0100,2024-02-28,Completed,Store,0.28
7317,85,1035,1,479.2000,2024-01-29,Cancelled,Web,0.14
7318,77,904,5,1848.3500,2024-01-10,Completed,App,0.24
7319,92,1870,3,1448.8100,2024-01-01,Completed,Store,0.07
7320,41,1190,1,1014.8000,2024-02-23,Completed,Store,0.2
7321,58,232,3,1744.3900,2024-02-19,Completed,Store,0
7322,25,133,5,338.3000,2024-02-17,Cancelled,Web,0.18
7323,38,1588,2,139.6900,2024-01-17,Completed,Store,0.26
7324,2,70,3,737.3500,2024-03-01,Cancelled,Store,0.24
7325,67,1652,2,1631.3300,2024-01-11,Completed,Web,0.05
7326,42,1329,1,1467.4600,2024-01-28,Cancelled,Store,0.02
7327,35,1077,3,1796.9600,2024-01-16,Cancelled,Store,0.17
7328,94,1195,3,1970.5300,2024-02-29,Completed,Web,0.19
7329,53,187,4,606.1300,2024-02-07,Cancelled,Store,0.28
7330,25,1784,1,994.4100,2024-01-22,Completed,App,0.06
7331,94,726,5,1094.6200,2024-02-13,Completed,Web,0.22
7332,67,1326,3,1746.3100,2024-01-10,Cancelled,Web,0.15
7333,25,837,1,1245.2800,2024-01-13,Completed,Web,0.15
7334,91,969,1,560.7100,2024-01-28,Completed,Store,0.2
7335,19,597,3,1229.7700,2024-02-23,Cancelled,App,0.2
7336,37,1167,3,1124.7700,2024-02-24,Completed,Store,0.18
7337,23,812,2,646.4900,2024-02-20,Cancelled,App,0.21
7338,21,4,3,141.4300,2024-02-24,Completed,Web,0.21
7339,48,1330,3,935.9200,2024-01-05,Completed,App,0.16
7340,68,1102,2,1358.8300,2024-02-15,Completed,Store,0.11
7341,59,1724,1,268.5800,2024-02-11,Completed,Store,0.28
7342,44,27,3,924.8500,2024-02-05,Completed,App,0.1
7343,95,1385,4,1457.1000,2024-01-27,Completed,App,0.25
7344,95,1316,4,740.7000,2024-02-14,Cancelled,Web,0.29
7345,61,1753,4,1251.4300,2024-02-15,Cancelled,Web,0.06
7346,65,522,1,1150.9200,2024-02-20,Completed,App,0.17
7347,33,1239,1,853.4900,2024-02-21,Cancelled,App,0.22
7348,57,1841,3,898.0900,2024-02-07,Completed,App,0.11
7349,28,566,1,1551.9900,2024-02-02,Cancelled,Web,0.02
7350,3,865,1,1885.8900,2024-02-28,Cancelled,Web,0.28
7351,50,708,5,1629.2100,2024-02-14,Cancelled,App,0.14
7352,46,146,5,771.8100,2024-01-06,Completed,App,0.28
7353,92,1839,2,725.6000,2024-01-13,Completed,App,0.16
7354,38,1933,2,149.8800,2024-02-06,Cancelled,Web,0.15
7355,30,707,4,2043.8400,2024-01-11,Completed,App,0.18
7356,100,646,5,1800.8700,2024-01-01,Cancelled,Web,0.02
7357,74,1646,3,465.1800,2024-02-24,Cancelled,App,0.21
7358,85,1563,2,1433.3500,2024-01-04,Cancelled,App,0.05
7359,37,1530,4,1283.2100,2024-01-08,Completed,Store,0.18
7360,48,1536,1,1436.0100,2024-02-02,Completed,Web,0.04
7361,17,1854,4,1016.7300,2024-01-24,Cancelled,App,0.12
7362,23,1067,1,276.8600,2024-02-15,Cancelled,App,0.19
7363,48,1759,5,831.4400,2024-02-24,Cancelled,App,0.13
7364,67,346,4,755.1800,2024-02-14,Cancelled,Web,0.11
7365,19,1425,2,278.8200,2024-01-21,Cancelled,App,0.01
7366,62,981,4,969.2200,2024-02-29,Cancelled,Web,0.3
7367,97,1733,3,1754.0300,2024-01-08,Completed,Web,0.13
7368,97,1973,5,340.4200,2024-02-09,Completed,Store,0.14
7369,47,783,5,518.5400,2024-02-21,Completed,Web,0.19
7370,96,1638,3,837.7000,2024-02-10,Cancelled,App,0.12
7371,23,371,2,676.0100,2024-01-04,Completed,App,0.19
7372,74,350,5,1908.9900,2024-02-14,Cancelled,App,0.19
7373,19,112,4,395.7400,2024-02-09,Completed,App,0.09
7374,86,1439,2,361.3400,2024-02-01,Completed,Web,0.13
7375,20,1190,4,174.0200,2024-01-12,Completed,Web,0.01
7376,41,20,3,689.9000,2024-02-04,Cancelled,Store,0.18
7377,19,1036,1,797.6600,2024-01-18,Cancelled,Web,0.24
7378,89,138,3,827.7800,2024-02-26,Cancelled,App,0.24
7379,83,1598,4,1529.1200,2024-02-26,Completed,Store,0.11
7380,20,180,4,1757.3200,2024-01-03,Cancelled,Store,0.02
7381,15,1547,5,542.7400,2024-01-28,Cancelled,App,0.28
7382,92,1335,2,1904.5000,2024-02-01,Completed,App,0.03
7383,16,1255,2,225.8600,2024-01-06,Cancelled,Web,0.08
7384,59,1555,4,1110.6800,2024-01-13,Completed,Web,0.25
7385,74,1850,5,1562.6500,2024-01-01,Completed,Web,0.25
7386,51,1002,5,1034.2600,2024-01-18,Completed,Store,0.3
7387,13,528,2,1562.7900,2024-01-07,Completed,Web,0.13
7388,19,1074,1,611.5200,2024-02-26,Cancelled,Web,0.23
7389,83,1305,1,672.5100,2024-01-19,Cancelled,Store,0.19
7390,16,510,1,390.1700,2024-02-12,Cancelled,App,0.21
7391,96,626,4,1143.5100,2024-01-05,Completed,Web,0.06
7392,60,667,2,1853.4900,2024-02-21,Completed,App,0.3
7393,19,69,2,561.9200,2024-01-01,Completed,Store,0.14
7394,88,835,1,972.8200,2024-02-15,Completed,App,0.09
7395,25,638,2,456.8000,2024-01-26,Cancelled,App,0.08
7396,89,999,2,2263.1400,2024-01-28,Cancelled,Store,0.1
7397,64,772,5,1042.3100,2024-01-17,Completed,App,0.02
7398,94,645,2,976.8400,2024-01-07,Completed,Store,0.15
7399,46,695,5,1712.0300,2024-01-08,Cancelled,Web,0.14
7400,7,1246,4,681.7000,2024-01-28,Cancelled,Store,0.12
7401,13,1494,5,1191.9700,2024-02-10,Completed,App,0.19
7402,90,1088,1,1055.3900,2024-02-02,Cancelled,Store,0.14
7403,22,1962,1,1640.7100,2024-02-22,Cancelled,Web,0.11
7404,23,1156,2,307.7200,2024-01-28,Cancelled,Web,0.11
7405,87,211,5,805.9700,2024-01-24,Cancelled,App,0.25
7406,98,588,1,577.1800,2024-02-10,Cancelled,Web,0.04
7407,99,784,1,207.5500,2024-02-25,Completed,App,0.18
7408,47,1418,3,1728.2000,2024-02-22,Cancelled,App,0.27
7409,79,1618,3,1143.0500,2024-01-17,Completed,App,0.25
7410,75,381,4,559.7100,2024-01-23,Completed,Web,0.07
7411,54,652,5,1514.9800,2024-01-16,Completed,Web,0.11
7412,30,162,1,725.2800,2024-02-01,Completed,Web,0.27
7413,59,1664,5,1940.4200,2024-02-19,Cancelled,Web,0.19
7414,56,1001,5,1741.0300,2024-02-13,Cancelled,Web,0
7415,30,210,3,1053.0500,2024-02-22,Completed,Web,0.19
7416,57,355,5,934.8500,2024-02-05,Cancelled,Store,0.24
7417,89,1696,4,114.1000,2024-02-13,Completed,App,0.2
7418,79,457,5,917.3200,2024-02-14,Cancelled,App,0.05
7419,10,454,5,589.2600,2024-02-22,Completed,App,0.22
7420,66,661,3,1565.5800,2024-02-16,Cancelled,Store,0.15
7421,33,1061,5,1316.4300,2024-02-26,Cancelled,App,0.21
7422,33,1216,5,465.4300,2024-01-18,Cancelled,Web,0.24
7423,7,1504,4,1819.7700,2024-01-05,Cancelled,Web,0.24
7424,59,931,5,1576.9000,2024-01-20,Completed,App,0.18
7425,92,330,1,1577.9000,2024-01-18,Completed,App,0.06
7426,91,40,3,616.3100,2024-01-20,Completed,App,0.25
7427,92,1762,4,109.3200,2024-01-29,Completed,Web,0.15
7428,31,1188,5,1891.0600,2024-01-23,Completed,Web,0.03
7429,20,1380,4,515.7200,2024-03-01,Completed,Store,0.15
7430,26,863,1,1166.0000,2024-01-15,Cancelled,Web,0.04
7431,17,999,1,690.9500,2024-01-31,Completed,Web,0.2
7432,43,154,2,765.5100,2024-01-12,Completed,Store,0.11
7433,72,1469,3,1017.7300,2024-02-09,Completed,Web,0.24
7434,79,1326,2,1999.7100,2024-02-07,Cancelled,Store,0.18
7435,92,144,3,1942.1200,2024-01-05,Cancelled,Store,0.15
7436,88,1480,4,1086.7300,2024-01-26,Completed,App,0
7437,22,9,3,1152.1600,2024-01-23,Cancelled,Web,0.19
7438,85,478,2,1129.9700,2024-02-01,Cancelled,Web,0.18
7439,10,833,4,832.5500,2024-02-17,Completed,Store,0.01
7440,93,1819,2,1918.9700,2024-01-06,Cancelled,Web,0.22
7441,25,1082,3,808.9800,2024-03-01,Cancelled,Store,0
7442,73,237,4,1380.9500,2024-01-04,Completed,Web,0.15
7443,91,691,5,511.4100,2024-01-13,Cancelled,Web,0.14
7444,28,1969,5,1967.0400,2024-02-02,Cancelled,App,0.08
7445,51,952,1,252.8200,2024-02-20,Cancelled,Store,0.19
7446,52,85,3,1122.6600,2024-01-11,Completed,Web,0.21
7447,32,24,4,464.0400,2024-01-02,Completed,App,0.18
7448,11,595,4,1734.1200,2024-01-19,Completed,Store,0.26
7449,64,1201,5,416.7700,2024-01-31,Cancelled,Web,0.26
7450,11,1997,4,1734.9900,2024-02-29,Cancelled,Store,0.2
7451,73,454,1,420.3300,2024-01-05,Cancelled,Store,0.07
7452,26,717,2,336.9100,2024-01-08,Cancelled,Web,0.12
7453,5,150,3,442.2600,2024-02-10,Cancelled,Web,0.12
7454,46,931,2,1101.0500,2024-02-14,Completed,Web,0.1
7455,54,643,3,1738.1200,2024-02-11,Cancelled,Web,0.04
7456,80,290,1,1079.9600,2024-01-30,Completed,Web,0.14
7457,97,1891,2,907.8100,2024-01-01,Cancelled,Store,0.29
7458,37,117,2,204.3100,2024-02-04,Completed,Store,0.27
7459,84,851,5,120.2300,2024-01-10,Completed,App,0.02
7460,92,614,1,1667.6100,2024-01-24,Cancelled,Store,0.19
7461,95,686,5,1164.8700,2024-02-16,Cancelled,Web,0.28
7462,65,1465,2,1866.9900,2024-02-26,Cancelled,Store,0.01
7463,32,1781,2,1864.0400,2024-01-31,Completed,Store,0.14
7464,91,725,3,1075.2800,2024-01-09,Cancelled,App,0.13
7465,84,449,4,1452.1600,2024-02-14,Completed,Store,0.1
7466,48,682,2,276.2800,2024-01-09,Cancelled,Web,0.12
7467,13,1656,5,646.9000,2024-01-25,Cancelled,Web,0.2
7468,20,645,1,843.7400,2024-01-01,Completed,App,0.12
7469,74,1934,4,715.5300,2024-01-04,Cancelled,App,0.07
7470,47,381,4,170.3900,2024-01-11,Cancelled,App,0.1
7471,25,1403,1,1019.2800,2024-01-24,Cancelled,App,0.14
7472,15,305,2,1271.2000,2024-01-10,Completed,Web,0.02
7473,1,536,4,1640.4900,2024-01-29,Completed,Web,0.13
7474,1,603,5,872.1200,2024-02-24,Cancelled,Web,0.01
7475,95,1418,4,886.5600,2024-02-29,Cancelled,Web,0.06
7476,8,1851,3,634.1900,2024-01-12,Completed,Web,0.21
7477,32,1519,5,262.8600,2024-02-17,Cancelled,Store,0.23
7478,59,1795,3,1114.6200,2024-01-19,Completed,App,0.18
7479,37,227,1,988.6900,2024-02-16,Completed,Store,0.03
7480,49,1183,5,1102.2300,2024-01-14,Completed,App,0.16
7481,31,1832,2,1718.0800,2024-01-28,Completed,Store,0.22
7482,22,587,2,1733.2300,2024-01-05,Completed,Store,0.29
7483,67,540,5,231.6600,2024-01-27,Completed,Web,0.14
7484,55,326,1,1986.1500,2024-02-19,Completed,Store,0.11
7485,49,996,2,497.1600,2024-01-29,Completed,Store,0.07
7486,68,1272,2,449.3700,2024-02-04,Completed,Web,0.13
7487,74,573,4,1872.8300,2024-02-10,Cancelled,Web,0.02
7488,6,1335,4,435.6100,2024-02-02,Completed,Web,0
7489,57,366,4,1574.4500,2024-02-14,Cancelled,App,0.04
7490,34,1311,4,1696.8100,2024-02-27,Cancelled,App,0.14
7491,79,161,2,1493.3900,2024-02-18,Cancelled,Web,0.09
7492,30,863,4,426.1100,2024-02-14,Completed,App,0.14
7493,81,1285,4,190.1400,2024-02-19,Cancelled,Store,0.26
7494,13,1724,5,1483.6800,2024-01-13,Cancelled,Web,0.28
7495,4,1089,3,1348.9000,2024-01-23,Cancelled,App,0.23
7496,76,1782,1,496.8200,2024-01-15,Cancelled,App,0.13
7497,91,181,4,774.7100,2024-01-15,Cancelled,Store,0.14
7498,16,1582,4,1641.2300,2024-02-07,Cancelled,Store,0.01
7499,90,137,2,259.1900,2024-02-13,Completed,Store,0.24
7500,2,285,4,252.3100,2024-02-13,Cancelled,Store,0.17
7501,4,351,1,641.8900,2024-02-14,Completed,App,0.06
7502,30,1289,4,980.1900,2024-02-08,Cancelled,Web,0.03
7503,66,228,4,1519.3400,2024-01-06,Cancelled,Web,0.24
7504,34,1271,2,1281.3800,2024-02-04,Completed,App,0.09
7505,3,1350,2,152.9800,2024-01-12,Completed,Web,0.19
7506,88,433,5,834.9300,2024-01-09,Completed,App,0.23
7507,23,1724,5,1212.2100,2024-02-15,Cancelled,App,0.24
7508,67,1531,3,468.4900,2024-01-17,Cancelled,Store,0.11
7509,38,1981,5,979.8500,2024-02-17,Cancelled,Web,0.01
7510,45,202,1,1912.4100,2024-01-24,Completed,App,0.09
7511,51,169,3,334.1900,2024-01-12,Cancelled,App,0.06
7512,38,316,5,116.4000,2024-02-25,Completed,Web,0.15
7513,81,1439,4,1956.3200,2024-01-24,Cancelled,Store,0.05
7514,33,1898,1,1342.4500,2024-01-16,Cancelled,Store,0.05
7515,70,1237,1,724.8000,2024-03-01,Completed,Store,0.18
7516,71,1406,5,1836.5700,2024-01-20,Cancelled,App,0.3
7517,41,248,2,308.0800,2024-02-05,Cancelled,App,0.28
7518,3,1450,4,1543.9600,2024-01-31,Completed,Web,0.06
7519,85,217,2,800.0300,2024-01-22,Cancelled,Web,0.19
7520,75,1036,5,1193.0800,2024-02-25,Cancelled,Store,0.23
7521,17,171,2,2078.4800,2024-01-08,Completed,App,0.06
7522,61,779,1,748.8100,2024-01-06,Cancelled,App,0.1
7523,54,1731,3,740.8400,2024-01-05,Cancelled,App,0.21
7524,74,1373,2,826.3100,2024-01-16,Cancelled,Store,0.24
7525,8,226,5,1023.2000,2024-02-04,Completed,Web,0.19
7526,4,815,1,834.2500,2024-02-08,Completed,App,0.29
7527,100,706,2,1386.4700,2024-02-09,Cancelled,Web,0.15
7528,48,1585,1,1709.8500,2024-02-15,Cancelled,Web,0.03
7529,48,1807,4,1687.4500,2024-01-23,Cancelled,Web,0.05
7530,30,566,4,425.6400,2024-02-11,Completed,App,0.14
7531,9,890,1,956.7300,2024-01-05,Completed,App,0.3
7532,31,795,5,1628.8200,2024-02-20,Cancelled,Store,0.19
7533,28,191,3,413.8500,2024-01-22,Completed,Web,0
7534,66,1377,3,1212.1800,2024-01-20,Completed,Web,0.17
7535,30,45,1,608.4900,2024-01-18,Cancelled,App,0.02
7536,56,1078,1,538.8300,2024-02-13,Completed,App,0.22
7537,70,1560,1,227.2500,2024-01-18,Cancelled,App,0.05
7538,42,441,1,1138.3000,2024-01-23,Completed,Store,0.01
7539,91,575,1,938.9300,2024-01-28,Cancelled,App,0.29
7540,15,135,3,807.0700,2024-01-11,Completed,Web,0.21
7541,27,947,2,1614.4800,2024-02-24,Completed,Web,0.01
7542,12,1376,3,706.9400,2024-02-09,Cancelled,App,0.11
7543,8,1120,1,1232.4900,2024-01-21,Completed,App,0.04
7544,55,1307,5,1885.2900,2024-02-24,Completed,Store,0.15
7545,52,1223,2,742.3600,2024-02-10,Cancelled,Store,0.03
7546,25,1143,1,192.8200,2024-02-11,Cancelled,App,0.19
7547,50,779,2,1317.3100,2024-01-15,Completed,Store,0.07
7548,43,1009,3,545.6200,2024-01-31,Completed,Web,0.13
7549,62,430,1,1357.4700,2024-01-28,Completed,Web,0.03
7550,9,322,4,1566.4200,2024-01-12,Completed,App,0.19
7551,29,649,4,702.0900,2024-01-11,Cancelled,Store,0.02
7552,61,1139,2,465.9000,2024-01-11,Completed,Store,0.11
7553,83,662,2,1995.5100,2024-01-30,Completed,App,0.05
7554,82,1900,3,908.4600,2024-01-05,Completed,App,0.04
7555,67,346,5,1724.9700,2024-01-26,Cancelled,App,0.28
7556,49,1070,4,386.6500,2024-02-25,Completed,Store,0.25
7557,10,339,1,1758.5300,2024-01-04,Completed,App,0.29
7558,72,1755,3,805.4500,2024-01-27,Completed,Web,0.07
7559,74,986,2,1011.2900,2024-02-23,Completed,App,0.17
7560,39,1182,1,1023.3700,2024-02-06,Cancelled,App,0.09
7561,69,263,4,1205.6700,2024-03-01,Completed,App,0.05
7562,83,1420,5,1498.8000,2024-02-24,Completed,Web,0.13
7563,93,151,5,1102.4800,2024-01-10,Cancelled,Web,0.28
7564,60,166,2,1226.4900,2024-01-08,Completed,App,0.11
7565,66,886,5,1307.8700,2024-02-06,Cancelled,Store,0.17
7566,85,1012,1,1253.1400,2024-02-04,Cancelled,Store,0.03
7567,99,1712,5,1368.3600,2024-01-15,Cancelled,App,0.25
7568,100,1434,3,1885.0800,2024-01-20,Completed,App,0.17
7569,11,1257,1,551.7100,2024-02-02,Cancelled,App,0.18
7570,30,1034,3,1152.5700,2024-01-12,Completed,Web,0.01
7571,14,405,3,518.9600,2024-01-01,Completed,App,0.1
7572,47,935,3,526.8900,2024-02-06,Cancelled,Web,0.01
7573,81,1386,2,1435.5800,2024-02-13,Completed,Store,0.29
7574,88,522,1,1954.3600,2024-01-14,Completed,Store,0.22
7575,74,823,3,232.0000,2024-01-03,Cancelled,App,0.26
7576,100,522,4,927.6600,2024-01-16,Completed,Store,0.22
7577,10,1713,1,996.0800,2024-01-04,Cancelled,Web,0.18
7578,15,339,2,1964.8600,2024-01-27,Completed,App,0.14
7579,56,291,3,582.6800,2024-01-22,Completed,App,0.21
7580,83,1135,5,1559.3400,2024-01-01,Cancelled,Web,0.07
7581,25,556,5,1849.7300,2024-02-05,Completed,App,0.25
7582,45,870,2,1815.8900,2024-02-03,Completed,Web,0.19
7583,18,1688,3,510.3000,2024-02-12,Cancelled,App,0.23
7584,73,1379,1,1940.6000,2024-02-23,Cancelled,Web,0.28
7585,69,422,4,1167.6900,2024-02-10,Completed,App,0.27
7586,29,1032,1,496.6300,2024-02-01,Cancelled,Store,0.29
7587,73,1313,4,285.8900,2024-02-06,Cancelled,Web,0.17
7588,1,401,1,1330.5600,2024-02-29,Completed,Store,0.24
7589,76,1040,1,1549.8000,2024-02-02,Completed,Store,0.13
7590,99,222,4,1554.8700,2024-01-01,Cancelled,Store,0.1
7591,60,1099,4,1824.1700,2024-02-01,Completed,Web,0.06
7592,27,518,2,504.3100,2024-02-12,Completed,App,0.18
7593,100,1248,3,509.6800,2024-02-10,Cancelled,Web,0.21
7594,76,1744,2,733.3100,2024-02-16,Cancelled,App,0.18
7595,51,656,2,798.0100,2024-01-01,Completed,Store,0.19
7596,91,1585,4,630.0300,2024-01-17,Completed,App,0.12
7597,31,777,2,1595.6300,2024-02-02,Cancelled,Web,0.07
7598,16,315,3,1843.6300,2024-01-01,Cancelled,Web,0.08
7599,92,187,5,139.8600,2024-02-01,Completed,Web,0.01
7600,77,1898,5,1207.9700,2024-01-29,Completed,Store,0.13
7601,31,1897,1,639.0000,2024-02-23,Completed,App,0.3
7602,53,479,5,248.1000,2024-02-09,Completed,Store,0.28
7603,85,311,2,777.9400,2024-01-10,Cancelled,Web,0.22
7604,10,9,1,1962.6300,2024-01-18,Cancelled,Store,0.05
7605,20,84,4,562.5500,2024-02-17,Cancelled,Web,0.13
7606,55,954,3,133.8800,2024-01-27,Completed,Web,0.08
7607,56,1211,5,1182.3600,2024-02-27,Cancelled,Web,0.23
7608,48,1555,4,796.3900,2024-02-02,Completed,Web,0
7609,85,26,3,1380.7800,2024-01-05,Completed,Web,0.07
7610,46,1454,2,1021.5200,2024-01-08,Completed,Web,0.2
7611,82,1169,1,1107.7300,2024-01-05,Cancelled,App,0.25
7612,90,652,3,1059.4200,2024-01-06,Cancelled,App,0.04
7613,52,1039,2,1979.3300,2024-02-23,Completed,Store,0.08
7614,84,1912,5,442.5100,2024-01-27,Completed,Store,0.16
7615,80,17,2,669.9800,2024-02-24,Completed,Web,0.15
7616,87,52,5,534.6300,2024-02-17,Cancelled,Store,0.29
7617,82,1065,1,127.9900,2024-01-09,Completed,App,0.02
7618,79,732,1,631.9600,2024-02-24,Completed,Web,0.26
7619,61,1750,1,446.6900,2024-01-09,Cancelled,Web,0.23
7620,78,1199,1,1894.1200,2024-01-10,Completed,Store,0.06
7621,30,1714,4,178.8600,2024-02-04,Cancelled,App,0.16
7622,22,1280,3,1659.3400,2024-01-11,Cancelled,Web,0.04
7623,68,209,2,1577.4300,2024-02-17,Completed,Store,0.24
7624,35,1704,3,300.1000,2024-01-09,Completed,Web,0.05
7625,99,626,1,2155.0200,2024-01-19,Completed,Web,0.13
7626,9,1520,4,782.4700,2024-02-23,Cancelled,Web,0.26
7627,7,694,1,1235.2700,2024-01-04,Completed,App,0.21
7628,39,890,5,1292.1600,2024-02-24,Completed,App,0.21
7629,17,1144,3,468.7700,2024-01-30,Completed,App,0.18
7630,3,1700,5,432.7500,2024-01-07,Cancelled,App,0.12
7631,77,1043,5,647.5300,2024-01-27,Completed,App,0.09
7632,10,891,5,478.9800,2024-02-05,Completed,Web,0.16
7633,86,1956,4,1235.7900,2024-02-11,Cancelled,Store,0.14
7634,19,1635,5,622.6800,2024-01-01,Cancelled,Store,0.01
7635,58,581,2,428.1300,2024-02-11,Completed,Web,0.08
7636,63,186,4,632.3400,2024-02-01,Completed,App,0.17
7637,95,627,3,1527.9200,2024-02-15,Cancelled,App,0.24
7638,4,602,3,787.6700,2024-02-17,Cancelled,App,0.11
7639,16,1769,2,1902.2800,2024-02-08,Cancelled,App,0.13
7640,15,1985,4,766.6700,2024-02-20,Cancelled,Store,0.12
7641,21,871,5,511.3600,2024-02-19,Cancelled,App,0.12
7642,28,366,5,530.5600,2024-01-02,Completed,App,0.12
7643,38,162,5,1809.6400,2024-02-13,Completed,App,0.15
7644,6,648,2,1254.2000,2024-02-17,Completed,Web,0.12
7645,60,91,4,661.8800,2024-02-28,Cancelled,Store,0.02
7646,93,683,2,601.1400,2024-01-10,Completed,Web,0.23
7647,13,728,1,804.8600,2024-01-06,Cancelled,Store,0.09
7648,4,1401,3,1774.8600,2024-01-06,Completed,Web,0.19
7649,48,984,2,1563.8600,2024-02-13,Completed,Store,0.15
7650,20,524,4,1073.6300,2024-02-14,Completed,App,0.25
7651,86,1742,4,877.0600,2024-02-21,Cancelled,Store,0.19
7652,25,1286,3,1646.1400,2024-02-19,Cancelled,App,0.14
7653,93,697,2,1262.9400,2024-02-27,Cancelled,Web,0.14
7654,24,514,2,299.8200,2024-01-19,Completed,App,0.21
7655,71,392,5,893.5800,2024-01-30,Cancelled,Store,0.17
7656,6,820,4,510.9500,2024-01-29,Cancelled,Store,0.19
7657,93,1201,3,1716.8800,2024-01-24,Completed,Web,0.15
7658,52,512,1,128.2300,2024-01-25,Cancelled,Web,0.08
7659,83,720,3,1421.1800,2024-01-15,Cancelled,App,0.07
7660,31,614,2,909.6700,2024-01-07,Cancelled,App,0.19
7661,43,1805,5,1460.3100,2024-01-14,Cancelled,App,0.29
7662,89,1761,2,1909.6100,2024-02-07,Completed,Web,0.11
7663,65,29,1,897.2700,2024-01-11,Cancelled,Web,0.14
7664,98,1361,1,1913.0700,2024-01-20,Completed,Web,0.12
7665,11,1545,3,1090.4300,2024-02-03,Cancelled,App,0.1
7666,12,99,2,1053.3500,2024-02-28,Completed,Store,0.09
7667,65,1612,4,1180.9500,2024-01-09,Cancelled,Store,0.02
7668,4,794,5,1892.1800,2024-02-11,Completed,Store,0.2
7669,91,1568,2,969.0200,2024-02-25,Completed,Web,0.13
7670,24,1746,4,377.5000,2024-01-01,Cancelled,Web,0.24
7671,47,1637,1,726.9700,2024-02-21,Completed,Web,0.23
7672,96,164,3,618.6800,2024-02-01,Cancelled,Web,0.1
7673,8,1665,2,394.0300,2024-02-14,Cancelled,App,0.22
7674,61,1282,2,1068.0900,2024-01-11,Completed,Store,0.28
7675,63,1966,4,1156.2900,2024-01-31,Completed,App,0.23
7676,67,1474,3,311.3500,2024-02-03,Completed,App,0.3
7677,59,890,5,1857.6400,2024-01-24,Completed,App,0
7678,90,379,5,1394.0000,2024-01-20,Completed,Store,0.12
7679,84,94,1,1733.2700,2024-01-19,Cancelled,Web,0.08
7680,97,186,3,856.4300,2024-02-04,Completed,Store,0.09
7681,46,553,1,1207.4400,2024-02-12,Cancelled,App,0.06
7682,22,751,5,1673.8300,2024-01-10,Cancelled,App,0.23
7683,40,1682,3,1062.2600,2024-02-10,Completed,App,0.09
7684,91,1439,5,254.2100,2024-02-18,Completed,App,0.2
7685,50,222,1,913.7700,2024-02-21,Cancelled,App,0.08
7686,36,519,3,1690.7800,2024-01-29,Cancelled,Store,0.03
7687,40,818,4,939.0900,2024-02-13,Completed,Store,0.01
7688,11,617,4,1648.3200,2024-02-23,Cancelled,App,0.24
7689,25,411,1,453.1100,2024-02-28,Cancelled,Web,0.26
7690,92,1853,2,684.1000,2024-01-29,Cancelled,App,0.15
7691,64,1298,3,578.9900,2024-02-23,Completed,Web,0.04
7692,51,1433,3,1784.4900,2024-01-24,Completed,App,0.21
7693,56,793,4,1334.7300,2024-01-26,Completed,Store,0
7694,55,1606,3,1366.8800,2024-02-04,Cancelled,Store,0.02
7695,100,1308,4,1140.6600,2024-02-23,Cancelled,App,0.26
7696,10,1178,3,1552.5600,2024-01-13,Cancelled,Store,0.09
7697,72,271,2,403.8400,2024-02-14,Completed,Web,0.23
7698,33,153,4,1139.2100,2024-01-23,Cancelled,Web,0.22
7699,78,1640,2,1752.7000,2024-01-22,Cancelled,Store,0.24
7700,73,76,2,529.9200,2024-03-01,Cancelled,App,0.3
7701,7,658,2,1639.2700,2024-01-06,Cancelled,App,0.12
7702,24,980,1,500.7300,2024-02-23,Cancelled,App,0.21
7703,25,1984,2,484.2800,2024-01-14,Cancelled,Web,0.09
7704,4,1504,2,655.6300,2024-01-11,Cancelled,Store,0.23
7705,39,1478,3,782.7300,2024-02-12,Cancelled,Web,0.16
7706,61,960,3,1352.4700,2024-01-21,Completed,App,0.15
7707,92,1275,4,1098.7200,2024-01-23,Completed,Web,0.26
7708,15,1415,1,520.5700,2024-01-08,Cancelled,Web,0
7709,58,991,5,1802.2000,2024-01-06,Cancelled,Web,0.07
7710,15,366,1,473.7700,2024-01-27,Completed,Store,0.02
7711,23,1199,2,349.7900,2024-02-24,Cancelled,Web,0.27
7712,28,719,5,408.8900,2024-02-02,Cancelled,Store,0.22
7713,57,1433,3,453.1500,2024-02-18,Completed,Store,0.16
7714,22,1502,5,763.9500,2024-01-06,Completed,Store,0.1
7715,78,1659,2,323.1900,2024-01-11,Cancelled,Web,0.05
7716,61,344,3,1433.8600,2024-01-22,Cancelled,Store,0.24
7717,40,1616,5,379.5300,2024-02-21,Cancelled,App,0.2
7718,76,1797,3,230.3100,2024-01-04,Completed,App,0.29
7719,46,1692,4,587.8900,2024-01-01,Completed,App,0.26
7720,43,1265,1,159.0400,2024-02-04,Cancelled,Store,0.12
7721,8,436,4,160.5900,2024-02-11,Cancelled,Web,0.17
7722,89,851,3,1791.7500,2024-02-17,Completed,Store,0.03
7723,96,308,1,1235.6400,2024-01-31,Completed,Store,0.29
7724,66,1017,1,132.5200,2024-02-10,Completed,App,0.19
7725,25,569,1,1162.8100,2024-02-01,Completed,Web,0.06
7726,33,929,4,1438.5900,2024-01-27,Cancelled,Store,0.19
7727,94,1988,4,656.4700,2024-02-08,Completed,Store,0.16
7728,26,1035,5,1337.6300,2024-03-01,Completed,App,0.13
7729,59,138,2,896.0200,2024-01-09,Completed,Web,0.19
7730,12,1984,5,1249.1700,2024-01-14,Cancelled,Store,0.01
7731,68,1192,3,614.6600,2024-01-18,Cancelled,App,0.18
7732,41,1138,5,144.5500,2024-02-12,Cancelled,Store,0.26
7733,58,1650,4,1001.9800,2024-02-22,Completed,Store,0.26
7734,77,1101,4,2377.9600,2024-01-10,Completed,App,0.07
7735,81,135,3,1758.0000,2024-01-17,Cancelled,Store,0.03
7736,63,1729,5,667.2200,2024-01-07,Cancelled,Store,0.11
7737,72,629,2,1138.0000,2024-02-24,Cancelled,Store,0.19
7738,56,528,2,1128.3000,2024-02-17,Cancelled,Store,0.18
7739,31,304,2,1960.9900,2024-01-15,Completed,Store,0.03
7740,58,1920,2,218.6100,2024-01-19,Completed,App,0.14
7741,41,547,4,695.6000,2024-02-28,Completed,App,0.12
7742,45,1378,5,1702.9900,2024-01-12,Cancelled,Web,0.05
7743,90,371,3,1108.3600,2024-02-20,Cancelled,Web,0.25
7744,27,1660,1,1204.9100,2024-02-05,Completed,App,0.04
7745,77,1768,4,1393.1900,2024-01-14,Cancelled,Store,0.12
7746,14,1951,5,697.3100,2024-01-13,Completed,Store,0.05
7747,57,422,5,1619.1100,2024-02-04,Completed,Store,0.19
7748,54,269,5,1302.9500,2024-01-03,Cancelled,Web,0.02
7749,50,1957,5,588.3600,2024-01-19,Completed,Web,0.06
7750,53,596,4,247.9200,2024-01-15,Completed,Store,0.16
7751,1,1842,2,1233.1900,2024-02-21,Completed,Web,0.19
7752,79,1607,2,559.0200,2024-01-26,Cancelled,Web,0.08
7753,39,1276,3,851.6400,2024-01-20,Completed,Store,0.21
7754,46,1875,3,187.8000,2024-01-28,Cancelled,App,0.22
7755,99,1133,2,263.3300,2024-02-06,Cancelled,Web,0.3
7756,55,1994,1,1355.5500,2024-02-22,Completed,Store,0.01
7757,66,1537,3,1845.5300,2024-01-24,Cancelled,Web,0.17
7758,2,38,4,1841.2200,2024-02-22,Completed,Store,0.14
7759,86,598,3,1009.4300,2024-01-22,Completed,Store,0.19
7760,75,73,2,422.4500,2024-02-04,Cancelled,Web,0.29
7761,82,353,4,1071.6300,2024-01-13,Completed,App,0.04
7762,85,1609,4,877.0300,2024-02-23,Completed,Store,0
7763,35,890,4,1011.0300,2024-03-01,Cancelled,Store,0.11
7764,8,1252,4,297.1600,2024-02-15,Cancelled,App,0.1
7765,69,1503,2,251.4300,2024-01-22,Cancelled,Store,0.19
7766,44,490,5,1449.9600,2024-02-29,Completed,App,0.29
7767,51,153,4,232.6900,2024-02-14,Completed,App,0.24
7768,96,617,1,1982.6300,2024-01-25,Completed,Store,0.23
7769,18,699,3,271.3800,2024-01-29,Completed,Web,0.29
7770,85,710,3,1307.4300,2024-01-21,Completed,Store,0.16
7771,53,168,3,763.8700,2024-01-16,Completed,App,0.29
7772,33,1291,1,836.2500,2024-02-23,Completed,Web,0.06
7773,65,916,5,1288.5400,2024-02-27,Cancelled,Store,0.17
7774,4,335,4,1711.9900,2024-01-28,Completed,Web,0.03
7775,38,26,4,1049.7300,2024-01-23,Completed,Web,0.21
7776,86,238,2,1839.5200,2024-02-22,Cancelled,Web,0.12
7777,36,837,1,330.6000,2024-02-28,Completed,App,0.29
7778,37,395,5,1309.2900,2024-01-23,Cancelled,Store,0.26
7779,93,1786,5,1116.8500,2024-01-25,Completed,Store,0.04
7780,36,367,5,1923.2900,2024-01-10,Cancelled,Web,0
7781,16,340,5,1713.5000,2024-01-20,Completed,Store,0.03
7782,31,1493,3,1325.5500,2024-01-17,Cancelled,Web,0.08
7783,35,450,5,1745.1700,2024-02-18,Cancelled,App,0.29
7784,33,1228,2,1514.6700,2024-01-17,Cancelled,Web,0
7785,92,1192,3,1625.9800,2024-02-07,Cancelled,App,0.03
7786,62,1583,1,159.8100,2024-01-10,Completed,Store,0.03
7787,11,1372,4,759.7600,2024-01-25,Cancelled,App,0.08
7788,74,740,1,1628.2200,2024-01-26,Completed,App,0.23
7789,99,381,1,801.4700,2024-01-01,Cancelled,App,0.22
7790,54,181,1,946.2500,2024-01-10,Completed,App,0.04
7791,54,171,3,1489.3800,2024-01-24,Cancelled,Web,0.26
7792,48,958,1,1725.7900,2024-02-20,Completed,Store,0.24
7793,64,1209,4,1032.6600,2024-02-23,Cancelled,Web,0.28
7794,59,1080,1,1190.7500,2024-01-11,Cancelled,Store,0.25
7795,93,1036,2,772.6600,2024-01-19,Cancelled,App,0.12
7796,50,1711,3,1549.1000,2024-01-23,Completed,App,0.18
7797,57,1190,1,566.4100,2024-01-18,Cancelled,App,0.29
7798,17,222,1,1201.4300,2024-01-11,Cancelled,App,0.11
7799,46,1118,4,1613.1200,2024-02-05,Cancelled,Web,0.23
7800,36,958,1,1237.3800,2024-01-05,Cancelled,Store,0.27
7801,84,832,2,1016.4400,2024-01-29,Completed,Web,0.22
7802,15,589,2,1583.8300,2024-01-19,Completed,App,0.03
7803,23,1938,1,1733.7500,2024-02-22,Completed,Web,0.22
7804,89,173,2,219.5400,2024-02-29,Completed,App,0.01
7805,46,408,5,342.1700,2024-01-31,Completed,App,0.05
7806,33,1720,2,607.9000,2024-01-01,Completed,Web,0.29
7807,2,233,5,1367.0800,2024-01-24,Completed,Web,0.21
7808,48,218,1,1296.1000,2024-02-26,Completed,Store,0.08
7809,62,1643,4,1736.5700,2024-02-25,Completed,Web,0.19
7810,87,1417,4,1558.1100,2024-02-09,Completed,Web,0.12
7811,79,266,2,884.4300,2024-02-12,Completed,App,0.16
7812,88,1731,4,174.7100,2024-02-18,Completed,Store,0.16
7813,48,1097,5,1929.4200,2024-02-16,Completed,App,0.15
7814,77,1309,3,1730.1900,2024-02-17,Completed,App,0.09
7815,28,1451,5,247.0500,2024-01-07,Cancelled,Web,0.28
7816,79,700,1,792.3600,2024-01-04,Cancelled,Web,0.22
7817,79,485,3,1225.8000,2024-01-18,Completed,Store,0.05
7818,3,1531,2,521.6600,2024-01-14,Completed,Store,0.07
7819,70,482,3,525.6100,2024-02-02,Completed,App,0.14
7820,39,1088,2,1251.1100,2024-02-06,Cancelled,Web,0.29
7821,71,1318,1,1339.4200,2024-01-31,Completed,Web,0.13
7822,81,1245,5,1673.8600,2024-02-22,Cancelled,Store,0.05
7823,90,1570,2,163.8100,2024-02-10,Completed,App,0.3
7824,63,976,5,668.8700,2024-01-09,Cancelled,App,0.07
7825,16,371,5,1198.0300,2024-02-20,Cancelled,App,0.29
7826,34,922,3,1274.7500,2024-01-16,Cancelled,Web,0.02
7827,27,318,3,381.8700,2024-01-28,Completed,Store,0.05
7828,27,907,2,216.9700,2024-02-21,Completed,App,0.27
7829,65,765,5,229.0800,2024-02-04,Completed,App,0.14
7830,74,1754,4,395.6700,2024-02-29,Completed,App,0.07
7831,17,203,2,1601.7000,2024-01-07,Completed,App,0.03
7832,91,754,3,1799.7500,2024-01-23,Completed,Web,0.25
7833,35,1130,4,1513.2100,2024-02-11,Cancelled,Web,0.2
7834,96,611,1,1357.8900,2024-02-19,Cancelled,App,0.09
7835,88,1052,4,1732.8300,2024-01-21,Cancelled,Web,0.23
7836,47,1352,1,215.6700,2024-02-04,Completed,Store,0.19
7837,91,730,2,849.7700,2024-02-06,Cancelled,Web,0.16
7838,93,207,5,211.2300,2024-02-23,Cancelled,Store,0.27
7839,67,614,3,1333.1700,2024-01-11,Cancelled,App,0.04
7840,95,479,2,688.5100,2024-01-24,Completed,App,0.25
7841,65,227,1,1323.3300,2024-01-30,Cancelled,Store,0.03
7842,3,1984,1,1637.6400,2024-02-01,Cancelled,App,0.19
7843,42,1101,2,1964.6100,2024-01-25,Cancelled,App,0.09
7844,80,1259,3,618.1900,2024-01-28,Cancelled,Web,0.28
7845,93,1892,3,748.5600,2024-01-19,Completed,Store,0.17
7846,44,1955,1,1226.2400,2024-01-06,Cancelled,App,0.01
7847,10,1704,4,1990.7300,2024-01-15,Cancelled,Store,0.16
7848,95,609,2,1574.5000,2024-01-18,Cancelled,App,0.22
7849,87,1836,2,1848.5800,2024-01-14,Completed,Store,0.26
7850,71,1988,5,1667.2400,2024-01-22,Completed,App,0.01
7851,61,10,2,474.3200,2024-01-05,Completed,Store,0.11
7852,92,1569,3,1002.5100,2024-01-14,Cancelled,Store,0.22
7853,26,366,1,737.4100,2024-01-18,Completed,Store,0.29
7854,92,573,2,1524.1100,2024-01-23,Cancelled,App,0.13
7855,58,977,2,1301.9500,2024-01-17,Completed,App,0.17
7856,87,4,1,1840.0400,2024-01-17,Cancelled,App,0.14
7857,73,905,1,438.0200,2024-02-03,Cancelled,Store,0.15
7858,76,1188,4,155.9800,2024-01-03,Cancelled,Store,0.13
7859,84,1525,5,596.5200,2024-01-09,Cancelled,Store,0.23
7860,48,955,2,1139.7200,2024-01-10,Cancelled,App,0.29
7861,17,485,5,1816.1800,2024-02-24,Cancelled,App,0.02
7862,61,1008,3,230.8000,2024-01-10,Cancelled,Store,0.17
7863,39,510,3,1260.6700,2024-02-10,Cancelled,Web,0.03
7864,82,869,2,1349.4100,2024-01-16,Completed,Store,0.09
7865,97,1848,2,803.5300,2024-01-24,Completed,App,0
7866,28,1332,3,1501.8900,2024-02-21,Completed,Web,0.04
7867,50,1607,2,686.0000,2024-01-16,Completed,App,0.12
7868,69,779,5,1014.5800,2024-02-23,Cancelled,App,0.21
7869,78,683,4,1509.8000,2024-02-06,Completed,Store,0.21
7870,51,1979,2,738.8000,2024-01-28,Completed,Store,0.05
7871,97,1388,4,1282.6700,2024-02-01,Completed,Web,0.13
7872,95,966,1,202.2100,2024-02-05,Cancelled,Store,0.1
7873,55,777,3,1126.1300,2024-01-29,Completed,Web,0.2
7874,1,831,5,200.1500,2024-01-12,Completed,Web,0.13
7875,2,298,1,1898.9200,2024-01-20,Completed,Store,0.17
7876,19,666,4,313.0900,2024-02-23,Cancelled,Store,0.19
7877,48,90,2,592.7900,2024-01-24,Cancelled,Web,0.02
7878,100,729,4,475.7500,2024-02-27,Cancelled,Store,0.1
7879,23,297,4,1534.7800,2024-02-28,Completed,App,0.09
7880,73,1638,2,204.3100,2024-01-17,Completed,Store,0.27
7881,26,1132,4,997.4600,2024-01-15,Completed,App,0.19
7882,45,436,3,1128.6100,2024-01-30,Completed,Web,0.02
7883,91,636,2,223.0300,2024-02-21,Completed,Web,0.17
7884,44,1694,1,324.7900,2024-01-01,Completed,App,0.2
7885,66,955,5,1382.7800,2024-01-15,Cancelled,Web,0.2
7886,5,1419,5,1878.3900,2024-02-02,Completed,Web,0.23
7887,2,401,3,617.0100,2024-02-06,Cancelled,App,0.12
7888,98,183,1,970.7400,2024-02-11,Cancelled,Web,0.08
7889,26,1633,2,303.7100,2024-01-17,Cancelled,App,0.22
7890,35,1953,4,713.1200,2024-01-24,Cancelled,Store,0.05
7891,24,419,3,1566.3200,2024-01-13,Completed,Web,0.18
7892,72,1118,1,1524.8600,2024-03-01,Completed,App,0.29
7893,85,66,3,860.0500,2024-01-18,Cancelled,Store,0.22
7894,89,1986,1,1915.1400,2024-02-06,Cancelled,Web,0.28
7895,60,1589,4,1834.4800,2024-01-02,Completed,Store,0.2
7896,72,1593,2,1771.6700,2024-01-26,Cancelled,Store,0.28
7897,19,1252,4,1187.6900,2024-01-09,Cancelled,Web,0.26
7898,30,195,5,333.2600,2024-01-17,Completed,Store,0.24
7899,38,153,1,1070.3700,2024-02-18,Completed,Web,0.29
7900,54,1496,4,1698.6000,2024-01-28,Completed,Store,0.08
7901,32,1629,2,929.3700,2024-01-19,Completed,App,0.05
7902,2,739,4,142.5100,2024-02-09,Cancelled,App,0.17
7903,11,1615,4,420.5800,2024-01-09,Completed,Web,0.23
7904,76,265,5,1910.7100,2024-01-12,Completed,Web,0.14
7905,25,1974,5,382.8000,2024-01-06,Completed,Web,0.26
7906,96,179,3,419.8600,2024-02-25,Cancelled,Store,0.01
7907,81,362,1,750.2400,2024-02-23,Completed,App,0.12
7908,98,1436,5,400.1100,2024-02-29,Cancelled,App,0.07
7909,48,1990,1,1837.3800,2024-01-22,Cancelled,App,0.06
7910,94,1845,1,703.9000,2024-02-19,Cancelled,Web,0.02
7911,96,331,4,1147.5300,2024-02-19,Cancelled,App,0.26
7912,15,761,4,1867.0700,2024-01-20,Cancelled,Web,0.03
7913,79,766,4,1141.6600,2024-01-24,Completed,Web,0.04
7914,95,1920,5,485.9400,2024-01-05,Cancelled,Web,0.12
7915,78,1517,2,742.8600,2024-01-26,Completed,App,0.01
7916,86,1651,4,1935.6200,2024-01-29,Cancelled,App,0.14
7917,31,1697,3,1538.6400,2024-01-15,Cancelled,App,0.29
7918,53,65,5,1192.2200,2024-01-22,Completed,App,0.24
7919,70,1109,3,823.3000,2024-02-02,Cancelled,Web,0.16
7920,92,805,4,637.1900,2024-02-12,Cancelled,App,0.11
7921,87,567,3,1950.8100,2024-02-28,Cancelled,Store,0.18
7922,76,1975,3,147.5600,2024-02-16,Completed,App,0.13
7923,1,1655,4,1592.0600,2024-01-07,Cancelled,Store,0.05
7924,67,1001,3,1773.9100,2024-01-22,Cancelled,App,0.09
7925,13,1286,1,1873.8100,2024-02-02,Completed,Web,0.26
7926,7,1673,2,931.0400,2024-02-23,Completed,Store,0.02
7927,25,1237,5,407.0200,2024-01-02,Completed,Web,0.03
7928,47,1323,3,570.6400,2024-01-15,Completed,Web,0.02
7929,98,1959,4,1340.8000,2024-01-14,Completed,Store,0.2
7930,93,1323,5,1633.6900,2024-02-12,Cancelled,Web,0.07
7931,62,1632,3,750.1500,2024-01-12,Cancelled,App,0.23
7932,42,1728,4,1578.8600,2024-01-20,Cancelled,Store,0.01
7933,59,1874,5,1440.1400,2024-02-15,Completed,Web,0.15
7934,19,8,4,1157.3300,2024-02-10,Cancelled,Web,0.16
7935,89,1759,4,600.6700,2024-02-14,Completed,Web,0.08
7936,84,1617,1,1306.1400,2024-02-16,Cancelled,App,0.16
7937,85,104,2,1697.5600,2024-01-31,Cancelled,Store,0.3
7938,53,1264,5,1740.0500,2024-02-16,Completed,App,0.15
7939,12,302,4,1416.9300,2024-02-06,Completed,Store,0.05
7940,46,50,3,934.6600,2024-01-06,Completed,Web,0.07
7941,82,1684,2,427.3400,2024-01-22,Completed,App,0.08
7942,58,1143,3,1774.8300,2024-01-19,Cancelled,Store,0.29
7943,75,1305,5,1180.2400,2024-01-06,Cancelled,Web,0.1
7944,35,1740,2,296.2200,2024-02-19,Cancelled,Store,0.19
7945,11,153,2,1090.4800,2024-01-05,Completed,App,0.12
7946,23,1688,3,337.3000,2024-02-06,Completed,Web,0.07
7947,48,1099,2,666.2100,2024-01-22,Cancelled,App,0.14
7948,47,1205,5,266.4400,2024-01-16,Completed,Web,0.14
7949,20,1793,4,1274.8100,2024-01-11,Completed,Store,0.23
7950,24,1996,4,1958.0400,2024-01-18,Completed,Web,0.26
7951,62,1514,1,1461.3000,2024-02-26,Completed,App,0.14
7952,83,1087,5,418.7700,2024-02-16,Cancelled,App,0.13
7953,24,1349,1,1319.3100,2024-02-10,Completed,Web,0.02
7954,49,1246,4,428.5900,2024-01-11,Completed,App,0.23
7955,73,1308,3,400.1300,2024-02-08,Completed,Web,0
7956,54,461,3,1770.6500,2024-02-07,Completed,App,0.23
7957,3,1309,3,841.8900,2024-01-16,Completed,Web,0.05
7958,65,303,4,869.9900,2024-01-12,Cancelled,Store,0.12
7959,84,187,3,1733.3100,2024-01-10,Cancelled,Store,0.04
7960,32,926,5,612.9700,2024-01-01,Completed,Web,0.04
7961,47,1649,5,1166.9100,2024-02-17,Cancelled,App,0.15
7962,9,677,5,555.4200,2024-01-15,Cancelled,Web,0.29
7963,9,742,2,1731.9200,2024-02-11,Cancelled,Store,0.19
7964,22,258,4,854.9600,2024-02-07,Cancelled,App,0.07
7965,1,1012,1,997.1600,2024-02-10,Cancelled,Store,0.16
7966,64,547,3,1876.8300,2024-01-27,Completed,Web,0.07
7967,72,1707,1,1639.0900,2024-01-28,Cancelled,Web,0.13
7968,32,1590,4,1447.7100,2024-02-05,Cancelled,Store,0.03
7969,21,617,4,1504.1000,2024-02-27,Cancelled,App,0.24
7970,30,1018,4,1086.2500,2024-02-02,Cancelled,Web,0.28
7971,94,1451,1,1178.0400,2024-01-23,Completed,App,0.05
7972,73,1224,1,1602.0400,2024-01-16,Completed,Store,0.08
7973,24,858,2,1491.0600,2024-02-15,Cancelled,App,0.05
7974,30,842,2,1088.0800,2024-02-20,Completed,Web,0.19
7975,95,1195,2,344.5400,2024-02-17,Completed,Web,0.16
7976,61,874,2,1511.3700,2024-01-26,Completed,Web,0.11
7977,95,1035,1,295.5100,2024-01-08,Cancelled,App,0.02
7978,2,336,4,1467.1100,2024-01-07,Completed,App,0.11
7979,23,1939,5,776.9600,2024-01-19,Completed,Web,0.07
7980,48,1145,5,1401.6100,2024-01-06,Completed,App,0.13
7981,80,1284,1,1775.1800,2024-02-21,Completed,Web,0.15
7982,91,1183,1,1763.3400,2024-01-18,Completed,Web,0.25
7983,52,1413,4,363.2600,2024-01-05,Completed,Store,0.07
7984,80,944,3,1752.5000,2024-02-04,Cancelled,App,0.18
7985,10,301,2,1561.5100,2024-01-12,Completed,App,0.02
7986,6,485,1,1797.3200,2024-02-26,Cancelled,Store,0.02
7987,54,483,2,250.0800,2024-02-10,Cancelled,App,0.12
7988,44,1789,4,1992.0500,2024-02-01,Completed,Web,0.01
7989,88,1994,2,1540.6600,2024-01-12,Completed,Web,0.19
7990,22,1569,1,545.4300,2024-02-24,Cancelled,Store,0.01
7991,87,726,5,143.0900,2024-01-09,Cancelled,Web,0.09
7992,10,995,3,720.8200,2024-02-05,Completed,Store,0.08
7993,94,1720,1,1333.0000,2024-02-03,Completed,Store,0.06
7994,1,1568,1,832.2300,2024-01-22,Cancelled,Web,0.27
7995,58,1834,1,159.6100,2024-02-03,Completed,Store,0.25
7996,69,442,5,1056.3800,2024-01-27,Completed,App,0.27
7997,14,512,2,415.9200,2024-01-25,Completed,App,0.2
7998,5,353,3,1483.9100,2024-01-29,Cancelled,App,0.15
7999,31,631,2,358.9400,2024-02-19,Completed,Web,0.27
8000,76,374,2,1957.7100,2024-01-17,Completed,App,0.28
8001,51,310,4,1336.6600,2024-02-15,Cancelled,Web,0.24
8002,45,472,2,1459.6600,2024-02-04,Cancelled,Store,0.13
8003,84,1838,3,1544.2300,2024-02-26,Completed,App,0.13
8004,6,467,5,159.0800,2024-01-25,Cancelled,Web,0.23
8005,26,1387,3,893.3100,2024-01-18,Cancelled,App,0.08
8006,28,588,1,1930.9400,2024-01-20,Completed,Web,0.28
8007,39,962,2,534.3700,2024-01-27,Completed,Web,0.28
8008,51,1368,4,277.7600,2024-01-23,Cancelled,App,0.15
8009,79,469,2,1562.7600,2024-02-23,Cancelled,Web,0.28
8010,19,1915,2,462.5800,2024-02-25,Completed,Store,0.28
8011,66,35,4,1918.8100,2024-01-23,Completed,Web,0.09
8012,11,1871,1,155.6300,2024-02-05,Completed,Store,0.19
8013,95,674,1,307.1500,2024-02-25,Completed,App,0.03
8014,40,1387,1,559.8600,2024-02-07,Completed,App,0.03
8015,29,1768,1,269.4100,2024-01-02,Completed,Store,0.19
8016,26,1561,1,1303.9600,2024-02-25,Cancelled,Store,0.1
8017,82,1506,5,1845.5800,2024-01-21,Cancelled,Web,0.13
8018,83,1495,1,387.4700,2024-01-29,Cancelled,Web,0.27
8019,22,1647,3,495.0600,2024-02-03,Completed,Store,0.25
8020,90,1527,5,1975.8100,2024-02-08,Cancelled,App,0.03
8021,11,559,2,1321.3600,2024-01-14,Completed,Store,0.02
8022,40,49,4,1553.9300,2024-03-01,Cancelled,Web,0.27
8023,46,1115,3,913.7600,2024-02-18,Cancelled,App,0.07
8024,43,1125,4,263.3300,2024-02-19,Cancelled,App,0.22
8025,70,976,1,1777.6700,2024-01-02,Completed,Store,0.15
8026,6,550,3,1147.5800,2024-01-22,Completed,Web,0.06
8027,60,180,4,917.0100,2024-01-16,Cancelled,Store,0.1
8028,74,1965,5,1590.9000,2024-01-20,Completed,Web,0.15
8029,69,445,5,1044.0000,2024-01-17,Completed,Store,0.15
8030,67,791,1,726.9800,2024-02-21,Cancelled,App,0.12
8031,64,563,1,271.6200,2024-02-06,Cancelled,Web,0.06
8032,99,1168,3,292.0700,2024-01-31,Cancelled,Web,0.19
8033,86,1666,4,1283.9400,2024-01-27,Completed,App,0.03
8034,88,240,2,489.1200,2024-02-19,Completed,Store,0.13
8035,12,1252,2,1739.2800,2024-01-15,Completed,Store,0.19
8036,19,1161,4,1708.7800,2024-01-16,Cancelled,Web,0.09
8037,64,1543,3,808.7200,2024-02-01,Completed,Web,0.13
8038,28,1803,4,772.1000,2024-01-30,Cancelled,Store,0.26
8039,88,498,3,1109.2700,2024-02-17,Cancelled,App,0.08
8040,41,968,4,157.1000,2024-01-19,Completed,Web,0.02
8041,31,36,5,143.4000,2024-01-04,Cancelled,App,0.24
8042,32,464,3,1746.9800,2024-02-09,Cancelled,Store,0.26
8043,98,101,4,1318.6900,2024-01-09,Completed,Store,0.28
8044,52,163,4,1898.2200,2024-01-11,Cancelled,Web,0.08
8045,49,188,1,1558.0000,2024-01-18,Cancelled,Store,0.23
8046,10,282,4,433.1900,2024-01-29,Cancelled,Web,0.2
8047,34,1977,5,621.6200,2024-01-01,Completed,Web,0.23
8048,52,1374,3,1890.3200,2024-01-02,Cancelled,Store,0.08
8049,88,12,2,1223.0500,2024-01-27,Completed,Store,0.06
8050,32,1884,2,440.5100,2024-01-06,Completed,Store,0.08
8051,74,821,2,647.2000,2024-02-23,Completed,Store,0.2
8052,36,1757,3,645.7700,2024-01-01,Completed,App,0.29
8053,43,230,4,1595.1500,2024-01-17,Cancelled,App,0.29
8054,75,481,4,315.6800,2024-02-16,Completed,Store,0.11
8055,77,1018,3,780.2700,2024-02-01,Cancelled,Store,0.2
8056,7,107,2,238.5500,2024-02-03,Cancelled,App,0.1
8057,36,762,5,1602.6300,2024-02-22,Cancelled,App,0.26
8058,49,937,3,384.5000,2024-02-08,Cancelled,Store,0.17
8059,46,763,4,822.0000,2024-01-30,Cancelled,Web,0.18
8060,28,1106,4,537.2400,2024-01-22,Completed,App,0.14
8061,62,1184,3,1336.0800,2024-01-09,Cancelled,Store,0.19
8062,100,1942,4,1380.4900,2024-01-30,Completed,Web,0.06
8063,90,1733,1,1237.3100,2024-02-13,Completed,Store,0.01
8064,48,700,2,187.6900,2024-02-15,Cancelled,App,0.25
8065,68,165,3,449.8400,2024-01-03,Cancelled,Web,0.08
8066,47,905,1,1065.8200,2024-03-01,Cancelled,App,0.2
8067,49,1612,4,1207.9000,2024-02-12,Cancelled,Web,0.07
8068,58,412,1,1122.1700,2024-02-20,Cancelled,Web,0.11
8069,3,1036,3,223.0500,2024-01-19,Completed,Web,0.02
8070,91,1102,5,1264.6700,2024-01-08,Completed,App,0.01
8071,95,1512,1,1715.2900,2024-01-19,Cancelled,Web,0.27
8072,93,861,1,826.1100,2024-01-03,Cancelled,Web,0.19
8073,23,768,3,240.5400,2024-02-07,Cancelled,App,0.28
8074,35,370,2,106.6900,2024-02-28,Completed,Web,0.27
8075,99,1376,5,1845.5800,2024-01-15,Completed,Web,0.22
8076,26,1509,5,289.4400,2024-01-03,Cancelled,Web,0.14
8077,77,428,4,1731.9800,2024-02-13,Cancelled,App,0.22
8078,49,1680,1,1206.9800,2024-02-07,Completed,App,0.08
8079,83,1881,3,733.3300,2024-01-09,Completed,Web,0.3
8080,75,1404,5,1600.4600,2024-01-21,Completed,Store,0.13
8081,43,166,1,1345.0500,2024-01-24,Cancelled,Store,0.24
8082,53,1432,3,1355.5800,2024-01-09,Cancelled,Web,0.03
8083,52,431,4,222.1800,2024-02-24,Completed,App,0.27
8084,20,1676,2,1812.0400,2024-01-21,Cancelled,App,0
8085,51,244,3,1745.3000,2024-02-02,Cancelled,Store,0.21
8086,95,876,1,1733.6400,2024-01-15,Cancelled,Web,0.12
8087,95,278,4,585.2200,2024-01-21,Cancelled,App,0
8088,45,768,3,1770.7800,2024-02-20,Cancelled,Web,0.22
8089,74,850,1,1623.3100,2024-02-26,Cancelled,Store,0.06
8090,8,59,1,1965.8100,2024-02-26,Completed,Store,0.21
8091,28,10,2,1498.4800,2024-01-11,Completed,Store,0.02
8092,37,460,2,1261.1300,2024-02-09,Completed,Web,0.1
8093,87,1981,4,924.8800,2024-01-14,Completed,Web,0.11
8094,71,1987,4,1092.9400,2024-01-03,Completed,App,0.18
8095,37,956,1,1237.2500,2024-02-06,Completed,App,0.08
8096,95,89,2,958.7300,2024-01-31,Completed,Web,0.24
8097,5,678,2,1164.4700,2024-01-06,Cancelled,App,0.17
8098,64,1873,1,1007.6800,2024-01-01,Cancelled,Web,0.26
8099,27,1747,1,116.1900,2024-02-13,Completed,App,0.29
8100,82,465,4,303.2700,2024-02-06,Cancelled,Web,0.13
8101,39,568,2,121.5700,2024-01-26,Cancelled,Store,0.23
8102,38,1061,5,567.0100,2024-01-29,Cancelled,Store,0.23
8103,2,302,4,1750.7400,2024-01-30,Completed,Store,0.14
8104,86,274,4,1381.8900,2024-02-03,Completed,App,0.24
8105,6,939,5,462.0600,2024-01-19,Completed,App,0.14
8106,1,811,4,440.8500,2024-02-04,Completed,Web,0.22
8107,59,1368,1,474.4500,2024-01-07,Cancelled,Store,0.2
8108,17,891,1,779.3400,2024-02-13,Completed,App,0.07
8109,74,830,5,1954.8900,2024-02-22,Completed,Store,0.29
8110,25,1740,4,494.5000,2024-01-31,Completed,Web,0.17
8111,54,1577,4,739.7900,2024-02-09,Completed,App,0.28
8112,3,2000,4,1286.3900,2024-02-10,Completed,App,0.16
8113,22,1880,2,1862.8500,2024-01-09,Cancelled,Store,0.07
8114,2,68,3,675.9100,2024-01-26,Cancelled,Web,0.05
8115,33,1297,2,1165.7500,2024-02-17,Cancelled,Web,0.19
8116,40,1500,2,205.7400,2024-01-10,Cancelled,Store,0.26
8117,48,758,5,1388.8500,2024-01-17,Completed,Store,0.1
8118,54,926,2,1634.6600,2024-02-22,Cancelled,Store,0.19
8119,43,619,4,1699.9600,2024-02-15,Completed,Web,0.17
8120,41,910,1,1981.4200,2024-02-18,Completed,Web,0.19
8121,20,1774,2,1831.8100,2024-01-26,Completed,App,0.11
8122,50,1049,3,1472.7400,2024-02-20,Cancelled,App,0.03
8123,30,1486,4,1399.3100,2024-01-13,Completed,App,0.07
8124,85,318,4,1320.5000,2024-01-30,Completed,App,0.29
8125,96,1674,3,173.6300,2024-02-13,Cancelled,Web,0.09
8126,29,1267,2,1765.0600,2024-02-22,Completed,App,0.28
8127,97,1691,3,672.8900,2024-02-16,Cancelled,Store,0.08
8128,38,180,4,547.6800,2024-02-20,Completed,App,0.26
8129,65,1383,4,304.1100,2024-02-11,Cancelled,Web,0.26
8130,16,1579,2,395.5900,2024-01-21,Cancelled,Web,0.04
8131,25,790,3,872.1600,2024-02-23,Completed,Store,0.03
8132,22,170,5,870.8200,2024-01-12,Cancelled,App,0.12
8133,68,787,3,224.1900,2024-02-15,Cancelled,Store,0.27
8134,35,532,3,1653.3300,2024-01-07,Cancelled,Web,0.08
8135,14,1262,4,929.0500,2024-01-24,Completed,Store,0.25
8136,61,908,1,1413.1800,2024-02-12,Completed,Store,0.06
8137,80,1127,3,636.7900,2024-01-17,Completed,Web,0.01
8138,63,914,2,1727.9100,2024-01-14,Cancelled,Web,0.16
8139,7,1770,3,467.4400,2024-01-28,Completed,Store,0.19
8140,53,870,2,1693.7800,2024-01-17,Cancelled,Web,0.2
8141,15,1247,2,974.2800,2024-01-28,Completed,App,0.3
8142,64,32,1,170.9600,2024-02-10,Cancelled,Store,0.2
8143,95,1213,4,806.7000,2024-01-29,Cancelled,Web,0.16
8144,7,1085,5,1717.1400,2024-02-14,Cancelled,App,0.13
8145,72,989,5,464.0300,2024-01-30,Completed,Store,0.04
8146,58,1485,3,678.1300,2024-02-12,Cancelled,App,0.06
8147,57,1582,3,1058.7500,2024-01-25,Completed,Store,0.17
8148,56,1422,3,663.6100,2024-01-09,Completed,Web,0.05
8149,49,357,3,1002.0500,2024-02-11,Completed,App,0.03
8150,5,458,3,1375.9100,2024-01-27,Completed,App,0.15
8151,7,1952,3,607.8600,2024-01-26,Cancelled,Store,0.09
8152,35,1140,1,567.9000,2024-02-26,Completed,Store,0.19
8153,59,1649,2,915.4900,2024-01-29,Completed,Store,0.1
8154,57,1588,5,1493.2200,2024-01-23,Completed,Web,0.18
8155,27,378,2,273.6300,2024-02-05,Completed,Store,0.27
8156,27,1389,4,1163.2100,2024-02-19,Cancelled,App,0.03
8157,88,640,1,313.0700,2024-02-29,Cancelled,Store,0.2
8158,18,1704,3,774.6900,2024-01-01,Completed,App,0.16
8159,74,1028,3,1031.6700,2024-01-22,Completed,Web,0.02
8160,22,1918,3,1612.7900,2024-02-10,Completed,Web,0.24
8161,42,1211,5,1697.0800,2024-02-16,Cancelled,App,0.17
8162,69,1856,2,1359.7800,2024-01-24,Cancelled,App,0.11
8163,69,804,5,1481.5900,2024-01-16,Cancelled,App,0.18
8164,78,613,4,506.5900,2024-01-25,Cancelled,Store,0.2
8165,38,1845,4,1742.2100,2024-02-13,Cancelled,App,0.06
8166,46,1935,4,334.1200,2024-02-24,Completed,App,0.1
8167,22,1505,4,1346.7000,2024-02-18,Cancelled,Web,0.19
8168,23,967,1,278.3600,2024-02-29,Cancelled,App,0.17
8169,16,854,5,876.5200,2024-02-20,Cancelled,Web,0.05
8170,75,1620,2,395.4500,2024-01-31,Cancelled,Store,0.29
8171,67,166,5,1131.6000,2024-01-16,Cancelled,Web,0.06
8172,42,1530,2,116.6800,2024-02-23,Completed,App,0.02
8173,93,1021,3,1164.9900,2024-02-13,Cancelled,Web,0.2
8174,13,882,3,1936.5400,2024-02-20,Cancelled,App,0.07
8175,65,706,3,430.2600,2024-01-17,Cancelled,Store,0.24
8176,44,1629,4,773.4600,2024-02-17,Completed,Store,0.04
8177,30,1070,3,1084.3600,2024-02-03,Completed,App,0.04
8178,44,276,3,649.8900,2024-01-23,Completed,App,0.27
8179,28,1920,1,918.8100,2024-02-14,Completed,App,0
8180,95,469,2,511.5400,2024-02-14,Completed,Store,0.19
8181,39,1079,2,1427.1600,2024-02-10,Cancelled,Store,0.17
8182,1,1508,2,1096.5300,2024-02-27,Completed,Web,0.04
8183,80,903,1,1320.6100,2024-02-22,Cancelled,App,0.28
8184,14,1202,3,455.1600,2024-01-13,Completed,Store,0.3
8185,81,313,2,607.8100,2024-01-03,Cancelled,Store,0.05
8186,35,1077,5,183.3800,2024-01-01,Cancelled,Web,0.15
8187,74,878,4,1751.6900,2024-01-09,Cancelled,Web,0.15
8188,57,1577,5,883.4400,2024-02-06,Cancelled,App,0.18
8189,88,1591,4,825.4400,2024-01-19,Cancelled,Web,0.2
8190,26,1533,2,657.8700,2024-02-03,Cancelled,Store,0.27
8191,96,404,1,1611.1000,2024-02-20,Cancelled,Web,0.17
8192,23,1644,1,657.8600,2024-02-04,Completed,Web,0.22
8193,31,1937,1,479.8700,2024-01-20,Cancelled,Web,0.07
8194,12,1704,2,1924.8900,2024-01-03,Cancelled,Store,0.21
8195,60,1916,4,1025.7600,2024-01-12,Completed,Web,0.22
8196,46,1659,1,1070.1400,2024-01-15,Cancelled,Store,0.29
8197,77,432,3,685.1400,2024-02-02,Cancelled,Web,0.16
8198,92,99,5,1743.7500,2024-01-25,Completed,App,0.07
8199,85,1612,4,886.4800,2024-01-14,Completed,Web,0.26
8200,10,1004,5,1957.0300,2024-01-24,Completed,App,0.04
8201,4,1513,3,1517.7400,2024-02-07,Completed,Store,0.01
8202,99,332,5,1810.3000,2024-02-12,Completed,Store,0.25
8203,12,1161,3,1275.5200,2024-02-04,Cancelled,Store,0.12
8204,23,1953,2,1683.9000,2024-01-27,Completed,Store,0.03
8205,14,683,4,1702.8800,2024-02-29,Completed,Store,0.25
8206,36,795,3,1314.8800,2024-02-06,Completed,App,0.12
8207,49,320,1,597.2100,2024-02-02,Completed,Store,0.08
8208,29,1510,5,1228.7800,2024-01-11,Completed,Store,0.13
8209,3,1024,2,249.7600,2024-02-04,Completed,Store,0.24
8210,54,686,4,1431.3900,2024-02-24,Cancelled,Store,0.02
8211,10,1597,2,1668.4800,2024-02-25,Completed,Store,0.17
8212,65,1752,2,473.9400,2024-01-07,Completed,Store,0.15
8213,68,1928,2,1394.2400,2024-02-26,Completed,Store,0.05
8214,73,841,3,147.5600,2024-02-10,Cancelled,App,0.26
8215,54,1659,3,1757.1300,2024-02-13,Completed,Web,0.14
8216,67,891,2,1578.1800,2024-02-14,Cancelled,App,0.21
8217,83,446,2,1557.7900,2024-01-29,Completed,Web,0.03
8218,77,1765,4,789.4800,2024-02-08,Cancelled,Web,0.03
8219,86,885,5,140.8200,2024-01-14,Completed,Store,0.29
8220,78,134,2,1398.9700,2024-01-23,Cancelled,Store,0.1
8221,78,338,2,1634.6900,2024-01-11,Cancelled,Web,0.08
8222,76,1412,5,1284.0800,2024-01-06,Completed,App,0.21
8223,92,128,4,1026.9500,2024-02-18,Completed,App,0.17
8224,77,1545,1,1168.3300,2024-01-03,Cancelled,Store,0.25
8225,92,432,3,1674.7700,2024-01-24,Completed,Web,0.25
8226,20,1961,4,964.5300,2024-02-21,Completed,App,0.07
8227,100,225,3,412.1300,2024-02-20,Completed,Store,0.29
8228,14,1773,4,1867.8100,2024-01-25,Completed,App,0.2
8229,68,518,5,1205.3500,2024-01-11,Completed,Store,0.07
8230,16,97,4,1718.9200,2024-02-02,Completed,App,0.23
8231,51,895,2,1417.1900,2024-01-10,Completed,App,0.23
8232,32,1803,2,1310.9400,2024-02-10,Completed,Store,0.13
8233,53,1083,4,162.9800,2024-02-21,Completed,Web,0.18
8234,2,202,2,1881.1200,2024-02-28,Cancelled,Store,0.17
8235,71,485,2,1095.6300,2024-02-02,Completed,Store,0.11
8236,38,1318,3,992.9300,2024-02-03,Completed,Store,0.19
8237,74,1984,2,290.0300,2024-01-08,Completed,App,0.14
8238,57,360,4,971.9600,2024-01-25,Cancelled,Web,0.09
8239,51,702,5,948.2600,2024-01-29,Cancelled,Store,0.28
8240,43,307,4,1608.7900,2024-02-07,Completed,App,0.18
8241,59,1670,5,172.1200,2024-02-14,Cancelled,App,0.25
8242,36,235,1,1351.7600,2024-02-06,Completed,Store,0.04
8243,21,197,5,254.8600,2024-02-16,Cancelled,Web,0.14
8244,81,885,1,760.8600,2024-02-02,Cancelled,Web,0.13
8245,92,1480,3,508.6900,2024-02-13,Completed,Web,0.27
8246,63,736,3,1978.8600,2024-02-08,Completed,Web,0.09
8247,9,1780,2,1537.9500,2024-01-19,Cancelled,App,0.2
8248,95,1284,1,1134.4100,2024-02-01,Completed,App,0.18
8249,66,704,4,1288.9000,2024-02-29,Completed,Store,0.27
8250,56,244,5,1330.7400,2024-02-23,Cancelled,App,0.17
8251,91,255,5,1252.3400,2024-01-25,Cancelled,Web,0.21
8252,82,1177,5,1163.5100,2024-01-02,Cancelled,Web,0.04
8253,58,1407,1,421.8700,2024-01-14,Completed,Store,0.04
8254,18,1793,2,136.2000,2024-02-28,Cancelled,Web,0.29
8255,85,820,4,949.2900,2024-01-20,Completed,App,0.12
8256,89,845,5,1505.7900,2024-01-07,Completed,Web,0.1
8257,85,1262,3,930.2500,2024-01-01,Cancelled,Web,0.24
8258,38,989,3,1146.0500,2024-02-03,Cancelled,Store,0.13
8259,20,300,3,278.4200,2024-02-26,Completed,App,0.1
8260,27,1990,2,971.8100,2024-01-03,Cancelled,Store,0.15
8261,90,1445,1,1292.4100,2024-02-04,Completed,Store,0.22
8262,87,228,1,1278.0000,2024-01-12,Cancelled,Store,0.09
8263,47,1005,1,1120.9800,2024-02-18,Cancelled,Store,0.24
8264,41,1580,2,837.7400,2024-01-20,Completed,App,0.17
8265,84,132,5,1828.1600,2024-01-14,Cancelled,Web,0.2
8266,2,1201,1,337.9100,2024-02-04,Cancelled,Store,0.02
8267,94,76,1,1927.2800,2024-01-08,Completed,Web,0.23
8268,100,1663,1,1026.9100,2024-02-06,Completed,Web,0.13
8269,98,1909,3,1472.3000,2024-02-02,Completed,App,0.11
8270,55,456,1,524.1900,2024-02-13,Completed,App,0.15
8271,20,1030,5,1951.4400,2024-02-11,Cancelled,Web,0.16
8272,89,1276,3,1382.3300,2024-01-20,Cancelled,App,0.04
8273,48,1698,1,297.9400,2024-01-29,Cancelled,Store,0.02
8274,84,1009,4,205.4600,2024-02-25,Completed,Store,0.25
8275,83,1113,2,307.0000,2024-02-02,Cancelled,Web,0.3
8276,11,1647,5,296.2900,2024-01-04,Completed,Web,0.13
8277,92,371,4,901.5100,2024-02-17,Cancelled,Web,0.24
8278,99,90,4,500.7300,2024-02-12,Completed,Store,0.03
8279,65,1728,2,714.5000,2024-01-06,Completed,Store,0.01
8280,83,453,2,1359.9500,2024-02-13,Cancelled,Store,0.17
8281,69,1990,4,130.6600,2024-02-29,Completed,Store,0.14
8282,96,1097,1,1936.4100,2024-01-28,Completed,Web,0.06
8283,22,1079,3,1487.7800,2024-02-03,Completed,App,0.13
8284,60,173,4,881.6900,2024-02-22,Cancelled,Store,0.11
8285,65,1780,3,666.6800,2024-02-08,Completed,App,0.13
8286,24,1040,4,701.5900,2024-01-10,Completed,App,0.26
8287,76,358,5,103.7700,2024-02-23,Cancelled,Web,0.07
8288,61,767,1,1318.4400,2024-02-19,Cancelled,Web,0
8289,58,591,2,652.7700,2024-02-03,Cancelled,Web,0.18
8290,71,154,2,540.9900,2024-01-18,Cancelled,App,0.07
8291,99,481,3,1515.8400,2024-02-25,Completed,Web,0.19
8292,87,1043,4,1736.6800,2024-02-04,Completed,Web,0.27
8293,29,1192,1,1338.1200,2024-01-19,Completed,Web,0.09
8294,46,857,5,134.1100,2024-01-26,Cancelled,Web,0.2
8295,91,547,1,772.9300,2024-01-29,Completed,App,0.26
8296,98,815,3,1738.7500,2024-02-15,Cancelled,Web,0.03
8297,5,1567,1,1520.9500,2024-01-22,Cancelled,Store,0.27
8298,63,100,5,1060.6700,2024-01-01,Completed,Store,0.11
8299,6,1071,4,387.5000,2024-01-09,Completed,Store,0.25
8300,7,134,2,396.7600,2024-01-12,Cancelled,Store,0.17
8301,39,503,5,1033.1100,2024-03-01,Cancelled,Web,0.03
8302,45,1933,3,767.0400,2024-01-06,Cancelled,App,0.25
8303,94,1529,5,733.3200,2024-01-14,Completed,Web,0.06
8304,29,1892,4,541.5000,2024-01-23,Completed,Store,0.26
8305,81,765,2,1054.5100,2024-01-17,Completed,Web,0.23
8306,12,873,1,267.3900,2024-03-01,Completed,Store,0.04
8307,23,991,4,1355.4900,2024-02-17,Cancelled,App,0.11
8308,59,358,5,1184.7400,2024-02-29,Completed,Store,0.27
8309,71,738,1,1656.1100,2024-02-12,Cancelled,Web,0.22
8310,66,1154,4,1043.8100,2024-01-11,Cancelled,Store,0.04
8311,83,1616,2,1147.9100,2024-01-04,Completed,App,0.22
8312,73,621,2,1822.9400,2024-02-21,Cancelled,Web,0.29
8313,91,1769,2,1984.3300,2024-01-31,Completed,Web,0.03
8314,77,1299,5,491.1100,2024-01-16,Cancelled,Web,0.07
8315,71,161,1,1603.0400,2024-02-02,Cancelled,Web,0.27
8316,57,578,5,913.0800,2024-02-22,Cancelled,App,0.16
8317,79,909,2,781.7900,2024-01-29,Cancelled,App,0.11
8318,92,7,2,331.0000,2024-01-08,Completed,Web,0.22
8319,74,16,3,334.5000,2024-02-23,Completed,App,0.17
8320,68,679,5,1360.0900,2024-02-23,Cancelled,Store,0.04
8321,31,1105,4,1757.8300,2024-02-16,Cancelled,App,0.27
8322,21,687,1,566.6300,2024-02-14,Completed,App,0.07
8323,22,375,4,875.9400,2024-01-25,Cancelled,App,0.13
8324,100,1152,3,1394.4400,2024-02-16,Completed,Store,0.03
8325,77,594,3,1551.7300,2024-02-29,Completed,Web,0.21
8326,14,999,3,806.4100,2024-01-17,Cancelled,Store,0.23
8327,15,1180,3,866.9600,2024-03-01,Cancelled,App,0.13
8328,7,1196,4,395.8400,2024-02-15,Cancelled,Store,0.04
8329,71,188,3,1400.0400,2024-03-01,Cancelled,App,0.16
8330,12,1079,3,1576.3400,2024-02-25,Cancelled,Web,0.26
8331,51,1584,1,349.6800,2024-01-17,Completed,App,0.28
8332,55,954,4,1813.5300,2024-02-05,Cancelled,Web,0.05
8333,14,570,1,633.5300,2024-01-05,Cancelled,Web,0.28
8334,40,1863,5,663.3500,2024-02-12,Cancelled,Store,0.08
8335,42,49,3,703.5200,2024-02-10,Cancelled,Web,0.14
8336,13,172,1,1446.0100,2024-01-22,Cancelled,App,0.1
8337,42,1339,2,118.7100,2024-01-29,Completed,App,0.15
8338,21,1281,1,194.2200,2024-02-04,Cancelled,App,0.27
8339,13,1022,3,1209.9700,2024-01-15,Cancelled,App,0.2
8340,10,1026,2,868.0800,2024-01-22,Cancelled,Web,0.04
8341,43,602,1,819.3000,2024-01-13,Completed,Store,0.29
8342,31,1191,5,1485.2100,2024-01-12,Cancelled,Web,0.08
8343,38,514,1,1263.1600,2024-01-14,Cancelled,Web,0.08
8344,10,130,5,175.4500,2024-01-05,Cancelled,Web,0.24
8345,20,1447,4,475.8600,2024-02-02,Completed,Web,0.07
8346,44,1278,5,1330.3800,2024-02-22,Completed,Web,0.11
8347,30,988,1,1932.7500,2024-02-08,Completed,App,0.3
8348,98,448,5,1585.7800,2024-02-13,Completed,App,0.14
8349,10,755,3,815.3300,2024-02-06,Completed,Web,0.25
8350,5,1902,3,1161.6300,2024-01-23,Cancelled,App,0.27
8351,19,1826,2,597.6300,2024-01-09,Completed,Store,0.18
8352,39,995,4,1699.7400,2024-01-17,Cancelled,Web,0.17
8353,57,631,5,575.9600,2024-01-04,Cancelled,Web,0.2
8354,70,116,4,993.2500,2024-01-13,Cancelled,Store,0.22
8355,45,1797,1,1073.6100,2024-02-07,Completed,App,0.26
8356,19,781,3,1431.1100,2024-02-20,Completed,Web,0.2
8357,23,1521,5,1446.9600,2024-01-23,Cancelled,App,0.02
8358,60,23,5,1552.2800,2024-01-03,Cancelled,Store,0.12
8359,62,30,3,896.8400,2024-01-25,Completed,Store,0.17
8360,19,1701,1,769.4100,2024-01-19,Completed,Store,0.08
8361,69,1814,2,1977.5100,2024-02-19,Cancelled,Web,0.27
8362,91,492,2,104.6800,2024-01-30,Completed,App,0.27
8363,87,28,2,1399.7900,2024-01-23,Completed,App,0.21
8364,36,1734,2,908.8500,2024-01-24,Cancelled,Store,0.29
8365,69,616,1,308.1200,2024-01-23,Cancelled,App,0.27
8366,32,358,4,642.1800,2024-01-25,Cancelled,Web,0.23
8367,34,746,2,1728.4900,2024-01-12,Cancelled,Web,0.05
8368,83,127,4,1689.3300,2024-02-02,Completed,Web,0.04
8369,11,564,1,869.6100,2024-01-11,Completed,Web,0.01
8370,35,374,4,1698.2900,2024-02-05,Cancelled,App,0.27
8371,73,598,1,535.2900,2024-01-23,Cancelled,Store,0.22
8372,74,191,5,1789.8000,2024-01-06,Completed,App,0.05
8373,77,1481,4,1387.3300,2024-01-18,Cancelled,App,0.21
8374,74,31,5,1067.0300,2024-02-11,Completed,Web,0.24
8375,38,266,1,511.9100,2024-01-17,Completed,Web,0.29
8376,74,1246,4,1175.1300,2024-01-21,Cancelled,Store,0.19
8377,94,496,5,608.9800,2024-02-11,Cancelled,Store,0.07
8378,98,1187,5,1102.5900,2024-01-28,Cancelled,App,0.09
8379,85,1883,5,536.7800,2024-01-16,Cancelled,Store,0.11
8380,54,504,2,1057.6100,2024-01-24,Completed,Web,0.29
8381,72,1611,1,236.1900,2024-02-26,Cancelled,Web,0.26
8382,6,1722,2,1356.3200,2024-03-01,Completed,Web,0.02
8383,64,500,4,677.2000,2024-02-01,Completed,Web,0.27
8384,67,980,1,637.3100,2024-02-15,Completed,Web,0.05
8385,12,722,2,668.8100,2024-01-23,Cancelled,Store,0
8386,14,1394,2,935.7700,2024-02-01,Completed,Store,0.24
8387,72,742,2,650.0700,2024-02-03,Cancelled,Store,0.17
8388,30,784,4,1597.7100,2024-01-19,Cancelled,Store,0.01
8389,80,1288,1,1273.9600,2024-02-16,Cancelled,App,0.21
8390,31,1075,1,648.3300,2024-01-04,Cancelled,App,0.12
8391,64,1580,1,1879.6000,2024-01-22,Cancelled,Store,0.07
8392,73,481,4,1433.3900,2024-02-02,Cancelled,Store,0.17
8393,1,123,2,1590.2000,2024-01-14,Cancelled,App,0.26
8394,92,1092,3,273.3400,2024-01-25,Completed,Web,0.21
8395,4,1485,5,425.9700,2024-02-23,Cancelled,Store,0.21
8396,96,789,4,952.7300,2024-02-21,Completed,App,0.15
8397,71,1297,5,329.1200,2024-02-14,Completed,Store,0.1
8398,87,1726,2,739.0300,2024-02-29,Cancelled,Web,0.27
8399,66,162,3,207.0000,2024-01-21,Completed,App,0.2
8400,33,868,4,1053.5000,2024-01-31,Completed,App,0.03
8401,45,763,4,749.2700,2024-01-21,Completed,Store,0.02
8402,68,1544,5,108.7900,2024-01-06,Cancelled,Store,0.1
8403,8,1465,5,1873.4900,2024-01-12,Completed,App,0
8404,2,141,4,1495.3100,2024-01-08,Completed,Web,0.05
8405,61,1807,3,1891.8000,2024-01-11,Completed,Store,0.18
8406,46,1842,1,1591.2900,2024-02-14,Completed,Store,0.04
8407,92,1171,1,1858.7700,2024-01-31,Completed,Store,0.05
8408,15,768,5,233.9900,2024-02-26,Completed,Store,0.12
8409,3,494,4,365.5600,2024-02-20,Cancelled,Web,0.04
8410,31,757,2,1935.5800,2024-01-17,Cancelled,Store,0.21
8411,42,199,2,1616.4700,2024-01-05,Cancelled,App,0.22
8412,76,85,4,1944.9900,2024-02-02,Completed,Store,0.15
8413,64,1588,1,1885.5000,2024-01-12,Cancelled,Web,0.17
8414,38,1330,5,1387.0000,2024-02-17,Completed,App,0.16
8415,10,1721,2,724.4400,2024-02-06,Cancelled,Web,0.24
8416,74,725,1,232.6500,2024-02-09,Completed,Store,0.2
8417,53,894,3,1365.8200,2024-02-28,Cancelled,Store,0
8418,89,349,5,1837.7400,2024-02-23,Cancelled,App,0.1
8419,31,1340,5,1130.3200,2024-01-16,Cancelled,Store,0.15
8420,95,1761,4,225.5500,2024-01-25,Cancelled,Web,0.27
8421,48,719,1,767.3800,2024-02-09,Cancelled,App,0.06
8422,28,1794,1,597.2900,2024-01-26,Completed,Web,0.11
8423,79,308,5,611.3900,2024-02-02,Cancelled,Web,0.13
8424,26,1910,3,629.8400,2024-01-12,Cancelled,Store,0.23
8425,10,1953,1,1926.3500,2024-02-16,Completed,Store,0.1
8426,59,1807,4,255.6200,2024-02-07,Cancelled,Web,0.15
8427,4,1690,4,2149.7700,2024-01-20,Cancelled,Store,0.06
8428,82,1042,4,598.4100,2024-01-04,Completed,Web,0.3
8429,76,1542,5,1527.2500,2024-01-08,Completed,Web,0.1
8430,5,468,3,794.1200,2024-01-24,Completed,Web,0.24
8431,99,1959,3,257.0800,2024-01-28,Cancelled,App,0.16
8432,7,686,2,747.6600,2024-02-12,Cancelled,App,0.2
8433,90,377,4,487.1700,2024-01-23,Completed,App,0.27
8434,45,1441,1,1681.8000,2024-02-21,Completed,App,0.11
8435,55,1164,1,736.0200,2024-02-23,Completed,Store,0.13
8436,12,556,1,1758.2600,2024-02-22,Completed,Store,0.24
8437,94,270,2,1140.1700,2024-02-08,Completed,Store,0.03
8438,46,1012,5,1256.8300,2024-03-01,Cancelled,Web,0.25
8439,10,1164,3,712.7500,2024-01-07,Cancelled,App,0.23
8440,88,747,5,1846.4600,2024-01-27,Cancelled,App,0.11
8441,53,1204,4,1065.3700,2024-02-23,Completed,App,0.1
8442,1,1414,5,283.3000,2024-02-02,Completed,Store,0.09
8443,18,1154,1,1138.8400,2024-02-06,Completed,Store,0.04
8444,91,1239,4,295.4800,2024-02-16,Completed,Web,0.12
8445,87,321,1,300.4900,2024-02-04,Cancelled,Store,0.18
8446,96,1956,3,587.7000,2024-02-10,Completed,Store,0.27
8447,23,226,4,1063.3300,2024-02-10,Completed,Store,0.03
8448,6,1118,4,254.1800,2024-01-28,Completed,App,0.18
8449,45,871,3,1592.9300,2024-01-01,Cancelled,Web,0.28
8450,8,1680,3,572.2800,2024-02-09,Completed,App,0.17
8451,20,223,5,184.0600,2024-01-31,Cancelled,App,0.08
8452,53,382,1,580.5700,2024-02-22,Completed,App,0.26
8453,41,1235,2,276.9100,2024-02-09,Cancelled,App,0.1
8454,63,834,3,364.7900,2024-02-29,Completed,Web,0.07
8455,80,570,2,1462.6700,2024-01-19,Cancelled,Web,0.15
8456,37,1698,5,322.2000,2024-01-24,Cancelled,App,0.01
8457,28,1901,4,998.9100,2024-02-03,Completed,Web,0.28
8458,71,1203,3,651.6700,2024-01-01,Completed,Web,0.19
8459,1,150,5,1723.5900,2024-02-16,Cancelled,Web,0.01
8460,56,1282,5,1153.6200,2024-02-12,Completed,App,0.05
8461,35,1336,1,510.6400,2024-02-14,Cancelled,Store,0.13
8462,96,1416,4,1087.9400,2024-01-05,Completed,App,0.23
8463,22,428,3,1351.7100,2024-01-05,Cancelled,App,0.13
8464,99,781,2,1885.8000,2024-01-11,Cancelled,Web,0
8465,94,1882,5,647.8500,2024-02-09,Completed,App,0.02
8466,26,195,4,1527.1500,2024-01-13,Cancelled,Web,0.11
8467,45,1011,2,223.0400,2024-02-14,Cancelled,App,0.15
8468,66,836,5,504.8600,2024-02-16,Completed,Web,0.02
8469,58,1895,4,1607.3100,2024-01-28,Completed,Store,0.04
8470,91,1058,2,1312.8000,2024-01-01,Completed,Store,0.15
8471,69,1232,2,1634.7400,2024-01-14,Cancelled,Store,0.2
8472,15,1251,2,1142.8600,2024-02-10,Completed,App,0.24
8473,91,448,1,1346.2100,2024-02-25,Completed,Web,0.12
8474,65,413,4,1938.7500,2024-01-31,Cancelled,Store,0.01
8475,24,1166,4,1310.4900,2024-01-02,Cancelled,App,0.06
8476,34,905,2,1105.7400,2024-01-03,Completed,Web,0.06
8477,80,1253,4,1058.5400,2024-01-20,Completed,Web,0.15
8478,92,540,1,626.2000,2024-01-30,Completed,Web,0.07
8479,86,1243,4,1110.3900,2024-02-04,Cancelled,Store,0.03
8480,32,1840,4,714.0800,2024-01-22,Completed,Web,0.05
8481,32,495,2,249.8100,2024-02-23,Cancelled,Store,0.22
8482,30,1785,5,1339.1100,2024-02-28,Cancelled,App,0.02
8483,22,275,4,1289.6900,2024-01-24,Completed,Web,0.22
8484,14,484,3,719.6300,2024-02-11,Cancelled,Web,0.04
8485,94,1678,3,176.6800,2024-01-03,Cancelled,Store,0.3
8486,11,680,1,175.2000,2024-02-22,Completed,Web,0.09
8487,99,1115,2,1704.9800,2024-01-17,Completed,Store,0.26
8488,87,1210,1,1195.0300,2024-01-04,Cancelled,Web,0.05
8489,25,1765,3,1053.5800,2024-01-23,Cancelled,App,0.18
8490,28,1056,1,504.8700,2024-02-07,Cancelled,Store,0.14
8491,27,726,1,1667.6100,2024-01-23,Cancelled,Store,0.18
8492,2,957,5,652.1900,2024-01-22,Cancelled,App,0.3
8493,73,1659,5,1379.1800,2024-01-01,Cancelled,Web,0.05
8494,39,1308,2,926.1500,2024-02-02,Cancelled,Store,0.17
8495,78,330,4,1431.5300,2024-01-21,Completed,Web,0.02
8496,77,1705,3,485.6100,2024-01-27,Cancelled,Store,0.23
8497,46,1737,3,579.8800,2024-01-29,Cancelled,App,0.04
8498,38,1882,1,361.9000,2024-01-30,Cancelled,Store,0.29
8499,36,358,2,1381.8500,2024-03-01,Cancelled,Web,0.25
8500,82,49,3,597.6800,2024-02-05,Completed,App,0.21
8501,24,902,2,1626.9700,2024-02-26,Completed,App,0.21
8502,91,1778,3,1125.9800,2024-01-28,Completed,Web,0.05
8503,1,1975,4,162.8400,2024-02-20,Completed,App,0.11
8504,91,472,3,849.5600,2024-02-05,Cancelled,Store,0.25
8505,95,1397,1,501.6300,2024-02-10,Completed,App,0.29
8506,72,1206,1,1299.9200,2024-01-30,Completed,Store,0.13
8507,99,1546,3,241.5300,2024-01-31,Completed,App,0.21
8508,14,1232,2,255.9800,2024-01-16,Completed,App,0.22
8509,80,4,1,1474.0900,2024-02-19,Completed,Store,0.07
8510,87,595,1,1287.5800,2024-01-17,Cancelled,Web,0.15
8511,4,1281,5,1202.7000,2024-02-02,Completed,App,0.02
8512,66,1679,1,411.1800,2024-02-28,Completed,App,0.12
8513,62,887,5,446.0400,2024-01-10,Cancelled,App,0.15
8514,19,1814,5,760.7000,2024-02-23,Completed,Web,0.28
8515,29,161,3,1402.6500,2024-02-21,Completed,App,0.16
8516,20,877,2,1880.1600,2024-01-30,Cancelled,Web,0.26
8517,30,1731,4,1206.7000,2024-02-08,Cancelled,App,0.15
8518,48,1023,1,815.5200,2024-02-10,Cancelled,Store,0.12
8519,7,1512,3,1577.7300,2024-01-19,Completed,Store,0.09
8520,40,1298,1,804.3700,2024-02-10,Completed,Store,0.24
8521,72,389,3,1240.6100,2024-03-01,Completed,App,0.06
8522,69,836,1,1242.4400,2024-02-10,Cancelled,Web,0.28
8523,54,729,5,1110.4100,2024-01-14,Cancelled,Web,0.14
8524,5,1253,1,280.8100,2024-02-12,Cancelled,App,0.15
8525,31,1157,1,643.2200,2024-02-16,Completed,App,0.22
8526,21,1040,2,1224.2100,2024-02-11,Cancelled,Web,0.12
8527,26,664,4,1691.6600,2024-01-21,Cancelled,Web,0.22
8528,81,1738,1,1061.7400,2024-01-03,Completed,Web,0.13
8529,59,1840,3,1899.1400,2024-01-02,Cancelled,App,0.28
8530,27,395,1,1038.7600,2024-01-24,Completed,Web,0.2
8531,27,1172,2,1578.4800,2024-01-28,Cancelled,Store,0.26
8532,69,1659,2,507.0600,2024-01-20,Completed,App,0.24
8533,82,1376,3,1977.9800,2024-02-14,Cancelled,App,0.02
8534,50,812,4,481.4000,2024-02-25,Completed,Store,0.13
8535,51,1033,5,1698.1300,2024-01-14,Cancelled,App,0.04
8536,100,542,3,483.9100,2024-02-16,Cancelled,Store,0.12
8537,88,1951,1,911.2500,2024-01-03,Completed,App,0.19
8538,31,1207,5,1466.3600,2024-01-09,Cancelled,Web,0.28
8539,85,1996,1,968.1000,2024-01-12,Completed,Web,0.03
8540,10,1026,5,2273.1900,2024-02-03,Completed,App,0.1
8541,9,1737,5,544.2000,2024-02-23,Completed,Web,0.11
8542,9,1833,4,1360.7500,2024-02-15,Cancelled,Web,0.13
8543,3,64,1,1810.0200,2024-02-09,Completed,App,0.07
8544,95,1441,3,1131.8700,2024-02-10,Completed,App,0.15
8545,70,1394,5,367.5900,2024-01-03,Completed,Web,0.19
8546,34,439,2,1059.2300,2024-01-24,Cancelled,Web,0.02
8547,82,987,5,940.8400,2024-02-14,Completed,App,0.25
8548,27,430,4,961.3800,2024-02-14,Completed,Web,0.14
8549,3,1418,3,1041.1700,2024-01-23,Completed,Web,0.18
8550,33,831,4,1156.6800,2024-02-09,Cancelled,Store,0.1
8551,33,1626,4,1161.4000,2024-01-02,Completed,Web,0.26
8552,70,396,5,1669.8000,2024-01-07,Completed,App,0.09
8553,5,1747,4,1448.9300,2024-01-25,Cancelled,App,0.2
8554,41,981,4,521.4400,2024-01-19,Completed,Web,0.01
8555,10,328,2,1581.5100,2024-02-23,Cancelled,Web,0.08
8556,3,400,5,1012.5400,2024-01-06,Completed,Store,0.15
8557,59,1099,5,1055.7100,2024-02-07,Cancelled,Web,0.12
8558,73,1207,5,1456.7700,2024-02-02,Cancelled,App,0.02
8559,93,142,1,917.7800,2024-01-25,Cancelled,Store,0.12
8560,82,1012,5,882.9800,2024-01-04,Cancelled,App,0.07
8561,12,529,1,1026.0500,2024-02-06,Cancelled,Store,0.13
8562,13,1316,2,312.4200,2024-01-12,Completed,App,0.21
8563,85,1145,4,292.5200,2024-01-26,Completed,Web,0.17
8564,69,782,5,1589.4200,2024-02-07,Completed,Store,0.16
8565,88,853,3,504.1000,2024-01-27,Completed,Store,0.14
8566,68,126,4,847.8000,2024-02-24,Cancelled,App,0.14
8567,21,516,3,1950.7600,2024-02-04,Cancelled,Web,0.13
8568,90,61,5,1802.3000,2024-01-18,Completed,Web,0.28
8569,19,1311,5,671.9900,2024-02-05,Cancelled,Store,0.18
8570,56,1275,3,1252.7500,2024-01-17,Cancelled,Web,0.3
8571,1,1416,1,792.7100,2024-02-28,Completed,App,0.19
8572,44,1538,2,1785.6300,2024-01-23,Cancelled,Web,0.18
8573,25,1168,5,1523.5400,2024-02-17,Cancelled,Web,0.26
8574,13,656,1,349.9400,2024-01-14,Cancelled,Web,0.16
8575,84,770,4,898.5300,2024-01-29,Cancelled,App,0.18
8576,39,1058,2,265.0600,2024-02-18,Completed,Web,0.26
8577,43,197,4,1083.1800,2024-01-29,Cancelled,Web,0.06
8578,26,357,5,1285.2600,2024-02-06,Cancelled,Web,0.07
8579,97,909,1,853.2800,2024-01-07,Completed,Store,0.06
8580,95,1923,5,1824.9400,2024-02-21,Cancelled,App,0.22
8581,52,1233,1,931.0700,2024-02-29,Completed,App,0
8582,37,1955,3,1403.5100,2024-01-21,Cancelled,App,0.11
8583,18,1096,5,143.1700,2024-02-19,Cancelled,Web,0.25
8584,44,1271,4,965.1000,2024-02-29,Completed,Store,0.23
8585,42,156,2,568.3100,2024-02-12,Completed,Store,0.01
8586,20,1353,3,1818.7100,2024-01-23,Completed,Web,0.25
8587,35,173,1,275.4300,2024-02-02,Completed,App,0.23
8588,89,1975,4,1441.5200,2024-01-06,Completed,App,0.21
8589,73,876,2,259.5900,2024-02-16,Completed,Web,0.19
8590,98,1964,2,951.1900,2024-02-18,Cancelled,App,0.24
8591,84,629,1,1094.9400,2024-01-23,Cancelled,Store,0.03
8592,77,871,1,747.0400,2024-02-03,Cancelled,Store,0.28
8593,59,1564,5,1440.4500,2024-02-09,Completed,Web,0.18
8594,69,1107,4,1540.4500,2024-02-07,Completed,Web,0.27
8595,3,1382,1,261.4800,2024-02-10,Completed,App,0.18
8596,57,1947,1,1358.3100,2024-01-01,Completed,Web,0.12
8597,75,1328,2,1471.7700,2024-01-30,Completed,Web,0.2
8598,72,1972,2,1307.9000,2024-01-06,Completed,App,0.12
8599,35,1433,3,106.2500,2024-01-28,Completed,Store,0.17
8600,32,1463,4,393.8100,2024-01-15,Cancelled,App,0.06
8601,44,491,1,1461.8000,2024-01-06,Cancelled,App,0.06
8602,34,1900,2,1342.0000,2024-01-16,Completed,Store,0.25
8603,64,468,3,2461.3900,2024-02-16,Cancelled,Store,0.1
8604,66,984,2,515.6900,2024-01-06,Completed,Store,0.01
8605,8,512,3,604.9400,2024-02-25,Cancelled,Web,0.21
8606,7,986,5,688.6600,2024-01-01,Completed,Web,0.09
8607,3,1659,1,1574.2100,2024-01-27,Completed,App,0.2
8608,9,652,3,124.5000,2024-02-20,Cancelled,App,0.29
8609,5,919,1,139.1600,2024-01-01,Cancelled,Store,0.22
8610,39,746,4,447.8500,2024-01-22,Completed,Web,0.03
8611,97,510,3,344.5100,2024-01-22,Completed,Store,0.03
8612,57,57,2,1776.2400,2024-02-24,Completed,App,0.25
8613,93,580,1,1292.4000,2024-01-05,Completed,App,0.29
8614,66,962,3,1145.8800,2024-02-29,Completed,Store,0.24
8615,89,1544,1,572.9100,2024-02-12,Completed,App,0.19
8616,83,202,4,1503.4600,2024-02-19,Cancelled,App,0.01
8617,76,1523,5,1577.7600,2024-01-01,Cancelled,Store,0.16
8618,29,1762,2,324.8400,2024-02-24,Completed,App,0.23
8619,41,1275,1,1238.2200,2024-02-29,Cancelled,App,0.13
8620,42,1080,5,674.1100,2024-02-02,Completed,Web,0.2
8621,93,867,5,474.4300,2024-02-17,Completed,Web,0.19
8622,34,8,5,1921.3500,2024-01-30,Cancelled,Store,0.05
8623,12,1234,4,455.3200,2024-01-05,Completed,Store,0.17
8624,94,547,2,1569.9100,2024-02-16,Completed,Store,0.22
8625,79,1451,3,1604.4100,2024-02-20,Completed,App,0.08
8626,48,1917,5,333.9000,2024-01-11,Completed,Store,0.15
8627,20,1577,3,1754.0700,2024-01-08,Cancelled,App,0.26
8628,67,656,4,405.6500,2024-02-20,Cancelled,Store,0.01
8629,3,557,5,513.6400,2024-01-05,Cancelled,Store,0.05
8630,61,1489,5,1270.1700,2024-02-22,Completed,Web,0.19
8631,96,1624,3,1832.9900,2024-01-08,Completed,Store,0.27
8632,42,546,1,553.9600,2024-02-12,Cancelled,Web,0.15
8633,66,1243,1,350.5000,2024-02-17,Cancelled,Store,0.29
8634,5,411,5,1729.4900,2024-01-27,Completed,App,0.12
8635,74,1933,1,1371.0600,2024-01-31,Completed,Web,0.21
8636,24,994,3,623.5300,2024-02-11,Cancelled,App,0.02
8637,55,826,1,1553.0600,2024-01-01,Cancelled,App,0.29
8638,93,934,3,501.9300,2024-01-16,Completed,Web,0.01
8639,28,1558,4,327.8100,2024-01-24,Completed,App,0.05
8640,25,157,5,970.8800,2024-02-12,Cancelled,Store,0.16
8641,11,753,4,1705.4300,2024-01-17,Cancelled,Store,0.12
8642,80,1059,5,167.7700,2024-01-08,Cancelled,Web,0.21
8643,42,1839,3,1878.9200,2024-01-23,Cancelled,Store,0.3
8644,2,739,4,1559.4000,2024-02-24,Cancelled,App,0.29
8645,84,1196,2,194.4200,2024-01-05,Cancelled,Web,0.06
8646,1,1223,1,1190.2200,2024-01-11,Cancelled,Store,0.25
8647,100,1851,3,1806.2200,2024-02-29,Completed,Web,0.15
8648,17,253,2,267.2700,2024-01-12,Completed,App,0.23
8649,5,1517,4,1931.5800,2024-02-24,Completed,App,0.13
8650,4,667,5,1648.9500,2024-02-07,Cancelled,Store,0.03
8651,11,734,3,572.1800,2024-02-26,Cancelled,App,0.28
8652,38,977,3,810.4100,2024-02-14,Cancelled,App,0.16
8653,93,142,4,583.5400,2024-02-17,Completed,App,0.11
8654,7,1979,3,592.6500,2024-01-12,Cancelled,Web,0.19
8655,27,1623,2,301.4900,2024-01-03,Completed,App,0.13
8656,74,162,4,345.5700,2024-02-09,Cancelled,Store,0.23
8657,69,125,3,435.4000,2024-02-29,Completed,Store,0.14
8658,10,1960,4,1175.5200,2024-02-19,Completed,App,0.07
8659,75,285,4,110.2400,2024-02-27,Completed,Store,0
8660,85,1423,4,277.4000,2024-02-16,Cancelled,App,0.1
8661,71,1804,5,1531.6100,2024-02-14,Cancelled,Web,0.22
8662,9,310,1,1793.0400,2024-01-31,Completed,Store,0.05
8663,42,25,3,1806.2500,2024-02-25,Completed,Store,0.06
8664,66,1995,5,1868.4000,2024-01-19,Completed,Store,0.11
8665,88,232,5,401.0500,2024-02-24,Completed,Store,0.04
8666,43,1699,2,1873.7800,2024-01-31,Completed,Store,0.18
8667,63,1538,2,1542.9400,2024-01-22,Cancelled,Store,0.18
8668,65,334,1,1889.6900,2024-01-09,Cancelled,Web,0.21
8669,15,316,3,1983.5000,2024-01-01,Completed,Web,0.14
8670,84,887,1,1068.1200,2024-01-25,Cancelled,Web,0.13
8671,49,1420,4,290.7000,2024-01-11,Completed,Web,0.13
8672,82,1696,4,497.7700,2024-01-23,Completed,App,0.02
8673,24,1294,5,1564.5400,2024-02-25,Cancelled,App,0.26
8674,88,1881,2,138.1900,2024-01-12,Completed,Store,0.2
8675,95,420,5,845.2700,2024-01-31,Completed,Web,0.16
8676,81,1649,3,1395.6400,2024-02-13,Completed,Store,0.11
8677,27,669,1,153.3800,2024-02-17,Cancelled,App,0.12
8678,14,1480,2,896.8100,2024-01-06,Completed,App,0.05
8679,81,993,2,716.6000,2024-02-29,Completed,Web,0.13
8680,61,1976,5,943.8100,2024-02-13,Completed,App,0.19
8681,31,1966,5,370.5600,2024-02-02,Completed,Store,0.26
8682,28,505,4,369.0000,2024-01-13,Cancelled,App,0.06
8683,25,1470,2,1980.3000,2024-02-28,Cancelled,App,0.06
8684,64,923,5,943.5800,2024-01-12,Cancelled,Store,0.25
8685,37,1599,5,416.5800,2024-02-04,Cancelled,App,0.14
8686,87,898,1,237.0800,2024-02-10,Cancelled,Store,0.21
8687,1,1812,2,1428.1100,2024-02-21,Completed,App,0.3
8688,12,107,1,1624.9600,2024-01-01,Cancelled,Store,0.11
8689,33,446,5,1608.1300,2024-03-01,Completed,Store,0.29
8690,28,1463,5,1265.1700,2024-03-01,Completed,Store,0.05
8691,24,1638,4,853.3200,2024-02-12,Completed,App,0.03
8692,33,966,5,1350.4800,2024-02-05,Cancelled,App,0.02
8693,32,806,2,961.2000,2024-01-10,Cancelled,Web,0.21
8694,38,743,4,693.4400,2024-01-13,Completed,Store,0.02
8695,99,282,2,915.6200,2024-01-01,Cancelled,Store,0.23
8696,26,1548,1,402.3400,2024-02-17,Cancelled,Store,0.19
8697,58,81,5,201.1100,2024-01-18,Completed,Store,0.22
8698,17,595,3,1744.5000,2024-01-23,Completed,Store,0.16
8699,37,27,5,1705.8600,2024-02-18,Cancelled,Web,0.17
8700,95,1632,1,1745.6900,2024-02-06,Completed,App,0.04
8701,45,1783,3,129.6400,2024-01-17,Cancelled,Store,0.16
8702,38,1945,2,1701.3900,2024-01-04,Cancelled,Store,0.25
8703,55,790,5,1970.0400,2024-02-06,Cancelled,Store,0.06
8704,58,7,3,1003.9900,2024-02-02,Completed,Store,0.07
8705,49,1874,2,630.4400,2024-01-15,Completed,App,0.26
8706,10,601,5,869.2000,2024-01-11,Completed,Web,0.01
8707,37,1336,2,542.8900,2024-01-13,Completed,Store,0.1
8708,55,1274,1,665.7200,2024-02-12,Completed,Web,0.05
8709,74,993,5,916.0200,2024-02-26,Completed,Web,0.11
8710,5,987,5,1093.6300,2024-02-07,Cancelled,App,0.26
8711,20,1697,4,794.6000,2024-02-26,Cancelled,Web,0.26
8712,31,1046,3,1474.2600,2024-01-17,Cancelled,Web,0.17
8713,26,28,4,487.7800,2024-02-03,Completed,App,0.04
8714,57,1386,1,188.3100,2024-01-28,Completed,Store,0.12
8715,47,1977,1,1119.0100,2024-01-13,Cancelled,App,0.2
8716,7,1246,5,1995.8700,2024-02-29,Cancelled,App,0.09
8717,56,1524,5,882.8200,2024-02-15,Completed,Store,0.03
8718,64,288,2,1861.4000,2024-01-12,Cancelled,Web,0.25
8719,19,1565,2,429.5900,2024-02-15,Cancelled,Web,0.15
8720,67,913,3,422.7400,2024-03-01,Completed,App,0.2
8721,97,1167,2,1988.5000,2024-02-23,Completed,Store,0.13
8722,19,830,1,1810.4600,2024-01-08,Completed,Web,0.16
8723,38,1552,1,760.3600,2024-02-21,Cancelled,App,0.22
8724,50,982,2,186.9100,2024-01-20,Completed,Store,0.01
8725,60,1903,5,1429.2800,2024-01-23,Cancelled,Store,0.2
8726,21,1399,5,1923.7700,2024-01-15,Completed,App,0.08
8727,79,980,3,139.0800,2024-03-01,Completed,App,0.29
8728,60,1900,2,1881.9600,2024-02-06,Cancelled,Store,0.15
8729,99,942,2,1530.8400,2024-01-14,Completed,Web,0.07
8730,3,1206,3,464.7400,2024-01-13,Completed,App,0.01
8731,77,353,4,1985.4900,2024-02-08,Cancelled,Store,0.12
8732,46,1267,3,706.6900,2024-02-18,Completed,Web,0.26
8733,96,1838,5,1376.6900,2024-01-05,Completed,Store,0.29
8734,65,519,1,909.3200,2024-02-06,Completed,Web,0.3
8735,89,1149,4,927.3900,2024-02-20,Cancelled,App,0.26
8736,54,536,3,992.1600,2024-01-25,Completed,Store,0.14
8737,4,1709,5,552.6000,2024-02-16,Cancelled,App,0.2
8738,93,320,1,1563.2900,2024-02-16,Completed,Store,0.06
8739,66,1307,1,468.8200,2024-01-05,Completed,Web,0.17
8740,8,1358,2,566.1400,2024-01-18,Completed,App,0.3
8741,79,902,5,827.7900,2024-01-28,Completed,Store,0.24
8742,76,654,3,1567.6600,2024-01-23,Completed,Web,0.12
8743,90,1372,2,1094.0800,2024-02-20,Completed,Store,0.28
8744,89,1443,3,1599.3400,2024-01-13,Cancelled,App,0.07
8745,45,1272,2,1680.8800,2024-02-22,Cancelled,Store,0.04
8746,15,1333,4,1188.3900,2024-01-10,Cancelled,Store,0.15
8747,60,1663,3,1444.9600,2024-02-19,Cancelled,Web,0.3
8748,53,1969,1,1547.7100,2024-02-02,Completed,Store,0.1
8749,54,1976,2,1381.9900,2024-01-13,Completed,Store,0.02
8750,6,1557,5,612.3700,2024-02-13,Cancelled,App,0.11
8751,17,1538,3,469.7900,2024-02-26,Cancelled,App,0.25
8752,8,309,4,654.6000,2024-01-28,Cancelled,Web,0
8753,49,1320,4,911.4800,2024-02-25,Completed,Store,0.3
8754,62,1348,1,992.7300,2024-01-09,Completed,Web,0.28
8755,66,987,3,1898.3700,2024-01-06,Cancelled,Web,0.05
8756,8,550,2,841.9000,2024-01-05,Cancelled,Store,0.18
8757,37,922,1,1295.1500,2024-01-23,Cancelled,Store,0.11
8758,22,1906,3,666.7200,2024-01-24,Completed,Web,0.04
8759,67,1367,2,1693.1500,2024-01-17,Cancelled,App,0.15
8760,78,1027,2,1001.8800,2024-01-15,Completed,App,0.17
8761,87,1660,5,885.0100,2024-01-17,Cancelled,Store,0.15
8762,24,1168,3,974.4600,2024-01-31,Completed,App,0.14
8763,48,1673,3,824.8000,2024-02-08,Cancelled,Web,0.29
8764,100,1083,5,227.5300,2024-01-10,Cancelled,Web,0.06
8765,31,1495,3,103.1800,2024-01-23,Cancelled,Store,0.14
8766,30,128,2,1572.7700,2024-01-27,Completed,Web,0.01
8767,13,1234,3,1347.3400,2024-02-21,Cancelled,App,0.29
8768,100,469,5,1075.5800,2024-01-12,Cancelled,App,0.05
8769,44,50,4,1205.0200,2024-02-05,Completed,Store,0.09
8770,87,300,4,1016.9700,2024-02-13,Completed,Store,0.16
8771,73,1961,1,464.5200,2024-01-28,Completed,Store,0.19
8772,92,11,5,1493.0900,2024-01-31,Cancelled,Store,0.27
8773,84,1348,3,1961.3700,2024-01-29,Completed,Web,0.28
8774,32,530,4,350.0400,2024-01-20,Cancelled,Store,0.24
8775,95,2,4,396.6200,2024-01-13,Cancelled,Web,0.28
8776,95,1678,2,1245.8700,2024-02-17,Completed,Web,0.05
8777,81,958,2,1835.2000,2024-01-21,Cancelled,Store,0.02
8778,64,963,3,620.6800,2024-01-02,Completed,Web,0.02
8779,11,124,2,902.8300,2024-01-02,Completed,Web,0
8780,58,1732,3,1861.7800,2024-01-28,Completed,Web,0.19
8781,28,1926,2,1965.9500,2024-01-20,Completed,Store,0.18
8782,20,1305,4,430.8500,2024-01-17,Completed,Web,0.02
8783,92,636,2,1351.4800,2024-02-19,Cancelled,App,0.26
8784,40,1489,4,432.2000,2024-01-09,Cancelled,Store,0.12
8785,33,679,4,495.3400,2024-02-10,Completed,App,0.09
8786,7,454,3,138.3800,2024-02-11,Cancelled,App,0.01
8787,53,963,5,675.4900,2024-01-21,Completed,Store,0.21
8788,87,1411,1,1689.5100,2024-01-17,Cancelled,Store,0.28
8789,72,1708,1,659.3700,2024-02-04,Cancelled,Store,0.02
8790,78,759,3,721.5300,2024-01-23,Cancelled,Web,0.14
8791,8,1332,1,1461.5700,2024-02-04,Completed,App,0.02
8792,32,47,5,591.8000,2024-01-16,Cancelled,App,0.13
8793,44,448,5,650.5600,2024-02-22,Cancelled,Web,0.21
8794,82,1271,5,648.0200,2024-01-08,Cancelled,Store,0.28
8795,17,2000,5,938.0100,2024-01-16,Completed,Store,0.24
8796,52,1373,1,1559.5600,2024-01-11,Completed,App,0.16
8797,2,1349,1,486.8300,2024-01-09,Completed,Store,0.09
8798,99,1839,1,256.7400,2024-02-23,Completed,App,0.19
8799,18,1530,3,762.5800,2024-01-13,Cancelled,App,0.2
8800,44,813,4,1626.9700,2024-02-26,Cancelled,App,0.29
8801,84,1224,4,570.1500,2024-02-04,Completed,App,0.17
8802,15,1622,5,771.8500,2024-02-29,Cancelled,App,0.1
8803,40,165,3,698.0400,2024-02-23,Completed,App,0.06
8804,32,1128,5,1288.0500,2024-01-27,Cancelled,Web,0.02
8805,9,714,4,376.7900,2024-01-03,Cancelled,Web,0.24
8806,10,306,2,1103.3500,2024-02-04,Completed,Web,0.17
8807,79,671,4,674.3400,2024-01-16,Completed,Store,0.16
8808,15,1815,4,1663.7700,2024-01-03,Cancelled,App,0.21
8809,20,500,5,794.2100,2024-02-03,Cancelled,Web,0.1
8810,51,610,2,1952.9500,2024-01-29,Cancelled,Store,0.19
8811,98,216,2,503.4500,2024-01-18,Cancelled,Web,0.12
8812,86,936,1,1435.0800,2024-02-16,Completed,Store,0.18
8813,37,682,1,297.8800,2024-02-21,Cancelled,Web,0.15
8814,1,1456,4,506.5700,2024-02-16,Completed,Web,0.3
8815,100,974,5,945.9800,2024-02-16,Cancelled,Store,0.24
8816,41,777,5,1834.5900,2024-01-14,Cancelled,App,0.08
8817,62,324,4,1806.6600,2024-01-19,Cancelled,Web,0.22
8818,44,824,5,733.6400,2024-02-16,Completed,Web,0.14
8819,51,838,4,1709.8000,2024-01-11,Cancelled,App,0.29
8820,56,712,4,298.3700,2024-01-21,Cancelled,App,0.03
8821,26,957,1,1248.4800,2024-02-28,Cancelled,App,0.17
8822,83,292,3,1825.9800,2024-01-03,Completed,Web,0.1
8823,12,122,4,659.8100,2024-02-26,Completed,App,0.3
8824,43,1704,3,893.5900,2024-01-07,Completed,App,0.13
8825,10,1828,1,349.1900,2024-02-06,Cancelled,Web,0.09
8826,65,1467,4,1931.7700,2024-02-14,Completed,Web,0.1
8827,18,299,5,175.0700,2024-02-27,Completed,App,0.18
8828,62,405,1,1465.5400,2024-01-04,Cancelled,Store,0.1
8829,25,131,2,1079.3000,2024-02-11,Cancelled,Store,0.09
8830,68,1095,5,1835.1700,2024-01-19,Cancelled,Store,0.02
8831,96,1626,3,509.2300,2024-01-03,Cancelled,Web,0.07
8832,82,1110,1,1962.0700,2024-02-07,Cancelled,App,0.05
8833,17,181,5,1642.4400,2024-01-26,Cancelled,Store,0.22
8834,70,106,5,1012.3000,2024-01-07,Completed,App,0.04
8835,16,1303,2,1010.0900,2024-02-22,Cancelled,Web,0.14
8836,21,389,4,1114.9300,2024-02-28,Completed,Store,0.15
8837,36,711,4,847.2400,2024-01-17,Cancelled,Store,0.11
8838,46,272,4,158.3800,2024-02-12,Completed,Web,0.08
8839,97,1367,4,787.2700,2024-01-04,Cancelled,Web,0.16
8840,60,350,5,1854.1800,2024-01-08,Completed,App,0.19
8841,99,1011,2,1080.7800,2024-01-26,Completed,Store,0.19
8842,53,271,3,704.0500,2024-01-13,Cancelled,Store,0.11
8843,22,1208,5,1830.2300,2024-01-30,Completed,App,0.18
8844,43,489,2,1407.3900,2024-02-29,Cancelled,Store,0.02
8845,7,997,5,474.1500,2024-01-26,Completed,Store,0.29
8846,77,383,2,231.0300,2024-02-11,Completed,Web,0.17
8847,7,98,3,1895.3300,2024-02-22,Completed,Web,0.04
8848,21,151,3,226.0300,2024-01-15,Completed,Web,0.21
8849,97,1129,2,151.1000,2024-02-28,Cancelled,Store,0.06
8850,46,1977,2,1616.7300,2024-03-01,Cancelled,Web,0.16
8851,6,1716,4,1439.8600,2024-02-12,Cancelled,Store,0.09
8852,18,1228,2,1824.0900,2024-01-20,Completed,App,0.04
8853,48,382,5,1977.4800,2024-01-09,Completed,Web,0.25
8854,43,1491,1,1312.7200,2024-01-07,Completed,Store,0.2
8855,27,192,1,469.2600,2024-02-21,Completed,App,0.2
8856,70,686,1,1580.2300,2024-02-12,Completed,App,0.14
8857,37,741,5,162.9800,2024-01-02,Cancelled,App,0.18
8858,15,296,1,191.8500,2024-01-28,Completed,Web,0.1
8859,46,718,2,1765.0900,2024-01-18,Cancelled,Web,0.14
8860,97,56,4,500.6100,2024-02-21,Completed,App,0.19
8861,76,62,2,488.6200,2024-02-23,Completed,Store,0.02
8862,16,1212,3,1777.4400,2024-02-14,Completed,Store,0.15
8863,16,1732,5,1773.1500,2024-01-03,Completed,Store,0.08
8864,78,639,4,721.2500,2024-02-20,Completed,App,0.02
8865,68,1023,2,1974.8700,2024-02-05,Completed,Store,0.04
8866,61,1567,2,655.3700,2024-02-28,Cancelled,Store,0.3
8867,64,1814,1,691.3500,2024-01-06,Cancelled,Web,0.19
8868,22,899,4,107.3300,2024-02-15,Completed,App,0.08
8869,84,1033,2,240.1200,2024-02-27,Cancelled,App,0.06
8870,32,438,3,1591.0100,2024-02-23,Completed,Web,0.09
8871,37,642,3,1014.3200,2024-02-19,Completed,App,0.22
8872,81,718,2,565.9400,2024-02-11,Cancelled,Web,0.27
8873,81,1993,4,1279.6700,2024-02-20,Completed,App,0.26
8874,44,1213,4,322.2900,2024-01-22,Completed,App,0.19
8875,87,1554,4,1425.9300,2024-02-13,Completed,Web,0.18
8876,99,716,4,1028.8600,2024-02-05,Cancelled,Web,0.27
8877,4,836,3,363.7700,2024-01-16,Cancelled,Web,0.21
8878,100,264,3,1848.9800,2024-02-06,Completed,Store,0.03
8879,68,1887,4,1693.9100,2024-02-25,Completed,Store,0.04
8880,18,695,4,1957.6900,2024-01-02,Cancelled,App,0.24
8881,53,1102,3,1969.1600,2024-02-02,Completed,App,0.22
8882,67,1217,5,1008.3200,2024-02-09,Cancelled,App,0.08
8883,67,461,5,391.8900,2024-02-19,Cancelled,App,0.26
8884,93,1160,3,441.8300,2024-02-15,Completed,Web,0.25
8885,47,704,3,1969.8900,2024-02-22,Completed,App,0.23
8886,85,1871,4,1392.6900,2024-01-13,Completed,App,0.05
8887,18,1632,2,1066.4400,2024-02-07,Completed,Web,0.28
8888,3,483,2,1499.8400,2024-02-11,Cancelled,Web,0.17
8889,78,1888,4,1428.1400,2024-02-02,Completed,Web,0.21
8890,86,1570,4,1573.2300,2024-02-11,Cancelled,App,0.28
8891,11,1543,5,263.6800,2024-01-14,Completed,Web,0.25
8892,75,651,5,1979.9100,2024-01-26,Completed,Store,0
8893,35,1752,2,1142.0700,2024-02-23,Cancelled,Web,0.27
8894,55,826,3,1402.6500,2024-01-05,Completed,Store,0.3
8895,13,1298,4,1653.7700,2024-01-04,Completed,Web,0.17
8896,39,102,3,1516.0300,2024-02-07,Cancelled,Web,0.18
8897,1,743,1,1453.4500,2024-01-15,Completed,Web,0.05
8898,21,1175,1,113.6000,2024-01-06,Cancelled,Store,0.16
8899,65,743,1,119.6600,2024-02-25,Completed,Store,0.05
8900,38,839,4,1908.8200,2024-01-08,Cancelled,Web,0.15
8901,63,1576,5,481.0900,2024-01-05,Cancelled,Web,0.18
8902,24,204,2,1002.8400,2024-02-09,Completed,Store,0.29
8903,97,1247,2,866.2100,2024-02-04,Cancelled,Store,0.21
8904,38,365,5,1507.1800,2024-02-11,Cancelled,App,0.26
8905,68,1358,5,771.5200,2024-01-23,Cancelled,App,0.03
8906,81,1084,3,1701.0700,2024-01-18,Cancelled,Web,0.13
8907,18,551,4,1049.2400,2024-02-04,Completed,Store,0.08
8908,61,666,3,126.3600,2024-02-09,Cancelled,Store,0.15
8909,31,1260,3,152.5000,2024-01-12,Completed,Web,0.06
8910,48,596,4,1047.3300,2024-01-20,Completed,Web,0.27
8911,46,599,2,581.1700,2024-02-14,Cancelled,Store,0.05
8912,83,1346,3,880.8200,2024-01-05,Completed,Store,0.22
8913,41,1635,5,1803.0400,2024-03-01,Completed,Web,0.14
8914,14,1204,3,1798.5100,2024-01-03,Completed,Web,0.24
8915,74,1731,1,287.9000,2024-01-25,Completed,Store,0.19
8916,76,1440,1,1376.0500,2024-01-05,Completed,Store,0.21
8917,41,1651,3,642.2000,2024-02-12,Cancelled,Store,0.07
8918,95,115,1,1405.3000,2024-01-15,Cancelled,Store,0.23
8919,19,408,1,1095.0000,2024-01-12,Cancelled,App,0.26
8920,14,1064,3,528.0000,2024-01-24,Completed,Store,0.03
8921,36,125,5,1365.7300,2024-02-29,Cancelled,App,0.17
8922,41,307,5,1577.1700,2024-02-12,Cancelled,Web,0.15
8923,19,1569,2,315.9600,2024-02-04,Cancelled,Store,0.07
8924,97,545,2,1464.0000,2024-02-15,Completed,Web,0.14
8925,15,329,2,2388.6400,2024-01-17,Cancelled,Store,0.21
8926,63,1781,5,300.9100,2024-01-10,Completed,Web,0.01
8927,99,1814,4,870.2600,2024-01-01,Cancelled,Web,0.19
8928,92,1301,3,292.8500,2024-01-11,Completed,App,0.28
8929,1,203,5,272.1800,2024-01-27,Cancelled,App,0.2
8930,22,761,4,521.8100,2024-01-06,Cancelled,Web,0
8931,37,575,3,1112.8500,2024-02-09,Cancelled,Web,0
8932,60,1883,3,858.6900,2024-01-05,Completed,Store,0.04
8933,26,1659,5,1263.0700,2024-01-07,Cancelled,App,0.08
8934,3,186,5,1516.5900,2024-01-24,Completed,Web,0.14
8935,29,429,5,1980.3600,2024-01-04,Completed,Store,0.01
8936,13,1832,5,397.5200,2024-01-22,Completed,App,0.1
8937,71,545,5,1379.7900,2024-01-08,Completed,Web,0.15
8938,69,270,1,1234.8300,2024-02-17,Completed,Store,0.3
8939,64,1226,2,1015.6100,2024-01-23,Completed,Web,0.01
8940,10,324,1,442.4700,2024-01-23,Cancelled,Web,0.06
8941,17,507,1,508.6500,2024-01-14,Completed,Store,0.21
8942,72,1211,5,1618.3400,2024-02-20,Cancelled,Web,0.16
8943,15,850,5,1325.6200,2024-01-22,Cancelled,App,0.2
8944,88,1323,1,1575.5900,2024-01-12,Cancelled,App,0.25
8945,8,188,5,1119.1700,2024-02-17,Completed,Store,0.03
8946,78,1995,5,1814.3300,2024-02-14,Cancelled,App,0.03
8947,7,1920,5,1144.9800,2024-02-09,Cancelled,Web,0.03
8948,37,600,2,834.0400,2024-01-29,Completed,Store,0
8949,50,1600,5,1195.7500,2024-03-01,Cancelled,Web,0.05
8950,99,1480,1,1923.8000,2024-02-26,Completed,Store,0.09
8951,98,292,4,693.1200,2024-02-06,Completed,App,0.17
8952,20,430,1,388.6200,2024-01-19,Cancelled,Store,0.02
8953,19,979,2,943.5800,2024-02-14,Cancelled,App,0.22
8954,81,544,1,1626.5700,2024-01-22,Cancelled,App,0.15
8955,38,1487,1,1344.5100,2024-01-08,Completed,App,0.14
8956,59,1374,1,1674.8200,2024-02-10,Completed,Store,0.06
8957,73,102,5,1299.5100,2024-01-02,Cancelled,Web,0.14
8958,25,682,5,1298.6000,2024-02-16,Completed,App,0.05
8959,87,366,4,484.0000,2024-01-27,Cancelled,Web,0.23
8960,18,1055,3,738.0500,2024-02-08,Cancelled,Web,0.13
8961,18,102,4,1513.7000,2024-01-14,Cancelled,App,0.3
8962,85,431,3,561.6700,2024-01-01,Completed,Store,0.05
8963,66,1671,4,651.3900,2024-02-08,Cancelled,Store,0.21
8964,17,530,4,552.2800,2024-02-04,Completed,Store,0.14
8965,72,1643,5,1915.6500,2024-01-31,Completed,Store,0.14
8966,4,1009,3,673.8600,2024-02-25,Cancelled,App,0.11
8967,19,1669,2,555.5000,2024-01-28,Completed,Web,0.13
8968,55,86,3,814.5900,2024-01-05,Cancelled,Store,0.11
8969,8,638,2,717.7400,2024-01-23,Completed,App,0.04
8970,91,1342,5,490.8100,2024-02-13,Completed,Store,0.17
8971,53,1037,2,830.4200,2024-01-07,Cancelled,Store,0.25
8972,1,1815,2,537.1800,2024-01-12,Cancelled,App,0.06
8973,41,64,5,356.1700,2024-02-09,Cancelled,Web,0.23
8974,56,1628,5,1182.9200,2024-02-08,Completed,Store,0.26
8975,54,864,4,1353.6800,2024-02-26,Cancelled,Web,0.15
8976,81,1834,2,1158.1200,2024-01-08,Cancelled,App,0.09
8977,58,1303,5,1859.5500,2024-01-18,Completed,Store,0.25
8978,37,990,5,1366.9300,2024-02-19,Cancelled,App,0.05
8979,53,282,4,111.3200,2024-02-06,Cancelled,App,0.11
8980,87,361,2,208.5000,2024-01-15,Cancelled,App,0.01
8981,10,273,3,1494.2900,2024-02-17,Completed,App,0.03
8982,49,922,1,1454.7300,2024-02-18,Cancelled,Store,0.25
8983,20,1855,4,892.2600,2024-02-07,Completed,Store,0.2
8984,82,376,4,580.6500,2024-02-11,Completed,Store,0.16
8985,24,406,4,1334.1300,2024-02-27,Cancelled,Store,0.22
8986,4,834,5,1113.2200,2024-02-16,Cancelled,Store,0.28
8987,91,355,4,1404.8700,2024-01-20,Cancelled,Web,0.07
8988,10,1361,5,1937.9900,2024-02-12,Completed,Web,0.09
8989,68,304,5,487.5700,2024-01-02,Cancelled,Web,0.19
8990,23,1422,1,1061.8500,2024-01-09,Completed,Store,0.18
8991,94,581,2,637.7800,2024-02-22,Completed,Store,0.06
8992,88,1087,5,244.3500,2024-01-14,Completed,Store,0.26
8993,85,1261,1,1429.4300,2024-02-16,Completed,Web,0.21
8994,82,751,3,610.8000,2024-02-11,Cancelled,Store,0.08
8995,94,973,2,1641.5200,2024-02-16,Completed,App,0.3
8996,10,1217,5,1220.5300,2024-01-08,Cancelled,App,0.09
8997,31,720,4,878.8800,2024-01-31,Completed,Web,0.06
8998,55,322,3,1585.0000,2024-01-23,Completed,App,0.14
8999,16,556,5,336.2200,2024-02-02,Cancelled,Store,0.09
9000,12,361,5,690.6300,2024-01-29,Completed,App,0.22
9001,42,1534,5,473.0900,2024-01-29,Completed,Store,0.25
9002,66,753,1,391.2500,2024-02-06,Completed,App,0.12
9003,28,1267,1,1609.2500,2024-02-18,Cancelled,Store,0.08
9004,87,120,5,630.6400,2024-01-29,Completed,Web,0.06
9005,34,405,1,1711.0100,2024-02-13,Completed,App,0.21
9006,98,1040,1,1102.6600,2024-01-23,Completed,Web,0.2
9007,97,985,3,760.2000,2024-01-31,Cancelled,Store,0.21
9008,57,1946,5,382.9600,2024-01-16,Cancelled,Store,0.1
9009,8,1788,4,322.1500,2024-01-06,Cancelled,Store,0.06
9010,75,1155,2,1180.5000,2024-02-03,Completed,App,0.21
9011,94,1817,5,1550.7100,2024-03-01,Completed,App,0.23
9012,60,984,1,1342.1400,2024-02-02,Cancelled,Web,0.18
9013,15,1634,1,433.0500,2024-02-02,Completed,Web,0.04
9014,75,800,1,449.4600,2024-01-27,Cancelled,App,0.17
9015,46,489,1,285.8100,2024-01-05,Completed,Store,0.29
9016,52,1408,2,1452.4300,2024-01-21,Completed,App,0.13
9017,52,304,5,373.5500,2024-02-05,Cancelled,Web,0.07
9018,81,1975,4,1145.7300,2024-01-05,Cancelled,App,0.09
9019,42,506,1,1065.9100,2024-01-06,Completed,App,0.28
9020,40,1745,4,1649.2200,2024-01-02,Cancelled,Store,0.16
9021,27,802,3,1209.5300,2024-02-21,Cancelled,Web,0.05
9022,75,783,1,805.2000,2024-01-28,Completed,App,0.04
9023,25,865,2,849.2800,2024-01-14,Cancelled,Web,0.25
9024,64,1420,5,1628.0100,2024-02-27,Completed,Store,0.02
9025,6,481,2,1428.1000,2024-02-20,Cancelled,Web,0.28
9026,88,307,2,1775.6600,2024-01-20,Completed,Web,0.19
9027,55,1902,2,1333.0000,2024-02-07,Completed,Store,0.05
9028,8,25,3,1110.1300,2024-01-01,Completed,Store,0.22
9029,39,234,1,1510.0900,2024-01-30,Cancelled,Web,0.23
9030,88,47,3,634.9300,2024-03-01,Completed,App,0.28
9031,75,1067,1,1190.9500,2024-01-16,Cancelled,Store,0.21
9032,58,884,2,529.5400,2024-02-19,Completed,Store,0.07
9033,46,719,3,1673.6700,2024-02-16,Cancelled,Web,0.15
9034,33,1102,3,1999.5200,2024-02-21,Cancelled,App,0.2
9035,97,1368,4,1868.4500,2024-02-06,Completed,Web,0.16
9036,24,740,4,436.7500,2024-01-09,Completed,Web,0.03
9037,15,29,3,106.6900,2024-01-20,Cancelled,App,0.17
9038,75,1940,5,227.8300,2024-02-04,Cancelled,Store,0.11
9039,88,1886,1,1967.1700,2024-01-15,Completed,App,0.29
9040,63,1064,3,1593.9300,2024-01-02,Completed,Web,0.03
9041,2,119,5,214.9400,2024-01-28,Completed,App,0.29
9042,6,858,3,964.6900,2024-01-24,Completed,Store,0.25
9043,71,533,5,1688.5300,2024-01-01,Cancelled,Web,0.07
9044,65,885,4,1023.7400,2024-01-06,Completed,Store,0.21
9045,19,818,5,715.5100,2024-02-25,Cancelled,App,0.07
9046,65,1987,4,1118.8400,2024-01-07,Cancelled,Web,0.19
9047,30,300,2,1622.6300,2024-02-15,Cancelled,App,0.15
9048,31,624,3,281.3100,2024-01-23,Cancelled,Web,0.02
9049,49,1104,5,748.6500,2024-01-19,Cancelled,Store,0.09
9050,8,1400,2,1154.8600,2024-02-14,Completed,App,0.26
9051,32,867,1,404.9000,2024-02-06,Cancelled,Web,0.21
9052,78,1802,2,456.0000,2024-01-19,Cancelled,App,0.15
9053,44,1206,5,663.9200,2024-01-11,Cancelled,Store,0.1
9054,18,485,5,437.7300,2024-02-19,Completed,Store,0.02
9055,42,1099,2,1700.2000,2024-02-01,Completed,Store,0.03
9056,53,770,3,1647.7200,2024-02-20,Completed,Store,0.24
9057,77,1704,3,1583.8900,2024-01-27,Cancelled,Store,0.07
9058,70,552,5,111.2000,2024-02-11,Completed,Store,0.05
9059,50,470,2,935.0100,2024-01-03,Cancelled,Web,0.12
9060,6,207,4,1957.4800,2024-02-06,Cancelled,App,0.22
9061,17,180,1,803.4400,2024-02-06,Cancelled,Store,0.03
9062,40,1891,1,1514.4300,2024-02-26,Completed,App,0.09
9063,90,717,2,552.1900,2024-02-14,Completed,Store,0.24
9064,78,1059,2,1692.9100,2024-01-29,Cancelled,App,0.18
9065,11,1061,5,1022.4700,2024-01-01,Completed,Store,0.27
9066,100,373,5,1826.7900,2024-01-19,Cancelled,Web,0.18
9067,13,1571,2,1443.9400,2024-01-13,Cancelled,Web,0.25
9068,24,1051,2,1981.9900,2024-01-09,Completed,Web,0.15
9069,45,980,2,1668.2700,2024-01-22,Completed,Store,0.24
9070,82,1941,1,964.1500,2024-01-19,Completed,App,0.19
9071,20,642,1,1202.2400,2024-01-24,Cancelled,App,0.04
9072,75,426,4,1799.5400,2024-02-11,Cancelled,Web,0.06
9073,45,1469,4,1082.8100,2024-02-07,Completed,Store,0.05
9074,43,1492,2,1501.7400,2024-01-02,Cancelled,Web,0.08
9075,27,1050,4,825.1000,2024-01-17,Completed,Web,0.28
9076,76,957,4,1974.8900,2024-02-10,Completed,App,0.26
9077,1,488,1,1501.5600,2024-01-15,Cancelled,Web,0.02
9078,26,803,5,1281.6800,2024-02-23,Cancelled,Store,0.25
9079,24,1320,3,247.2500,2024-01-01,Cancelled,Store,0.05
9080,34,1457,1,1168.4900,2024-02-10,Completed,App,0.21
9081,52,1319,1,1530.3900,2024-01-01,Completed,Store,0.01
9082,53,777,1,990.8900,2024-02-22,Cancelled,App,0.15
9083,100,1036,1,1696.6500,2024-02-21,Completed,Store,0.23
9084,68,1071,4,1347.9300,2024-02-04,Cancelled,App,0.25
9085,34,38,4,375.4600,2024-01-22,Cancelled,App,0.16
9086,12,1645,4,1269.1700,2024-01-25,Cancelled,Store,0.23
9087,73,132,5,643.6100,2024-01-17,Cancelled,Web,0.04
9088,32,688,1,1696.3200,2024-02-19,Cancelled,Web,0.17
9089,45,459,1,949.5200,2024-02-04,Cancelled,Store,0
9090,44,1174,1,1159.2000,2024-01-13,Cancelled,Web,0.28
9091,69,1523,4,635.1300,2024-01-11,Cancelled,Store,0.1
9092,63,1445,5,1476.0300,2024-01-20,Completed,App,0.3
9093,11,1367,5,675.9800,2024-02-21,Cancelled,Store,0.05
9094,17,1817,5,289.6600,2024-02-24,Completed,Web,0.25
9095,69,1076,3,1436.9200,2024-01-29,Completed,App,0.03
9096,4,230,4,1290.5500,2024-02-10,Completed,App,0.22
9097,27,730,5,1911.0600,2024-02-27,Completed,Web,0.23
9098,59,955,5,835.1100,2024-01-31,Completed,Web,0.01
9099,69,860,2,931.4200,2024-01-03,Cancelled,Store,0.1
9100,83,622,5,681.9800,2024-02-07,Cancelled,Store,0.06
9101,13,34,3,590.3400,2024-01-20,Completed,Web,0.06
9102,91,728,5,160.0900,2024-02-21,Completed,App,0.24
9103,88,1611,2,1362.4900,2024-02-28,Cancelled,Web,0.01
9104,94,1346,4,1538.6100,2024-01-05,Completed,Web,0.09
9105,13,822,5,1251.7300,2024-02-10,Completed,Store,0.2
9106,5,1271,1,1623.7200,2024-01-30,Completed,Web,0.09
9107,99,759,1,434.2100,2024-01-20,Completed,Web,0.22
9108,52,990,5,403.3500,2024-01-04,Completed,App,0.2
9109,16,495,2,1865.0500,2024-01-27,Completed,App,0.07
9110,57,1716,5,1507.4300,2024-02-23,Cancelled,Web,0.16
9111,11,1217,4,1686.6900,2024-02-11,Cancelled,Web,0.04
9112,47,126,5,1346.8700,2024-02-13,Cancelled,Web,0.23
9113,59,433,2,557.1400,2024-01-29,Completed,Web,0.14
9114,20,498,1,754.8200,2024-02-04,Completed,Store,0.07
9115,49,857,2,888.0600,2024-02-12,Completed,Web,0.08
9116,13,601,2,492.3000,2024-01-14,Completed,Store,0.11
9117,77,1131,2,898.6400,2024-01-07,Cancelled,Web,0.07
9118,54,1835,2,1772.0000,2024-02-11,Cancelled,Web,0.2
9119,66,1639,1,1240.9400,2024-03-01,Cancelled,App,0.12
9120,35,32,2,1101.9300,2024-02-09,Cancelled,Web,0.01
9121,51,399,4,1485.5700,2024-01-09,Completed,Store,0.26
9122,12,67,4,1346.2000,2024-02-08,Cancelled,Web,0.27
9123,10,176,4,1943.3800,2024-01-10,Completed,Web,0.03
9124,46,1157,4,607.1200,2024-02-04,Completed,App,0.22
9125,59,1089,4,268.1900,2024-01-12,Completed,App,0.22
9126,84,1197,5,1108.7400,2024-01-02,Completed,Web,0.19
9127,39,1602,4,459.1100,2024-02-15,Cancelled,Web,0.03
9128,74,1698,2,507.2600,2024-01-07,Completed,App,0.03
9129,71,1058,2,633.9100,2024-01-05,Cancelled,Web,0.23
9130,71,1995,4,793.5500,2024-01-24,Cancelled,App,0
9131,36,46,5,375.2500,2024-01-10,Cancelled,App,0.28
9132,85,1258,5,508.1700,2024-02-16,Completed,App,0.03
9133,68,356,4,1767.8000,2024-02-28,Cancelled,Store,0.11
9134,48,193,1,229.3100,2024-02-02,Completed,App,0.08
9135,14,1148,1,1350.1800,2024-01-23,Completed,Web,0.26
9136,67,790,2,242.0400,2024-02-17,Cancelled,Store,0.26
9137,33,293,3,1095.0800,2024-02-25,Cancelled,Store,0.22
9138,89,1837,5,462.9400,2024-02-03,Completed,Store,0.04
9139,60,1886,5,853.2300,2024-01-22,Cancelled,Store,0.21
9140,98,1553,4,1135.8600,2024-01-02,Completed,Store,0.26
9141,51,397,3,1103.7500,2024-02-21,Cancelled,App,0.24
9142,30,331,5,984.9100,2024-01-24,Completed,App,0.13
9143,38,1550,3,1769.0000,2024-02-13,Completed,Web,0.22
9144,36,711,3,389.1600,2024-01-12,Completed,App,0.12
9145,10,770,1,1732.6800,2024-02-06,Completed,App,0.04
9146,55,727,3,190.5000,2024-02-12,Cancelled,App,0.27
9147,10,1398,2,755.9100,2024-02-13,Cancelled,Web,0.3
9148,68,911,3,385.9100,2024-01-24,Cancelled,Web,0.13
9149,74,1644,5,1032.7000,2024-02-07,Completed,Store,0.19
9150,92,1415,1,681.8700,2024-01-24,Completed,Store,0.02
9151,54,1088,1,704.4500,2024-02-11,Cancelled,Store,0.22
9152,71,1156,2,1853.7200,2024-01-23,Completed,Web,0.29
9153,18,1458,5,761.4800,2024-01-07,Cancelled,App,0.14
9154,37,1887,1,1573.0900,2024-02-03,Completed,Store,0.19
9155,6,1534,4,718.9000,2024-02-14,Completed,App,0.12
9156,5,215,4,1154.0000,2024-01-01,Cancelled,Web,0.16
9157,23,263,2,288.9400,2024-01-24,Completed,App,0.08
9158,81,1034,3,425.6100,2024-02-22,Cancelled,App,0.07
9159,71,16,2,988.0800,2024-01-05,Completed,App,0.13
9160,81,532,4,827.5800,2024-01-08,Cancelled,Web,0.2
9161,35,610,3,1820.2200,2024-02-16,Completed,Store,0.04
9162,84,519,4,154.1200,2024-01-04,Cancelled,App,0.21
9163,35,1572,5,1981.2600,2024-02-20,Cancelled,Web,0.02
9164,55,1178,5,282.8300,2024-01-14,Cancelled,App,0.24
9165,65,1973,3,1848.3200,2024-02-13,Cancelled,Web,0.21
9166,17,1002,1,1842.2000,2024-01-19,Cancelled,Store,0.26
9167,78,324,2,1244.1200,2024-02-16,Cancelled,App,0.11
9168,24,52,5,1881.9800,2024-02-11,Cancelled,App,0.04
9169,63,599,5,607.5000,2024-01-02,Completed,App,0.19
9170,74,511,2,224.8100,2024-01-28,Completed,Store,0.03
9171,82,1753,1,1675.4500,2024-01-17,Cancelled,App,0.16
9172,73,1640,5,1147.2300,2024-01-17,Cancelled,Web,0.1
9173,30,325,1,190.8800,2024-01-12,Completed,Store,0.3
9174,67,999,1,559.1800,2024-02-27,Completed,Store,0.14
9175,60,885,1,888.6300,2024-01-28,Completed,Web,0.08
9176,5,1965,3,1174.0700,2024-02-26,Cancelled,Store,0.17
9177,24,139,4,1755.1000,2024-02-09,Cancelled,App,0.02
9178,73,1883,4,1306.5300,2024-01-24,Completed,App,0.17
9179,79,336,4,1715.5600,2024-01-13,Cancelled,Store,0.08
9180,89,127,2,1349.0500,2024-02-13,Cancelled,App,0.16
9181,72,133,3,591.6400,2024-01-02,Completed,Store,0.16
9182,42,1078,2,1558.2900,2024-01-02,Cancelled,App,0.22
9183,61,1259,5,203.7100,2024-01-26,Cancelled,App,0.11
9184,63,1258,1,1888.8300,2024-01-18,Completed,App,0.28
9185,73,134,2,1163.4500,2024-01-22,Completed,Store,0.02
9186,54,244,2,1382.1500,2024-01-19,Cancelled,App,0.13
9187,77,1414,5,1713.0100,2024-01-10,Completed,App,0.21
9188,44,1496,5,520.6400,2024-02-16,Cancelled,App,0.3
9189,49,1682,4,1690.9200,2024-01-18,Completed,Web,0.29
9190,42,1930,3,331.8200,2024-01-20,Cancelled,Store,0.04
9191,61,510,3,1409.8900,2024-01-17,Cancelled,App,0.06
9192,15,894,3,1855.1100,2024-01-05,Completed,Web,0.11
9193,95,1765,3,1544.6600,2024-03-01,Completed,Web,0.08
9194,2,315,1,227.8100,2024-02-04,Cancelled,App,0.28
9195,30,371,5,310.2800,2024-01-26,Completed,Web,0.2
9196,14,454,3,329.8200,2024-02-23,Completed,App,0.3
9197,2,110,3,1169.9300,2024-02-17,Completed,Store,0.05
9198,19,1945,4,1240.6800,2024-01-24,Cancelled,App,0.01
9199,58,1641,1,775.4000,2024-01-31,Completed,Web,0.29
9200,63,1480,1,757.4000,2024-01-14,Completed,Web,0.15
9201,3,382,4,226.9200,2024-02-28,Cancelled,App,0.08
9202,95,326,4,1967.7800,2024-02-05,Cancelled,Web,0.04
9203,73,1140,4,349.3500,2024-02-25,Completed,Web,0.07
9204,70,1368,3,1204.7200,2024-01-19,Completed,Web,0.06
9205,99,311,1,701.2500,2024-01-20,Completed,Store,0.12
9206,79,19,2,976.5900,2024-02-28,Cancelled,App,0.13
9207,13,632,3,989.7700,2024-02-21,Completed,App,0.05
9208,10,184,1,107.5900,2024-01-11,Cancelled,Web,0.27
9209,57,1176,2,195.8200,2024-01-14,Cancelled,App,0.11
9210,82,529,3,1859.8100,2024-01-20,Cancelled,App,0.17
9211,28,1682,5,1545.8500,2024-02-01,Cancelled,Web,0.21
9212,63,544,4,880.4900,2024-01-15,Cancelled,App,0.12
9213,96,1485,1,1943.0300,2024-02-02,Cancelled,App,0.26
9214,43,1980,1,904.4700,2024-02-07,Completed,Web,0.19
9215,3,1334,5,1279.2200,2024-01-06,Cancelled,Store,0.03
9216,91,985,5,1851.4700,2024-01-16,Completed,App,0.03
9217,68,1996,4,1523.3900,2024-02-05,Completed,App,0.07
9218,17,598,4,1057.2200,2024-02-23,Completed,Store,0.24
9219,22,1596,2,1881.2900,2024-01-09,Cancelled,Web,0.02
9220,98,258,3,1261.2600,2024-01-24,Cancelled,Web,0.09
9221,90,1260,5,221.8000,2024-01-24,Completed,App,0.03
9222,79,1000,5,689.1100,2024-01-29,Completed,Web,0.29
9223,31,317,4,1611.9900,2024-02-15,Cancelled,App,0.18
9224,79,1752,1,852.5300,2024-01-31,Cancelled,App,0.02
9225,50,180,4,1165.1000,2024-02-02,Completed,App,0.05
9226,59,1727,3,231.0600,2024-02-29,Cancelled,Store,0.01
9227,96,234,5,579.2300,2024-02-20,Completed,Web,0.06
9228,51,426,1,1309.4100,2024-02-23,Completed,Store,0.15
9229,37,1852,3,467.4900,2024-01-05,Completed,App,0.13
9230,51,383,2,495.0800,2024-02-01,Cancelled,App,0.18
9231,44,498,3,972.6400,2024-01-10,Cancelled,Web,0.21
9232,20,320,1,912.0900,2024-01-20,Cancelled,Store,0.13
9233,19,411,2,598.4400,2024-02-19,Cancelled,Store,0.03
9234,70,78,1,613.9700,2024-01-29,Completed,Store,0.17
9235,47,1456,4,1062.3600,2024-02-28,Completed,App,0.27
9236,4,852,3,545.5400,2024-01-25,Cancelled,Web,0.09
9237,96,1272,3,948.1800,2024-01-24,Completed,Store,0.24
9238,75,337,1,670.2900,2024-01-19,Cancelled,Web,0.11
9239,89,901,1,1690.4500,2024-02-15,Cancelled,Store,0.05
9240,37,1597,1,1061.7100,2024-01-31,Completed,Web,0.24
9241,77,593,2,1485.4500,2024-02-27,Cancelled,App,0.06
9242,1,774,4,1006.2000,2024-02-11,Completed,Web,0.13
9243,51,840,4,1938.7900,2024-01-10,Cancelled,Store,0.21
9244,52,1705,2,1930.6500,2024-01-07,Completed,Web,0.2
9245,100,1351,2,121.6800,2024-01-14,Completed,Web,0.2
9246,23,1073,2,505.4400,2024-02-14,Completed,Store,0.27
9247,95,576,3,1061.4700,2024-02-15,Cancelled,Web,0.22
9248,62,1663,1,1567.0400,2024-02-14,Completed,Web,0.16
9249,65,303,4,204.1100,2024-01-15,Completed,Store,0
9250,35,35,2,1197.9800,2024-01-12,Cancelled,Store,0.14
9251,4,648,1,484.5800,2024-01-07,Completed,Web,0.01
9252,14,1532,3,991.8200,2024-02-09,Cancelled,Web,0.02
9253,12,1217,4,863.6200,2024-01-14,Completed,Web,0.12
9254,57,1332,3,1919.7000,2024-02-25,Cancelled,Store,0.17
9255,55,1586,3,1019.9100,2024-02-05,Completed,Web,0.21
9256,63,1485,2,602.8600,2024-02-27,Cancelled,Store,0.13
9257,9,21,2,1167.9400,2024-02-24,Cancelled,Web,0.04
9258,57,1937,1,699.8500,2024-01-08,Cancelled,App,0.13
9259,2,722,5,1774.6900,2024-01-14,Completed,Store,0.16
9260,22,1355,2,244.0400,2024-01-07,Cancelled,Web,0.14
9261,56,355,3,713.8400,2024-01-06,Cancelled,Web,0.01
9262,22,772,2,1566.7500,2024-02-02,Cancelled,Store,0.08
9263,3,1517,3,1312.9300,2024-01-23,Completed,Store,0.21
9264,68,182,4,820.9700,2024-01-16,Completed,Store,0.25
9265,35,232,1,788.8500,2024-01-11,Cancelled,Store,0.26
9266,52,1167,2,125.3600,2024-01-10,Cancelled,Store,0.17
9267,35,713,2,1667.7700,2024-02-08,Completed,Web,0.23
9268,37,1514,2,974.9200,2024-02-12,Cancelled,Store,0.24
9269,93,1892,5,967.7700,2024-01-20,Completed,Web,0.07
9270,6,803,4,1625.8500,2024-03-01,Completed,Store,0.17
9271,1,1828,4,300.9100,2024-02-14,Completed,Store,0.2
9272,53,727,4,1191.5400,2024-02-10,Cancelled,App,0.27
9273,27,743,2,845.2200,2024-02-18,Cancelled,Web,0.29
9274,6,1819,2,626.0700,2024-02-23,Cancelled,App,0.09
9275,17,843,3,763.5600,2024-01-07,Cancelled,Store,0.15
9276,58,1510,2,1387.7600,2024-02-03,Completed,Store,0.11
9277,22,842,5,704.4700,2024-02-28,Cancelled,Web,0.21
9278,74,1458,5,1973.7300,2024-01-21,Completed,Store,0.08
9279,51,1794,5,755.5600,2024-01-09,Cancelled,App,0.27
9280,91,162,5,1397.4900,2024-02-04,Cancelled,Web,0.03
9281,72,733,2,391.1300,2024-01-27,Cancelled,Store,0.29
9282,61,365,4,1616.8400,2024-03-01,Completed,Store,0.02
9283,52,700,5,651.0000,2024-01-24,Completed,App,0.27
9284,90,1866,5,1373.9400,2024-01-08,Completed,Web,0.26
9285,72,551,5,1949.5100,2024-02-08,Completed,Store,0.29
9286,35,989,5,1753.4000,2024-01-08,Completed,Web,0.2
9287,83,1221,2,2042.0900,2024-02-01,Completed,Web,0.08
9288,87,1797,2,607.3400,2024-02-10,Completed,Store,0.13
9289,1,652,3,388.7400,2024-02-14,Completed,App,0.06
9290,65,408,1,1273.6200,2024-01-31,Cancelled,Store,0.13
9291,67,502,2,1548.1300,2024-02-13,Cancelled,Store,0.18
9292,77,1417,4,564.9000,2024-01-13,Cancelled,Web,0.2
9293,69,1079,3,1612.9300,2024-01-16,Cancelled,App,0.26
9294,46,1512,5,1493.3600,2024-03-01,Cancelled,Web,0.13
9295,73,1427,1,516.1500,2024-02-05,Cancelled,Web,0.09
9296,57,1918,2,1110.1400,2024-02-07,Cancelled,Store,0.13
9297,60,1107,3,1566.6500,2024-02-12,Completed,Web,0.08
9298,66,1776,1,1913.8900,2024-01-11,Completed,Web,0.27
9299,38,142,1,669.4600,2024-01-15,Completed,Store,0.29
9300,93,463,3,990.4200,2024-02-07,Completed,App,0.24
9301,14,601,5,1457.0400,2024-02-12,Completed,Store,0.13
9302,55,439,2,1464.7700,2024-01-18,Completed,Web,0.25
9303,91,807,1,1399.0500,2024-01-28,Completed,Web,0.24
9304,54,1919,2,1153.4100,2024-01-08,Cancelled,Store,0.13
9305,20,905,4,142.1100,2024-02-03,Completed,Store,0.19
9306,32,1438,5,1893.8400,2024-02-26,Completed,Store,0.11
9307,31,866,4,644.3500,2024-01-08,Completed,App,0.29
9308,39,594,1,547.0000,2024-02-10,Cancelled,Store,0.03
9309,29,1102,4,1985.9000,2024-01-19,Completed,Web,0.18
9310,66,1598,4,1376.5500,2024-01-23,Completed,Store,0.05
9311,6,1855,5,1108.1900,2024-01-18,Cancelled,Store,0.24
9312,95,146,3,417.1300,2024-01-18,Completed,App,0.05
9313,79,1354,2,596.9600,2024-01-06,Completed,App,0.29
9314,27,1276,3,464.7700,2024-02-06,Completed,Web,0.01
9315,10,698,3,1914.3500,2024-02-17,Cancelled,Store,0.12
9316,96,1060,5,1095.0300,2024-01-25,Completed,Store,0.18
9317,100,1771,5,715.2400,2024-01-07,Cancelled,Store,0.26
9318,77,1020,2,1820.0100,2024-01-14,Cancelled,Web,0.22
9319,48,1275,5,449.4200,2024-02-05,Completed,App,0.03
9320,26,215,3,141.0700,2024-01-20,Cancelled,Web,0.25
9321,61,771,1,1306.0500,2024-01-15,Cancelled,Web,0.13
9322,44,1928,2,449.4500,2024-02-12,Completed,App,0.2
9323,14,1638,2,159.1300,2024-02-21,Cancelled,Web,0.15
9324,94,684,2,632.0500,2024-02-13,Cancelled,App,0.28
9325,20,595,5,533.3100,2024-01-29,Cancelled,App,0.13
9326,13,745,2,1296.6100,2024-01-19,Cancelled,App,0.03
9327,71,1994,5,1628.1100,2024-01-19,Completed,Store,0.3
9328,74,463,3,1002.8700,2024-02-12,Completed,Web,0.17
9329,52,238,3,1141.7700,2024-01-31,Cancelled,Web,0.09
9330,15,891,1,852.7200,2024-01-18,Completed,App,0.07
9331,46,849,2,1437.0200,2024-02-08,Cancelled,App,0.28
9332,35,432,3,157.7000,2024-02-21,Cancelled,App,0.03
9333,37,182,2,848.1100,2024-02-24,Completed,Web,0.18
9334,82,19,5,608.3100,2024-02-08,Cancelled,Store,0.17
9335,52,1784,1,695.6500,2024-02-03,Completed,App,0.25
9336,64,63,2,242.3800,2024-01-13,Completed,App,0.02
9337,39,70,4,152.5800,2024-01-22,Completed,Store,0.25
9338,7,1756,2,262.7700,2024-01-13,Cancelled,Store,0.1
9339,22,1312,5,296.4300,2024-01-28,Completed,Web,0.06
9340,32,1493,4,247.8700,2024-02-29,Cancelled,App,0.21
9341,74,283,2,813.6800,2024-01-15,Completed,Store,0.09
9342,5,707,4,792.5900,2024-02-15,Cancelled,App,0.26
9343,17,1661,4,1579.2800,2024-01-03,Completed,Web,0.23
9344,52,1220,4,1340.7100,2024-01-11,Completed,Store,0.16
9345,48,1459,4,335.6800,2024-02-14,Cancelled,App,0.05
9346,84,982,5,951.3400,2024-02-05,Completed,App,0.28
9347,37,1639,5,1310.0800,2024-01-10,Completed,Store,0.25
9348,57,1638,1,1126.2000,2024-01-01,Cancelled,Store,0.21
9349,86,940,3,1495.5200,2024-01-01,Completed,Web,0.3
9350,13,602,4,1959.9000,2024-02-10,Completed,Web,0.11
9351,15,1232,3,1778.0400,2024-01-30,Completed,Web,0.23
9352,95,114,5,1199.0500,2024-01-06,Completed,App,0.11
9353,62,29,4,1112.7300,2024-02-14,Completed,Web,0.12
9354,80,1685,5,1069.6400,2024-01-04,Completed,Web,0.03
9355,95,979,4,825.2300,2024-02-17,Cancelled,Web,0.29
9356,86,1893,2,1890.2100,2024-01-24,Cancelled,App,0.2
9357,79,1425,5,1498.6600,2024-02-22,Completed,Store,0.28
9358,75,665,5,637.2900,2024-02-03,Completed,Store,0.06
9359,55,1782,3,1441.3500,2024-01-26,Cancelled,Web,0.13
9360,80,945,3,1688.6300,2024-01-05,Cancelled,Web,0.17
9361,28,989,4,235.8900,2024-02-04,Cancelled,Web,0.3
9362,7,126,3,1521.9500,2024-01-23,Cancelled,Web,0.23
9363,56,753,1,1190.4300,2024-02-19,Completed,Store,0.09
9364,68,307,5,1706.1500,2024-02-04,Cancelled,Web,0.1
9365,81,813,1,807.8800,2024-02-05,Completed,Store,0.07
9366,17,941,4,1456.3500,2024-02-05,Cancelled,Web,0.12
9367,83,1393,3,307.1700,2024-02-23,Cancelled,App,0.15
9368,61,781,4,872.8500,2024-01-21,Completed,Web,0.21
9369,2,972,2,557.6400,2024-02-25,Completed,App,0.06
9370,38,1115,3,1858.9200,2024-02-19,Completed,App,0.11
9371,29,4,4,1790.5500,2024-01-19,Cancelled,App,0.22
9372,67,684,5,1055.7600,2024-01-12,Cancelled,App,0.17
9373,31,1866,1,114.4000,2024-02-09,Cancelled,Web,0.2
9374,21,28,3,1940.8700,2024-02-17,Completed,Store,0.08
9375,13,1303,4,1935.7100,2024-02-11,Completed,Store,0.25
9376,26,748,2,1909.7000,2024-01-17,Cancelled,Store,0.24
9377,46,1666,5,1101.5000,2024-01-14,Completed,Store,0.12
9378,36,1119,3,868.7100,2024-02-23,Cancelled,Store,0.06
9379,83,1550,3,721.3800,2024-02-04,Completed,Store,0.26
9380,47,1629,4,1095.3400,2024-01-31,Cancelled,Store,0.08
9381,16,774,3,1201.8600,2024-02-12,Cancelled,Store,0
9382,31,392,5,574.0800,2024-01-05,Cancelled,App,0.02
9383,97,51,2,250.8100,2024-01-29,Completed,Web,0.21
9384,2,1067,4,367.8300,2024-02-07,Completed,Web,0.29
9385,11,1129,3,1651.9700,2024-01-20,Completed,Web,0.12
9386,75,1786,1,386.8200,2024-02-16,Cancelled,Store,0.27
9387,62,1364,2,119.9400,2024-01-11,Completed,App,0.28
9388,58,860,3,1507.1000,2024-01-29,Cancelled,Store,0.1
9389,57,1999,3,1848.2800,2024-02-02,Cancelled,Store,0.28
9390,46,1767,4,1675.1100,2024-01-24,Completed,Store,0.29
9391,56,1936,3,1019.4000,2024-02-08,Cancelled,Web,0.18
9392,16,794,5,679.0100,2024-02-08,Completed,Store,0.26
9393,71,1319,3,1967.2600,2024-02-15,Completed,App,0.17
9394,49,1785,3,672.1000,2024-01-08,Completed,Web,0.03
9395,94,510,5,1177.2000,2024-01-12,Cancelled,App,0.05
9396,13,687,3,835.6100,2024-02-04,Cancelled,Web,0.17
9397,90,1483,2,796.7400,2024-01-05,Completed,Web,0.02
9398,90,1582,4,868.1600,2024-02-21,Cancelled,App,0.05
9399,52,764,4,1140.5000,2024-01-18,Cancelled,Store,0.02
9400,97,1297,5,173.9400,2024-01-11,Cancelled,Store,0.04
9401,6,297,5,679.8500,2024-01-22,Cancelled,Web,0.01
9402,12,954,5,782.9300,2024-01-25,Completed,Web,0.15
9403,21,140,1,991.7300,2024-02-02,Cancelled,Web,0.26
9404,63,112,4,1392.6500,2024-02-10,Completed,Store,0.07
9405,20,606,4,1430.6000,2024-02-15,Completed,Web,0.17
9406,95,720,4,1058.9300,2024-02-19,Completed,App,0.05
9407,36,1425,4,499.0000,2024-01-31,Completed,App,0.25
9408,72,963,1,163.1900,2024-01-28,Completed,Store,0.28
9409,1,1702,3,1722.1700,2024-02-01,Cancelled,App,0.16
9410,70,1513,5,346.3500,2024-01-20,Cancelled,Store,0.23
9411,77,989,3,703.9100,2024-01-21,Cancelled,Store,0.03
9412,15,546,3,315.4900,2024-02-15,Cancelled,App,0.03
9413,4,986,2,1151.8800,2024-01-25,Cancelled,Web,0.11
9414,98,1019,4,1939.2400,2024-02-12,Completed,Web,0.2
9415,61,980,5,423.8900,2024-02-03,Cancelled,Store,0.02
9416,79,995,1,1324.4200,2024-02-29,Cancelled,Web,0.29
9417,12,292,1,1365.7900,2024-01-28,Completed,App,0.1
9418,65,57,1,1585.0500,2024-02-22,Cancelled,Web,0.26
9419,68,938,3,1808.6300,2024-01-27,Completed,Web,0.04
9420,73,979,5,260.4900,2024-02-18,Completed,Store,0.18
9421,32,1923,5,1229.3100,2024-01-20,Cancelled,Web,0.06
9422,23,1325,3,825.1100,2024-01-07,Completed,Web,0.04
9423,80,392,5,400.0300,2024-03-01,Cancelled,App,0.06
9424,1,315,1,635.9700,2024-01-29,Cancelled,Web,0.01
9425,66,853,2,864.5500,2024-01-13,Cancelled,Web,0.16
9426,6,1694,4,687.6500,2024-01-21,Completed,App,0.11
9427,18,175,1,1443.5500,2024-01-16,Completed,Store,0.06
9428,76,648,1,1245.8700,2024-01-29,Completed,App,0.07
9429,42,1520,4,1850.0200,2024-02-09,Completed,Store,0.28
9430,8,1802,5,1348.1300,2024-01-09,Cancelled,App,0.08
9431,15,1367,1,799.0700,2024-01-31,Completed,App,0.11
9432,23,1171,1,214.0700,2024-02-04,Completed,App,0.22
9433,5,325,5,1447.2700,2024-02-28,Cancelled,Web,0.08
9434,3,278,2,152.0600,2024-02-01,Completed,Web,0.01
9435,45,1419,1,436.6000,2024-02-07,Completed,Store,0.15
9436,94,1784,4,1119.3800,2024-01-01,Cancelled,Web,0.14
9437,18,104,1,1063.4100,2024-03-01,Completed,Web,0.12
9438,87,1739,3,657.8800,2024-02-04,Completed,Store,0.08
9439,53,1141,3,1666.8900,2024-02-22,Cancelled,Store,0.14
9440,74,1011,3,1847.8000,2024-02-11,Cancelled,Web,0.26
9441,27,1937,5,1228.5400,2024-01-08,Completed,App,0.12
9442,30,1655,2,1983.0800,2024-01-20,Completed,App,0.12
9443,59,1010,1,456.7400,2024-01-02,Cancelled,Store,0.06
9444,48,130,5,1463.8400,2024-01-16,Completed,Web,0.15
9445,75,1221,1,1282.3900,2024-02-29,Completed,Web,0.3
9446,16,1802,3,168.6000,2024-02-17,Cancelled,Web,0.08
9447,92,1228,4,331.4600,2024-01-29,Cancelled,App,0.04
9448,62,1682,4,585.7600,2024-01-29,Completed,Store,0.03
9449,41,1825,1,649.7700,2024-02-23,Cancelled,App,0.28
9450,39,108,2,881.5900,2024-01-13,Completed,Store,0.28
9451,4,658,3,1884.4300,2024-01-04,Cancelled,Web,0.25
9452,73,1785,2,916.4400,2024-02-22,Completed,App,0.15
9453,49,1775,4,1632.1500,2024-01-10,Completed,App,0.03
9454,43,189,5,267.5400,2024-02-26,Cancelled,Store,0.26
9455,85,387,3,181.3900,2024-02-28,Completed,Store,0.07
9456,18,475,4,816.8100,2024-01-20,Completed,Store,0.27
9457,99,419,1,1178.6300,2024-01-11,Completed,Web,0.12
9458,100,68,1,1608.3200,2024-01-07,Cancelled,App,0.27
9459,36,1870,5,1199.7400,2024-02-14,Cancelled,Store,0.26
9460,12,791,3,684.6900,2024-01-29,Cancelled,App,0.19
9461,17,26,4,770.4300,2024-02-22,Completed,App,0.23
9462,52,170,1,1143.3400,2024-02-23,Completed,Store,0.23
9463,27,1358,4,1186.9500,2024-02-07,Completed,Web,0.05
9464,21,1193,3,1555.8100,2024-02-16,Cancelled,App,0.26
9465,66,103,5,1713.6900,2024-01-28,Cancelled,App,0.01
9466,32,1883,5,948.7200,2024-01-09,Completed,App,0.19
9467,25,1554,5,743.6500,2024-01-29,Completed,Store,0.14
9468,77,617,1,474.1100,2024-01-02,Cancelled,Store,0.03
9469,9,19,2,643.5100,2024-02-21,Cancelled,App,0.12
9470,62,1952,2,1879.8300,2024-01-21,Cancelled,Web,0
9471,33,1768,4,578.9400,2024-02-23,Cancelled,App,0.06
9472,85,218,1,964.5400,2024-01-24,Cancelled,Web,0.27
9473,39,67,4,1238.5100,2024-02-04,Cancelled,Web,0.19
9474,88,806,5,1905.3900,2024-02-27,Completed,App,0.19
9475,29,1474,2,596.6500,2024-02-21,Completed,Web,0.17
9476,64,1733,2,346.3400,2024-02-25,Completed,App,0.27
9477,40,1033,3,1739.9000,2024-01-27,Completed,Web,0.02
9478,9,145,5,1941.0800,2024-02-01,Cancelled,Web,0.12
9479,37,950,5,1214.7100,2024-01-28,Cancelled,Store,0.02
9480,53,485,2,1807.4600,2024-01-13,Cancelled,Web,0.18
9481,14,1339,3,269.5000,2024-02-06,Completed,Store,0.29
9482,81,547,4,1092.1900,2024-01-31,Cancelled,App,0.13
9483,81,1810,4,1612.9800,2024-02-03,Completed,App,0.09
9484,98,576,2,382.9000,2024-01-03,Cancelled,Store,0.06
9485,16,1871,4,1045.8300,2024-01-17,Cancelled,Web,0.17
9486,20,1796,3,1651.3800,2024-01-20,Completed,App,0.03
9487,36,1384,5,1352.8400,2024-01-25,Cancelled,App,0.28
9488,87,1686,2,1665.1400,2024-01-26,Completed,App,0.16
9489,31,1897,3,1266.0200,2024-01-10,Completed,App,0.26
9490,80,762,3,564.1200,2024-01-01,Completed,Store,0.19
9491,73,970,4,1880.0500,2024-01-18,Completed,Store,0.18
9492,29,1130,1,952.9400,2024-02-03,Cancelled,Web,0.17
9493,63,1512,4,488.0600,2024-01-21,Cancelled,Web,0.03
9494,86,1385,1,430.8600,2024-01-11,Completed,Store,0.1
9495,34,1026,4,1250.8200,2024-01-07,Completed,Store,0.16
9496,80,961,2,1723.2900,2024-02-08,Cancelled,App,0.23
9497,99,1406,1,201.2600,2024-01-21,Cancelled,Web,0.01
9498,55,201,5,1836.9600,2024-02-18,Completed,App,0.1
9499,40,1161,4,726.4800,2024-01-05,Completed,Store,0.18
9500,38,997,2,1538.7800,2024-02-26,Cancelled,Web,0.27
9501,69,1536,5,478.4200,2024-01-24,Completed,Web,0.17
9502,9,992,3,179.5700,2024-01-30,Cancelled,App,0.07
9503,81,1387,4,342.5200,2024-01-13,Completed,App,0.02
9504,37,860,2,1199.4700,2024-02-15,Cancelled,Store,0.03
9505,33,45,2,1409.8900,2024-02-19,Completed,App,0.16
9506,4,31,2,185.4200,2024-02-01,Completed,App,0.26
9507,67,1080,3,253.3600,2024-01-21,Cancelled,Web,0.03
9508,99,1727,2,939.0400,2024-01-16,Completed,Store,0.21
9509,85,1273,2,1998.5400,2024-02-13,Cancelled,Web,0.16
9510,32,377,5,524.0300,2024-01-20,Completed,Store,0.17
9511,4,1847,1,199.2000,2024-02-04,Completed,Web,0.05
9512,30,842,5,1941.7000,2024-01-12,Cancelled,App,0.19
9513,17,1059,4,897.1600,2024-01-13,Cancelled,Web,0.21
9514,2,1547,4,278.0100,2024-01-20,Cancelled,Store,0.26
9515,100,792,4,350.6600,2024-02-06,Completed,App,0.27
9516,18,493,3,1790.4200,2024-01-30,Cancelled,Store,0.14
9517,89,958,4,770.4000,2024-01-06,Cancelled,App,0.28
9518,95,1938,1,1566.7900,2024-01-09,Completed,Web,0.21
9519,95,82,1,1577.4700,2024-01-31,Cancelled,App,0.08
9520,15,223,1,1764.7700,2024-01-12,Cancelled,Web,0.02
9521,78,1569,2,376.3300,2024-02-27,Cancelled,App,0.22
9522,11,361,1,966.0700,2024-02-13,Cancelled,Store,0.29
9523,81,469,4,779.6200,2024-01-09,Cancelled,Web,0.09
9524,89,1880,4,1748.0600,2024-01-19,Cancelled,App,0.1
9525,75,1780,3,1823.5400,2024-01-23,Completed,Store,0.16
9526,41,1746,1,1566.7600,2024-02-19,Completed,App,0.04
9527,73,312,1,985.2400,2024-01-10,Completed,Store,0.07
9528,62,1387,1,1118.2600,2024-02-18,Completed,Web,0.25
9529,86,1691,4,1566.7000,2024-02-24,Completed,Web,0.19
9530,80,1873,1,1194.0600,2024-02-05,Completed,Store,0.27
9531,98,221,2,748.1500,2024-01-12,Cancelled,Store,0.17
9532,33,865,3,965.0400,2024-01-16,Completed,App,0.06
9533,24,392,3,1463.7800,2024-02-29,Cancelled,Web,0.16
9534,6,1232,5,1292.6700,2024-02-01,Completed,Store,0.26
9535,12,7,4,1087.3700,2024-02-03,Completed,Store,0.04
9536,59,1549,2,1734.3400,2024-02-07,Cancelled,Store,0.1
9537,94,1345,2,325.5900,2024-02-22,Completed,Web,0.13
9538,53,586,2,121.5700,2024-01-28,Completed,Web,0.14
9539,79,1857,5,271.5000,2024-02-18,Completed,Store,0.2
9540,1,706,2,568.0900,2024-02-03,Completed,Web,0.24
9541,70,1189,5,338.3800,2024-01-18,Completed,Web,0.16
9542,63,854,1,1916.8500,2024-01-29,Completed,App,0.24
9543,37,57,3,1919.5600,2024-02-25,Completed,Web,0.15
9544,67,399,1,1660.5900,2024-02-27,Completed,Store,0.19
9545,11,1098,2,1486.1600,2024-02-06,Cancelled,Web,0.21
9546,93,1657,2,1605.0800,2024-02-10,Cancelled,Web,0.06
9547,36,168,1,1507.7200,2024-02-16,Completed,App,0.2
9548,84,1370,4,1755.2400,2024-01-11,Cancelled,Web,0.04
9549,46,502,2,1241.2600,2024-01-17,Cancelled,Web,0.13
9550,85,1412,4,1433.3100,2024-02-01,Completed,Store,0.08
9551,55,157,4,831.0200,2024-02-18,Cancelled,App,0.11
9552,45,1011,3,572.6400,2024-01-21,Completed,App,0.09
9553,95,605,3,1589.4400,2024-02-21,Cancelled,Store,0.27
9554,24,1784,5,408.3900,2024-02-27,Completed,Store,0.01
9555,56,1074,2,582.9500,2024-01-19,Cancelled,Web,0.14
9556,9,363,4,1774.4400,2024-01-17,Completed,Store,0.09
9557,99,480,3,1109.4500,2024-02-15,Cancelled,Web,0.26
9558,60,1640,3,1176.8700,2024-02-06,Cancelled,Store,0.02
9559,44,391,5,652.5500,2024-01-28,Completed,App,0.16
9560,84,1022,1,228.0700,2024-02-23,Cancelled,Web,0.15
9561,95,1826,1,869.7900,2024-01-08,Cancelled,App,0.14
9562,46,1041,1,1890.9500,2024-02-10,Completed,Store,0.07
9563,70,507,1,1060.5700,2024-03-01,Cancelled,App,0.2
9564,66,1117,1,353.8000,2024-02-24,Cancelled,Web,0.17
9565,23,791,3,1065.5400,2024-02-14,Cancelled,App,0.16
9566,87,1874,5,475.7000,2024-01-16,Completed,App,0.2
9567,27,220,5,672.0600,2024-02-16,Completed,Web,0.18
9568,27,1359,5,2021.4100,2024-01-09,Cancelled,Store,0.23
9569,84,458,2,1889.1200,2024-01-02,Completed,App,0.11
9570,81,1233,3,164.5700,2024-02-26,Cancelled,Web,0.14
9571,15,1713,4,702.3400,2024-01-19,Completed,Web,0.26
9572,74,1809,5,1343.6700,2024-02-10,Completed,App,0.2
9573,12,927,5,1955.0400,2024-02-18,Completed,Web,0.08
9574,5,662,1,1276.5900,2024-01-15,Cancelled,Store,0.3
9575,12,465,4,1780.5300,2024-02-26,Cancelled,App,0.03
9576,12,1188,2,1497.2200,2024-01-20,Cancelled,Web,0.16
9577,85,516,4,1709.8900,2024-01-06,Cancelled,Store,0.12
9578,50,1747,5,161.0000,2024-01-09,Completed,App,0.22
9579,93,764,5,437.8300,2024-01-22,Cancelled,App,0.24
9580,60,450,1,1440.4800,2024-02-25,Completed,Store,0.05
9581,68,1760,5,203.9900,2024-01-29,Completed,Store,0.15
9582,64,1828,2,826.3600,2024-01-22,Cancelled,Store,0.18
9583,9,1213,3,1986.5600,2024-02-12,Completed,Web,0.22
9584,56,109,1,1068.8300,2024-01-13,Completed,Store,0.17
9585,4,233,2,1714.4100,2024-02-26,Completed,Web,0.01
9586,8,357,1,895.3700,2024-02-19,Completed,Web,0.05
9587,59,567,4,736.4900,2024-01-18,Cancelled,App,0
9588,27,316,1,980.9400,2024-01-02,Cancelled,Web,0.14
9589,8,1153,5,1747.2100,2024-01-01,Cancelled,App,0.19
9590,65,1892,1,176.1400,2024-02-06,Cancelled,App,0.14
9591,81,747,4,1929.1500,2024-01-16,Cancelled,Web,0.27
9592,32,1987,5,1754.4000,2024-01-15,Cancelled,App,0
9593,66,382,3,1500.5500,2024-01-21,Cancelled,Store,0.23
9594,58,1986,3,1732.4400,2024-01-06,Completed,Web,0.1
9595,83,1187,1,1804.6600,2024-01-02,Cancelled,Web,0.18
9596,47,98,4,1212.7800,2024-02-06,Completed,App,0.3
9597,98,1486,5,670.9200,2024-01-19,Cancelled,Web,0.08
9598,27,684,5,1512.1700,2024-01-15,Cancelled,Store,0.16
9599,10,725,1,405.8700,2024-01-20,Cancelled,Web,0.01
9600,85,1733,3,1752.3300,2024-01-20,Completed,App,0.24
9601,6,1055,2,373.4000,2024-02-06,Cancelled,App,0.08
9602,27,134,4,1804.8600,2024-01-09,Completed,Store,0.09
9603,17,912,3,1204.2000,2024-02-21,Completed,Web,0.15
9604,32,1442,4,1147.1600,2024-02-19,Completed,Web,0.18
9605,63,331,3,1475.2200,2024-02-22,Cancelled,Store,0.06
9606,25,1118,3,701.0500,2024-01-12,Completed,App,0.29
9607,82,624,5,1407.6300,2024-01-03,Cancelled,Web,0
9608,54,1023,4,362.9400,2024-01-04,Completed,App,0.07
9609,54,728,4,1158.6400,2024-02-27,Completed,Store,0.17
9610,47,323,5,1127.2600,2024-01-08,Cancelled,Store,0.23
9611,33,400,2,873.8000,2024-02-10,Cancelled,App,0.07
9612,46,1216,3,1397.3300,2024-01-02,Completed,App,0.16
9613,10,831,3,1077.4700,2024-01-23,Completed,App,0.25
9614,49,1918,2,436.6500,2024-02-11,Completed,Store,0.09
9615,79,763,1,1157.9200,2024-01-29,Cancelled,Store,0.01
9616,39,1345,4,1572.1600,2024-01-15,Cancelled,App,0.1
9617,31,616,3,1592.7600,2024-01-28,Cancelled,Web,0.12
9618,61,702,5,935.4300,2024-01-11,Completed,Store,0.21
9619,23,1901,3,1713.1500,2024-01-27,Completed,App,0.19
9620,30,1040,1,654.1100,2024-01-19,Completed,Web,0.05
9621,6,1303,4,1576.5600,2024-02-26,Cancelled,App,0.25
9622,28,1457,2,476.7000,2024-01-07,Cancelled,App,0.25
9623,80,334,3,1209.8900,2024-01-21,Completed,Store,0.14
9624,43,1305,3,1723.1700,2024-01-07,Completed,App,0.02
9625,18,1405,3,1385.2400,2024-02-28,Completed,Store,0.03
9626,62,1573,2,506.2600,2024-02-25,Completed,Store,0.11
9627,45,863,5,1137.8200,2024-02-24,Cancelled,Store,0.29
9628,25,1726,5,618.4700,2024-02-20,Completed,Store,0.01
9629,53,894,4,611.8700,2024-01-03,Cancelled,Web,0.04
9630,63,15,4,1886.9000,2024-02-15,Completed,App,0.23
9631,4,1953,5,228.9500,2024-02-10,Cancelled,Web,0.11
9632,57,905,3,653.5300,2024-02-02,Completed,App,0.11
9633,87,1765,4,1309.7400,2024-02-04,Cancelled,Web,0.28
9634,84,118,3,348.8000,2024-01-20,Cancelled,Web,0.25
9635,39,597,1,1344.4600,2024-02-16,Cancelled,App,0.16
9636,35,1253,3,737.0300,2024-01-24,Cancelled,App,0.13
9637,16,595,5,1020.8500,2024-01-28,Completed,App,0.21
9638,56,687,4,388.7800,2024-02-07,Completed,App,0.22
9639,96,655,4,1388.9500,2024-02-07,Cancelled,Store,0.04
9640,69,619,2,1250.2900,2024-02-07,Completed,Web,0.27
9641,47,1674,1,1168.3100,2024-01-10,Cancelled,Store,0.21
9642,14,1089,5,478.9900,2024-01-29,Cancelled,App,0.09
9643,17,274,3,1635.0700,2024-01-27,Completed,Store,0.24
9644,3,1255,2,1811.8100,2024-01-02,Completed,Store,0.16
9645,25,1849,1,1676.0100,2024-01-10,Cancelled,Web,0.12
9646,58,63,3,1580.9600,2024-02-14,Completed,App,0.25
9647,89,508,1,1665.9300,2024-01-14,Cancelled,Web,0.16
9648,94,610,4,362.4200,2024-01-24,Completed,Web,0.06
9649,94,906,2,208.8400,2024-02-01,Cancelled,Store,0.17
9650,83,1569,3,805.9600,2024-03-01,Cancelled,Store,0.19
9651,12,1809,1,1519.8800,2024-01-04,Cancelled,Web,0.16
9652,16,465,1,239.0100,2024-01-10,Cancelled,Store,0.19
9653,96,1008,3,1558.3600,2024-02-25,Cancelled,Store,0.12
9654,66,1013,2,1109.3200,2024-01-03,Cancelled,Store,0.09
9655,90,92,2,509.5500,2024-01-27,Completed,Web,0.08
9656,66,754,5,1681.4000,2024-01-27,Completed,App,0.27
9657,86,962,1,1690.5700,2024-01-24,Completed,App,0.1
9658,9,1608,3,903.1400,2024-01-25,Completed,Web,0.11
9659,37,942,3,1254.0600,2024-01-17,Cancelled,Store,0.25
9660,58,329,5,738.4400,2024-01-01,Cancelled,Web,0.1
9661,30,1138,5,916.4600,2024-02-10,Completed,App,0.07
9662,19,1940,4,1765.9600,2024-01-07,Cancelled,Web,0.16
9663,32,1170,4,111.0100,2024-02-01,Cancelled,Store,0.1
9664,54,20,3,1682.5800,2024-02-07,Cancelled,Web,0.2
9665,89,811,3,902.5100,2024-02-05,Completed,App,0.14
9666,52,335,1,560.3800,2024-02-13,Cancelled,Web,0.04
9667,59,381,2,904.2700,2024-01-11,Completed,Store,0.22
9668,30,1413,3,1980.9700,2024-02-20,Completed,Web,0.01
9669,61,1528,3,866.5200,2024-01-26,Completed,Web,0.29
9670,17,357,3,1090.3400,2024-02-12,Cancelled,App,0.15
9671,30,1243,2,243.0400,2024-02-01,Completed,Web,0.2
9672,65,1303,4,1922.1300,2024-01-15,Cancelled,Store,0.27
9673,1,7,2,861.9500,2024-02-05,Completed,Store,0.05
9674,32,568,1,413.3200,2024-01-20,Completed,App,0.11
9675,81,1062,1,987.8000,2024-01-18,Cancelled,Web,0.15
9676,30,102,3,1563.4500,2024-02-09,Cancelled,Store,0.19
9677,67,1275,2,1854.1400,2024-02-27,Cancelled,Web,0.05
9678,25,728,1,1330.9100,2024-01-17,Cancelled,App,0.18
9679,92,1200,3,760.0800,2024-01-11,Cancelled,Web,0.12
9680,16,1905,5,452.7300,2024-01-20,Completed,Store,0.16
9681,89,1494,3,501.1400,2024-01-24,Completed,Web,0.12
9682,13,638,4,858.8500,2024-02-22,Cancelled,Web,0.06
9683,18,1153,2,1111.7500,2024-01-08,Cancelled,Web,0.27
9684,96,1833,1,1709.0400,2024-01-12,Completed,Web,0.01
9685,61,641,2,1517.0900,2024-02-05,Cancelled,Store,0.07
9686,54,1774,3,343.9500,2024-02-15,Cancelled,Web,0.16
9687,44,1639,4,1302.8600,2024-02-17,Completed,Store,0.09
9688,17,531,2,341.1000,2024-01-30,Cancelled,Web,0.25
9689,42,288,1,986.4900,2024-01-22,Cancelled,App,0.11
9690,99,1918,3,701.4000,2024-01-01,Cancelled,Store,0.07
9691,77,977,3,722.7900,2024-02-05,Completed,Web,0.15
9692,63,213,2,1900.9700,2024-02-23,Cancelled,Store,0.14
9693,54,1370,2,135.7100,2024-01-22,Completed,Web,0.16
9694,92,993,4,417.5000,2024-01-01,Cancelled,Web,0.08
9695,34,1999,4,557.6200,2024-01-31,Completed,App,0.22
9696,34,1982,2,166.1700,2024-01-07,Completed,Store,0.13
9697,13,746,4,1108.1700,2024-02-27,Cancelled,App,0.29
9698,72,1817,2,1207.1300,2024-01-28,Completed,Web,0.17
9699,74,1361,5,554.2900,2024-02-25,Completed,Web,0.05
9700,63,1871,3,1763.0700,2024-01-19,Completed,Store,0.12
9701,91,1127,2,1737.7400,2024-02-21,Completed,Web,0.07
9702,69,343,2,303.4800,2024-02-29,Completed,Web,0.22
9703,79,1459,5,1203.8300,2024-02-08,Completed,App,0.13
9704,24,244,1,752.0800,2024-01-13,Completed,Store,0.29
9705,67,1572,2,1627.3800,2024-02-17,Cancelled,Store,0.23
9706,100,733,3,1971.0500,2024-02-28,Completed,Web,0.19
9707,54,181,4,1841.0300,2024-01-23,Cancelled,App,0.26
9708,2,1729,4,599.6600,2024-02-26,Completed,Web,0.1
9709,71,216,5,802.6200,2024-01-12,Cancelled,App,0.26
9710,39,368,5,1516.9100,2024-01-16,Cancelled,Store,0.21
9711,65,915,2,739.6600,2024-02-20,Completed,Web,0.25
9712,78,1562,5,1344.2900,2024-02-05,Cancelled,Web,0.15
9713,1,318,5,1176.5500,2024-02-20,Completed,App,0.28
9714,87,681,1,1120.5300,2024-01-03,Completed,Web,0.09
9715,24,138,1,1818.1400,2024-01-29,Completed,App,0.25
9716,80,1653,4,1748.0700,2024-02-24,Cancelled,Web,0.12
9717,70,647,2,1329.6500,2024-01-11,Completed,App,0.27
9718,82,1081,2,1981.2900,2024-02-05,Completed,Web,0.26
9719,80,537,5,1453.6600,2024-02-29,Cancelled,App,0.27
9720,36,233,5,556.6300,2024-01-28,Cancelled,App,0.01
9721,41,1510,1,1120.3900,2024-02-04,Completed,App,0.24
9722,49,766,2,312.0300,2024-02-28,Cancelled,App,0.06
9723,86,1563,2,448.1700,2024-01-06,Completed,App,0.07
9724,2,163,1,820.0700,2024-01-09,Cancelled,Web,0.1
9725,86,835,5,739.0400,2024-02-25,Cancelled,Store,0.01
9726,27,304,5,854.6000,2024-01-29,Cancelled,Store,0.16
9727,34,717,5,1645.7900,2024-01-24,Completed,App,0.14
9728,100,492,1,1658.3300,2024-02-02,Cancelled,App,0.28
9729,21,304,2,377.8000,2024-02-03,Completed,Store,0.15
9730,71,1145,3,1352.9200,2024-02-05,Completed,Web,0.02
9731,70,1124,2,290.6800,2024-02-11,Completed,Web,0.16
9732,59,646,3,868.9300,2024-01-24,Cancelled,App,0.08
9733,74,414,3,1087.7000,2024-02-11,Cancelled,App,0.1
9734,78,1836,3,1190.0500,2024-02-15,Completed,Store,0.19
9735,84,1709,5,1321.4500,2024-01-03,Completed,Web,0.06
9736,14,1170,1,1927.4400,2024-01-12,Completed,Web,0.12
9737,77,1332,5,1892.5700,2024-02-26,Cancelled,Web,0.07
9738,91,1641,2,1685.1300,2024-01-29,Cancelled,Store,0.2
9739,51,131,2,1691.1700,2024-01-28,Completed,Web,0.01
9740,86,318,1,1352.2100,2024-02-20,Cancelled,Store,0.14
9741,20,1983,1,1238.4900,2024-02-10,Cancelled,Store,0.3
9742,2,1503,1,898.0100,2024-02-07,Cancelled,Store,0.26
9743,21,1545,3,170.4200,2024-01-23,Completed,App,0.04
9744,38,1788,3,1697.2400,2024-02-06,Completed,Store,0.01
9745,83,1953,5,1616.2600,2024-01-31,Completed,Store,0.06
9746,35,452,3,1605.8400,2024-01-12,Completed,Store,0.18
9747,61,1393,2,634.5200,2024-02-15,Completed,App,0
9748,37,1795,1,210.9100,2024-01-09,Completed,Store,0.01
9749,75,1348,2,373.3100,2024-02-29,Cancelled,Store,0.11
9750,39,452,2,682.1200,2024-02-09,Completed,App,0.13
9751,13,1472,5,1099.1100,2024-02-15,Cancelled,Store,0.03
9752,61,759,1,1671.1600,2024-01-23,Completed,App,0.04
9753,100,192,3,1666.9300,2024-01-13,Completed,App,0.04
9754,82,409,5,1784.7900,2024-02-06,Cancelled,Store,0.23
9755,22,1884,5,785.1800,2024-01-14,Completed,App,0.23
9756,17,1221,2,1919.7500,2024-01-12,Cancelled,Web,0.29
9757,1,1057,2,842.2600,2024-02-11,Cancelled,App,0.06
9758,7,1760,1,720.8100,2024-01-09,Completed,Web,0.01
9759,1,1962,1,284.1300,2024-01-26,Completed,Store,0.25
9760,23,516,4,677.7700,2024-02-21,Cancelled,Store,0.29
9761,90,1627,3,669.1200,2024-03-01,Cancelled,Web,0.1
9762,3,502,1,477.7200,2024-01-06,Cancelled,App,0.22
9763,11,173,5,1121.8200,2024-02-09,Completed,Store,0.03
9764,74,1508,2,840.6700,2024-01-20,Completed,Web,0.27
9765,39,1873,2,901.4600,2024-01-03,Completed,Web,0.28
9766,25,1676,1,298.3900,2024-01-01,Completed,App,0.15
9767,66,762,3,143.8900,2024-02-11,Cancelled,Store,0.12
9768,49,55,1,1214.8300,2024-02-21,Cancelled,App,0.13
9769,11,1141,3,552.7700,2024-01-19,Completed,App,0.07
9770,15,408,1,1562.4200,2024-01-08,Cancelled,App,0.15
9771,4,1731,1,1659.8900,2024-02-26,Cancelled,Web,0.02
9772,38,568,3,1706.1700,2024-02-07,Completed,Web,0.14
9773,21,1592,1,1474.5100,2024-03-01,Cancelled,App,0.04
9774,28,1843,1,998.1600,2024-01-29,Completed,Web,0.02
9775,13,1395,5,118.9900,2024-02-08,Completed,Store,0.19
9776,92,1465,1,1140.6400,2024-01-23,Completed,App,0.1
9777,50,1129,5,920.3900,2024-01-24,Completed,Web,0.25
9778,28,793,4,1675.7900,2024-02-18,Completed,App,0.2
9779,46,668,5,521.3100,2024-01-07,Completed,Store,0.2
9780,39,1455,4,1964.2500,2024-01-17,Completed,Web,0.24
9781,31,1663,2,1704.6800,2024-02-15,Cancelled,Store,0.24
9782,73,213,2,383.4800,2024-02-29,Cancelled,Store,0.25
9783,88,1319,5,468.0100,2024-01-02,Cancelled,Web,0.27
9784,94,1048,1,1982.8400,2024-01-06,Completed,Web,0.23
9785,16,674,1,1240.9000,2024-01-05,Cancelled,Web,0.3
9786,98,491,5,1237.6600,2024-01-26,Completed,Web,0.11
9787,52,997,3,1734.3600,2024-02-18,Completed,App,0.18
9788,66,140,3,126.3900,2024-01-22,Cancelled,Store,0.09
9789,32,1153,1,1055.3400,2024-01-17,Completed,Web,0.13
9790,14,1614,5,256.9800,2024-01-06,Completed,App,0.03
9791,64,1540,4,345.6700,2024-01-22,Completed,Store,0.27
9792,43,1387,2,456.4100,2024-01-27,Cancelled,Web,0.01
9793,22,884,4,1799.3900,2024-02-11,Cancelled,App,0.11
9794,19,187,3,720.4200,2024-01-11,Cancelled,Store,0.01
9795,75,1329,4,274.0500,2024-01-30,Cancelled,Store,0.27
9796,42,1762,5,1820.3700,2024-02-17,Cancelled,App,0.2
9797,40,448,4,154.0900,2024-01-04,Completed,Store,0.24
9798,93,1600,3,1482.9600,2024-01-17,Cancelled,App,0.29
9799,79,180,2,898.7400,2024-01-03,Completed,Store,0.11
9800,48,435,4,1497.2300,2024-01-14,Cancelled,App,0.19
9801,94,276,4,723.5200,2024-02-27,Cancelled,Web,0.19
9802,16,1839,3,1987.6000,2024-01-15,Cancelled,Web,0.3
9803,48,1661,3,708.1400,2024-01-11,Completed,Store,0.08
9804,85,1495,2,927.7100,2024-01-28,Cancelled,Store,0.16
9805,36,653,5,1952.3100,2024-02-12,Completed,Store,0.02
9806,68,1239,3,136.5000,2024-02-26,Cancelled,App,0.22
9807,18,1218,1,204.6100,2024-01-05,Completed,App,0.17
9808,98,1588,3,1042.9000,2024-01-02,Completed,Web,0.04
9809,64,1854,5,1788.9600,2024-01-06,Completed,App,0.15
9810,86,600,1,721.4000,2024-01-27,Cancelled,Web,0.07
9811,51,394,4,1173.0300,2024-01-04,Completed,Web,0.08
9812,74,40,4,881.6100,2024-01-11,Completed,Store,0.24
9813,61,1688,3,1200.9500,2024-02-29,Completed,Store,0.19
9814,31,1620,1,1529.5300,2024-02-09,Cancelled,App,0.02
9815,62,1404,4,1410.3400,2024-02-28,Cancelled,Web,0.01
9816,13,64,4,347.1000,2024-01-01,Cancelled,App,0.11
9817,22,1511,5,580.9600,2024-02-09,Completed,Store,0.14
9818,99,1649,4,1383.4700,2024-01-08,Completed,Store,0.27
9819,50,450,3,769.9600,2024-01-04,Completed,App,0.17
9820,94,1652,1,1032.4300,2024-01-08,Completed,Web,0.28
9821,91,1808,3,1772.7100,2024-01-10,Completed,Web,0.18
9822,20,907,4,1671.0200,2024-01-08,Completed,App,0.08
9823,68,1929,1,1896.6700,2024-01-05,Completed,Store,0.22
9824,48,375,1,1814.5500,2024-02-24,Completed,Store,0.24
9825,34,817,4,344.2500,2024-01-14,Cancelled,App,0.15
9826,97,437,4,152.6400,2024-02-26,Completed,Store,0.25
9827,84,1003,1,1819.7400,2024-02-27,Completed,Web,0.26
9828,43,1134,2,485.1000,2024-01-28,Cancelled,App,0.25
9829,93,463,1,745.2700,2024-01-09,Cancelled,App,0.21
9830,64,1225,5,1129.6000,2024-01-25,Cancelled,App,0.02
9831,54,833,2,1843.9300,2024-02-05,Completed,App,0.14
9832,55,253,1,326.4600,2024-02-01,Cancelled,App,0.03
9833,75,470,3,1386.4000,2024-02-17,Completed,App,0.19
9834,80,1427,4,1036.2600,2024-01-29,Cancelled,App,0.22
9835,86,1194,2,1131.6700,2024-02-15,Cancelled,Store,0.18
9836,89,1403,4,1606.4900,2024-01-05,Cancelled,Web,0.27
9837,76,836,4,648.0300,2024-01-11,Cancelled,Web,0.25
9838,5,1830,3,946.3200,2024-01-26,Cancelled,Web,0.21
9839,38,1120,2,971.9200,2024-01-14,Completed,Store,0.02
9840,11,986,2,121.6900,2024-02-06,Cancelled,Web,0.15
9841,52,1276,4,550.5300,2024-01-18,Completed,Store,0.15
9842,65,263,5,1689.5000,2024-02-14,Completed,Store,0.23
9843,23,960,3,1160.0100,2024-01-01,Cancelled,Web,0.12
9844,51,1235,1,1712.8600,2024-01-26,Completed,Store,0.2
9845,37,1534,4,851.7200,2024-02-15,Completed,Web,0.29
9846,20,496,1,1785.1500,2024-02-04,Cancelled,Store,0.26
9847,30,33,3,595.7500,2024-02-01,Cancelled,Web,0.06
9848,70,1908,1,356.0300,2024-01-03,Completed,App,0.03
9849,72,81,4,250.2400,2024-01-20,Completed,App,0.27
9850,78,1932,5,198.9700,2024-02-12,Completed,Store,0.07
9851,36,1367,1,1520.0900,2024-02-12,Completed,App,0.22
9852,99,492,3,688.1800,2024-02-21,Completed,Web,0.05
9853,57,1325,4,1051.9500,2024-01-26,Cancelled,Store,0.19
9854,66,1470,1,1288.0600,2024-01-27,Cancelled,Store,0.15
9855,43,1393,1,190.4000,2024-01-19,Cancelled,Web,0.2
9856,17,207,3,305.2300,2024-02-19,Cancelled,Web,0.24
9857,40,17,2,685.4900,2024-02-03,Completed,App,0.06
9858,53,165,1,1605.4100,2024-01-23,Cancelled,App,0.28
9859,83,69,4,290.9800,2024-02-28,Cancelled,App,0.16
9860,33,1887,2,1627.9300,2024-01-03,Completed,Web,0.27
9861,75,80,2,484.7800,2024-02-15,Completed,Web,0.07
9862,35,1124,1,1453.5300,2024-02-18,Cancelled,App,0.01
9863,51,256,5,1488.0100,2024-02-01,Cancelled,App,0.18
9864,46,1431,1,171.5100,2024-02-09,Cancelled,Store,0.03
9865,64,440,3,1278.5200,2024-02-21,Cancelled,Store,0.11
9866,54,997,1,1816.0900,2024-02-20,Completed,Web,0.2
9867,28,209,3,198.8900,2024-02-15,Cancelled,Store,0.07
9868,59,1888,4,903.2000,2024-01-31,Completed,Web,0.08
9869,96,1592,3,289.8500,2024-01-23,Cancelled,Store,0.3
9870,86,1334,5,2430.1400,2024-02-01,Cancelled,Store,0.21
9871,41,228,4,549.1800,2024-01-02,Cancelled,Store,0.21
9872,14,20,4,1665.0300,2024-01-14,Completed,Store,0.06
9873,93,326,4,1115.2700,2024-01-20,Completed,Store,0.16
9874,46,626,5,253.2600,2024-02-26,Cancelled,Web,0.24
9875,67,99,4,378.3200,2024-02-20,Cancelled,App,0.25
9876,49,371,4,1638.4500,2024-02-13,Completed,App,0.05
9877,80,148,2,808.0200,2024-01-22,Cancelled,Web,0.28
9878,2,362,4,398.0300,2024-02-15,Cancelled,App,0.01
9879,26,252,5,1430.4700,2024-02-01,Cancelled,App,0.18
9880,22,1608,1,1479.5400,2024-01-23,Completed,Web,0
9881,56,834,3,581.3400,2024-01-24,Cancelled,Web,0.15
9882,82,1751,1,1223.5300,2024-01-11,Completed,Web,0.11
9883,15,1482,1,281.6600,2024-02-16,Completed,Store,0.09
9884,83,1232,2,665.2800,2024-01-03,Completed,Store,0.14
9885,13,1485,4,1262.4700,2024-02-05,Cancelled,Web,0.04
9886,64,1763,4,1114.5400,2024-02-12,Cancelled,App,0.15
9887,85,556,2,718.5400,2024-01-02,Completed,Store,0.3
9888,71,1590,3,1721.7600,2024-03-01,Completed,Web,0.12
9889,23,757,3,1549.4000,2024-01-30,Cancelled,App,0.11
9890,96,1315,4,284.5600,2024-01-28,Cancelled,Web,0.26
9891,85,967,1,1576.8300,2024-01-16,Cancelled,Web,0.23
9892,97,1346,4,1724.3100,2024-02-02,Cancelled,Web,0.17
9893,51,1889,3,1336.0300,2024-01-14,Cancelled,App,0.26
9894,93,198,3,798.5900,2024-02-05,Cancelled,Store,0.03
9895,27,763,4,1122.1200,2024-01-23,Cancelled,Store,0.21
9896,31,523,5,146.0700,2024-01-17,Completed,Web,0.16
9897,93,1955,5,1063.6100,2024-02-13,Cancelled,Web,0.27
9898,63,179,2,526.6700,2024-01-05,Cancelled,App,0.03
9899,37,1296,4,140.2600,2024-01-11,Completed,Web,0.24
9900,29,1308,5,242.8700,2024-03-01,Cancelled,App,0.17
9901,74,428,4,129.9900,2024-02-14,Completed,Web,0.04
9902,59,1493,2,137.4400,2024-03-01,Cancelled,Web,0.22
9903,50,251,4,1144.5200,2024-02-08,Cancelled,Store,0.1
9904,59,604,3,986.0800,2024-01-08,Cancelled,Store,0.14
9905,55,1071,2,145.7000,2024-01-05,Cancelled,App,0.02
9906,78,166,5,1068.5300,2024-02-21,Cancelled,Web,0.19
9907,23,1301,5,417.7000,2024-01-25,Cancelled,Web,0.08
9908,36,102,4,1323.8900,2024-01-08,Completed,Web,0.02
9909,77,325,3,1473.1300,2024-02-10,Completed,Store,0.16
9910,57,1069,3,1031.2300,2024-01-24,Completed,Store,0.25
9911,62,543,4,1368.7100,2024-02-01,Completed,App,0.13
9912,3,1750,1,1237.8200,2024-01-20,Completed,App,0.06
9913,58,933,2,908.9100,2024-01-19,Cancelled,Web,0.09
9914,21,260,5,1815.6200,2024-01-05,Cancelled,Web,0.21
9915,70,332,4,1955.2200,2024-01-10,Cancelled,Web,0.22
9916,25,417,4,323.7600,2024-02-17,Completed,Store,0.18
9917,64,1205,4,611.6900,2024-01-12,Completed,Web,0.3
9918,50,1593,4,455.6800,2024-01-01,Cancelled,App,0.13
9919,62,1471,2,1037.6100,2024-01-23,Completed,Web,0.23
9920,59,1981,3,1545.0400,2024-02-25,Cancelled,Store,0.05
9921,12,102,4,881.0800,2024-02-14,Cancelled,App,0.05
9922,39,798,3,1280.3600,2024-01-19,Completed,Store,0.25
9923,31,803,3,1169.4100,2024-01-11,Cancelled,App,0.03
9924,94,1071,2,1485.8200,2024-02-06,Cancelled,Store,0.17
9925,20,1652,1,1215.7200,2024-02-16,Completed,App,0.11
9926,5,47,2,1238.5600,2024-02-12,Cancelled,App,0.09
9927,35,194,1,657.2600,2024-01-29,Completed,App,0.2
9928,4,120,3,1114.5900,2024-01-05,Cancelled,App,0.28
9929,15,1135,5,862.1700,2024-02-04,Cancelled,App,0.16
9930,11,1086,1,545.7700,2024-02-25,Completed,Store,0.22
9931,84,1193,5,796.2100,2024-02-25,Completed,Store,0.23
9932,33,970,2,430.8500,2024-01-16,Completed,App,0
9933,80,1568,5,1423.2200,2024-02-26,Completed,Web,0.26
9934,38,369,3,365.8400,2024-01-27,Completed,Store,0.24
9935,11,858,3,288.6400,2024-01-11,Cancelled,Web,0.03
9936,42,1683,3,1627.0300,2024-02-10,Cancelled,App,0.21
9937,1,1741,5,931.3800,2024-01-13,Cancelled,App,0.13
9938,22,17,1,549.4200,2024-02-11,Completed,Store,0.01
9939,17,1766,2,395.1100,2024-01-22,Cancelled,Web,0.12
9940,34,587,2,489.4400,2024-02-07,Completed,Store,0.12
9941,77,1175,2,1636.7000,2024-01-12,Completed,Store,0.15
9942,96,741,1,192.0600,2024-01-20,Completed,Store,0.06
9943,17,898,5,364.5000,2024-02-14,Cancelled,Store,0.08
9944,24,330,3,569.5600,2024-01-26,Completed,Web,0.28
9945,23,638,4,1180.6100,2024-02-14,Cancelled,App,0.18
9946,10,1252,3,912.2300,2024-01-21,Cancelled,App,0.24
9947,8,1428,4,354.8900,2024-02-07,Cancelled,Web,0.19
9948,55,25,2,1715.1800,2024-02-08,Completed,Store,0.13
9949,87,138,1,496.3900,2024-01-21,Completed,Web,0.11
9950,16,509,5,282.0700,2024-01-19,Completed,Store,0.14
9951,60,536,1,1824.5300,2024-02-20,Cancelled,App,0.1
9952,5,68,2,1259.8000,2024-02-27,Cancelled,App,0.2
9953,33,1969,5,533.7500,2024-02-11,Completed,Store,0
9954,93,1429,4,516.9200,2024-01-04,Completed,Web,0.29
9955,60,981,3,809.3000,2024-02-11,Completed,Web,0.11
9956,78,140,4,1098.5400,2024-02-11,Cancelled,Web,0.12
9957,31,1486,5,1338.4900,2024-02-09,Completed,Web,0.25
9958,99,1582,5,872.0200,2024-02-26,Completed,App,0.14
9959,71,1204,1,1032.2200,2024-01-24,Completed,Web,0.29
9960,68,1799,2,1059.3100,2024-02-12,Cancelled,Store,0.2
9961,54,1352,3,821.4500,2024-01-01,Cancelled,Web,0.18
9962,27,1280,4,1533.2500,2024-02-03,Completed,Web,0.03
9963,84,1377,5,1240.0600,2024-02-29,Completed,Store,0.01
9964,78,481,1,130.5500,2024-01-30,Cancelled,App,0.3
9965,29,1594,2,1748.0000,2024-02-16,Cancelled,App,0
9966,90,128,4,1314.8300,2024-02-13,Cancelled,App,0.27
9967,79,538,4,1208.2100,2024-01-09,Cancelled,App,0.19
9968,71,316,1,1071.3200,2024-01-10,Cancelled,App,0.12
9969,69,1995,4,152.6500,2024-03-01,Completed,App,0.27
9970,85,219,2,1718.7900,2024-02-23,Cancelled,Store,0.07
9971,91,587,2,485.8500,2024-02-16,Cancelled,Web,0.25
9972,57,1095,1,1180.4300,2024-01-15,Completed,Web,0.28
9973,8,1170,4,146.5100,2024-01-28,Completed,Store,0.04
9974,20,1278,3,456.2800,2024-02-24,Cancelled,Web,0.29
9975,56,1989,5,600.9900,2024-01-21,Completed,Web,0.16
9976,46,908,3,1802.6400,2024-01-23,Cancelled,Store,0.1
9977,87,525,5,1959.3600,2024-01-26,Completed,App,0.07
9978,1,837,2,872.6800,2024-02-15,Completed,Web,0.26
9979,51,1041,5,1982.4800,2024-02-10,Completed,Store,0.01
9980,70,109,5,1215.8900,2024-01-28,Completed,App,0.27
9981,98,996,5,737.2000,2024-01-04,Cancelled,Web,0.16
9982,81,910,2,184.5100,2024-01-18,Completed,App,0.23
9983,59,644,5,263.0600,2024-02-23,Completed,Store,0.17
9984,57,776,4,129.8300,2024-02-01,Completed,Store,0.22
9985,24,660,4,1783.0600,2024-02-11,Cancelled,Store,0.24
9986,53,378,2,919.7300,2024-01-13,Cancelled,Store,0.03
9987,66,384,3,862.4500,2024-02-19,Cancelled,Store,0.19
9988,1,1615,4,406.8100,2024-01-12,Cancelled,App,0.11
9989,41,1236,5,235.3300,2024-01-15,Cancelled,Store,0.16
9990,90,581,5,452.0900,2024-02-04,Cancelled,Web,0.23
9991,3,1719,3,1821.9200,2024-02-14,Cancelled,Web,0.28
9992,50,891,4,1381.3800,2024-02-18,Completed,Web,0.28
9993,98,210,3,525.2000,2024-02-13,Cancelled,App,0.28
9994,24,1628,1,479.5400,2024-02-20,Cancelled,Web,0.07
9995,98,1653,2,682.6900,2024-01-07,Cancelled,App,0.21
9996,78,1765,2,1141.3800,2024-02-10,Cancelled,Web,0.1
9997,80,738,5,759.1100,2024-02-07,Cancelled,App,0.06
9998,47,299,3,1056.9100,2024-02-17,Completed,App,0.24
9999,56,1540,2,488.6300,2024-01-15,Cancelled,Web,0.01
10000,97,192,5,1456.8200,2024-01-08,Cancelled,Web,0.26
