order_id,payment_amount,payment_method,payment_date
16228,154.6900,NetBanking,2024-01-10
11388,1415.7600,Wallet,2024-01-18
14772,373.1900,NetBanking,2024-01-09
3002,1679.1100,NetBanking,2024-02-24
8702,1604.2300,Wallet,2024-01-12
2713,611.8900,Wallet,2024-01-04
16472,1772.7600,NetBanking,2024-02-12
3604,1125.5100,Wallet,2024-01-03
16367,174.8400,Wallet,2024-01-19
18286,1137.7700,UPI,2024-01-17
13003,1884.4200,NetBanking,2024-02-14
6510,182.2900,Card,2024-02-12
3077,940.6000,NetBanking,2024-01-05
12040,1635.1400,Wallet,2024-01-18
14327,610.6100,UPI,2024-01-31
9440,1557.6000,Card,2024-02-24
19902,399.5500,Card,2024-02-14
4066,553.6100,NetBanking,2024-02-29
15922,1434.6000,Card,2024-02-18
15860,1892.2000,UPI,2024-02-24
18540,1282.2700,Card,2024-01-17
16773,1846.4000,NetBanking,2024-01-09
3842,167.9100,Wallet,2024-02-11
15379,1153.6000,UPI,2024-01-24
15662,880.1900,NetBanking,2024-02-23
6916,890.8100,Wallet,2024-01-23
12345,146.7600,Card,2024-02-28
14764,1470.1000,Card,2024-03-01
8488,506.1400,Wallet,2024-02-11
17558,562.3100,NetBanking,2024-02-25
8516,106.6300,Card,2024-01-30
10315,332.6900,Card,2024-01-07
12721,1012.2800,NetBanking,2024-02-26
1469,743.5400,UPI,2024-02-08
7045,1928.1900,UPI,2024-01-18
5015,1302.7500,Wallet,2024-02-16
14901,904.9900,Card,2024-02-27
14372,1805.9900,UPI,2024-01-16
13454,1180.8900,Wallet,2024-02-08
2056,470.1800,Wallet,2024-02-09
1052,1953.4700,Card,2024-02-05
3987,1122.6700,UPI,2024-02-13
12093,907.2500,UPI,2024-02-18
3141,1697.1500,UPI,2024-01-17
18369,1432.7800,NetBanking,2024-01-27
4929,1067.7700,UPI,2024-02-29
14480,1798.6300,Wallet,2024-01-28
11698,437.0800,Card,2024-01-11
6258,782.4400,UPI,2024-02-28
9196,1242.7900,UPI,2024-01-19
910,1823.9200,Wallet,2024-01-04
1234,195.9300,NetBanking,2024-01-13
10749,1842.9400,NetBanking,2024-02-22
3893,377.2000,Card,2024-02-26
8148,1675.2200,NetBanking,2024-02-26
14775,1072.3300,NetBanking,2024-01-09
14415,381.3300,Card,2024-01-31
2580,110.5700,UPI,2024-01-09
11435,1585.6900,NetBanking,2024-01-23
10124,186.6400,Wallet,2024-02-18
15854,1763.1700,Wallet,2024-02-18
848,148.7700,UPI,2024-01-23
13310,1529.1600,Card,2024-01-27
2969,1551.2200,Card,2024-01-09
8920,1112.6100,UPI,2024-02-06
14044,1805.1400,UPI,2024-01-03
17097,408.2000,NetBanking,2024-01-21
2228,353.6700,Wallet,2024-01-27
2500,218.0700,Card,2024-02-28
7279,1079.5200,Card,2024-02-18
19076,1434.7100,NetBanking,2024-02-17
2848,1682.6200,UPI,2024-02-19
7137,715.6500,Card,2024-02-16
11921,102.7000,UPI,2024-01-08
1802,1045.2500,UPI,2024-02-15
8221,369.7700,NetBanking,2024-02-11
6891,1170.9400,UPI,2024-01-06
4655,1969.7400,Card,2024-02-10
10313,1117.6400,NetBanking,2024-02-15
6201,1855.9900,NetBanking,2024-01-10
7348,497.2000,Card,2024-01-30
13770,325.4200,UPI,2024-02-11
12209,888.9000,NetBanking,2024-01-25
6351,1509.4200,NetBanking,2024-01-03
5247,280.0700,Wallet,2024-01-13
17621,1529.2000,Wallet,2024-01-09
18033,1521.3800,UPI,2024-01-11
11288,1932.9900,Card,2024-01-22
8963,1714.7100,Card,2024-02-13
19598,851.7600,Card,2024-03-01
17905,882.5000,Card,2024-01-14
1846,745.3100,Card,2024-02-21
9817,1265.5400,Card,2024-01-20
17389,684.4800,NetBanking,2024-02-08
6390,1694.5800,NetBanking,2024-01-06
10213,1922.3600,Card,2024-02-05
15010,1880.2400,Wallet,2024-01-10
6314,447.0600,Wallet,2024-02-17
17995,1582.7200,Wallet,2024-02-02
16150,710.7900,Wallet,2024-02-09
5476,1424.6900,Wallet,2024-01-20
5580,951.3200,UPI,2024-02-14
5230,1229.7900,NetBanking,2024-01-28
18579,1519.4100,UPI,2024-01-29
15282,207.8000,NetBanking,2024-02-24
13470,1646.2500,UPI,2024-02-15
12360,1880.1100,NetBanking,2024-02-09
1903,1613.4000,Card,2024-01-11
6530,1817.4400,Card,2024-02-24
10106,1458.7300,Wallet,2024-01-04
1818,861.0500,Card,2024-01-24
15646,1969.3500,NetBanking,2024-01-21
10113,240.5300,Wallet,2024-01-01
2223,1544.0700,UPI,2024-02-08
1964,1907.5400,Card,2024-02-13
4823,523.9800,UPI,2024-01-23
4051,104.8100,Card,2024-01-31
12246,1238.6200,Card,2024-01-11
7426,490.2800,Card,2024-02-27
6739,1230.4500,UPI,2024-02-10
7131,1148.1600,UPI,2024-01-10
5500,1418.3000,Card,2024-01-14
14057,103.4300,NetBanking,2024-01-06
99,984.5400,NetBanking,2024-01-04
11781,1506.0100,Wallet,2024-01-09
14601,1677.5900,Card,2024-01-29
8504,1536.4400,NetBanking,2024-01-31
2094,777.9600,Card,2024-01-22
4983,1099.2800,Wallet,2024-02-28
10780,1121.8000,UPI,2024-02-03
17876,913.5700,Card,2024-02-03
17866,713.7400,Wallet,2024-01-10
6973,1980.0500,NetBanking,2024-01-06
16691,1144.2200,NetBanking,2024-01-18
1281,946.9000,Wallet,2024-01-01
3948,1591.2800,Wallet,2024-02-27
5798,860.4800,Card,2024-02-28
3573,1610.6800,UPI,2024-02-23
18051,489.0800,Card,2024-02-01
10244,1101.6800,Wallet,2024-01-29
6219,336.9800,Card,2024-01-08
19717,465.8400,Wallet,2024-01-18
2586,357.7300,UPI,2024-01-19
10286,1305.3000,UPI,2024-02-04
17246,1793.7300,Card,2024-01-26
4403,1370.7100,UPI,2024-02-26
6812,1347.5400,Wallet,2024-01-01
12262,1162.5800,UPI,2024-01-29
17739,519.1800,Wallet,2024-02-04
17411,1128.9700,Card,2024-01-14
16457,1039.7600,Card,2024-01-26
14038,1956.4400,NetBanking,2024-02-18
501,386.7100,NetBanking,2024-01-12
6943,1749.3200,Card,2024-01-23
19528,791.2600,Card,2024-02-15
1390,167.3600,UPI,2024-02-11
149,1270.2700,NetBanking,2024-02-22
11754,1703.9500,Wallet,2024-01-21
842,934.5800,NetBanking,2024-02-01
14167,744.7600,Wallet,2024-01-07
11420,1841.2600,Wallet,2024-02-26
13231,669.2700,Card,2024-02-28
19536,1318.3000,UPI,2024-01-27
13617,951.5000,Card,2024-01-19
6996,836.0600,Card,2024-02-27
16488,293.4900,Card,2024-01-06
6915,1468.3500,Card,2024-02-22
8414,112.8900,UPI,2024-01-07
16412,499.0000,UPI,2024-01-24
1251,636.6000,Wallet,2024-02-17
864,1839.5900,UPI,2024-02-26
17377,986.4700,Wallet,2024-02-25
17156,632.0800,Card,2024-02-02
6105,371.5300,NetBanking,2024-01-31
15402,1011.8100,NetBanking,2024-01-24
12318,442.8300,UPI,2024-01-20
5619,512.3300,UPI,2024-01-13
12627,733.1500,UPI,2024-02-25
18258,1440.4400,Wallet,2024-02-21
6041,238.5800,Card,2024-01-03
3936,497.3100,UPI,2024-02-03
17343,598.5600,UPI,2024-02-09
4526,1586.0800,UPI,2024-02-04
3295,768.3500,Wallet,2024-01-16
7890,362.1700,UPI,2024-02-18
15603,336.5300,Wallet,2024-01-06
1219,759.0300,NetBanking,2024-01-29
15195,1813.8300,Wallet,2024-01-29
12897,1806.8800,Wallet,2024-02-09
5848,1559.7900,Wallet,2024-01-29
8179,1821.8300,UPI,2024-01-06
15803,441.0200,Wallet,2024-02-06
17032,385.3300,Card,2024-01-31
10680,1335.9500,NetBanking,2024-02-07
5703,1260.0600,Card,2024-02-01
3389,743.2300,NetBanking,2024-01-02
19394,1475.1700,NetBanking,2024-01-16
4869,1858.0500,Card,2024-01-14
19442,1579.1600,Wallet,2024-01-22
17859,262.3700,NetBanking,2024-02-04
13839,1247.1400,Wallet,2024-01-30
7018,724.2000,NetBanking,2024-02-13
17514,271.5700,UPI,2024-01-02
12695,1338.3400,UPI,2024-01-07
3654,1976.9600,Wallet,2024-01-02
15313,1458.2100,Wallet,2024-02-20
14261,1954.7000,UPI,2024-02-27
3454,718.2500,NetBanking,2024-01-19
11127,229.6500,Card,2024-02-29
19224,169.2500,Card,2024-01-18
590,167.8200,Wallet,2024-02-21
19949,1317.7300,Card,2024-02-12
18881,1412.1300,Card,2024-01-15
8331,1756.4300,NetBanking,2024-01-16
8514,898.9900,Wallet,2024-02-23
7102,1592.6300,Wallet,2024-02-27
12254,618.5800,Card,2024-01-20
3020,594.7900,UPI,2024-01-01
18744,1765.7900,NetBanking,2024-02-20
17589,345.5200,Wallet,2024-02-16
2181,767.3100,Wallet,2024-02-10
14007,311.7900,UPI,2024-02-12
7493,360.2800,UPI,2024-02-21
8006,989.5200,UPI,2024-02-14
6099,486.1900,Card,2024-02-15
19104,748.2300,Wallet,2024-01-21
5297,490.4000,Card,2024-02-12
7863,1388.6800,Wallet,2024-01-26
15759,1622.2000,NetBanking,2024-02-21
5987,993.3600,NetBanking,2024-01-02
12182,1524.0400,NetBanking,2024-02-02
18342,139.3700,Wallet,2024-01-18
12904,1574.7000,UPI,2024-02-28
9601,422.0100,Card,2024-02-29
17787,1821.5600,NetBanking,2024-01-26
10118,1030.7700,Wallet,2024-01-29
3593,1992.6200,UPI,2024-01-28
7012,847.9700,Card,2024-01-09
10416,1875.8000,Wallet,2024-01-01
18501,1095.3300,Card,2024-01-19
3773,1576.4000,Wallet,2024-01-17
7864,1264.1100,Card,2024-01-17
1010,1244.9000,UPI,2024-03-01
6814,436.3200,UPI,2024-02-01
17308,1233.6300,Wallet,2024-01-08
17726,281.2900,Card,2024-02-02
841,1872.3200,UPI,2024-01-17
12818,483.0400,Card,2024-01-28
5762,188.0700,NetBanking,2024-02-04
6723,1978.6900,Wallet,2024-01-17
19975,1770.6900,NetBanking,2024-02-16
9193,1795.2300,Wallet,2024-02-24
14922,1399.3200,Wallet,2024-01-20
6517,473.8500,NetBanking,2024-01-17
7440,890.6000,Wallet,2024-02-28
16675,456.4300,Wallet,2024-02-22
8780,1872.3800,Card,2024-02-18
19064,1675.9800,UPI,2024-01-29
8410,276.6100,NetBanking,2024-01-24
11579,742.6600,UPI,2024-01-21
14100,691.3900,Wallet,2024-02-12
15479,501.6500,NetBanking,2024-03-01
13776,766.6000,UPI,2024-01-03
6574,1505.9800,Wallet,2024-02-25
12598,1941.1500,Wallet,2024-02-13
2560,1250.5600,NetBanking,2024-01-26
9912,165.9200,Wallet,2024-02-24
15571,967.0000,UPI,2024-02-26
3904,1022.8300,NetBanking,2024-02-05
4856,1519.3900,Wallet,2024-01-10
3306,806.9800,NetBanking,2024-02-18
2000,1893.0800,Wallet,2024-02-22
8454,1793.6200,UPI,2024-01-01
4034,1083.6000,Card,2024-02-01
6448,1548.3100,UPI,2024-02-20
237,380.3800,Wallet,2024-01-16
16879,1675.8100,Wallet,2024-02-24
13747,357.9600,NetBanking,2024-01-09
19560,1272.0200,Card,2024-02-18
10432,875.4700,Wallet,2024-02-26
13846,565.1000,NetBanking,2024-01-19
19877,262.6000,UPI,2024-01-12
13250,1029.0900,UPI,2024-02-10
10209,758.8100,Wallet,2024-01-02
1650,1626.0100,UPI,2024-01-25
3772,1445.6600,Wallet,2024-02-14
15785,576.6300,Wallet,2024-01-21
12663,1237.2700,NetBanking,2024-02-17
5829,684.7000,Card,2024-01-09
5578,494.5700,Card,2024-02-03
15441,1200.7600,Card,2024-02-23
17050,1659.8200,Wallet,2024-02-29
9942,1428.8600,NetBanking,2024-01-09
8967,555.6900,UPI,2024-01-28
11564,1921.1400,Card,2024-02-11
13658,344.0900,Card,2024-03-01
16920,1241.1600,Wallet,2024-02-23
2318,2169.0200,UPI,2024-01-05
9427,1824.0700,NetBanking,2024-02-15
16578,455.8700,NetBanking,2024-03-01
1328,1812.1900,Card,2024-01-28
16248,893.1200,Card,2024-02-23
19987,1680.5000,Card,2024-01-20
4122,450.2500,NetBanking,2024-02-27
16700,1536.3500,Wallet,2024-01-19
520,1506.2600,Card,2024-03-01
19994,434.1100,NetBanking,2024-01-12
9795,1228.1700,Card,2024-01-12
16025,1382.9700,Wallet,2024-02-21
10071,415.7300,NetBanking,2024-01-29
8493,1242.3300,Card,2024-01-15
12416,176.1600,Wallet,2024-01-25
13856,467.9200,UPI,2024-01-05
12822,411.7600,Wallet,2024-03-01
7542,1144.1200,Card,2024-02-26
5037,568.5400,UPI,2024-02-23
16705,1221.7000,NetBanking,2024-02-12
10797,941.5600,Card,2024-01-15
15172,1336.2500,Card,2024-03-01
15283,1196.0200,Card,2024-02-23
15422,217.1700,Card,2024-01-29
17255,390.9000,Card,2024-01-03
1028,1261.6400,Card,2024-02-14
18644,621.5000,Wallet,2024-02-12
1034,1170.9900,UPI,2024-02-16
3867,1167.4100,UPI,2024-02-02
4623,1228.8900,UPI,2024-02-04
19252,718.4600,UPI,2024-02-22
11144,617.0100,Wallet,2024-01-04
11619,1678.6600,Wallet,2024-01-27
3617,290.0600,Wallet,2024-01-10
1878,1660.3800,UPI,2024-02-01
19207,873.8800,Wallet,2024-01-25
14230,1471.8100,UPI,2024-02-23
11,307.6800,Wallet,2024-02-23
11219,562.0100,NetBanking,2024-01-01
4921,1432.0700,Wallet,2024-02-09
10624,443.7500,Card,2024-03-01
7807,218.2900,UPI,2024-01-30
3091,379.5100,Card,2024-01-10
6970,360.0200,Wallet,2024-01-02
2465,393.6700,Wallet,2024-01-13
17919,1707.2600,Card,2024-01-13
17069,1286.9300,UPI,2024-02-10
4858,1591.9200,UPI,2024-01-20
9596,1681.3300,Wallet,2024-02-16
13720,1765.9900,Card,2024-02-02
6026,1675.5200,NetBanking,2024-01-25
13528,1237.3100,Card,2024-01-26
16532,960.3200,Wallet,2024-01-17
2374,375.7600,Wallet,2024-02-21
293,1011.1900,UPI,2024-01-06
8735,1696.9200,Wallet,2024-01-22
12558,725.1100,NetBanking,2024-01-02
2690,1724.1800,Card,2024-01-29
18679,188.7200,Card,2024-01-26
4721,1832.2500,UPI,2024-01-16
4736,170.8600,Card,2024-02-23
6560,771.2600,Wallet,2024-02-18
7347,1250.1500,UPI,2024-01-31
4401,1435.7400,Wallet,2024-02-05
4996,1170.4700,Wallet,2024-02-15
7268,1915.2300,Wallet,2024-01-06
10614,1618.3000,NetBanking,2024-01-15
12058,1777.4800,UPI,2024-02-02
12137,261.4700,NetBanking,2024-01-10
2838,1567.1900,UPI,2024-01-22
14412,226.8400,Card,2024-02-14
4876,336.1200,UPI,2024-02-21
7499,1417.1000,Wallet,2024-01-05
17218,1492.0800,Wallet,2024-01-31
11180,296.6100,UPI,2024-01-18
4757,1459.5900,Wallet,2024-01-04
13435,1587.8100,Card,2024-01-05
16272,1555.3700,NetBanking,2024-01-20
3992,1128.4700,UPI,2024-02-02
8176,392.8700,Card,2024-02-22
1877,1407.5300,Card,2024-01-05
8485,1980.0800,UPI,2024-02-18
19761,379.3600,UPI,2024-02-14
4059,300.3400,UPI,2024-01-05
2971,580.0900,Card,2024-01-01
4548,1924.7200,NetBanking,2024-02-14
3378,1563.4500,Card,2024-02-13
13857,1986.2000,Card,2024-01-06
12733,1454.4700,Card,2024-02-23
13680,584.0500,UPI,2024-02-18
15648,1453.6500,Card,2024-02-04
8633,546.1600,Wallet,2024-01-11
4109,803.8300,Wallet,2024-02-05
13559,1693.7500,UPI,2024-01-16
19879,1788.3400,Card,2024-01-22
18465,1723.2700,Wallet,2024-02-16
2578,625.7100,UPI,2024-01-24
9036,1885.8500,NetBanking,2024-01-21
2368,455.7200,NetBanking,2024-02-17
15019,1354.9400,Card,2024-01-01
232,112.5900,UPI,2024-02-03
14750,172.4600,Wallet,2024-01-07
12807,1380.3100,UPI,2024-02-13
992,224.7200,UPI,2024-01-07
3182,1815.8200,NetBanking,2024-02-05
12531,168.8300,Wallet,2024-02-09
3505,640.1800,UPI,2024-02-26
4854,1061.8800,Card,2024-01-18
17111,1483.1800,Wallet,2024-01-09
19021,1726.0000,UPI,2024-02-29
19485,1387.5100,UPI,2024-02-18
4057,1651.9900,Card,2024-01-13
9320,1842.9500,Wallet,2024-02-10
17911,277.6000,Wallet,2024-02-01
2233,404.9400,Wallet,2024-01-04
9326,1158.8000,Card,2024-02-09
5274,624.1600,UPI,2024-02-11
8396,773.2300,Wallet,2024-02-01
2331,931.8400,Wallet,2024-02-16
10837,1802.5700,NetBanking,2024-01-04
3935,1211.3400,Wallet,2024-02-19
3477,1311.5800,Card,2024-02-19
11485,1023.5200,Wallet,2024-01-03
69,241.9200,Card,2024-02-04
4798,1806.1400,UPI,2024-01-18
11396,1791.9300,Wallet,2024-02-10
16597,504.2900,Card,2024-01-14
16358,738.7700,Card,2024-01-30
15910,1433.1200,UPI,2024-02-09
9892,103.5200,Wallet,2024-01-23
13394,1084.6100,NetBanking,2024-01-25
4932,1939.0800,Card,2024-01-13
18401,772.1200,Wallet,2024-01-28
10473,1861.2600,Card,2024-01-30
5615,922.0500,Wallet,2024-03-01
8219,356.7000,UPI,2024-02-04
8232,512.4700,Card,2024-02-16
1038,1969.0800,Card,2024-01-23
11365,954.6400,Card,2024-01-05
6710,350.9900,UPI,2024-01-10
7058,269.2000,Card,2024-02-25
6493,1567.6300,Wallet,2024-01-15
18408,1404.8000,UPI,2024-02-26
6674,1523.4800,UPI,2024-01-04
19716,313.5000,UPI,2024-01-19
5231,136.7200,NetBanking,2024-02-17
14592,728.3600,Wallet,2024-01-17
12751,689.3400,UPI,2024-02-05
1707,1943.4500,Wallet,2024-01-13
6558,387.7400,Wallet,2024-02-12
12644,417.7300,Wallet,2024-01-21
7056,318.6600,UPI,2024-02-01
2640,856.8400,Card,2024-01-31
11660,252.4500,Wallet,2024-02-06
15198,1020.2200,Wallet,2024-01-23
8096,762.6200,NetBanking,2024-02-02
5867,208.9000,UPI,2024-01-29
525,895.9800,NetBanking,2024-02-10
339,1438.9500,Card,2024-02-01
830,1027.2400,NetBanking,2024-02-07
8557,895.9100,Wallet,2024-01-06
17383,1518.9800,UPI,2024-01-06
9372,702.7800,Card,2024-01-11
3294,1878.7400,Wallet,2024-02-08
19287,1928.4100,NetBanking,2024-01-02
9404,626.5800,UPI,2024-01-21
7971,1038.4900,UPI,2024-02-27
16439,764.6500,NetBanking,2024-02-15
3804,759.0800,UPI,2024-01-21
2927,403.3300,NetBanking,2024-02-23
14318,1165.2600,UPI,2024-02-29
4088,793.6400,Wallet,2024-01-26
4386,215.7300,Card,2024-02-12
3096,268.5600,NetBanking,2024-01-16
9513,763.7200,Card,2024-02-23
6619,1453.8700,Wallet,2024-01-14
6235,795.2000,Wallet,2024-02-29
407,1464.2600,Wallet,2024-01-28
10519,1119.5300,Card,2024-01-24
9067,971.0100,NetBanking,2024-01-05
14173,213.5500,UPI,2024-01-13
14045,1885.7000,Wallet,2024-01-08
6928,443.4500,NetBanking,2024-01-13
7466,554.1700,NetBanking,2024-02-03
12030,162.1500,Wallet,2024-02-18
15345,777.0500,NetBanking,2024-02-29
17486,142.2400,UPI,2024-01-05
5896,1150.9200,NetBanking,2024-01-17
1482,1699.8600,Wallet,2024-02-12
8284,187.1000,Wallet,2024-01-01
15222,1728.0500,Wallet,2024-01-24
11304,602.8100,Card,2024-02-16
75,1072.1100,Wallet,2024-01-06
19361,1333.3900,UPI,2024-02-14
14610,716.1800,UPI,2024-02-15
14017,167.5600,UPI,2024-01-11
6734,1862.0300,Wallet,2024-02-14
9733,1138.0500,NetBanking,2024-03-01
1934,1917.4400,UPI,2024-01-11
12298,1463.3800,UPI,2024-02-29
4587,790.8800,NetBanking,2024-02-22
145,1515.8300,NetBanking,2024-01-04
17858,1627.1200,UPI,2024-02-07
19668,1593.4200,UPI,2024-02-14
15253,1355.4300,Card,2024-02-23
14787,1523.2600,NetBanking,2024-02-21
9502,513.9100,Card,2024-01-01
15671,258.7700,Card,2024-02-21
17574,406.1600,Wallet,2024-02-07
8348,1162.2100,Wallet,2024-01-18
14717,665.9300,NetBanking,2024-01-21
9640,123.8500,UPI,2024-01-18
4879,775.1900,UPI,2024-03-01
7387,1559.5500,Wallet,2024-01-09
4462,1570.4800,Wallet,2024-01-31
9295,771.2100,UPI,2024-02-02
8027,1015.1000,Card,2024-01-24
19748,1078.3100,Wallet,2024-02-02
265,547.2100,NetBanking,2024-01-23
5800,2002.9300,Wallet,2024-02-24
8360,151.5400,Card,2024-02-12
13689,749.9600,Wallet,2024-02-13
1462,968.5300,Wallet,2024-02-16
19565,255.7400,NetBanking,2024-01-16
7888,1871.6400,Card,2024-01-07
14698,723.4800,UPI,2024-01-06
16348,690.1100,UPI,2024-01-27
921,1366.0500,NetBanking,2024-02-11
5678,1018.7800,Wallet,2024-02-09
5519,468.5700,NetBanking,2024-01-18
6205,1381.9200,Card,2024-01-08
17550,1209.5500,UPI,2024-02-03
10095,1311.1300,NetBanking,2024-01-04
1524,1671.2700,Card,2024-01-15
3101,932.9600,Card,2024-02-17
5422,1691.0100,NetBanking,2024-02-27
17199,114.9400,NetBanking,2024-01-13
16792,1702.2400,Wallet,2024-01-20
8976,113.2400,Wallet,2024-01-25
350,394.6400,Card,2024-02-25
7245,724.4900,UPI,2024-02-18
8072,1771.8000,UPI,2024-02-29
14607,1653.1600,Wallet,2024-01-25
7962,1134.4400,Wallet,2024-02-25
5923,926.8200,NetBanking,2024-01-26
18154,1293.5300,UPI,2024-02-17
4075,1988.1800,UPI,2024-01-09
6621,203.8300,UPI,2024-02-19
6543,578.6900,Wallet,2024-02-16
19071,1171.4000,NetBanking,2024-02-17
2398,175.8300,Card,2024-02-02
1513,1632.9800,UPI,2024-01-24
178,1326.7400,Card,2024-02-03
9540,1508.5800,NetBanking,2024-01-18
18716,1341.9100,NetBanking,2024-01-17
14143,1621.7800,Card,2024-02-26
4912,892.9700,Card,2024-02-27
3837,769.0600,UPI,2024-01-31
18894,244.4000,Card,2024-02-17
6341,542.2200,Wallet,2024-01-20
16882,1707.1300,Wallet,2024-02-01
2869,1163.0000,Card,2024-01-16
16830,1525.3800,NetBanking,2024-01-05
3495,871.2900,Card,2024-01-21
13233,350.9900,Card,2024-02-15
70,1049.4800,NetBanking,2024-01-10
7327,1494.8200,UPI,2024-02-12
12010,1203.5300,NetBanking,2024-01-02
11456,910.8100,NetBanking,2024-02-03
12771,1096.7900,Wallet,2024-01-01
892,1530.4800,UPI,2024-02-21
7343,1049.8200,Wallet,2024-01-05
12344,1806.7900,Wallet,2024-02-23
16663,1181.7000,UPI,2024-01-12
13547,1331.4200,UPI,2024-01-03
9819,1288.1100,UPI,2024-01-15
6917,1590.8300,UPI,2024-01-17
127,151.2800,Card,2024-01-29
14941,1679.1400,Card,2024-02-22
7803,737.9100,Card,2024-02-15
258,128.6800,Card,2024-01-07
2955,1924.4000,NetBanking,2024-01-26
15354,1838.6900,Card,2024-01-16
3147,301.0800,Wallet,2024-01-24
9700,1190.2800,NetBanking,2024-02-16
4174,1031.1100,Wallet,2024-02-05
8266,1357.8300,NetBanking,2024-01-23
13335,124.2000,Wallet,2024-02-06
3247,987.6100,NetBanking,2024-01-10
5482,209.2600,Card,2024-01-10
19909,171.1600,Wallet,2024-02-17
15418,522.0200,Wallet,2024-02-03
1959,1725.7200,UPI,2024-01-12
16068,124.1200,NetBanking,2024-02-07
1761,1921.8200,NetBanking,2024-02-07
19658,755.9700,NetBanking,2024-01-09
7237,1301.2000,Card,2024-02-01
2818,1029.4600,UPI,2024-01-17
19757,1964.1400,Card,2024-02-27
2344,874.6000,Card,2024-02-23
10385,103.5400,NetBanking,2024-01-09
19155,552.1700,Card,2024-02-01
12497,1227.4300,Wallet,2024-02-14
14013,1619.1000,UPI,2024-02-20
13652,1084.0700,Card,2024-02-25
6580,1476.6900,NetBanking,2024-02-01
19111,1923.6400,Card,2024-02-15
18066,470.3800,NetBanking,2024-01-11
3496,1288.6400,Wallet,2024-02-14
12327,1238.4300,UPI,2024-02-23
17325,156.8500,Wallet,2024-02-22
18166,589.9400,UPI,2024-02-28
6419,1252.7100,NetBanking,2024-02-11
15017,1541.7200,UPI,2024-01-17
9759,1066.3700,UPI,2024-02-02
12631,1628.6100,Card,2024-01-02
5354,954.4400,UPI,2024-01-31
16636,131.6300,NetBanking,2024-01-18
7266,573.2700,Card,2024-01-13
19267,299.1300,UPI,2024-02-28
17601,506.2200,Wallet,2024-02-19
15405,971.6300,UPI,2024-01-01
14853,441.4000,UPI,2024-01-23
12952,703.3800,Wallet,2024-01-10
2071,108.3300,Card,2024-01-19
2144,234.8700,UPI,2024-01-11
19085,1655.8700,Wallet,2024-03-01
7765,116.7300,Wallet,2024-01-07
8125,1985.7000,Wallet,2024-01-11
3191,122.0000,Wallet,2024-02-04
11764,192.9300,Wallet,2024-01-23
16697,1623.2700,UPI,2024-01-02
13139,362.7400,Wallet,2024-01-01
1888,1685.6300,Wallet,2024-02-24
8374,1139.1400,UPI,2024-01-26
9987,1481.2200,Wallet,2024-01-08
13825,1331.3400,Card,2024-01-26
5413,1307.7900,Card,2024-01-03
4173,1000.5400,NetBanking,2024-02-15
16954,658.8000,Card,2024-01-09
2624,1162.9300,Card,2024-01-17
1105,1217.1100,Wallet,2024-01-03
14462,893.6600,UPI,2024-02-01
1525,1346.0500,NetBanking,2024-01-17
10233,1074.3300,Wallet,2024-01-10
2020,1800.0000,Card,2024-02-20
486,233.1900,UPI,2024-02-06
9897,1752.1200,UPI,2024-02-01
2449,1412.7700,Card,2024-02-05
11004,722.4000,Wallet,2024-02-15
16139,103.7600,Wallet,2024-01-15
15762,388.6700,NetBanking,2024-01-12
18178,543.4900,UPI,2024-01-30
13294,992.9400,Card,2024-02-04
11678,1075.0300,Card,2024-02-13
7233,1817.3600,UPI,2024-01-08
14358,1246.4900,NetBanking,2024-02-20
3461,1604.1900,NetBanking,2024-02-02
14009,1040.9300,Card,2024-01-04
12476,1133.2800,Card,2024-02-02
18907,1286.4000,Wallet,2024-01-23
3587,859.4600,UPI,2024-02-21
4248,1173.8800,NetBanking,2024-01-11
13226,757.9000,Card,2024-01-27
2158,628.2100,Wallet,2024-01-07
16343,1394.2200,NetBanking,2024-01-27
10553,1604.6800,Wallet,2024-02-05
13404,1612.8500,NetBanking,2024-02-27
16039,840.4700,Wallet,2024-02-24
16266,270.6800,Card,2024-01-04
11028,850.9200,Card,2024-01-27
11197,1368.5500,UPI,2024-01-01
6245,1693.6900,Card,2024-02-16
17596,793.5300,Wallet,2024-02-04
8080,1064.0400,NetBanking,2024-01-02
11538,1212.9500,NetBanking,2024-01-15
3184,308.2600,Card,2024-02-18
896,1248.2000,NetBanking,2024-01-23
2718,1237.4300,UPI,2024-01-18
806,706.2200,Card,2024-01-15
12357,1239.3600,UPI,2024-02-04
12943,273.3900,UPI,2024-01-16
16520,1881.1300,Card,2024-01-11
17873,1801.6200,NetBanking,2024-01-07
14028,995.5700,Wallet,2024-01-23
9018,204.8300,NetBanking,2024-02-21
18349,1988.4400,UPI,2024-01-29
2192,1337.2600,Card,2024-02-08
18818,1475.8800,NetBanking,2024-01-27
18541,413.1400,Wallet,2024-02-28
17912,1455.1600,NetBanking,2024-02-21
6528,1946.2300,Card,2024-01-16
7677,1725.3600,Wallet,2024-02-11
12867,1613.4300,NetBanking,2024-01-19
15797,980.1900,Card,2024-02-19
19950,887.2900,UPI,2024-01-16
6657,1172.3600,NetBanking,2024-02-07
15801,533.1900,Card,2024-02-23
1947,1066.5500,Wallet,2024-01-02
6760,1545.5600,NetBanking,2024-01-09
10683,1059.1000,NetBanking,2024-01-16
12349,1097.7400,NetBanking,2024-01-12
9165,1744.2100,Card,2024-01-04
3836,1558.1800,Wallet,2024-02-03
7242,145.3400,UPI,2024-02-22
18655,1839.0000,UPI,2024-01-10
533,795.5300,Card,2024-01-17
18809,279.5100,UPI,2024-02-26
15952,1265.4600,Wallet,2024-02-26
6185,1030.1000,Card,2024-01-12
6194,634.7200,Wallet,2024-02-02
9723,1939.2900,Wallet,2024-01-15
8299,185.2600,UPI,2024-02-29
13962,716.7300,Wallet,2024-02-08
6097,1385.4600,Wallet,2024-01-07
8742,1833.7500,Card,2024-02-12
7283,660.9100,UPI,2024-01-14
2469,514.7500,NetBanking,2024-01-03
7669,1517.8600,Wallet,2024-01-17
1237,936.2100,Wallet,2024-02-26
13627,209.4000,Wallet,2024-02-10
11138,769.2100,Wallet,2024-01-06
4114,1668.9200,Wallet,2024-02-08
11094,1207.6100,NetBanking,2024-02-10
6587,489.2400,NetBanking,2024-03-01
6761,881.2600,UPI,2024-02-03
18640,1313.9000,Wallet,2024-02-27
4125,1872.1700,Wallet,2024-01-22
15122,593.0700,Card,2024-02-03
10037,199.6200,NetBanking,2024-02-14
8796,1103.8600,NetBanking,2024-01-09
8180,550.1000,NetBanking,2024-02-22
3739,1470.2000,Card,2024-02-18
5907,590.5800,Wallet,2024-02-07
7384,1426.3400,UPI,2024-02-19
14972,1520.3300,Wallet,2024-01-27
4111,250.7900,UPI,2024-02-07
786,1205.8600,Wallet,2024-02-22
19636,1871.1900,Wallet,2024-01-05
18221,953.0900,Card,2024-02-26
7130,1784.0100,NetBanking,2024-02-24
2960,1361.1200,NetBanking,2024-02-29
10394,1139.2800,Card,2024-01-25
19935,627.9900,Card,2024-01-07
12847,1404.9200,NetBanking,2024-02-23
3305,1748.6600,UPI,2024-01-16
775,1381.1000,NetBanking,2024-02-22
10340,329.6600,Wallet,2024-01-23
10707,293.5800,Wallet,2024-02-28
3239,1105.1400,Card,2024-01-26
6278,478.0300,UPI,2024-02-10
10816,246.5300,Wallet,2024-02-06
13364,1535.9300,UPI,2024-02-23
17568,1993.7400,UPI,2024-01-12
1678,1408.0100,Card,2024-01-04
6089,1645.2200,Card,2024-01-29
2215,497.5300,Card,2024-02-11
2086,754.0800,Card,2024-02-07
13238,1115.8900,UPI,2024-01-14
4527,1979.8800,Card,2024-01-13
2829,230.2500,UPI,2024-01-11
716,605.6900,Card,2024-02-24
710,1035.8500,UPI,2024-02-27
1387,1370.5800,NetBanking,2024-02-21
9505,1551.8300,Wallet,2024-03-01
19242,1176.1900,Wallet,2024-02-17
13016,1825.6100,Card,2024-02-24
10387,137.7700,NetBanking,2024-01-30
6838,1250.8600,Card,2024-01-13
18162,305.8600,NetBanking,2024-01-31
14457,283.7800,NetBanking,2024-02-02
15524,1607.0900,Wallet,2024-01-19
19455,665.9700,UPI,2024-01-29
15156,1100.5000,NetBanking,2024-01-14
2488,987.3000,NetBanking,2024-01-18
15236,1495.4500,UPI,2024-01-10
15787,833.0200,UPI,2024-02-27
680,1637.2700,UPI,2024-01-13
13508,1244.8200,UPI,2024-01-30
16001,1256.8200,UPI,2024-01-19
2885,321.4200,Card,2024-01-30
8935,253.2200,Wallet,2024-01-13
1886,1201.2900,Card,2024-01-06
17930,650.2900,Wallet,2024-02-09
17629,280.0000,NetBanking,2024-02-07
7092,775.5000,NetBanking,2024-02-05
10262,1010.5400,NetBanking,2024-01-21
9818,1607.7200,UPI,2024-02-27
1899,514.0200,Card,2024-02-02
11016,102.9500,Card,2024-02-28
3493,900.1500,UPI,2024-02-20
9533,1291.9400,UPI,2024-02-07
16686,1365.8200,Wallet,2024-01-11
5745,1313.9600,UPI,2024-02-27
4134,560.3600,Wallet,2024-01-03
16361,1594.4000,Card,2024-02-23
16049,1081.9000,UPI,2024-01-21
15823,1058.9100,NetBanking,2024-02-03
6771,851.1700,Card,2024-01-09
13068,1459.2000,Card,2024-01-13
12517,879.5600,Card,2024-02-24
19039,1612.5800,NetBanking,2024-01-25
13800,968.9400,NetBanking,2024-02-14
14153,1559.4100,NetBanking,2024-01-14
7524,1903.2100,NetBanking,2024-02-20
2478,1327.2500,Wallet,2024-02-18
16629,1140.6800,NetBanking,2024-01-09
1346,623.4400,UPI,2024-02-09
4717,1359.6500,NetBanking,2024-02-09
19340,2080.0200,UPI,2024-01-11
13863,771.1100,Wallet,2024-02-20
19213,1659.5700,UPI,2024-01-19
4923,255.9800,Card,2024-02-19
3589,1393.3600,Card,2024-01-20
13014,466.2500,UPI,2024-02-19
3232,796.5800,NetBanking,2024-02-21
18896,212.7100,Wallet,2024-02-15
6569,779.3700,UPI,2024-02-01
1477,846.7200,Card,2024-01-15
2735,940.5000,Card,2024-01-28
1769,822.9400,NetBanking,2024-01-01
18734,1008.1700,UPI,2024-01-22
17627,137.5600,UPI,2024-02-04
8045,1998.5800,Card,2024-02-10
5124,1958.1600,Card,2024-02-16
9231,143.6700,NetBanking,2024-02-15
8994,1659.5600,UPI,2024-02-22
8929,1410.1600,NetBanking,2024-02-23
8469,1225.4800,Wallet,2024-01-14
3736,305.0600,Wallet,2024-01-08
16652,1011.7800,NetBanking,2024-02-11
14272,957.3500,Card,2024-01-19
15348,481.4800,Card,2024-01-16
18883,921.6000,Wallet,2024-02-08
14704,1242.3500,Card,2024-02-28
14060,112.4900,NetBanking,2024-01-22
6280,215.0300,Wallet,2024-01-30
13487,684.3800,NetBanking,2024-02-07
17370,1291.0800,UPI,2024-01-13
1507,577.1500,UPI,2024-02-11
8440,1004.8600,Wallet,2024-02-28
3442,1583.4300,NetBanking,2024-01-11
9811,297.3900,Card,2024-02-15
18886,1444.2400,NetBanking,2024-02-18
6070,1339.2100,NetBanking,2024-01-13
11228,756.5900,Card,2024-02-15
13671,1728.8600,Wallet,2024-02-15
13575,932.3100,NetBanking,2024-01-01
5048,1137.4300,Wallet,2024-01-22
18766,1019.3600,UPI,2024-02-05
705,1311.1500,NetBanking,2024-01-18
10582,1508.3000,UPI,2024-02-27
2193,422.6300,Wallet,2024-01-15
13343,608.4800,NetBanking,2024-01-16
7024,149.8500,UPI,2024-02-26
488,1883.6300,Card,2024-02-19
18590,135.9300,Wallet,2024-01-03
11932,616.9400,Card,2024-01-25
6212,489.1300,UPI,2024-02-21
18826,1202.3100,Card,2024-01-14
5425,1830.2000,Wallet,2024-02-26
11680,1516.0700,UPI,2024-02-29
7800,1701.4000,NetBanking,2024-02-26
3467,850.2400,Wallet,2024-02-27
16415,378.5700,NetBanking,2024-01-27
14487,1060.4600,Card,2024-01-23
11599,725.5800,NetBanking,2024-01-28
13927,404.6400,UPI,2024-01-22
3235,922.3400,NetBanking,2024-01-14
6550,1571.4700,Card,2024-02-08
19446,519.1000,Card,2024-01-31
19445,928.8800,Wallet,2024-01-02
4546,355.6600,UPI,2024-02-24
13628,986.8100,Wallet,2024-02-01
13708,1915.4800,NetBanking,2024-01-09
7548,1570.6000,Card,2024-01-09
3644,1678.0400,Card,2024-01-29
9896,1313.7200,Card,2024-02-09
13145,1181.6200,NetBanking,2024-01-29
2148,376.0000,Wallet,2024-01-04
18443,1495.8500,UPI,2024-01-03
4056,1321.0200,NetBanking,2024-03-01
11844,174.1000,Card,2024-01-03
17197,947.2200,NetBanking,2024-01-30
6712,1423.0100,Wallet,2024-01-24
19105,1315.3200,NetBanking,2024-02-16
14859,722.8700,Card,2024-01-30
14295,1178.0500,Wallet,2024-01-26
8152,490.0500,UPI,2024-01-15
1520,1188.2300,Wallet,2024-01-28
4899,1769.4800,NetBanking,2024-01-20
15912,523.2700,UPI,2024-02-26
4875,622.4500,UPI,2024-01-18
3879,1236.2000,Card,2024-03-01
5993,1222.8900,NetBanking,2024-02-27
13705,1711.2600,Wallet,2024-01-25
18861,1322.6800,NetBanking,2024-01-22
18489,710.5500,NetBanking,2024-02-19
12300,1302.7200,UPI,2024-02-03
14627,1796.0000,UPI,2024-01-11
19107,1822.8200,Wallet,2024-01-28
19760,1499.5300,Wallet,2024-03-01
11317,697.0500,Card,2024-01-16
12301,494.5500,Wallet,2024-02-19
19153,363.1600,UPI,2024-01-07
14164,1381.0800,Wallet,2024-01-06
6159,1885.5800,UPI,2024-01-03
16483,1485.9600,NetBanking,2024-01-28
4398,863.3000,Wallet,2024-01-14
4497,1034.4500,Wallet,2024-01-07
14191,802.4300,Card,2024-02-23
15795,917.8100,UPI,2024-01-10
15510,950.2400,Wallet,2024-02-26
15112,1911.3600,UPI,2024-02-12
13051,1001.9300,Wallet,2024-02-07
3466,731.5400,Wallet,2024-02-23
17790,1595.3100,Wallet,2024-02-15
3707,717.1700,Wallet,2024-01-10
11899,1363.0500,Card,2024-02-18
10318,1728.6000,UPI,2024-01-18
11255,1433.4500,Wallet,2024-01-04
16740,1942.0300,Card,2024-01-04
2495,825.7100,Card,2024-02-20
3630,1818.5500,Card,2024-01-15
3676,427.8000,Wallet,2024-01-24
13751,267.5100,NetBanking,2024-02-13
12196,212.6300,NetBanking,2024-01-15
8142,1705.7300,Card,2024-02-06
1631,537.0600,NetBanking,2024-02-08
457,1346.3400,UPI,2024-02-06
14591,264.5600,Wallet,2024-01-17
205,993.2900,NetBanking,2024-02-11
16947,1801.3900,Card,2024-02-05
2336,812.9100,UPI,2024-01-13
18763,980.1700,NetBanking,2024-01-12
11210,1796.1100,Card,2024-01-03
2968,707.0600,Wallet,2024-02-06
17819,1116.7000,NetBanking,2024-01-16
581,1832.7200,NetBanking,2024-01-26
946,1471.1000,UPI,2024-01-29
5119,1707.6200,NetBanking,2024-01-03
13625,1478.8500,NetBanking,2024-02-26
4087,873.0100,UPI,2024-02-17
5888,445.8400,Card,2024-01-15
10893,1122.8200,Wallet,2024-01-21
1243,409.0200,UPI,2024-01-07
6440,1140.7900,Card,2024-02-24
9262,186.0400,NetBanking,2024-01-30
12055,1805.5800,UPI,2024-02-26
16539,725.1400,Wallet,2024-02-04
9925,1856.4900,NetBanking,2024-02-24
15199,1824.7900,Card,2024-02-20
19815,156.1800,UPI,2024-01-23
2161,1487.0700,NetBanking,2024-01-16
13069,1460.3300,UPI,2024-02-16
4416,1818.9100,Wallet,2024-02-26
18396,348.3300,Card,2024-02-20
4751,1139.6100,UPI,2024-02-05
19145,1659.9600,Wallet,2024-01-23
16568,1302.3400,NetBanking,2024-01-14
16016,231.4200,Wallet,2024-01-05
8821,748.9400,Card,2024-02-24
11058,532.3700,NetBanking,2024-01-16
3428,1106.4000,Wallet,2024-03-01
16229,171.5800,Card,2024-01-16
14158,671.9800,Card,2024-02-18
4108,1991.1500,UPI,2024-01-20
18664,1828.6900,UPI,2024-02-12
12271,1657.4500,UPI,2024-01-18
140,1860.0900,Wallet,2024-01-29
16063,1415.6000,Card,2024-02-20
18301,417.9600,NetBanking,2024-02-04
1363,1536.1900,Wallet,2024-01-15
4164,248.4000,NetBanking,2024-01-23
16668,1421.9700,UPI,2024-01-06
18745,386.2200,Wallet,2024-01-31
18292,1301.9900,Card,2024-02-17
12543,1783.3400,UPI,2024-01-13
12650,1382.3900,UPI,2024-01-29
8473,283.9800,NetBanking,2024-02-27
16108,1854.7700,UPI,2024-01-06
11172,764.8200,Card,2024-01-13
1185,234.9900,Card,2024-02-08
16316,144.1300,UPI,2024-01-26
16482,1815.1100,UPI,2024-02-18
4338,1767.1600,Wallet,2024-02-01
5711,1773.0100,UPI,2024-01-25
4033,620.9600,Card,2024-01-05
14897,576.4600,NetBanking,2024-01-23
10321,1081.9800,NetBanking,2024-01-15
8501,323.7800,Wallet,2024-01-19
352,1087.8300,Card,2024-01-26
18217,893.2200,Card,2024-02-18
16538,1200.3200,Wallet,2024-01-26
8591,741.8200,UPI,2024-02-24
6373,1154.3100,Card,2024-02-19
5193,390.5900,NetBanking,2024-03-01
7734,780.3300,NetBanking,2024-01-05
17281,177.0000,Card,2024-02-12
14076,1326.5300,UPI,2024-01-09
1116,548.5000,Wallet,2024-02-24
13420,1318.8000,NetBanking,2024-01-08
729,738.4100,UPI,2024-01-10
10729,679.3600,NetBanking,2024-03-01
9963,1994.5500,Card,2024-01-30
16769,846.0700,UPI,2024-01-07
9244,1246.7300,Card,2024-01-26
8850,713.4400,NetBanking,2024-01-16
13638,1983.5000,NetBanking,2024-02-24
6139,1458.7300,Wallet,2024-01-07
2063,1130.7700,Wallet,2024-01-20
13643,1909.8400,NetBanking,2024-02-03
1596,669.2100,Wallet,2024-01-02
6963,1255.0700,UPI,2024-02-15
11721,216.2700,NetBanking,2024-01-30
9690,739.4200,Wallet,2024-01-18
15495,1203.0500,Wallet,2024-01-30
5298,406.5300,Wallet,2024-02-25
13876,844.8800,Card,2024-01-15
5547,1053.6200,UPI,2024-01-16
4272,207.7000,Wallet,2024-01-19
11822,628.2300,Wallet,2024-02-28
6151,670.2000,UPI,2024-01-29
19883,1221.2300,Wallet,2024-01-29
10464,186.9400,UPI,2024-02-14
9160,236.8700,Wallet,2024-02-06
9325,588.0700,Wallet,2024-02-16
15252,1387.1100,Card,2024-01-01
8444,1604.1100,NetBanking,2024-02-23
13809,1131.8500,UPI,2024-02-25
19871,383.5500,Card,2024-01-16
19600,580.5100,UPI,2024-01-21
14918,1802.9200,Card,2024-02-16
8547,505.2700,Card,2024-01-19
13926,103.0300,NetBanking,2024-01-26
17750,683.9000,UPI,2024-01-22
13492,1767.9100,Wallet,2024-02-14
9713,1055.1800,Wallet,2024-01-29
12658,1580.3700,Wallet,2024-02-13
10869,654.6500,NetBanking,2024-02-14
9371,590.8700,NetBanking,2024-01-06
495,1584.5000,NetBanking,2024-01-06
6503,1173.9800,Card,2024-02-21
14285,1548.2300,Card,2024-01-21
1730,1508.3600,Wallet,2024-02-10
6729,644.6100,NetBanking,2024-01-18
10736,522.8700,UPI,2024-01-15
15160,404.5800,UPI,2024-01-26
12218,1239.6700,Card,2024-01-13
19774,1600.0800,NetBanking,2024-01-05
15329,1660.4100,NetBanking,2024-01-15
1991,1919.8600,NetBanking,2024-02-26
4110,1489.0900,Card,2024-01-14
18251,1587.5400,NetBanking,2024-02-28
19199,1712.7800,UPI,2024-02-15
2269,1210.2600,UPI,2024-02-06
2312,274.2200,NetBanking,2024-02-15
18322,233.2600,Wallet,2024-01-05
15235,1375.5100,Wallet,2024-02-09
19874,1427.8400,NetBanking,2024-01-29
18302,289.7600,Card,2024-01-22
9483,1869.1600,UPI,2024-01-06
7541,571.7400,Card,2024-02-24
7593,410.2700,UPI,2024-02-29
19323,591.6200,Card,2024-02-25
2350,1514.9800,Card,2024-01-17
3143,1223.2400,NetBanking,2024-01-04
10496,1912.0300,NetBanking,2024-02-20
6512,1428.9400,NetBanking,2024-01-10
12933,712.1800,NetBanking,2024-03-01
16394,123.5600,Wallet,2024-01-30
14365,1295.1600,UPI,2024-01-04
3726,1845.2900,UPI,2024-02-14
7399,1794.7900,NetBanking,2024-02-09
15494,1282.5500,Wallet,2024-01-13
2948,1395.2300,UPI,2024-01-16
9123,818.7500,Card,2024-01-16
19433,1013.9500,Wallet,2024-02-16
17275,543.3300,UPI,2024-02-09
19294,538.1500,Wallet,2024-02-25
10397,1429.3800,Card,2024-02-15
4652,918.7700,Card,2024-01-22
18851,1771.3400,Card,2024-01-29
4347,1843.5500,Card,2024-01-20
18017,856.1100,NetBanking,2024-02-03
19201,334.9100,NetBanking,2024-01-30
4785,929.5900,Wallet,2024-02-29
7870,191.0900,Wallet,2024-02-07
15330,1198.9800,Card,2024-02-19
9944,256.3600,Wallet,2024-02-14
9300,1513.8000,NetBanking,2024-02-02
13597,498.6500,NetBanking,2024-02-20
7606,446.1800,UPI,2024-02-22
2311,728.1800,Wallet,2024-02-24
14352,106.8400,Card,2024-02-02
14665,1552.4600,NetBanking,2024-02-29
17855,654.8500,Wallet,2024-02-05
9118,1711.5400,Card,2024-01-26
313,892.3600,Card,2024-01-26
11212,1865.0700,Card,2024-02-22
18806,1411.0000,Wallet,2024-01-28
2082,1686.1600,NetBanking,2024-02-20
3439,925.6000,UPI,2024-01-25
14967,1376.2900,NetBanking,2024-02-02
11102,652.0600,Card,2024-02-21
1270,892.0900,Wallet,2024-02-01
18973,551.5100,UPI,2024-02-29
3821,1326.3800,Wallet,2024-01-19
10795,1564.7100,UPI,2024-02-26
19214,570.6600,Wallet,2024-02-20
16159,607.7100,NetBanking,2024-02-05
3037,306.6200,Card,2024-02-20
13215,418.2500,NetBanking,2024-02-04
17428,1525.0400,UPI,2024-02-11
3280,1854.0400,Wallet,2024-02-25
2213,461.5400,Card,2024-02-02
15221,1639.3500,UPI,2024-02-21
4761,665.7000,UPI,2024-02-08
8489,1294.4300,Card,2024-02-01
9359,586.5700,Card,2024-02-07
6119,1732.3600,Card,2024-02-09
2400,705.7000,NetBanking,2024-02-14
5992,1365.9200,UPI,2024-02-20
1753,1196.7300,NetBanking,2024-01-24
11226,268.2400,Wallet,2024-01-06
19187,1091.8500,Wallet,2024-02-04
5792,1408.9500,UPI,2024-01-29
1415,983.6100,NetBanking,2024-02-02
17760,1674.1400,NetBanking,2024-02-01
5077,202.6900,Wallet,2024-02-27
18110,1282.4800,Wallet,2024-02-26
18208,1100.3800,Card,2024-01-27
9722,445.8800,NetBanking,2024-01-14
16205,229.2600,NetBanking,2024-01-15
11360,279.9900,NetBanking,2024-02-04
6815,987.6400,UPI,2024-02-08
9182,253.5600,Card,2024-02-14
9425,205.7400,Card,2024-01-27
9292,469.5300,UPI,2024-01-16
4228,237.3200,Wallet,2024-02-22
14299,280.2700,Card,2024-02-22
1369,1520.5900,NetBanking,2024-01-12
9131,1112.3900,Wallet,2024-01-25
16078,1435.4700,Wallet,2024-02-01
3146,206.8200,NetBanking,2024-01-22
7366,1475.0100,Wallet,2024-02-11
6071,1417.9500,Card,2024-02-26
19146,648.8300,NetBanking,2024-01-03
2126,559.5700,Card,2024-01-13
9438,1699.4500,UPI,2024-01-12
18844,1627.9100,UPI,2024-01-01
2376,196.9500,NetBanking,2024-01-11
7954,546.1200,UPI,2024-01-06
10912,972.9400,Wallet,2024-01-09
4037,1889.9500,Card,2024-02-06
13047,1705.1700,UPI,2024-02-15
6321,1207.8200,Card,2024-01-09
11093,1616.8200,NetBanking,2024-01-16
12589,1545.7400,UPI,2024-01-28
4147,1898.9300,NetBanking,2024-02-13
9996,1276.7400,UPI,2024-02-20
10067,214.3900,Card,2024-01-27
9504,452.4000,Wallet,2024-02-26
14214,718.4200,Card,2024-02-29
4128,1852.9400,UPI,2024-02-09
10192,1875.4200,Wallet,2024-02-01
5136,391.2500,UPI,2024-02-28
3469,174.0300,UPI,2024-01-31
11692,1020.4900,UPI,2024-01-15
13766,1441.1700,NetBanking,2024-02-22
7029,742.6200,Card,2024-01-03
8122,1141.1800,Card,2024-01-23
5654,611.9900,UPI,2024-01-27
17770,1557.2000,NetBanking,2024-01-25
19020,1372.7700,Wallet,2024-02-21
2375,579.5600,Card,2024-01-01
18413,1014.4000,Card,2024-01-11
7230,1065.6200,Card,2024-01-26
19570,1646.1900,Card,2024-02-26
907,1093.9400,Wallet,2024-01-12
4989,1631.4000,UPI,2024-02-28
6751,803.7200,UPI,2024-03-01
371,1989.6900,UPI,2024-02-27
8658,344.5600,NetBanking,2024-01-31
10963,863.0000,NetBanking,2024-01-02
6178,1648.9900,Card,2024-01-17
18452,1558.9300,Card,2024-02-12
12512,380.4900,Wallet,2024-01-11
191,1829.4200,UPI,2024-01-29
2668,304.0200,NetBanking,2024-02-26
3639,1132.3200,NetBanking,2024-02-27
13522,963.1100,Wallet,2024-01-25
10097,1345.0600,Card,2024-02-20
17306,1738.5400,UPI,2024-02-22
13472,104.0600,Wallet,2024-02-28
5541,1325.6700,Card,2024-02-23
13105,212.3700,Wallet,2024-01-28
7335,1193.1500,Card,2024-01-16
17832,1709.4500,UPI,2024-01-22
8877,528.0300,Card,2024-01-17
3556,1716.2300,NetBanking,2024-02-22
5322,1542.0100,Card,2024-01-11
10958,483.4100,Card,2024-02-06
2222,1383.4200,Card,2024-02-22
6021,1096.5800,Card,2024-01-30
7184,323.7500,NetBanking,2024-02-19
16231,1266.2500,NetBanking,2024-01-26
7739,1006.3200,Wallet,2024-02-28
11031,958.0000,UPI,2024-02-05
18983,1200.1700,NetBanking,2024-02-11
11929,1360.3200,Wallet,2024-01-19
14831,700.2300,Card,2024-02-14
12376,1052.7900,UPI,2024-01-25
8666,731.2400,Wallet,2024-02-21
988,1416.8500,NetBanking,2024-02-02
4492,334.0800,UPI,2024-01-07
11737,478.8300,Wallet,2024-02-05
13925,1306.4500,Card,2024-01-02
1534,654.7700,Card,2024-02-17
2942,543.4900,Wallet,2024-02-27
5172,738.8900,Card,2024-01-17
8576,897.8900,UPI,2024-01-11
15004,456.7900,NetBanking,2024-02-16
2857,1550.4900,Wallet,2024-02-23
6028,515.1400,NetBanking,2024-01-09
7841,282.7600,Card,2024-02-13
16374,1405.5100,Wallet,2024-01-17
17893,1127.4200,NetBanking,2024-02-09
11118,1548.0400,Card,2024-01-13
13864,1744.0200,Wallet,2024-01-15
583,1145.2500,Card,2024-01-19
16334,745.6000,NetBanking,2024-02-05
17722,624.8800,Card,2024-01-23
16264,359.2100,NetBanking,2024-01-21
18254,1674.9400,Card,2024-02-11
7611,411.9500,UPI,2024-01-05
12425,580.2400,NetBanking,2024-02-18
13940,1457.1100,NetBanking,2024-01-12
16860,838.8900,NetBanking,2024-02-07
17692,1164.5300,UPI,2024-02-26
16284,506.6100,Wallet,2024-02-26
15013,1735.0500,UPI,2024-02-11
19458,1643.7500,Card,2024-02-12
4433,1112.8900,Wallet,2024-01-28
13837,1362.8800,NetBanking,2024-02-21
8321,1898.0500,Wallet,2024-02-20
3815,610.9300,UPI,2024-01-03
6123,938.0900,Wallet,2024-02-28
14133,1429.0500,NetBanking,2024-01-02
3980,1633.7200,UPI,2024-02-11
194,1024.2100,UPI,2024-01-07
148,1086.2100,UPI,2024-01-29
739,497.4000,UPI,2024-02-12
11160,179.0700,NetBanking,2024-02-25
7310,739.4900,NetBanking,2024-01-06
19697,1974.4000,Wallet,2024-01-10
8724,1141.1800,NetBanking,2024-01-27
3954,1695.3000,NetBanking,2024-01-02
3019,1426.9400,Wallet,2024-01-03
2155,1067.4900,NetBanking,2024-02-27
17646,1896.1200,Wallet,2024-02-26
741,1841.1600,NetBanking,2024-01-08
19775,856.4900,Card,2024-01-31
5400,1847.0300,Card,2024-01-13
1767,875.9100,Wallet,2024-01-03
10189,1987.7800,NetBanking,2024-02-05
2466,440.8900,UPI,2024-01-12
16605,1320.9400,Card,2024-01-12
561,1151.3900,UPI,2024-02-28
18117,179.5400,Wallet,2024-02-04
18583,811.8600,UPI,2024-01-29
11614,1616.9700,NetBanking,2024-02-09
14892,234.8600,NetBanking,2024-02-25
3962,1837.9000,UPI,2024-01-21
12352,1444.3900,NetBanking,2024-01-28
8711,1751.2400,UPI,2024-02-29
468,173.0300,Card,2024-01-30
9388,1471.9800,UPI,2024-02-17
15327,1316.3700,Card,2024-01-18
13897,646.3100,Wallet,2024-01-27
5235,1516.4600,NetBanking,2024-02-03
6721,1084.8500,Card,2024-01-27
15185,535.7600,Wallet,2024-01-24
18453,1528.2600,UPI,2024-02-07
2873,1896.6200,NetBanking,2024-02-29
6307,1207.0400,Wallet,2024-01-25
11046,1858.4700,Card,2024-01-03
13131,723.6400,Wallet,2024-02-15
2704,1148.6200,Wallet,2024-01-08
14424,1772.5900,UPI,2024-02-14
10063,235.4000,UPI,2024-02-02
11195,1904.6100,Card,2024-01-05
4536,222.1700,UPI,2024-02-16
16958,1122.2000,Wallet,2024-02-04
9657,1685.2800,Card,2024-01-25
18773,1161.2300,NetBanking,2024-01-01
15344,1602.0200,UPI,2024-01-29
17915,361.3800,NetBanking,2024-02-23
9085,1424.5000,UPI,2024-01-16
14833,1050.5600,Wallet,2024-02-24
33,1210.5100,Wallet,2024-02-04
18634,1601.4900,Card,2024-02-09
7498,1766.2400,UPI,2024-01-07
4435,949.8600,UPI,2024-01-24
14950,976.2300,UPI,2024-02-24
17761,494.4300,UPI,2024-02-27
609,1363.8300,NetBanking,2024-02-25
17434,182.3800,UPI,2024-01-27
15853,1919.1200,Wallet,2024-02-01
18985,893.9000,Wallet,2024-01-01
578,185.7600,Wallet,2024-01-22
11214,1644.8200,UPI,2024-01-14
11842,883.7000,UPI,2024-02-05
14527,747.1700,NetBanking,2024-02-21
2582,1723.7100,Wallet,2024-01-24
3600,812.2500,UPI,2024-01-15
15124,620.2900,Card,2024-01-15
4544,732.7200,Wallet,2024-02-25
8912,879.2200,Wallet,2024-01-20
2115,790.6800,UPI,2024-01-01
12430,1502.0100,Card,2024-01-13
9769,1051.3400,Wallet,2024-01-17
3476,359.7300,Card,2024-02-21
13509,1788.5600,UPI,2024-02-28
7213,1703.1800,UPI,2024-02-05
4368,1575.9500,NetBanking,2024-02-14
2359,1881.5700,NetBanking,2024-01-24
18990,924.6300,NetBanking,2024-01-10
19768,907.6100,UPI,2024-02-23
834,682.8300,Wallet,2024-02-29
7451,891.2700,Wallet,2024-02-12
9466,274.0600,UPI,2024-01-14
3934,653.0300,Card,2024-01-28
11444,1178.6200,NetBanking,2024-01-22
4151,428.2800,UPI,2024-02-05
19484,1685.1700,Wallet,2024-01-31
9471,176.3900,UPI,2024-02-28
3696,1040.7300,Wallet,2024-02-08
14697,1765.3200,NetBanking,2024-02-11
10481,1423.9600,UPI,2024-01-14
5983,1645.1300,UPI,2024-01-27
17349,352.0500,UPI,2024-01-31
11646,946.7200,NetBanking,2024-01-21
2709,869.3100,NetBanking,2024-02-08
17765,174.6900,UPI,2024-02-01
6250,1859.5200,NetBanking,2024-01-14
9506,125.9200,UPI,2024-01-01
9682,399.6100,Wallet,2024-02-19
3603,877.1300,Card,2024-02-10
19440,1994.4200,UPI,2024-02-08
4072,1239.3300,UPI,2024-01-23
7994,1196.9500,Card,2024-02-25
16428,142.3300,Card,2024-01-05
9706,1250.9700,NetBanking,2024-01-06
7170,1352.6700,NetBanking,2024-01-10
18684,189.1200,UPI,2024-02-23
11935,277.6200,Card,2024-02-25
8823,1581.2600,Card,2024-01-18
3344,186.1400,NetBanking,2024-01-21
5156,994.7000,NetBanking,2024-02-12
17326,772.9400,NetBanking,2024-02-12
10180,1124.7000,Card,2024-01-28
10819,1699.9500,Card,2024-02-15
7078,1821.6100,NetBanking,2024-01-21
17712,1079.3200,Wallet,2024-02-05
13898,309.6700,NetBanking,2024-02-09
5764,896.2700,Card,2024-01-18
935,1942.6500,NetBanking,2024-01-21
15364,180.6300,Wallet,2024-01-28
5971,1382.5300,Wallet,2024-02-26
15257,100.8100,UPI,2024-01-02
13321,1997.9300,Card,2024-01-22
6737,1826.4600,NetBanking,2024-01-29
10355,225.7800,NetBanking,2024-02-11
333,1627.2400,UPI,2024-01-04
18002,1296.7600,UPI,2024-01-26
18241,580.9900,Wallet,2024-01-01
12593,1996.9200,NetBanking,2024-01-29
19229,1914.0300,UPI,2024-01-13
12110,1069.7500,UPI,2024-01-12
8661,1805.8200,NetBanking,2024-02-10
10899,492.0500,NetBanking,2024-01-20
4093,1036.6600,Card,2024-01-02
11194,379.0100,UPI,2024-01-02
9701,1480.5000,Wallet,2024-01-15
15511,338.8100,NetBanking,2024-02-19
3827,1648.1300,Card,2024-01-23
16799,486.2200,Wallet,2024-01-20
13206,1504.5200,UPI,2024-02-05
4821,1679.7700,UPI,2024-01-23
3755,313.9600,Card,2024-01-05
19088,1066.9700,UPI,2024-01-22
14425,987.1800,NetBanking,2024-01-06
8507,818.1100,Wallet,2024-01-29
10555,388.5600,UPI,2024-02-10
7152,1629.3700,Wallet,2024-02-01
4449,1547.3600,Card,2024-01-08
8422,443.0600,Card,2024-01-17
2698,745.2300,UPI,2024-01-15
1475,1164.2500,NetBanking,2024-01-15
5409,1349.3900,NetBanking,2024-01-27
6809,964.9300,NetBanking,2024-01-23
17788,835.3400,Wallet,2024-01-21
9078,1702.7100,Wallet,2024-01-04
233,1209.4300,NetBanking,2024-02-19
2823,640.6700,Wallet,2024-02-09
6593,396.4700,Wallet,2024-02-26
15832,970.1900,UPI,2024-01-04
4101,1768.7700,Card,2024-01-04
8639,1982.4700,Card,2024-02-24
3885,1495.9700,Card,2024-01-18
19166,682.1700,UPI,2024-01-28
11482,1714.1100,UPI,2024-01-14
8351,1571.7100,Card,2024-01-14
9992,1551.7700,UPI,2024-02-05
13302,323.2800,Card,2024-01-09
7149,1160.6100,UPI,2024-01-08
4027,763.8300,Card,2024-01-04
9619,858.4900,Card,2024-02-14
3769,1011.2000,Wallet,2024-01-05
12422,1006.4900,UPI,2024-02-10
5145,462.6200,Wallet,2024-02-06
14118,1899.6100,UPI,2024-02-25
2403,1188.3100,Wallet,2024-01-11
9361,1561.7400,UPI,2024-01-31
622,1833.4400,UPI,2024-01-27
4901,168.8700,Wallet,2024-02-28
5825,1511.9500,Wallet,2024-01-20
19285,1073.8400,Wallet,2024-01-23
13269,1339.9800,UPI,2024-01-03
3523,708.1300,Card,2024-01-04
1456,1842.6300,NetBanking,2024-02-12
18088,586.6900,Card,2024-01-28
6158,1855.3200,Card,2024-01-04
9312,1003.9100,UPI,2024-01-07
3881,565.1600,NetBanking,2024-01-10
13445,666.5900,Wallet,2024-01-04
13333,368.4900,Wallet,2024-01-11
6043,1514.9000,UPI,2024-01-19
8341,1200.7800,UPI,2024-01-25
15464,1691.0300,Card,2024-02-24
5426,1160.0800,Wallet,2024-02-22
19646,101.8400,NetBanking,2024-02-19
19095,1166.7500,NetBanking,2024-01-31
2731,788.8800,UPI,2024-01-12
10196,1776.6000,UPI,2024-02-16
18142,1922.5500,Wallet,2024-02-17
14115,215.8800,Card,2024-01-27
6473,1626.3400,UPI,2024-02-17
12665,746.4200,Wallet,2024-02-09
6484,279.3900,UPI,2024-01-27
1906,1348.1000,Wallet,2024-02-28
7892,1176.3200,UPI,2024-02-19
5526,1635.1800,NetBanking,2024-01-12
12521,1787.9900,UPI,2024-02-10
18800,632.9000,NetBanking,2024-02-11
7670,677.0100,Wallet,2024-02-11
11508,1201.3500,NetBanking,2024-01-25
5959,1605.5600,Wallet,2024-01-13
17041,1202.0700,Wallet,2024-02-06
5579,1939.2100,Wallet,2024-02-09
3209,1373.6900,Wallet,2024-02-02
15576,829.8200,NetBanking,2024-02-09
12999,154.7900,NetBanking,2024-01-15
13408,1683.8500,UPI,2024-02-08
8839,1050.8000,NetBanking,2024-01-05
3288,579.1600,Card,2024-01-11
12780,1063.3100,NetBanking,2024-02-20
6345,143.3800,NetBanking,2024-01-10
2373,371.6300,Wallet,2024-01-21
19428,1632.3500,NetBanking,2024-01-02
8261,979.7500,NetBanking,2024-02-20
5488,1450.5400,UPI,2024-01-24
3730,1660.6700,Card,2024-01-29
12210,616.8700,Card,2024-01-31
4085,973.9600,Card,2024-02-24
12684,552.4300,UPI,2024-02-09
16824,376.1000,Card,2024-01-17
9324,649.5700,Wallet,2024-03-01
8717,523.9900,UPI,2024-01-22
12111,1474.1100,UPI,2024-01-21
4395,673.0800,NetBanking,2024-01-06
772,1198.3700,Card,2024-02-20
19429,722.9100,Wallet,2024-02-25
16791,1434.2600,UPI,2024-01-30
11948,1821.4300,NetBanking,2024-02-17
15024,808.8100,UPI,2024-02-16
12447,965.9900,NetBanking,2024-02-27
15793,1157.2100,Wallet,2024-02-11
9842,1021.3000,NetBanking,2024-02-02
2584,790.6700,Card,2024-02-27
10701,1750.4000,UPI,2024-01-23
10681,951.4100,UPI,2024-02-17
9197,664.5800,Card,2024-01-27
17336,1922.4600,Card,2024-01-28
19038,622.7300,Wallet,2024-02-06
17228,729.8600,NetBanking,2024-01-07
1457,1792.9100,Wallet,2024-01-22
5928,1882.1600,Card,2024-02-15
12578,1940.6900,Card,2024-01-16
17205,644.7700,Wallet,2024-01-30
9900,290.6400,Wallet,2024-01-21
1217,1282.8900,UPI,2024-02-17
2156,221.7600,Card,2024-01-16
11419,1002.8200,NetBanking,2024-02-02
236,1319.2400,Wallet,2024-02-06
15080,375.7500,Wallet,2024-01-20
15758,1601.1400,UPI,2024-02-28
5217,402.4700,Wallet,2024-01-10
7496,429.4900,NetBanking,2024-01-22
14895,1387.7500,UPI,2024-01-05
6511,862.9900,UPI,2024-02-23
11438,249.6500,Wallet,2024-02-07
17136,1526.5000,Wallet,2024-01-30
7198,1132.3600,UPI,2024-02-08
13891,807.7500,Card,2024-02-29
16468,1513.5000,UPI,2024-02-11
853,1549.8500,NetBanking,2024-02-23
10545,173.9100,UPI,2024-01-14
1194,253.9400,Card,2024-01-13
11490,1663.4800,Wallet,2024-02-22
1432,251.6500,NetBanking,2024-01-27
10561,557.5000,UPI,2024-01-27
19907,815.8500,Card,2024-02-29
4024,1642.4200,NetBanking,2024-02-05
16619,1210.8600,UPI,2024-02-18
11034,1810.7600,Wallet,2024-02-03
2822,1794.8800,Wallet,2024-01-23
8455,1945.6600,Wallet,2024-02-02
10167,1905.1300,Card,2024-02-21
5702,661.9800,Card,2024-02-08
338,1030.1300,Wallet,2024-01-30
3300,1748.8200,UPI,2024-02-01
13079,1623.4700,UPI,2024-01-29
11327,193.1500,Card,2024-02-04
16580,1575.4800,Wallet,2024-01-15
883,996.8800,UPI,2024-02-14
15134,536.7800,UPI,2024-02-15
12773,1357.9400,NetBanking,2024-02-10
14346,1209.4600,NetBanking,2024-02-21
8420,1400.5300,Card,2024-01-16
8852,1971.5700,Wallet,2024-01-05
6399,575.6900,Wallet,2024-01-14
8318,1442.4300,UPI,2024-02-03
1643,1722.2200,Card,2024-01-31
16694,1793.0700,UPI,2024-01-22
1941,1426.5600,NetBanking,2024-01-03
7736,1406.1800,UPI,2024-02-12
454,1048.2300,Card,2024-01-15
8225,233.6800,NetBanking,2024-02-19
4005,379.7300,NetBanking,2024-01-15
4931,763.4600,UPI,2024-02-25
10003,847.4000,Card,2024-01-28
12900,1614.7800,NetBanking,2024-01-16
9943,680.2200,UPI,2024-01-01
12270,403.5100,NetBanking,2024-01-06
2297,1284.9100,Wallet,2024-02-08
16293,100.3100,NetBanking,2024-01-31
10817,980.0400,Card,2024-01-03
16540,1496.9200,Card,2024-01-16
1169,503.7700,NetBanking,2024-01-21
16787,1678.6700,Card,2024-02-08
7530,1215.1600,NetBanking,2024-01-13
13758,1690.5200,NetBanking,2024-01-13
16648,1123.5200,Wallet,2024-01-26
15152,588.9600,UPI,2024-01-12
10183,1137.2200,Wallet,2024-02-17
14172,1026.2800,UPI,2024-02-23
10636,278.2600,NetBanking,2024-02-06
4839,294.0300,Wallet,2024-01-13
12144,1414.4900,NetBanking,2024-03-01
3465,1839.7000,NetBanking,2024-02-21
16829,1090.1000,Card,2024-02-16
3883,1994.4000,Wallet,2024-01-24
17318,526.6700,Card,2024-02-01
9258,806.5000,Wallet,2024-01-19
16262,918.2300,NetBanking,2024-01-26
18738,1759.3100,UPI,2024-01-25
18079,485.2100,NetBanking,2024-03-01
3030,1033.9700,Wallet,2024-02-11
15383,1034.6300,Card,2024-01-03
2982,948.2900,UPI,2024-01-07
11548,1301.1800,UPI,2024-02-11
10563,240.4100,Card,2024-01-30
19770,1119.6800,NetBanking,2024-02-16
7595,183.2100,NetBanking,2024-02-01
5708,733.1400,UPI,2024-01-24
1563,1870.5400,Card,2024-01-16
15204,1605.0600,UPI,2024-02-17
14963,1800.9600,Wallet,2024-01-19
3453,970.3500,NetBanking,2024-02-19
18278,595.6500,UPI,2024-01-15
7454,1942.7400,Card,2024-01-13
15870,696.8500,NetBanking,2024-01-24
12728,1900.8400,NetBanking,2024-02-25
6462,1131.9800,Card,2024-02-11
2172,408.2500,NetBanking,2024-02-07
8723,358.2000,NetBanking,2024-02-02
4985,158.0200,Wallet,2024-03-01
11944,224.1700,UPI,2024-02-10
1275,363.9500,Card,2024-02-24
182,988.0100,UPI,2024-02-06
16703,184.3500,NetBanking,2024-01-15
6439,1299.1700,Card,2024-02-25
4499,104.8700,NetBanking,2024-01-11
7605,1605.5600,UPI,2024-02-04
7528,884.4100,UPI,2024-01-25
18635,303.0200,Card,2024-01-15
74,462.5500,UPI,2024-02-17
15892,470.8800,NetBanking,2024-01-29
19396,1732.8400,UPI,2024-01-30
7771,1153.5900,Wallet,2024-01-26
14041,651.6500,Wallet,2024-02-26
5392,977.0400,Wallet,2024-01-30
14615,843.9600,NetBanking,2024-01-20
12576,1028.4500,Card,2024-02-03
10021,311.2600,NetBanking,2024-02-01
18566,1724.4100,Wallet,2024-01-15
6166,1694.0200,Wallet,2024-01-17
12092,1764.8000,Card,2024-01-19
19752,1232.4900,Wallet,2024-01-14
18974,993.5500,NetBanking,2024-01-29
5809,757.8500,Wallet,2024-01-19
11155,1492.3000,NetBanking,2024-01-25
2653,532.8800,UPI,2024-02-22
1164,697.5400,UPI,2024-01-07
15913,321.1700,Card,2024-01-03
4659,399.8900,Wallet,2024-01-29
18194,1216.2500,UPI,2024-01-20
9094,635.4900,Card,2024-02-01
18446,1867.4200,NetBanking,2024-01-20
18397,1997.1000,Wallet,2024-01-23
11677,692.2300,Wallet,2024-01-20
6420,1955.7200,UPI,2024-03-01
6039,1676.2500,UPI,2024-01-28
3310,178.3500,NetBanking,2024-01-21
19802,1214.7500,Wallet,2024-01-28
11724,1468.1400,Card,2024-02-27
8084,1764.2900,Wallet,2024-01-25
9175,1186.3500,NetBanking,2024-01-28
15334,394.2400,Card,2024-02-26
8237,588.6800,Card,2024-01-21
2028,1924.4400,UPI,2024-02-05
5772,360.9500,Card,2024-01-23
6632,1518.6600,Wallet,2024-02-20
2881,456.1100,UPI,2024-01-26
9762,295.1300,Card,2024-01-24
8653,421.6500,NetBanking,2024-01-03
11145,825.4900,UPI,2024-02-24
6767,1276.7100,NetBanking,2024-01-19
13665,475.5000,Wallet,2024-02-16
5610,831.0200,UPI,2024-02-07
7556,1743.6000,Wallet,2024-02-13
6910,764.6200,Card,2024-01-29
10406,1081.1100,UPI,2024-01-21
2122,1207.7400,Wallet,2024-01-25
14067,305.8800,UPI,2024-02-16
14692,944.7400,NetBanking,2024-02-03
19158,675.3900,Wallet,2024-01-22
18860,784.5500,UPI,2024-01-18
8854,1890.7200,Card,2024-02-19
7175,1836.1600,NetBanking,2024-02-15
6651,813.1400,Wallet,2024-01-19
6683,1447.4000,Wallet,2024-01-16
19926,224.0100,Card,2024-01-11
10384,479.7900,NetBanking,2024-01-16
14334,1789.6000,UPI,2024-02-17
9467,347.2200,NetBanking,2024-01-20
953,1369.1400,Wallet,2024-02-09
4904,768.5500,UPI,2024-01-18
4090,1815.7000,NetBanking,2024-02-20
16199,1472.1700,UPI,2024-01-04
1613,345.7000,NetBanking,2024-02-18
18793,950.2900,NetBanking,2024-01-17
163,640.2800,Card,2024-01-31
13356,1777.9500,Wallet,2024-02-13
7977,1858.8000,Wallet,2024-01-04
7621,1879.4600,Wallet,2024-01-24
6291,512.6200,UPI,2024-02-02
10826,426.6300,Card,2024-01-03
1922,279.7300,Card,2024-01-01
14219,536.2800,Card,2024-02-06
1066,1429.9500,Card,2024-02-22
13082,360.2100,Wallet,2024-02-21
1121,666.6600,Card,2024-01-12
16877,1230.0800,Wallet,2024-01-08
324,1645.3700,NetBanking,2024-01-20
9134,1860.6700,UPI,2024-01-17
2502,489.2100,UPI,2024-02-02
1440,529.6000,UPI,2024-01-29
16267,438.1200,Card,2024-02-09
18752,995.8700,UPI,2024-01-30
12608,716.6800,NetBanking,2024-02-16
5143,1674.9200,NetBanking,2024-02-22
1343,1815.3700,Wallet,2024-02-07
17690,1556.0200,UPI,2024-01-24
16810,1727.0600,Wallet,2024-01-17
13910,1086.3000,NetBanking,2024-02-11
17451,1467.4700,UPI,2024-01-02
3927,1014.5700,UPI,2024-01-22
1854,1702.0100,NetBanking,2024-03-01
3062,1615.2600,NetBanking,2024-02-12
13529,895.9700,Wallet,2024-02-20
19237,918.2800,UPI,2024-01-08
1495,1534.2300,Wallet,2024-02-24
14902,254.6400,Card,2024-01-07
11433,814.8000,Card,2024-01-10
9822,1286.4300,Wallet,2024-02-14
16560,260.8100,UPI,2024-02-04
2092,723.2900,Card,2024-02-15
12353,1420.4500,Wallet,2024-01-12
19298,1200.7000,UPI,2024-01-17
2805,658.8900,NetBanking,2024-01-17
18276,1478.4100,NetBanking,2024-02-05
8655,1573.5600,Wallet,2024-02-07
6045,1177.7900,NetBanking,2024-01-23
14545,943.0700,Wallet,2024-02-03
14850,1723.0600,Wallet,2024-02-03
10202,702.0400,Card,2024-02-14
4633,1264.9500,Card,2024-01-07
11208,1262.5200,NetBanking,2024-02-17
17152,438.3200,NetBanking,2024-01-22
19288,184.4000,Card,2024-02-21
7365,1053.0900,UPI,2024-01-27
10460,951.5200,Card,2024-01-05
13773,1404.2300,Card,2024-01-08
14765,422.9900,Wallet,2024-01-06
17154,815.8200,NetBanking,2024-01-19
19439,795.6500,Wallet,2024-01-30
14069,367.3000,Card,2024-02-03
3856,1561.1700,NetBanking,2024-02-18
11756,511.0900,UPI,2024-01-19
9838,104.6100,Wallet,2024-01-16
727,1787.0500,UPI,2024-02-12
9239,589.0700,Card,2024-02-06
5334,1683.9500,NetBanking,2024-01-26
17532,609.7300,Card,2024-01-09
9641,1644.2200,Wallet,2024-01-29
12077,683.8500,Card,2024-01-25
1629,680.7300,UPI,2024-02-21
14161,1301.2700,UPI,2024-01-24
2097,1178.5700,Wallet,2024-02-15
14864,182.6100,UPI,2024-02-19
17233,1141.4700,UPI,2024-01-10
16066,1191.1700,Wallet,2024-02-14
5316,1614.6700,NetBanking,2024-01-28
2995,798.9900,Wallet,2024-01-31
3978,1397.7000,UPI,2024-02-19
14417,1287.3400,NetBanking,2024-01-17
3154,691.4600,Card,2024-01-08
16424,803.9300,Wallet,2024-01-12
18419,1949.5700,NetBanking,2024-02-02
18631,735.0300,Wallet,2024-01-10
6018,521.6800,Wallet,2024-01-29
1361,1092.7400,NetBanking,2024-02-07
598,1325.4500,UPI,2024-02-12
5684,1758.4200,Card,2024-02-09
7811,800.6100,UPI,2024-02-26
18073,431.5400,Card,2024-02-21
15181,449.6400,NetBanking,2024-02-12
2820,1887.1200,Card,2024-02-27
2670,321.2000,Wallet,2024-02-27
9625,285.7100,Wallet,2024-02-21
6907,225.5700,Card,2024-02-28
7073,1623.7300,NetBanking,2024-01-11
14811,328.1400,Card,2024-02-27
19234,295.3900,Card,2024-02-16
8729,1609.7600,NetBanking,2024-01-12
3541,1814.8600,Wallet,2024-01-09
14101,675.7300,Card,2024-02-20
6936,1474.0100,Card,2024-01-08
4262,806.1400,Wallet,2024-01-26
5713,1067.5100,Wallet,2024-01-05
9808,495.4000,Card,2024-02-05
6238,1200.0400,Card,2024-02-14
2641,1394.1800,Wallet,2024-02-23
11655,363.2500,Card,2024-01-09
15596,177.7100,UPI,2024-01-19
2069,1178.9300,Wallet,2024-01-20
10946,1826.3200,UPI,2024-01-11
19075,1795.2400,Card,2024-01-01
16589,367.0400,NetBanking,2024-01-20
11496,689.0300,Wallet,2024-01-08
3157,175.3100,NetBanking,2024-01-03
8247,1778.0300,Wallet,2024-01-26
13442,187.3000,Wallet,2024-02-20
17791,1614.1300,NetBanking,2024-01-25
4096,1464.7400,Wallet,2024-01-08
8564,1082.6900,Card,2024-01-05
12237,1249.7900,NetBanking,2024-02-11
15585,228.8000,UPI,2024-02-09
19172,1077.1800,Card,2024-02-09
3437,724.0000,NetBanking,2024-02-06
13011,307.1300,Card,2024-01-03
16512,1071.6500,UPI,2024-02-24
6958,1610.5100,Wallet,2024-02-27
14885,1155.3000,NetBanking,2024-01-06
430,1379.0500,Wallet,2024-01-23
14450,1336.5800,Card,2024-02-24
19881,1981.4500,NetBanking,2024-02-19
15176,154.1300,Card,2024-01-10
4763,739.1900,UPI,2024-01-29
5636,143.4600,UPI,2024-02-02
16109,1752.6100,UPI,2024-01-12
2819,827.3300,NetBanking,2024-01-11
12183,990.7400,UPI,2024-02-28
9530,914.4700,UPI,2024-02-11
5694,1914.6500,UPI,2024-02-10
10932,1579.0300,Card,2024-01-19
11383,1057.5500,Wallet,2024-02-05
13477,1449.0600,Wallet,2024-01-08
12413,568.6000,Card,2024-01-08
9527,305.7900,Wallet,2024-01-19
12161,2085.5800,Card,2024-01-07
5384,1535.8600,UPI,2024-02-25
15748,457.0200,NetBanking,2024-01-30
19184,380.4500,NetBanking,2024-01-12
102,967.9400,UPI,2024-01-08
14306,752.4800,UPI,2024-01-27
7608,842.7100,NetBanking,2024-02-22
4525,1149.9900,NetBanking,2024-02-15
10337,129.3600,UPI,2024-02-23
10748,251.8600,Wallet,2024-01-07
12699,1697.1000,Wallet,2024-01-24
6359,1124.7700,Card,2024-01-28
15355,865.7600,Wallet,2024-01-21
3785,536.5600,Wallet,2024-01-15
10845,884.3600,UPI,2024-02-09
17795,965.1700,NetBanking,2024-01-28
5021,864.7400,Card,2024-02-14
1557,444.2000,Wallet,2024-02-14
7550,1883.1500,Card,2024-02-21
3748,229.0000,UPI,2024-02-13
2622,1732.4000,Card,2024-03-01
6748,1325.7000,Card,2024-02-22
18455,1148.0300,Wallet,2024-02-15
1969,1173.2000,UPI,2024-01-29
18712,1844.9000,UPI,2024-01-08
18485,1899.3000,NetBanking,2024-01-09
6638,1991.2100,Wallet,2024-02-05
2712,1404.6800,UPI,2024-02-12
7489,459.3700,Wallet,2024-01-22
14397,659.7500,Card,2024-01-16
2002,1620.9200,NetBanking,2024-02-04
19416,1991.7600,UPI,2024-02-06
7354,1099.2600,UPI,2024-01-08
19210,1396.8700,Wallet,2024-01-06
19655,1724.8600,UPI,2024-01-12
16309,1427.5900,NetBanking,2024-01-06
19393,274.4900,UPI,2024-01-24
2409,374.4700,NetBanking,2024-02-26
11167,1172.5100,NetBanking,2024-02-15
12797,883.9700,NetBanking,2024-02-20
674,1415.9400,Card,2024-02-29
17307,1424.9200,NetBanking,2024-02-15
1679,1351.1400,Wallet,2024-01-01
11573,521.1100,NetBanking,2024-01-22
9446,1292.3500,NetBanking,2024-01-22
1774,1972.3400,Wallet,2024-02-11
11837,775.9700,NetBanking,2024-01-05
14039,201.6800,Wallet,2024-02-07
10950,901.7900,NetBanking,2024-02-16
16845,501.5500,UPI,2024-01-11
2778,685.9200,NetBanking,2024-01-15
1559,1573.7700,NetBanking,2024-01-26
6467,1784.5000,Card,2024-01-26
16844,1291.1400,NetBanking,2024-01-12
19521,303.4800,NetBanking,2024-01-10
1636,692.7000,UPI,2024-02-13
11442,592.8300,UPI,2024-01-09
14096,858.9500,Card,2024-01-28
18136,742.6200,NetBanking,2024-01-13
16813,124.0400,NetBanking,2024-01-11
16416,989.8800,UPI,2024-01-28
16467,404.9100,Wallet,2024-01-12
13482,977.6000,UPI,2024-02-10
11493,1183.5200,Card,2024-02-29
12031,937.0500,NetBanking,2024-01-03
17329,307.6500,UPI,2024-02-12
3581,1688.6900,Card,2024-02-12
15691,291.6000,NetBanking,2024-02-22
5083,1292.8500,Wallet,2024-01-20
3345,576.0300,UPI,2024-02-05
2587,1609.1600,Wallet,2024-02-25
2070,959.0900,NetBanking,2024-02-15
2758,1672.4200,Wallet,2024-02-19
7880,326.2700,UPI,2024-01-18
4636,1773.1200,Card,2024-02-21
814,1204.4700,UPI,2024-02-08
13271,1672.9600,NetBanking,2024-01-01
9493,437.6300,NetBanking,2024-02-12
14176,467.3700,Card,2024-02-04
7728,1591.4100,UPI,2024-02-13
5050,1981.1500,NetBanking,2024-02-29
14971,887.0500,NetBanking,2024-02-05
7939,666.5400,UPI,2024-01-21
14071,1724.0400,UPI,2024-02-19
635,1849.8800,Wallet,2024-02-10
10338,1922.9900,NetBanking,2024-02-15
10685,1800.3200,NetBanking,2024-01-13
16726,626.7600,Card,2024-02-22
438,412.5700,UPI,2024-02-09
1889,499.3500,Card,2024-02-03
7632,1670.0000,UPI,2024-02-11
10570,423.6100,UPI,2024-01-16
2124,376.0400,Wallet,2024-02-27
16182,1619.4700,NetBanking,2024-02-15
13280,1887.9600,Card,2024-01-22
13673,1174.1900,Wallet,2024-02-01
3747,955.2700,UPI,2024-02-09
4650,1564.5100,NetBanking,2024-03-01
18343,440.7600,UPI,2024-02-10
18624,1329.6500,Card,2024-02-14
15687,2266.9700,NetBanking,2024-02-04
9865,313.6400,NetBanking,2024-01-19
6361,199.9100,NetBanking,2024-01-10
18483,325.2800,Wallet,2024-01-31
10838,1792.6400,Wallet,2024-01-24
18371,954.9700,NetBanking,2024-02-13
6823,960.9700,Wallet,2024-01-03
11998,603.9500,Card,2024-01-28
3068,1334.4800,NetBanking,2024-01-12
11310,1794.3500,Card,2024-02-14
7301,1652.6100,UPI,2024-01-24
14277,1981.6000,NetBanking,2024-01-06
18464,714.6100,NetBanking,2024-02-26
13224,497.8900,Card,2024-02-28
3568,953.6400,Card,2024-02-14
12442,1829.8500,UPI,2024-01-31
4844,725.4200,UPI,2024-02-10
397,151.9500,Wallet,2024-01-28
8638,697.2600,NetBanking,2024-01-28
19339,1173.3800,UPI,2024-01-23
18393,1719.3400,NetBanking,2024-01-21
6492,1768.0200,NetBanking,2024-01-24
11713,838.0600,Card,2024-02-05
8896,490.5000,Wallet,2024-01-26
253,1788.7800,Wallet,2024-01-13
1979,469.6600,Card,2024-01-03
7100,725.9500,UPI,2024-01-17
1567,496.3100,Card,2024-02-14
18233,1355.0200,Card,2024-01-28
328,652.5100,NetBanking,2024-02-07
18125,803.1800,Card,2024-02-23
11096,436.5300,Wallet,2024-02-18
7785,1968.4700,NetBanking,2024-01-26
17490,380.3400,NetBanking,2024-01-21
16377,1078.8200,Card,2024-02-11
12845,1956.7300,Card,2024-01-22
4330,2158.3900,Card,2024-02-24
7325,597.5100,Wallet,2024-02-07
8001,111.0600,UPI,2024-02-23
3643,1179.3900,NetBanking,2024-02-24
18348,878.2800,NetBanking,2024-02-14
2599,1913.1700,Wallet,2024-01-13
18260,565.8000,Card,2024-01-28
4068,243.2200,Card,2024-02-17
5855,1026.4700,Card,2024-02-11
19186,800.8300,Wallet,2024-01-29
10588,1371.6800,UPI,2024-02-16
10045,1595.0100,Card,2024-01-23
6441,1194.0200,Wallet,2024-02-28
4117,618.5800,NetBanking,2024-01-22
17224,1979.9100,UPI,2024-01-12
14313,737.5100,Wallet,2024-02-03
1568,385.4000,UPI,2024-02-23
4195,1379.3200,Wallet,2024-02-21
11542,1991.0000,Card,2024-01-08
5819,1444.8200,Wallet,2024-03-01
389,1963.6300,NetBanking,2024-01-02
7295,520.8200,UPI,2024-01-15
8021,991.4700,Wallet,2024-02-16
6162,353.1300,Wallet,2024-02-29
14619,1266.6400,Card,2024-02-21
6436,171.0400,NetBanking,2024-02-18
11068,354.5000,Card,2024-01-06
8783,1381.4000,Card,2024-02-19
1918,1297.3900,NetBanking,2024-02-11
19106,698.2200,Wallet,2024-01-07
12000,1862.3100,UPI,2024-02-11
12362,1238.5900,Wallet,2024-02-27
7665,187.0000,NetBanking,2024-01-21
10479,589.5100,NetBanking,2024-02-23
1944,1714.7000,NetBanking,2024-01-26
6506,628.1700,UPI,2024-02-05
13359,738.9200,UPI,2024-01-17
2623,1380.7500,NetBanking,2024-02-16
14247,263.6300,Card,2024-01-30
14512,941.5600,NetBanking,2024-02-05
14390,222.4700,Card,2024-02-22
10362,802.3100,NetBanking,2024-02-16
6536,1559.0200,Card,2024-01-29
4726,1150.0500,Wallet,2024-01-02
19644,171.7200,Wallet,2024-02-21
4971,458.1300,NetBanking,2024-02-09
19593,1801.7500,Card,2024-02-08
10803,1343.5300,Card,2024-01-04
3588,654.3800,Wallet,2024-01-23
7452,1972.5800,Wallet,2024-02-11
11776,646.5100,Wallet,2024-02-08
8885,1894.2000,NetBanking,2024-02-08
9208,1907.3300,Card,2024-01-12
13696,1644.8200,Card,2024-02-07
16687,1729.0300,UPI,2024-02-11
18100,1499.8900,UPI,2024-01-03
10804,1694.2900,NetBanking,2024-01-30
8632,1108.8100,Wallet,2024-01-19
15502,1351.6900,UPI,2024-02-01
7603,956.1100,NetBanking,2024-01-07
131,205.9000,UPI,2024-01-29
10708,1728.2500,NetBanking,2024-02-23
8879,1717.9700,Card,2024-01-18
1358,331.1300,NetBanking,2024-01-26
13578,943.5100,Card,2024-02-10
17100,178.0300,UPI,2024-01-04
3460,114.7400,Wallet,2024-02-29
7824,1779.1400,NetBanking,2024-01-11
17220,1044.3000,Wallet,2024-01-20
16095,815.2400,UPI,2024-02-29
453,1229.8200,UPI,2024-02-01
2522,1545.2600,NetBanking,2024-01-11
18954,939.1600,UPI,2024-02-13
15814,294.8400,Wallet,2024-01-08
11816,1156.6400,UPI,2024-02-17
11407,1237.1200,UPI,2024-01-09
6713,952.8000,UPI,2024-01-28
10525,718.8700,UPI,2024-02-06
8438,583.9300,NetBanking,2024-01-07
4271,1611.4300,NetBanking,2024-02-01
16951,1037.7900,UPI,2024-01-16
15776,1286.7300,Card,2024-01-19
2531,1364.0300,Card,2024-02-10
2772,1856.1400,Wallet,2024-01-27
19938,1325.6400,Wallet,2024-01-27
1667,201.2900,UPI,2024-01-10
1400,634.1900,Wallet,2024-02-14
659,1801.2100,Card,2024-01-06
1448,1592.2200,Card,2024-01-12
16288,1327.2700,UPI,2024-01-25
13463,713.7100,Wallet,2024-02-26
7678,1154.7600,UPI,2024-01-26
11380,1978.0000,NetBanking,2024-02-07
8874,174.3100,NetBanking,2024-02-28
18488,1766.3700,Wallet,2024-02-12
10646,757.9200,Card,2024-02-15
4501,1543.7300,Wallet,2024-02-05
6727,1901.2200,Card,2024-02-26
15406,1683.7600,NetBanking,2024-01-15
2489,1531.6200,Card,2024-02-08
4381,1027.9700,UPI,2024-02-09
18798,387.0500,NetBanking,2024-01-31
954,926.5500,Card,2024-01-30
18215,830.1200,Card,2024-02-15
19036,1013.6300,UPI,2024-01-18
16071,637.8400,Wallet,2024-01-25
5687,572.2300,Wallet,2024-01-28
14213,1032.4900,NetBanking,2024-01-21
10949,927.3300,Wallet,2024-01-26
2790,308.0300,Wallet,2024-01-09
10619,129.6000,Wallet,2024-01-28
5558,1288.2400,UPI,2024-01-09
7400,1636.8300,Wallet,2024-01-30
11937,1353.0100,UPI,2024-01-17
796,1156.4700,Wallet,2024-02-12
14923,1403.1300,Wallet,2024-01-18
8754,146.6300,Wallet,2024-02-29
13757,1813.4600,Wallet,2024-02-21
5804,678.2100,UPI,2024-02-28
7815,873.3200,NetBanking,2024-01-04
18767,251.7800,NetBanking,2024-01-07
13986,128.0800,Wallet,2024-01-08
3296,1970.3300,UPI,2024-01-13
12936,127.2700,Card,2024-02-14
4293,1776.6600,UPI,2024-02-17
1939,1857.4100,Card,2024-01-10
1814,1601.4500,Card,2024-01-30
13761,595.2000,Wallet,2024-01-13
4203,927.1600,UPI,2024-02-15
7618,656.0800,Wallet,2024-02-07
5033,678.8100,NetBanking,2024-01-28
1640,1018.6400,Wallet,2024-01-22
9780,1336.1900,NetBanking,2024-01-27
10533,1753.1100,Card,2024-02-20
13002,331.7000,NetBanking,2024-02-24
7993,1666.4700,Wallet,2024-01-10
3413,1219.9300,UPI,2024-02-02
2850,187.1000,Wallet,2024-01-22
9738,709.0200,UPI,2024-01-28
19645,1519.5900,UPI,2024-01-20
8921,1897.0900,Wallet,2024-02-09
3598,1610.5700,Card,2024-01-23
3421,584.9500,UPI,2024-01-22
5650,633.9300,Wallet,2024-02-12
4688,931.7100,NetBanking,2024-02-12
8032,892.8500,Card,2024-01-24
19799,285.3600,UPI,2024-01-02
13033,1204.1400,Card,2024-01-27
14905,1077.7700,Wallet,2024-01-25
11828,638.1300,Card,2024-02-03
6035,476.9200,Card,2024-01-07
5374,1099.9500,UPI,2024-02-21
15215,124.5300,Wallet,2024-02-24
12385,384.9200,Wallet,2024-02-20
1324,275.4200,Wallet,2024-02-09
18727,1379.4500,Wallet,2024-01-10
9931,714.9700,Wallet,2024-01-12
15077,312.1700,UPI,2024-02-12
4081,1308.7900,UPI,2024-01-08
10437,182.5100,Card,2024-02-21
6608,661.5300,UPI,2024-03-01
5749,1731.2000,UPI,2024-02-03
9444,920.7900,UPI,2024-01-24
8878,256.4800,UPI,2024-02-11
5166,623.2500,UPI,2024-02-09
12188,189.7900,Card,2024-02-01
12946,159.6600,Wallet,2024-02-01
3662,1971.7500,Wallet,2024-01-05
15950,1176.2600,Card,2024-01-23
11882,1516.5700,Card,2024-02-16
2251,704.6500,Wallet,2024-01-29
16624,1667.6700,UPI,2024-01-06
5057,544.6600,NetBanking,2024-02-20
5827,1071.7300,Card,2024-02-29
6860,919.5800,Card,2024-02-14
12848,1472.1900,UPI,2024-02-11
707,944.2300,NetBanking,2024-01-10
8709,1806.1000,NetBanking,2024-02-05
1075,688.0900,Card,2024-02-22
16261,275.8500,Card,2024-02-22
13676,1825.8500,NetBanking,2024-02-03
19174,1327.1300,Wallet,2024-02-20
4158,1042.5400,NetBanking,2024-02-12
19436,109.9100,NetBanking,2024-02-16
13225,962.8100,Wallet,2024-01-25
14663,504.2400,NetBanking,2024-01-23
19161,426.5100,Wallet,2024-02-27
2883,926.3300,UPI,2024-02-15
473,1004.9900,Card,2024-01-03
7469,980.9100,Card,2024-02-23
15669,1518.3800,NetBanking,2024-02-21
6790,784.8000,NetBanking,2024-02-02
2325,1530.6500,NetBanking,2024-01-14
11913,391.1900,Card,2024-02-24
11794,1864.9800,Card,2024-01-31
11257,105.0400,UPI,2024-02-04
16176,496.5200,NetBanking,2024-01-21
13737,266.6100,Card,2024-01-24
18181,1705.2700,UPI,2024-02-07
19537,1357.4100,UPI,2024-01-05
451,1351.4900,NetBanking,2024-02-21
3665,1045.8100,NetBanking,2024-02-22
11084,405.3800,UPI,2024-01-06
16615,1338.5800,NetBanking,2024-01-08
19817,840.2600,Wallet,2024-02-09
14455,1409.6600,UPI,2024-02-21
13062,774.2200,Wallet,2024-01-24
1180,890.1600,Card,2024-01-11
13346,1043.0500,NetBanking,2024-01-30
1221,681.0800,Card,2024-01-18
3760,916.9600,NetBanking,2024-01-31
4671,898.4700,UPI,2024-02-13
17405,163.8200,UPI,2024-01-09
14439,762.1900,UPI,2024-02-18
18938,808.2300,Card,2024-02-28
3642,1975.5400,Card,2024-01-26
11955,1867.6800,UPI,2024-01-11
5657,1579.3500,NetBanking,2024-01-04
7234,1305.9900,Card,2024-02-22
3718,1676.4000,UPI,2024-01-31
18041,970.3600,UPI,2024-01-09
1747,1681.2600,Card,2024-01-31
2101,1523.6500,Card,2024-01-02
3252,907.7300,UPI,2024-03-01
12973,1676.6600,UPI,2024-02-12
1946,296.1300,UPI,2024-02-07
16936,1321.5800,Wallet,2024-01-04
16724,434.5300,Card,2024-02-07
17564,506.6000,NetBanking,2024-01-18
18232,1493.7100,NetBanking,2024-02-17
11931,1079.3600,Card,2024-02-21
11406,997.8000,UPI,2024-02-09
11958,1109.4800,UPI,2024-01-21
9343,1417.3600,Card,2024-02-04
11326,740.3000,UPI,2024-02-15
15032,184.6000,Card,2024-02-05
11640,555.1900,UPI,2024-01-17
109,839.3000,Card,2024-01-18
15356,1094.6200,Wallet,2024-01-18
8003,1645.0600,Wallet,2024-02-12
11906,827.7200,UPI,2024-01-21
13378,161.3600,NetBanking,2024-01-07
18626,448.8400,Wallet,2024-02-02
15696,409.1600,Card,2024-02-01
5142,1612.6200,Wallet,2024-01-02
14804,866.8300,UPI,2024-02-03
19746,276.4900,NetBanking,2024-01-07
14422,1633.6000,Wallet,2024-02-25
1342,1404.1600,NetBanking,2024-01-02
15951,101.9500,UPI,2024-01-01
9270,195.7900,NetBanking,2024-01-14
14239,1435.3700,NetBanking,2024-02-11
10620,385.3600,UPI,2024-02-06
12330,1257.1400,NetBanking,2024-02-08
16114,1243.6300,NetBanking,2024-01-29
15629,1353.2000,UPI,2024-01-26
16329,667.2800,Card,2024-01-01
18785,978.2800,Card,2024-02-01
3504,557.7900,Wallet,2024-02-06
12103,816.5200,UPI,2024-02-13
14236,1701.2900,NetBanking,2024-02-11
3791,1569.5100,UPI,2024-02-07
6900,1876.9800,UPI,2024-01-03
11336,817.3000,Wallet,2024-01-27
18314,1899.8600,UPI,2024-01-04
14535,832.7800,Wallet,2024-01-27
16859,895.4700,Wallet,2024-01-18
186,297.2600,UPI,2024-02-13
7902,1847.4100,Card,2024-01-04
13266,912.5600,Card,2024-02-28
7308,205.2000,UPI,2024-01-14
10181,458.0500,UPI,2024-01-07
2039,542.4000,Wallet,2024-02-07
14223,1774.9700,Card,2024-01-26
13208,1802.7000,NetBanking,2024-01-18
668,281.3700,Wallet,2024-02-24
5105,1517.2800,Card,2024-02-05
3646,1534.6900,Card,2024-01-17
444,233.0400,UPI,2024-01-06
13886,1010.3800,Card,2024-01-31
12018,1155.5500,UPI,2024-01-26
2688,1588.1600,Wallet,2024-01-20
494,1563.0500,Card,2024-02-14
17742,1354.9700,NetBanking,2024-01-11
524,994.8500,UPI,2024-01-14
15223,1005.9200,Wallet,2024-02-15
10825,649.8700,Card,2024-02-08
10567,1663.8300,UPI,2024-03-01
7752,1257.9300,Wallet,2024-01-25
8150,1564.3600,UPI,2024-02-07
16549,235.7800,Card,2024-02-14
9156,1346.8900,UPI,2024-01-09
12290,383.9100,Wallet,2024-01-18
8367,1488.8600,UPI,2024-02-08
3669,861.0500,Card,2024-01-09
19360,1399.6100,Card,2024-02-18
18856,1583.2100,Wallet,2024-01-09
7552,988.6400,Wallet,2024-03-01
17886,658.2400,Card,2024-02-04
17908,1058.1700,Wallet,2024-01-08
13406,260.1100,NetBanking,2024-01-12
8873,1488.6600,UPI,2024-02-09
11426,925.8900,Card,2024-01-13
3053,1017.3400,Card,2024-02-24
1832,947.1300,NetBanking,2024-01-19
16855,855.8000,Card,2024-01-10
11904,869.8900,Card,2024-01-12
7252,1741.5900,Card,2024-01-28
6918,1116.4500,Wallet,2024-02-14
17344,1080.8800,Wallet,2024-01-30
15153,1442.7900,NetBanking,2024-01-17
7355,1869.6900,Card,2024-02-27
15361,1852.7700,Wallet,2024-01-22
12539,1528.0300,Card,2024-02-20
6382,1062.8600,NetBanking,2024-01-02
2050,264.3200,UPI,2024-01-12
9725,649.0800,Wallet,2024-01-30
5981,180.2600,NetBanking,2024-01-04
7625,1423.9700,UPI,2024-02-19
2257,1037.9200,Wallet,2024-02-09
6410,1552.4100,Wallet,2024-01-12
17521,1797.6400,UPI,2024-01-25
18415,1757.0400,Card,2024-01-17
17543,1921.8200,Wallet,2024-02-24
10571,1107.4400,UPI,2024-02-09
9611,1041.0500,NetBanking,2024-02-18
11014,1417.4800,NetBanking,2024-01-30
8428,1015.8800,UPI,2024-02-05
3440,1444.5900,NetBanking,2024-02-11
4722,1788.8600,Wallet,2024-02-10
12550,1171.7200,Wallet,2024-02-05
12444,1332.6500,UPI,2024-02-12
9220,1518.5000,NetBanking,2024-02-08
16960,456.0400,Card,2024-01-14
4440,1549.0200,Card,2024-02-24
13500,832.6400,Card,2024-01-06
6469,1155.2400,NetBanking,2024-02-07
1690,1108.6900,Wallet,2024-01-31
6395,564.3100,Card,2024-02-15
6850,1762.4500,Card,2024-02-17
11669,1739.5800,NetBanking,2024-02-19
15645,116.9200,Card,2024-01-21
2024,539.9400,Card,2024-02-11
9858,1340.8500,Wallet,2024-02-28
19177,1849.7000,Card,2024-02-26
17515,749.7900,Wallet,2024-01-13
11275,1167.7000,UPI,2024-01-28
10411,1549.1800,Card,2024-02-14
478,116.3200,Card,2024-02-01
12286,1727.8900,NetBanking,2024-02-13
19686,1724.3900,Wallet,2024-01-14
10927,1531.1100,Card,2024-01-21
5969,395.0600,UPI,2024-01-20
14933,826.3300,UPI,2024-02-04
5751,1224.9100,UPI,2024-02-29
8011,2241.8700,Wallet,2024-01-26
15900,221.0800,UPI,2024-02-02
12954,735.6600,UPI,2024-02-21
2974,684.2500,Wallet,2024-02-02
13550,1191.6800,NetBanking,2024-01-03
9003,1957.4000,UPI,2024-01-08
1333,674.0200,NetBanking,2024-02-21
12994,1815.9400,Card,2024-01-02
5273,1283.2000,UPI,2024-02-15
13071,1993.5500,NetBanking,2024-01-19
10859,352.7800,Card,2024-02-09
9000,1313.3300,Card,2024-02-25
14867,1485.3500,UPI,2024-01-07
15781,397.0400,UPI,2024-02-01
18294,133.0300,Card,2024-02-22
10940,305.6500,Card,2024-02-23
183,303.5300,NetBanking,2024-01-06
3064,1672.2400,Card,2024-01-11
16437,473.0500,Card,2024-01-09
17944,1143.1100,Wallet,2024-01-08
3424,866.9000,UPI,2024-02-09
3710,976.3300,Wallet,2024-01-22
3249,366.5800,Wallet,2024-02-21
5822,820.7700,Wallet,2024-01-09
19680,1724.9800,NetBanking,2024-02-02
8031,1068.5100,NetBanking,2024-01-31
2130,1277.8200,NetBanking,2024-01-26
13548,1788.9300,Wallet,2024-02-25
5509,692.5000,UPI,2024-01-30
18915,894.3200,Card,2024-02-24
9834,1303.8600,Wallet,2024-01-07
4870,498.2000,Card,2024-01-26
4315,1926.7400,NetBanking,2024-01-28
274,532.7800,Card,2024-01-14
2760,916.9700,NetBanking,2024-02-05
17293,1028.2900,UPI,2024-01-30
6179,1949.9100,Card,2024-02-19
11989,1364.7700,Wallet,2024-01-02
5074,1789.0000,Card,2024-01-31
9125,1836.1900,Card,2024-02-14
3049,1706.9000,NetBanking,2024-02-12
3737,1097.2300,UPI,2024-01-28
3354,629.3000,Wallet,2024-02-16
5849,488.5200,UPI,2024-01-25
4218,1115.9600,UPI,2024-02-07
5740,1887.2000,Card,2024-02-16
2281,681.9200,NetBanking,2024-01-17
13361,1853.5700,NetBanking,2024-01-11
9517,1536.7000,Card,2024-02-17
4577,1553.5500,Card,2024-03-01
9850,1447.3400,Wallet,2024-02-04
5697,1591.2100,NetBanking,2024-02-05
12207,1920.6300,UPI,2024-01-22
12063,262.4600,Card,2024-01-23
1796,1141.8700,Wallet,2024-01-21
9183,624.3000,Card,2024-01-09
16988,1645.7500,NetBanking,2024-01-14
12084,704.7900,Card,2024-02-18
16170,331.7900,UPI,2024-02-06
19461,739.4900,Card,2024-02-04
424,920.5400,Card,2024-01-06
15789,1886.6700,Card,2024-02-05
7427,411.2500,Card,2024-01-22
18965,833.5500,NetBanking,2024-02-17
10997,1087.6600,Wallet,2024-02-01
1046,1450.9600,Wallet,2024-02-23
4573,1201.8700,UPI,2024-01-07
13439,463.2900,NetBanking,2024-02-05
2482,1570.6900,UPI,2024-02-04
8060,1235.7800,Card,2024-01-19
2851,784.5300,Card,2024-02-04
19818,407.3200,NetBanking,2024-02-20
15200,1107.2100,NetBanking,2024-01-16
17538,150.9100,Card,2024-02-02
17749,1311.5500,UPI,2024-03-01
14801,1801.1400,NetBanking,2024-01-09
5052,1320.7800,UPI,2024-01-17
8206,430.2600,Wallet,2024-02-01
13835,1491.4900,Card,2024-02-05
13449,1251.8100,Wallet,2024-02-24
9965,143.6300,UPI,2024-01-15
14491,1670.2300,UPI,2024-02-05
5205,1121.9400,UPI,2024-01-26
1351,1034.5500,UPI,2024-02-20
1187,1862.6300,UPI,2024-01-20
4906,178.2600,NetBanking,2024-02-19
11070,1695.2400,Card,2024-01-28
3347,1184.1600,NetBanking,2024-02-18
391,1058.5300,NetBanking,2024-02-01
7838,101.1100,Wallet,2024-01-20
13024,1138.1300,UPI,2024-01-02
3899,1797.0200,UPI,2024-02-12
11458,620.8600,Card,2024-02-10
12255,1804.2800,Card,2024-02-28
19050,1442.6600,UPI,2024-01-08
4334,1029.7700,Wallet,2024-02-15
3828,1927.5100,UPI,2024-01-17
11248,1061.1200,Wallet,2024-01-23
3519,1440.9200,Wallet,2024-02-05
1555,705.0100,Wallet,2024-01-16
18211,712.1400,NetBanking,2024-02-01
1539,374.9300,NetBanking,2024-02-11
3544,1644.1100,NetBanking,2024-02-03
3221,1682.7800,NetBanking,2024-02-10
15046,887.0400,Wallet,2024-01-03
8213,1094.5400,NetBanking,2024-01-22
4000,150.7100,UPI,2024-02-12
17361,1502.0100,UPI,2024-01-19
18777,609.1400,Card,2024-02-16
18887,1388.0600,Card,2024-01-13
2952,1978.8100,UPI,2024-02-06
9978,1313.1700,UPI,2024-02-07
8913,1248.6800,NetBanking,2024-01-02
19406,1793.2300,Card,2024-01-18
16527,1916.2500,Card,2024-02-24
16714,1216.6400,Card,2024-01-22
11247,1774.1000,NetBanking,2024-01-08
15245,2015.7200,NetBanking,2024-01-12
3357,1879.4300,UPI,2024-02-29
16085,1764.3800,UPI,2024-01-24
17024,932.0700,NetBanking,2024-01-21
12355,168.2300,UPI,2024-02-27
5406,984.2000,Card,2024-02-16
15074,1021.9900,UPI,2024-01-23
13974,1301.3900,Wallet,2024-02-23
18487,2153.6000,Wallet,2024-02-19
3549,818.4800,Card,2024-01-08
17874,1195.2200,Wallet,2024-01-04
3061,103.1100,UPI,2024-02-06
17551,1426.6500,NetBanking,2024-02-01
8382,132.0100,Card,2024-02-27
5688,699.2400,UPI,2024-02-10
1634,1295.1400,NetBanking,2024-02-21
16922,962.4100,NetBanking,2024-02-11
16200,1952.9600,UPI,2024-02-14
2893,1560.0700,Wallet,2024-02-08
17138,251.0200,NetBanking,2024-02-10
16028,1619.0300,NetBanking,2024-02-23
16290,623.6800,UPI,2024-02-26
1228,1386.1200,UPI,2024-02-10
4094,1174.7600,NetBanking,2024-01-17
1359,709.9400,Card,2024-01-03
9767,510.2400,NetBanking,2024-02-07
9207,989.0800,UPI,2024-02-23
13268,1054.9600,UPI,2024-02-28
19503,1992.8900,Card,2024-01-05
4015,1388.4000,Card,2024-01-26
15007,331.3500,UPI,2024-02-27
10911,1787.2100,NetBanking,2024-02-06
4489,709.7100,Wallet,2024-02-28
12629,1162.3700,UPI,2024-01-28
13669,681.3700,UPI,2024-02-02
8409,683.0900,NetBanking,2024-02-05
12152,759.8200,UPI,2024-02-20
1193,936.8600,Wallet,2024-01-17
13325,1396.1600,Card,2024-02-06
14549,802.8200,UPI,2024-01-21
18372,965.3200,Wallet,2024-01-17
13313,763.7500,NetBanking,2024-01-03
6540,1133.6600,UPI,2024-02-27
1723,532.1200,Wallet,2024-02-21
18283,698.1600,UPI,2024-02-04
871,249.2900,NetBanking,2024-02-16
6336,1663.4600,UPI,2024-02-14
5329,1805.0500,NetBanking,2024-02-15
15812,200.8600,NetBanking,2024-01-12
15747,577.5200,Wallet,2024-01-03
769,1873.9000,UPI,2024-02-14
13672,230.8200,NetBanking,2024-02-26
13305,1496.1700,NetBanking,2024-01-29
13172,827.9600,UPI,2024-02-29
19699,491.1600,UPI,2024-03-01
7883,695.4700,Wallet,2024-02-23
4596,736.4800,Card,2024-01-08
11562,567.8200,Card,2024-02-19
4519,1452.1100,Card,2024-02-29
5080,811.2900,Card,2024-01-02
9275,998.8800,Wallet,2024-01-08
9280,1048.7600,NetBanking,2024-02-14
1332,288.9800,NetBanking,2024-02-27
7315,476.7000,UPI,2024-01-23
4640,1292.9300,Card,2024-02-13
17146,598.0600,Card,2024-01-27
19152,725.1400,Card,2024-01-18
7074,1844.2000,UPI,2024-02-10
9607,251.7500,NetBanking,2024-03-01
6529,1890.5000,UPI,2024-01-23
43,1253.8400,NetBanking,2024-02-02
3794,1264.3000,NetBanking,2024-02-05
3801,1051.9800,Card,2024-02-26
1757,1450.6700,UPI,2024-01-27
3383,963.1000,NetBanking,2024-02-11
17540,937.1200,UPI,2024-02-03
17630,1058.3700,Wallet,2024-01-29
784,1161.6200,NetBanking,2024-02-04
9510,742.8500,Wallet,2024-01-02
18146,1654.9800,NetBanking,2024-02-07
6234,695.7800,Card,2024-01-16
1127,1114.3100,Wallet,2024-01-08
3719,1228.6900,Card,2024-01-23
15808,925.5500,Wallet,2024-01-02
17504,1111.4600,NetBanking,2024-02-20
1912,971.2600,Wallet,2024-01-14
7746,1799.2200,UPI,2024-01-08
9971,955.7300,NetBanking,2024-02-23
8205,662.6300,NetBanking,2024-01-12
14307,1365.4400,Wallet,2024-02-24
17992,849.0500,Card,2024-01-17
13804,1737.4300,UPI,2024-02-22
12090,1900.5700,NetBanking,2024-01-12
19796,964.0000,NetBanking,2024-02-07
19182,199.8200,Card,2024-01-03
2394,1475.2600,Wallet,2024-02-24
2512,1644.4200,UPI,2024-02-17
16975,486.6600,Card,2024-02-11
4897,1774.0800,NetBanking,2024-01-12
9351,787.6200,NetBanking,2024-02-17
16378,815.0100,UPI,2024-01-01
10868,322.3100,UPI,2024-01-12
11893,1509.4000,Wallet,2024-01-29
2909,985.9200,Wallet,2024-03-01
14098,1088.0900,NetBanking,2024-02-25
14960,1983.5100,UPI,2024-02-09
1472,1979.8400,NetBanking,2024-02-02
4942,1582.5500,NetBanking,2024-02-24
17059,780.2000,NetBanking,2024-01-20
6899,1507.0900,Card,2024-02-17
10121,1438.3700,NetBanking,2024-01-18
14739,865.1000,Card,2024-01-21
19606,1614.8500,Wallet,2024-02-01
5173,484.1900,UPI,2024-02-05
19733,642.5000,Wallet,2024-02-20
17907,689.2500,NetBanking,2024-02-17
14155,659.3700,NetBanking,2024-01-22
3781,1053.5200,NetBanking,2024-01-11
6507,854.2300,UPI,2024-02-24
9785,999.6200,UPI,2024-01-17
1189,183.9200,UPI,2024-01-17
18070,1557.7800,UPI,2024-01-24
12323,160.2500,NetBanking,2024-01-06
6825,1622.9000,Wallet,2024-02-02
10125,379.7600,Wallet,2024-02-20
6062,554.6100,Card,2024-02-06
8846,1016.6200,NetBanking,2024-01-21
6176,233.1400,NetBanking,2024-02-07
9928,1346.7300,NetBanking,2024-01-18
2310,1804.4900,NetBanking,2024-02-23
11859,1946.6100,UPI,2024-01-01
17597,1765.3000,Wallet,2024-01-05
8233,594.7400,UPI,2024-01-28
19542,844.8200,Card,2024-01-03
13141,253.9200,UPI,2024-02-20
13303,829.5600,Wallet,2024-02-22
956,696.3700,Card,2024-02-08
1269,1243.5800,Wallet,2024-01-22
4934,736.2300,Card,2024-01-09
6604,1554.2100,Wallet,2024-02-22
3562,837.2100,Wallet,2024-02-24
9704,1626.7000,Card,2024-02-13
3283,1097.5600,NetBanking,2024-01-28
1474,300.7100,Wallet,2024-02-04
15423,1614.4000,UPI,2024-01-31
15891,1091.8100,UPI,2024-02-06
19353,1564.8400,Wallet,2024-01-22
12749,1940.9600,Wallet,2024-02-18
6610,863.6000,Wallet,2024-01-01
10069,1060.6600,Card,2024-02-22
10013,996.4400,Card,2024-02-23
5204,1480.6000,NetBanking,2024-02-20
2914,369.1800,NetBanking,2024-01-29
4684,1935.9500,UPI,2024-01-18
4265,1189.6200,UPI,2024-01-19
17036,1656.0600,Card,2024-01-26
9461,1083.5300,Wallet,2024-01-08
8136,895.5900,Card,2024-02-12
9297,337.6000,Card,2024-02-29
7041,1390.6500,Wallet,2024-01-13
6059,380.2900,Card,2024-02-10
5212,1802.1600,Wallet,2024-01-03
12277,1898.5300,Wallet,2024-01-26
16218,1214.0900,Wallet,2024-02-19
12189,425.8600,Card,2024-01-17
14908,1372.6000,Wallet,2024-01-15
10938,1669.1900,Wallet,2024-02-25
3372,484.5400,Card,2024-02-26
16121,1702.5200,NetBanking,2024-01-20
6431,1227.4900,NetBanking,2024-01-01
16834,686.8900,Wallet,2024-02-21
2452,151.7200,Wallet,2024-02-25
7486,1036.5200,Wallet,2024-03-01
19010,1784.0700,Card,2024-01-02
6084,1257.8800,Wallet,2024-02-28
12150,1683.4300,Card,2024-01-27
9549,1627.7000,Wallet,2024-01-10
14222,394.2900,UPI,2024-01-10
17096,193.0900,UPI,2024-01-13
3702,330.7200,NetBanking,2024-02-15
10465,291.5300,UPI,2024-02-27
17725,1484.9700,Wallet,2024-01-12
19893,1762.3700,UPI,2024-01-20
7953,1934.2100,NetBanking,2024-02-14
13402,767.3400,Card,2024-02-22
17439,1439.1200,Card,2024-01-25
3884,1912.8000,UPI,2024-01-25
18402,446.7100,Wallet,2024-01-24
16867,604.3000,UPI,2024-01-05
15326,1807.7900,Wallet,2024-01-23
1205,452.6600,Wallet,2024-01-17
13204,369.6700,Card,2024-02-29
15746,1009.6700,UPI,2024-01-25
1988,225.8000,UPI,2024-01-10
13183,1056.7400,Card,2024-02-24
551,875.5500,Card,2024-01-15
2212,137.3200,Wallet,2024-02-24
12388,1023.7800,Wallet,2024-02-15
4297,1995.2900,NetBanking,2024-01-14
11018,839.8400,NetBanking,2024-02-01
18394,1677.1000,UPI,2024-02-16
17209,672.6900,UPI,2024-02-19
5294,1811.6600,Card,2024-02-05
7061,405.1600,Wallet,2024-02-17
14829,392.2600,Wallet,2024-02-07
12456,1220.0700,UPI,2024-01-06
19735,1444.0300,NetBanking,2024-01-28
13956,1441.9700,UPI,2024-01-18
13059,1523.1200,Card,2024-01-03
1783,1734.1200,NetBanking,2024-02-16
15937,1625.1400,Card,2024-01-16
7464,325.3200,Wallet,2024-02-21
16113,689.4600,Card,2024-01-24
10088,849.5100,NetBanking,2024-01-13
19314,1119.1900,UPI,2024-02-09
18159,1915.6600,NetBanking,2024-02-08
16967,1533.1300,Wallet,2024-02-13
13057,1421.8800,Card,2024-01-15
10709,1347.0600,Wallet,2024-01-10
5259,1169.9300,NetBanking,2024-02-10
8278,725.7600,UPI,2024-01-21
1871,1470.1100,NetBanking,2024-01-04
1831,259.7700,NetBanking,2024-01-24
6840,377.7600,UPI,2024-01-31
6220,539.9500,Card,2024-01-29
2951,417.1500,UPI,2024-02-28
14144,1884.5500,UPI,2024-01-24
6177,858.2400,UPI,2024-01-12
10349,591.8000,UPI,2024-02-26
12201,561.4600,Wallet,2024-01-17
12883,1298.6800,Card,2024-02-04
12975,1434.0100,UPI,2024-01-28
17461,1407.1800,Wallet,2024-02-17
3048,1881.9700,Card,2024-02-11
13388,1271.5000,Card,2024-02-02
13991,160.5500,Card,2024-01-25
8403,1472.1100,Card,2024-01-01
4003,1459.1900,NetBanking,2024-02-01
16762,795.3500,Card,2024-02-18
1999,434.3000,UPI,2024-02-10
6924,1131.0600,UPI,2024-02-23
15098,762.2500,UPI,2024-01-13
7299,171.5700,Card,2024-01-27
1977,138.7000,UPI,2024-01-14
15277,1060.6400,UPI,2024-01-23
7281,307.8600,NetBanking,2024-02-10
10710,347.4800,Card,2024-02-09
13595,1475.2800,NetBanking,2024-01-27
1318,1462.5200,NetBanking,2024-01-05
7039,1989.4300,UPI,2024-02-17
8359,539.8700,Card,2024-01-04
1839,1411.6100,UPI,2024-01-18
5595,176.8300,Wallet,2024-02-18
9581,388.9100,Card,2024-01-14
15956,1154.4800,Card,2024-01-09
6837,1092.2100,NetBanking,2024-01-22
880,672.1500,UPI,2024-02-05
8143,952.8900,UPI,2024-01-03
5078,1095.9500,NetBanking,2024-01-13
10086,184.9900,NetBanking,2024-01-21
9778,1852.0200,NetBanking,2024-02-25
9479,899.4800,Card,2024-02-28
5099,2144.1500,Wallet,2024-02-15
15150,277.9100,Wallet,2024-03-01
9926,1518.5000,Wallet,2024-01-10
10001,1600.8900,UPI,2024-02-18
14452,961.8000,Card,2024-01-07
2319,980.7700,NetBanking,2024-02-11
2065,806.7500,Wallet,2024-01-08
14221,1590.5400,Wallet,2024-02-11
4002,1329.3300,NetBanking,2024-01-23
14031,370.2000,Card,2024-01-01
11966,780.9500,UPI,2024-01-06
1000,1309.7000,UPI,2024-02-10
6156,560.7700,Card,2024-02-13
13344,1490.1700,UPI,2024-01-10
2573,1494.7900,UPI,2024-01-23
12745,162.2200,UPI,2024-01-03
789,1195.7300,Card,2024-02-01
2821,1808.1900,Card,2024-02-22
11481,682.8700,NetBanking,2024-02-15
9629,1559.5700,Card,2024-02-26
18019,291.5700,Wallet,2024-01-01
16696,1066.8300,Card,2024-01-27
1207,106.2400,Wallet,2024-01-04
14283,1063.2800,UPI,2024-02-06
9984,163.8400,Wallet,2024-01-24
1591,272.7200,NetBanking,2024-02-05
18599,1771.7600,UPI,2024-02-12
17282,349.5800,Wallet,2024-02-05
3963,842.4400,Wallet,2024-02-11
8668,137.1800,Card,2024-02-25
13518,1382.7800,UPI,2024-02-08
19878,1968.1300,Card,2024-01-02
7531,159.2900,Card,2024-01-07
19713,191.9800,Card,2024-01-10
18847,1703.0000,Wallet,2024-02-05
14642,1634.5300,Card,2024-02-23
14538,552.8000,NetBanking,2024-01-29
677,754.7500,Card,2024-01-31
12096,1902.5800,UPI,2024-02-15
17316,805.2500,UPI,2024-02-04
7713,1391.3300,Wallet,2024-01-30
2929,1377.2700,UPI,2024-01-28
8613,1843.0200,UPI,2024-02-21
17603,840.3000,UPI,2024-01-24
7118,1840.9200,NetBanking,2024-02-27
8657,602.3200,NetBanking,2024-02-06
14482,1631.6400,UPI,2024-02-04
6474,814.7300,NetBanking,2024-01-07
2501,238.2700,NetBanking,2024-02-14
9588,1613.8500,NetBanking,2024-01-19
16923,417.1300,Wallet,2024-01-07
6281,1337.9500,Card,2024-02-29
12840,1338.0100,Card,2024-02-02
16588,470.7900,Card,2024-02-09
6243,356.9300,NetBanking,2024-02-18
14342,1738.8500,NetBanking,2024-02-17
9071,1748.5000,NetBanking,2024-02-16
16627,1651.0300,Wallet,2024-02-08
2810,270.2500,NetBanking,2024-02-02
15216,709.2000,Wallet,2024-02-09
14713,658.3700,Wallet,2024-02-28
15149,1327.5400,Card,2024-01-03
3361,523.6700,Card,2024-02-25
5647,811.5600,UPI,2024-01-04
5583,636.1300,Card,2024-01-06
5060,1841.2500,Wallet,2024-01-03
18479,776.8700,NetBanking,2024-02-19
15595,1038.4400,Card,2024-01-02
7441,274.6200,Wallet,2024-02-11
8287,1986.2900,Wallet,2024-02-25
11117,754.3800,Wallet,2024-02-23
12244,825.9800,NetBanking,2024-01-13
9573,1261.5500,Card,2024-02-25
15840,397.9000,UPI,2024-01-17
6717,1464.6300,NetBanking,2024-02-11
10551,672.1400,Wallet,2024-01-12
13494,361.6400,UPI,2024-02-14
13799,1345.7800,UPI,2024-02-29
16730,1897.0800,UPI,2024-02-26
16861,819.2300,UPI,2024-01-05
5704,1987.4400,Wallet,2024-02-27
9,1056.5000,UPI,2024-02-20
14292,1950.7700,UPI,2024-01-21
16758,749.1200,UPI,2024-01-25
15898,1948.6900,UPI,2024-02-20
3035,848.7000,Card,2024-01-17
10336,430.1000,NetBanking,2024-01-29
16610,1654.3600,Card,2024-02-17
17337,1140.8600,Card,2024-01-11
11252,323.7700,Card,2024-02-04
3767,2182.3400,NetBanking,2024-02-21
16347,1321.4600,NetBanking,2024-01-09
10461,363.8000,UPI,2024-02-13
11815,193.1200,UPI,2024-02-07
14721,458.2800,Wallet,2024-01-12
3715,1663.6600,Wallet,2024-02-12
12102,873.0800,Card,2024-01-04
16511,1300.9700,Card,2024-01-26
1282,844.2600,Card,2024-01-23
15033,326.1100,Wallet,2024-01-04
6989,2005.0000,UPI,2024-01-04
7984,1095.9900,Wallet,2024-01-29
5882,405.1300,UPI,2024-01-16
14305,291.6900,Wallet,2024-01-25
10367,1480.4000,UPI,2024-01-22
17172,1605.8000,NetBanking,2024-01-15
17253,1427.9900,Card,2024-01-16
9514,1027.7800,UPI,2024-02-17
10981,759.0500,Wallet,2024-01-20
9072,470.8100,NetBanking,2024-02-01
15259,2226.4100,NetBanking,2024-01-21
85,1766.0700,Card,2024-02-24
15542,1500.2900,NetBanking,2024-01-24
10987,1443.0400,UPI,2024-01-01
16098,972.5800,UPI,2024-01-22
15737,1374.8900,UPI,2024-01-21
18668,1995.5500,Card,2024-01-20
11874,336.4500,NetBanking,2024-01-05
3233,1785.1700,UPI,2024-01-14
7744,417.4300,NetBanking,2024-01-22
15233,452.6300,NetBanking,2024-01-27
8056,497.5200,NetBanking,2024-01-06
5567,1359.7800,Wallet,2024-02-22
13297,1645.3700,NetBanking,2024-01-16
17526,710.8100,Wallet,2024-02-27
6294,1141.0900,NetBanking,2024-02-26
14178,736.1400,Wallet,2024-02-18
12194,1428.2900,NetBanking,2024-02-08
15474,494.5500,Card,2024-01-13
3577,1407.7000,NetBanking,2024-01-14
18432,1792.5900,NetBanking,2024-01-28
11241,356.7300,Card,2024-01-02
12387,452.6200,Card,2024-01-11
1965,103.6100,NetBanking,2024-01-31
7792,172.5100,NetBanking,2024-01-28
9632,1443.0500,Wallet,2024-02-28
14546,1184.1500,UPI,2024-01-23
9960,694.1700,Wallet,2024-01-26
16254,842.6500,NetBanking,2024-01-17
1139,1628.9400,Card,2024-02-06
11256,485.1600,UPI,2024-02-29
11775,784.4100,NetBanking,2024-02-09
17105,970.0900,Card,2024-02-11
10934,1469.5800,Wallet,2024-01-06
13565,1166.8800,NetBanking,2024-01-20
9590,679.8100,UPI,2024-02-23
16072,1655.3000,UPI,2024-02-17
12048,122.4100,Card,2024-01-21
14093,1187.2300,Card,2024-02-21
640,764.3200,Card,2024-02-03
9988,751.9700,NetBanking,2024-01-19
17928,1179.1800,Wallet,2024-01-07
2894,154.6200,UPI,2024-02-15
14567,321.5700,Wallet,2024-02-25
4116,1786.4100,NetBanking,2024-01-20
11079,922.2500,NetBanking,2024-01-22
8263,831.5300,NetBanking,2024-02-22
743,858.0400,UPI,2024-01-30
11796,111.3900,Card,2024-02-02
18715,1921.1200,NetBanking,2024-01-09
1700,238.3200,Wallet,2024-02-26
12985,1007.7400,NetBanking,2024-01-01
4273,426.7800,UPI,2024-01-24
5668,1973.3300,Wallet,2024-02-23
7000,843.9300,Card,2024-02-16
18610,636.2900,Card,2024-02-13
13992,611.8400,UPI,2024-02-04
13257,820.3800,Wallet,2024-02-11
18659,1737.6600,Wallet,2024-02-16
597,1073.9900,Wallet,2024-02-22
10882,1756.3400,Wallet,2024-02-20
8296,1180.1800,Wallet,2024-01-04
13637,229.1000,Card,2024-01-16
4135,623.3700,Wallet,2024-02-19
9026,339.9800,Card,2024-01-02
18517,492.9800,UPI,2024-01-30
13348,1720.4200,Wallet,2024-01-28
19543,1464.7400,NetBanking,2024-01-01
11352,282.0100,NetBanking,2024-01-24
16433,1303.1900,Card,2024-02-23
3601,1640.8500,UPI,2024-01-18
1485,1752.3900,NetBanking,2024-01-26
13028,730.0900,NetBanking,2024-01-26
18318,271.8600,UPI,2024-01-01
13049,852.1800,Card,2024-01-27
17070,1351.9400,UPI,2024-02-05
7142,915.7900,UPI,2024-02-20
13259,739.4600,NetBanking,2024-01-03
4384,1539.7100,Wallet,2024-02-04
14266,1412.3300,UPI,2024-02-16
7322,546.5600,UPI,2024-01-20
16495,1726.8800,Card,2024-01-16
3913,563.0700,Card,2024-02-12
10663,531.9500,NetBanking,2024-02-20
9464,451.2500,Card,2024-01-10
6966,1315.1400,Card,2024-01-31
14649,1584.2000,Card,2024-01-21
6087,618.7700,Wallet,2024-02-10
2999,228.4000,UPI,2024-01-17
10785,1183.9200,Wallet,2024-02-04
18832,528.4600,Wallet,2024-01-29
601,1380.6400,NetBanking,2024-02-25
18381,445.7200,Wallet,2024-01-24
2328,1509.2200,NetBanking,2024-02-28
16152,718.9800,Card,2024-01-28
19763,1194.0400,UPI,2024-02-06
1945,1988.1600,Wallet,2024-01-19
11351,1989.9900,UPI,2024-01-03
11514,1285.3800,Card,2024-01-08
18147,1718.7400,NetBanking,2024-01-09
1459,1292.0500,Wallet,2024-02-01
2235,609.0600,UPI,2024-01-05
6554,314.0100,NetBanking,2024-01-05
2601,947.3000,Wallet,2024-01-14
4480,153.1800,Wallet,2024-01-12
559,337.6000,Card,2024-02-14
1366,829.7700,Card,2024-02-04
14359,592.4100,UPI,2024-02-15
12193,1219.7300,UPI,2024-02-17
1094,1008.4900,UPI,2024-02-03
6719,1842.8600,Card,2024-02-19
15317,620.5200,Wallet,2024-01-10
9655,1853.8700,Card,2024-01-13
14142,1905.7300,UPI,2024-02-12
17257,1473.2000,Wallet,2024-02-25
9449,761.2900,NetBanking,2024-02-21
519,435.3900,Wallet,2024-01-19
2033,807.5000,Card,2024-01-01
10105,898.4000,Wallet,2024-01-11
5288,716.4700,Wallet,2024-01-11
6942,1406.8400,UPI,2024-02-13
18576,402.2500,NetBanking,2024-02-24
14964,1625.5000,UPI,2024-01-20
16737,1306.8000,NetBanking,2024-01-07
8316,1216.2700,Wallet,2024-01-15
15438,1170.8000,Wallet,2024-02-18
4421,119.9800,NetBanking,2024-02-01
8312,140.8100,Wallet,2024-01-06
10486,758.7600,NetBanking,2024-02-28
5395,1645.2900,UPI,2024-01-18
6754,901.1700,NetBanking,2024-01-24
17081,1855.0600,UPI,2024-01-05
3333,200.8800,Card,2024-01-02
14836,451.9600,Card,2024-02-29
12995,797.4500,NetBanking,2024-02-26
13026,1673.8000,UPI,2024-02-18
5863,943.7700,Card,2024-01-13
3501,885.1900,Card,2024-02-26
11849,1972.0600,NetBanking,2024-01-24
14373,1364.6000,Wallet,2024-01-31
11045,428.9300,Wallet,2024-02-29
10176,1997.1700,UPI,2024-02-21
9083,1419.5200,NetBanking,2024-02-04
2112,1425.9500,Wallet,2024-01-31
17184,1405.3500,Wallet,2024-02-26
16061,1819.9600,NetBanking,2024-01-13
15875,893.5500,Card,2024-01-21
18255,1150.3400,Card,2024-02-28
14683,1649.4300,Card,2024-02-04
18781,1301.0700,UPI,2024-02-18
17360,1870.7100,UPI,2024-01-27
17014,1000.2900,Card,2024-01-25
13466,155.0300,Card,2024-01-09
3515,1446.0300,Wallet,2024-01-29
13959,460.5700,NetBanking,2024-02-09
13236,902.4500,NetBanking,2024-01-09
12222,940.5900,NetBanking,2024-01-02
13418,1327.9600,UPI,2024-02-07
2011,533.7000,NetBanking,2024-02-02
3387,941.5400,Wallet,2024-02-09
980,1032.1700,Wallet,2024-02-22
197,1816.9600,Wallet,2024-02-29
13915,1462.6400,Card,2024-02-13
15158,116.3000,Wallet,2024-02-23
1352,1194.4000,UPI,2024-01-05
3393,188.3900,Wallet,2024-02-29
17444,494.4400,Wallet,2024-01-28
10502,1553.1700,UPI,2024-01-19
3364,943.8400,NetBanking,2024-01-23
8828,458.3100,Wallet,2024-02-13
8450,410.9700,Card,2024-01-21
10386,1015.8700,Card,2024-01-21
19296,626.3200,Card,2024-01-19
3336,773.2500,Card,2024-01-29
19183,1934.7500,Card,2024-01-19
18821,1865.0300,UPI,2024-01-13
9155,138.5900,Wallet,2024-02-02
6559,1569.3600,Card,2024-02-10
6236,1668.3100,Card,2024-02-28
8272,932.1000,NetBanking,2024-01-22
7236,1227.4900,NetBanking,2024-01-04
18398,1523.5100,NetBanking,2024-01-07
5913,1322.2100,NetBanking,2024-01-20
10408,1736.3600,NetBanking,2024-01-20
15610,1957.1100,UPI,2024-01-06
9054,126.2700,Wallet,2024-02-29
17463,854.5600,UPI,2024-01-07
315,1345.7100,Card,2024-02-24
5265,1472.7700,UPI,2024-01-12
15798,405.7700,NetBanking,2024-01-04
19017,1725.7500,UPI,2024-02-15
10303,1548.2300,UPI,2024-01-03
17124,1384.4800,Wallet,2024-02-28
2934,1824.0300,Card,2024-01-19
2068,823.4500,Card,2024-02-11
10115,1727.6900,UPI,2024-01-06
15783,1619.6200,NetBanking,2024-01-08
2764,1591.9900,Wallet,2024-01-26
16646,803.4500,Wallet,2024-02-20
11668,1443.4900,NetBanking,2024-02-28
4681,256.2600,NetBanking,2024-01-04
80,320.1200,NetBanking,2024-01-02
1674,1987.5900,Wallet,2024-02-06
18870,1801.7500,UPI,2024-01-14
13989,1177.4000,Wallet,2024-01-14
14742,1189.7000,Card,2024-01-07
17250,1926.5500,Card,2024-02-21
14189,928.7100,Card,2024-01-15
381,1074.5700,NetBanking,2024-01-15
8751,818.0800,UPI,2024-02-09
7190,205.2700,Wallet,2024-02-21
13985,670.8900,UPI,2024-02-19
6005,1641.9000,UPI,2024-02-22
9566,730.7400,Wallet,2024-01-18
5733,582.5400,UPI,2024-01-26
12061,1251.4500,UPI,2024-02-24
19684,1439.8700,Wallet,2024-02-23
16464,1749.2100,UPI,2024-02-25
6796,548.5900,UPI,2024-01-20
15416,414.2600,Wallet,2024-01-14
1808,1837.4400,Card,2024-02-15
16892,285.4400,NetBanking,2024-02-01
2807,336.1000,NetBanking,2024-01-04
14637,1143.3800,UPI,2024-01-24
12217,914.4700,Card,2024-02-09
17363,1271.9500,UPI,2024-02-04
572,1818.9200,Wallet,2024-01-29
349,498.3600,NetBanking,2024-01-12
9708,317.9700,Card,2024-01-31
17575,489.6600,UPI,2024-01-21
11584,1842.5100,Card,2024-02-20
1119,981.1300,Wallet,2024-02-09
5851,1870.3800,Card,2024-01-24
12588,638.7800,UPI,2024-01-10
6740,2098.2300,UPI,2024-02-29
9953,1900.5900,UPI,2024-01-12
12280,846.7400,Wallet,2024-01-25
16430,433.5700,UPI,2024-01-15
2776,953.6000,NetBanking,2024-01-18
6852,277.6700,UPI,2024-03-01
3299,441.6500,UPI,2024-01-13
6749,129.8700,UPI,2024-02-25
19351,1291.2200,NetBanking,2024-02-26
19180,1233.0400,NetBanking,2024-02-19
14570,172.5000,NetBanking,2024-01-01
3650,1637.5300,NetBanking,2024-02-24
19776,508.0700,Card,2024-01-03
5811,653.6100,Wallet,2024-02-22
7823,218.3400,UPI,2024-01-08
7069,175.2700,Card,2024-02-24
15690,1350.5800,Wallet,2024-02-05
16542,304.0000,Wallet,2024-02-09
18721,753.3600,Card,2024-02-03
4657,1196.9200,UPI,2024-02-23
6871,1662.7900,NetBanking,2024-02-25
15009,565.2200,Card,2024-02-15
3206,1313.3300,NetBanking,2024-02-12
3293,391.1000,Wallet,2024-01-24
13905,1092.5000,Wallet,2024-02-22
11734,633.9600,Card,2024-01-30
13496,1524.2800,UPI,2024-02-06
6706,888.2300,Card,2024-02-03
713,1841.3200,Card,2024-02-04
503,787.2600,Wallet,2024-02-22
3574,1453.5000,Card,2024-02-25
5240,1015.6800,UPI,2024-02-27
192,607.0400,UPI,2024-01-24
3852,739.3300,Wallet,2024-01-14
13040,1452.6500,UPI,2024-01-08
19814,1045.8100,Card,2024-02-10
5232,658.4700,Card,2024-01-27
17867,1944.6300,UPI,2024-02-23
4275,1540.9900,NetBanking,2024-02-04
19597,1622.0300,UPI,2024-02-26
15988,1839.1600,Card,2024-02-05
18177,513.2400,NetBanking,2024-01-16
6396,1046.7500,Wallet,2024-01-13
8927,1404.0700,Card,2024-01-10
12545,323.0700,NetBanking,2024-01-09
11555,595.5200,Card,2024-01-24
2784,872.4800,UPI,2024-01-25
15234,604.3200,Card,2024-02-12
7481,937.1400,Wallet,2024-02-20
2592,1330.7700,UPI,2024-02-05
3917,201.5100,Wallet,2024-01-09
11985,1175.6700,Wallet,2024-02-11
11216,459.8200,UPI,2024-01-09
195,886.9200,Wallet,2024-01-10
5754,1997.0700,Wallet,2024-01-27
2930,506.4200,NetBanking,2024-02-17
832,644.2500,Wallet,2024-02-25
19171,1762.3200,NetBanking,2024-01-28
1026,671.6300,Card,2024-01-15
8383,940.0000,NetBanking,2024-01-01
12067,1073.4500,UPI,2024-02-15
18105,119.0500,Card,2024-02-10
2696,772.8300,Card,2024-02-01
16177,1149.8400,UPI,2024-01-22
12777,1127.6600,Card,2024-03-01
14394,1441.2500,Wallet,2024-02-06
15725,798.7600,Card,2024-01-27
13759,1310.1800,NetBanking,2024-02-06
15132,339.8100,UPI,2024-01-06
4013,153.4200,Wallet,2024-01-29
3636,493.0300,Wallet,2024-02-07
5562,163.5700,Card,2024-02-05
16932,1949.3900,UPI,2024-02-03
440,1648.0000,Wallet,2024-02-02
6983,982.0800,Card,2024-02-11
18004,1288.2900,UPI,2024-01-29
5902,745.6000,Card,2024-01-11
14269,469.1800,Card,2024-02-10
10876,1778.2800,Card,2024-02-19
5378,1018.4900,Wallet,2024-02-06
16287,1609.6600,Card,2024-02-06
14027,734.7700,Wallet,2024-02-22
15856,836.1200,UPI,2024-02-18
1540,409.7500,NetBanking,2024-02-07
16617,790.1300,UPI,2024-01-02
10378,1155.3500,NetBanking,2024-01-12
19066,1947.8000,UPI,2024-01-11
18309,1251.0500,NetBanking,2024-01-24
8267,1606.6300,NetBanking,2024-02-15
10351,1939.5400,UPI,2024-01-02
19403,922.3800,Wallet,2024-03-01
4136,651.0900,UPI,2024-02-26
13386,480.5500,NetBanking,2024-01-13
6428,167.7200,Wallet,2024-02-11
4506,675.5100,NetBanking,2024-02-19
4926,1591.2200,NetBanking,2024-02-06
9552,753.9300,Wallet,2024-02-06
14877,934.2300,Card,2024-02-27
8529,1943.7300,Card,2024-01-08
2569,1563.4600,Card,2024-02-03
19194,1681.4800,NetBanking,2024-02-24
19346,1889.5700,Wallet,2024-01-05
4098,908.7600,NetBanking,2024-01-26
13457,189.6400,UPI,2024-01-12
7718,97.3900,UPI,2024-01-09
1051,951.0500,Card,2024-02-29
9720,1378.8900,Card,2024-02-02
17996,1030.0800,UPI,2024-01-07
14105,508.1900,UPI,2024-02-09
2858,185.3100,UPI,2024-01-17
9753,1893.6100,UPI,2024-01-12
4439,1020.3000,Wallet,2024-02-23
2013,929.8400,NetBanking,2024-02-21
12998,1125.5000,UPI,2024-01-18
11810,112.4400,Card,2024-01-30
19488,1807.7300,Card,2024-02-18
4505,1191.4700,NetBanking,2024-02-08
15183,1835.4700,Card,2024-02-28
19001,1513.8000,UPI,2024-01-22
3623,981.6500,Wallet,2024-03-01
12530,1539.7900,UPI,2024-02-11
14486,1034.3600,Card,2024-01-03
13593,790.4900,NetBanking,2024-01-27
17649,327.4600,UPI,2024-01-16
7205,1290.9100,UPI,2024-01-04
18762,1235.0500,NetBanking,2024-02-16
15382,578.4400,Wallet,2024-02-24
19129,1990.3000,Card,2024-01-01
11624,253.0500,UPI,2024-02-24
9398,421.9000,UPI,2024-01-10
4014,1509.8500,NetBanking,2024-02-02
7566,575.2800,UPI,2024-02-04
2135,903.7400,Wallet,2024-01-09
17663,1874.2400,Wallet,2024-02-09
7025,1802.6000,NetBanking,2024-01-22
19771,1540.3200,NetBanking,2024-01-29
3320,1542.3800,UPI,2024-02-14
16024,1972.8900,Card,2024-01-12
8683,1937.6600,Wallet,2024-01-17
18754,853.5200,UPI,2024-01-13
9470,802.2900,Wallet,2024-01-29
17948,304.8500,Wallet,2024-01-24
3210,1794.1000,Card,2024-02-17
11191,1944.4900,Card,2024-01-07
6064,687.8100,NetBanking,2024-02-07
13258,585.2600,UPI,2024-01-25
15678,1790.9100,Wallet,2024-01-14
9732,446.8200,UPI,2024-01-06
1931,288.8300,Wallet,2024-02-27
18976,1927.7400,NetBanking,2024-01-15
15258,1670.5800,NetBanking,2024-02-12
4644,956.9700,UPI,2024-02-24
11111,419.0700,Card,2024-01-04
15393,189.2900,NetBanking,2024-01-23
19415,594.9600,Card,2024-01-11
13538,134.8000,UPI,2024-01-06
8689,1385.9000,Card,2024-02-29
5663,383.6500,UPI,2024-02-17
6237,1948.1200,UPI,2024-01-05
564,816.7200,Wallet,2024-01-19
14794,1188.2400,NetBanking,2024-01-26
5565,1952.5500,NetBanking,2024-02-21
41,1188.9900,UPI,2024-02-19
5449,632.1900,Wallet,2024-01-17
8767,1767.3000,Wallet,2024-01-14
13875,1834.3800,NetBanking,2024-01-04
11953,1679.0200,Card,2024-01-29
1129,586.6100,Wallet,2024-02-27
7757,301.3400,Card,2024-01-05
18931,791.4900,NetBanking,2024-01-25
11597,1957.9900,UPI,2024-01-19
419,1976.8700,NetBanking,2024-01-12
481,2128.5000,NetBanking,2024-02-06
13345,1384.7900,Card,2024-01-28
5135,928.6300,Card,2024-01-13
616,1088.3200,Card,2024-02-17
9924,1605.1200,UPI,2024-02-29
1386,503.1100,NetBanking,2024-01-12
7698,1952.9400,UPI,2024-01-01
2627,276.4000,Wallet,2024-02-02
714,1262.0400,NetBanking,2024-01-13
11671,280.8900,NetBanking,2024-02-09
3608,728.7900,Wallet,2024-02-25
115,495.9700,NetBanking,2024-01-31
16899,1150.4500,NetBanking,2024-01-30
18723,103.0100,Wallet,2024-02-19
18831,624.5400,Card,2024-02-25
1844,324.0500,Card,2024-01-04
15630,1014.3800,NetBanking,2024-01-05
11789,378.6400,Wallet,2024-02-17
2406,567.3300,UPI,2024-02-01
808,1012.5400,Wallet,2024-01-16
9841,1381.1300,UPI,2024-03-01
2762,377.2700,Card,2024-02-09
16763,1066.7000,UPI,2024-02-27
3846,1377.8900,Card,2024-02-05
13811,1751.3500,NetBanking,2024-01-22
14087,743.2000,Wallet,2024-02-13
15411,118.0900,Wallet,2024-02-07
1542,1853.5800,NetBanking,2024-02-22
6636,1477.4400,NetBanking,2024-02-10
15760,140.6500,NetBanking,2024-01-27
13076,1054.3200,Card,2024-01-18
16584,1219.9000,Wallet,2024-01-10
3471,1348.1300,Card,2024-01-08
3202,1885.9400,UPI,2024-01-17
3041,1621.8400,UPI,2024-01-30
6501,137.6200,Card,2024-02-11
17189,1912.5100,Card,2024-01-10
9669,1519.6300,UPI,2024-02-19
5328,1134.4900,NetBanking,2024-01-03
5013,1126.6000,UPI,2024-01-12
18316,939.7400,NetBanking,2024-01-12
813,1681.5400,NetBanking,2024-01-03
8933,190.0000,Card,2024-02-28
9259,332.9600,Wallet,2024-01-30
14168,776.2100,NetBanking,2024-01-21
7585,1836.6500,Wallet,2024-01-11
7294,1141.6900,Wallet,2024-01-26
6533,1714.5200,UPI,2024-02-26
7293,285.0200,Card,2024-01-10
15157,188.8100,UPI,2024-01-12
362,1944.9600,UPI,2024-02-06
19756,1751.9400,Card,2024-02-23
15557,1470.7900,Card,2024-02-08
7037,169.4100,Card,2024-01-28
14617,924.3600,UPI,2024-01-30
16808,1203.7400,NetBanking,2024-01-25
7997,1042.3500,UPI,2024-01-07
16766,1936.6500,Wallet,2024-01-19
2771,1967.4800,NetBanking,2024-01-03
6787,1661.3300,NetBanking,2024-01-28
5498,1650.0500,UPI,2024-02-24
17850,858.4500,Wallet,2024-01-23
16678,1337.6900,Wallet,2024-01-31
16079,336.9200,Card,2024-01-05
10993,581.2100,NetBanking,2024-02-21
6327,1193.6500,NetBanking,2024-02-24
9565,1832.4800,NetBanking,2024-01-17
16613,397.1400,Wallet,2024-02-08
7090,1602.8200,Wallet,2024-02-24
2451,934.7500,NetBanking,2024-02-02
11706,778.0000,UPI,2024-01-03
10048,1787.4200,UPI,2024-02-21
11439,1658.3400,UPI,2024-01-08
1615,1848.3300,UPI,2024-01-02
15358,330.5400,UPI,2024-02-12
19512,1670.1600,Card,2024-02-27
18687,1685.3800,UPI,2024-01-17
7567,185.5300,NetBanking,2024-01-28
761,1401.0100,Wallet,2024-01-07
14235,182.4300,Card,2024-01-22
16094,253.8500,UPI,2024-02-06
14343,1786.1000,Wallet,2024-02-08
4176,472.9700,Card,2024-02-23
1146,1744.3100,NetBanking,2024-02-22
12613,1024.5800,UPI,2024-02-11
4337,231.5300,Wallet,2024-02-15
8802,1451.6000,Wallet,2024-02-23
13430,404.8900,Wallet,2024-02-02
101,155.9500,Card,2024-02-27
13918,549.4700,UPI,2024-02-20
18547,1008.6300,NetBanking,2024-02-21
642,1875.3500,NetBanking,2024-02-14
19254,768.3700,NetBanking,2024-01-15
1793,1625.0500,UPI,2024-02-23
10214,888.2500,UPI,2024-01-20
13703,278.9700,UPI,2024-01-05
15068,109.3100,NetBanking,2024-01-30
538,987.1300,UPI,2024-01-18
19722,626.1800,Wallet,2024-02-17
8936,1526.1600,Card,2024-01-30
5222,1946.1200,Card,2024-01-28
11520,814.7500,Wallet,2024-01-24
18420,442.3200,Wallet,2024-01-01
8039,1756.2400,Wallet,2024-01-31
3342,1271.7900,Card,2024-02-19
5010,611.8200,NetBanking,2024-01-20
12865,1555.2400,NetBanking,2024-01-01
17655,1679.6200,NetBanking,2024-02-19
5616,1222.3700,Wallet,2024-01-31
18358,1387.8900,Wallet,2024-02-12
3381,1501.8600,UPI,2024-02-11
6861,441.0000,Wallet,2024-01-27
11766,1747.8700,Wallet,2024-02-25
15829,966.4000,UPI,2024-02-10
11250,420.8000,NetBanking,2024-01-06
16933,1940.7100,Card,2024-01-21
9534,546.6300,Card,2024-01-19
18237,1157.1400,Card,2024-02-03
5141,679.9600,NetBanking,2024-01-17
17581,391.0700,Wallet,2024-01-04
10623,1717.8500,UPI,2024-01-24
12937,213.9300,NetBanking,2024-01-04
1908,1170.0700,UPI,2024-02-08
10540,1446.5000,Wallet,2024-02-10
16878,1657.3000,NetBanking,2024-01-14
19578,509.9400,NetBanking,2024-02-08
14752,1408.6900,UPI,2024-02-28
4837,215.7600,Wallet,2024-02-16
16862,476.6800,UPI,2024-02-11
15697,606.7400,Wallet,2024-03-01
645,1953.5800,NetBanking,2024-02-26
14871,191.4800,Wallet,2024-01-21
13240,1236.3900,UPI,2024-01-06
12186,211.8900,UPI,2024-02-15
6644,1985.1300,NetBanking,2024-02-26
6257,735.7500,Card,2024-01-09
7911,951.6800,Wallet,2024-02-17
17900,1247.7900,NetBanking,2024-01-09
15076,120.8000,NetBanking,2024-01-12
17320,1631.7600,UPI,2024-03-01
14506,1882.2400,NetBanking,2024-01-03
18123,945.9200,Card,2024-01-09
18813,1534.2000,UPI,2024-01-06
210,142.7600,UPI,2024-02-08
96,1114.2400,UPI,2024-02-04
10814,872.6000,NetBanking,2024-02-25
945,1477.4600,NetBanking,2024-01-06
2779,1211.9800,NetBanking,2024-01-31
5858,930.7300,Wallet,2024-02-29
568,1225.3700,Wallet,2024-01-04
15439,1868.9500,Card,2024-01-07
7557,127.7100,Card,2024-02-20
11072,1150.4900,NetBanking,2024-02-15
1627,650.4900,NetBanking,2024-02-09
9786,403.6100,NetBanking,2024-01-16
12341,1394.6700,UPI,2024-02-24
10332,852.0900,Wallet,2024-01-13
10742,266.1700,Card,2024-02-29
1277,1335.1900,Card,2024-02-11
13840,810.4100,NetBanking,2024-01-21
6736,1547.5200,Card,2024-01-11
12730,1374.4900,Card,2024-02-19
417,868.5400,Card,2024-02-05
2246,1320.4100,Wallet,2024-02-07
5146,721.5200,Wallet,2024-01-15
10293,686.4700,Wallet,2024-02-21
7199,1823.9900,NetBanking,2024-01-29
8177,1319.7900,UPI,2024-02-06
13932,1667.1000,UPI,2024-01-17
976,1719.6500,UPI,2024-02-05
11512,1710.7800,UPI,2024-01-02
13412,1924.4600,NetBanking,2024-01-17
19377,1721.4400,Wallet,2024-02-11
1267,1417.5400,NetBanking,2024-01-24
4143,1515.8200,Wallet,2024-01-14
8172,1917.0200,UPI,2024-02-06
9623,1371.2400,NetBanking,2024-02-27
19964,1529.3800,Card,2024-02-23
1204,1639.5100,UPI,2024-01-17
17435,125.4900,Wallet,2024-01-11
7778,1761.0000,NetBanking,2024-02-29
6691,987.8700,Card,2024-01-25
11855,990.8300,Wallet,2024-01-17
12370,1469.9800,NetBanking,2024-01-05
15961,1579.2900,Card,2024-02-11
4507,899.8200,Wallet,2024-02-15
14987,923.4000,UPI,2024-02-18
1141,385.9600,Wallet,2024-01-24
16828,1170.8000,Card,2024-02-11
6863,414.9900,Wallet,2024-02-05
19097,1485.6600,Card,2024-02-27
6995,509.1000,NetBanking,2024-02-08
15298,1602.5100,Wallet,2024-02-14
9116,1486.0000,Wallet,2024-02-10
14493,762.0900,UPI,2024-01-31
14874,1205.8600,Wallet,2024-02-24
18622,1126.2300,Wallet,2024-01-06
1233,1418.1300,Card,2024-02-16
8647,1775.6500,Card,2024-01-12
15430,1365.7700,Wallet,2024-01-10
15213,1775.0500,Wallet,2024-01-07
19741,464.3500,Wallet,2024-01-13
10980,686.3900,Wallet,2024-02-03
18673,988.9700,Wallet,2024-02-07
2345,446.5500,NetBanking,2024-01-23
8415,1287.0300,NetBanking,2024-02-03
11517,1422.0900,UPI,2024-02-17
15187,1223.6900,UPI,2024-01-10
14943,985.2700,Card,2024-02-12
10686,1336.6300,NetBanking,2024-01-05
2182,1885.7100,UPI,2024-02-28
1905,382.6500,Card,2024-02-19
19054,969.6400,Card,2024-02-15
16215,1826.7600,Card,2024-02-09
532,1142.2900,UPI,2024-02-10
18978,612.3500,Wallet,2024-01-06
2791,1640.7100,Card,2024-02-01
19029,1125.7600,Card,2024-02-19
18360,634.9000,Card,2024-01-02
5607,1596.1300,Card,2024-01-31
15641,909.8300,Wallet,2024-02-19
12079,1539.3300,UPI,2024-01-24
13476,700.3600,UPI,2024-02-11
13323,701.4300,NetBanking,2024-02-10
7494,254.5900,NetBanking,2024-02-07
10035,244.6400,NetBanking,2024-01-19
1824,1369.8700,Card,2024-01-06
17067,1666.0100,UPI,2024-02-14
8622,215.3300,NetBanking,2024-01-18
6693,1726.5700,NetBanking,2024-01-23
3545,113.1700,Card,2024-01-03
18324,1659.5600,Wallet,2024-02-12
13995,424.7600,Wallet,2024-02-21
5025,1631.7100,UPI,2024-01-28
9888,375.7400,NetBanking,2024-02-09
6546,1989.9600,UPI,2024-02-18
933,1209.6200,NetBanking,2024-01-18
2265,1137.7000,UPI,2024-01-30
2661,1487.9100,UPI,2024-02-02
5990,847.9400,Wallet,2024-02-18
6274,1681.8400,Wallet,2024-02-04
19941,107.8200,UPI,2024-01-17
10515,308.4300,Wallet,2024-01-18
12328,241.6100,Card,2024-02-17
679,1360.6200,Card,2024-02-24
15908,1044.0400,Card,2024-01-22
1092,224.9700,UPI,2024-02-29
16873,669.3900,UPI,2024-01-03
3906,549.7800,NetBanking,2024-02-14
940,1376.7700,UPI,2024-02-24
14734,762.1100,NetBanking,2024-01-10
16086,1580.5600,UPI,2024-01-11
1815,504.7300,Wallet,2024-01-06
14001,1444.1400,Card,2024-01-27
10835,1209.5000,Card,2024-01-27
9025,1158.6700,Wallet,2024-01-25
5059,745.7100,Card,2024-02-10
19150,140.3700,NetBanking,2024-02-19
14916,239.3200,UPI,2024-02-04
11457,1518.7400,Wallet,2024-01-26
7779,680.2800,UPI,2024-01-08
3312,234.5500,NetBanking,2024-02-20
7970,1216.6800,Wallet,2024-01-11
8502,1477.3100,Card,2024-02-10
76,1014.1400,NetBanking,2024-02-19
13421,879.8100,Card,2024-01-23
1154,1484.1500,NetBanking,2024-02-06
18223,1869.3700,UPI,2024-01-14
10547,808.5900,NetBanking,2024-01-02
4224,1702.3300,Wallet,2024-01-20
4801,807.1500,Card,2024-02-09
9080,737.4800,UPI,2024-02-07
19189,1826.5100,NetBanking,2024-01-17
6305,1612.2800,NetBanking,2024-01-15
18980,1816.8300,NetBanking,2024-01-13
4145,1796.6000,Wallet,2024-02-13
15171,986.7600,Wallet,2024-01-22
12804,846.1700,Wallet,2024-02-19
19354,1766.2600,Wallet,2024-01-13
16592,1691.5800,UPI,2024-02-01
4365,866.3600,Wallet,2024-02-02
4284,859.4500,Card,2024-02-15
13165,659.1000,Wallet,2024-02-01
8571,1888.4400,Wallet,2024-02-02
8596,1172.1600,Wallet,2024-01-09
15337,1244.6400,NetBanking,2024-02-29
13001,1140.1400,Card,2024-02-12
17057,1528.6100,UPI,2024-01-18
270,611.0500,Wallet,2024-02-12
13976,1585.1800,UPI,2024-01-14
10456,1048.9900,NetBanking,2024-01-18
9396,175.0000,UPI,2024-02-06
5344,860.8500,Card,2024-01-18
7506,257.5000,Card,2024-02-22
5736,1834.6000,Card,2024-01-19
8132,1652.2300,Card,2024-02-27
107,1463.8700,NetBanking,2024-02-10
15996,256.0400,Card,2024-01-18
7328,591.4400,NetBanking,2024-01-10
18359,315.9600,Card,2024-01-28
6393,1699.3400,NetBanking,2024-03-01
1688,251.4800,NetBanking,2024-01-06
4669,459.6000,NetBanking,2024-01-08
7206,326.4400,Card,2024-02-18
10254,392.4400,Wallet,2024-02-05
14238,1985.7100,Card,2024-02-24
19067,320.0600,NetBanking,2024-01-18
2111,1068.0000,Wallet,2024-01-21
10347,1421.3800,NetBanking,2024-02-22
16699,1943.2100,Card,2024-01-21
11813,456.6900,UPI,2024-01-26
10309,1316.3100,NetBanking,2024-01-27
3158,902.8000,Wallet,2024-01-17
15096,257.0000,Card,2024-01-03
17836,620.1100,UPI,2024-01-28
4199,882.2600,UPI,2024-01-04
10365,1954.3400,Wallet,2024-02-16
17647,1125.2200,NetBanking,2024-01-07
8993,1846.1700,NetBanking,2024-01-17
6024,1226.4800,Wallet,2024-02-29
16459,605.6700,Wallet,2024-01-10
4215,238.6400,NetBanking,2024-01-03
1017,1521.6100,NetBanking,2024-01-21
12750,1074.1300,Wallet,2024-01-07
14278,659.2700,Wallet,2024-01-26
10654,1366.2100,NetBanking,2024-01-02
4788,1626.4900,UPI,2024-01-03
14401,207.8700,Wallet,2024-01-23
3724,434.8600,Card,2024-02-02
13965,1628.8500,UPI,2024-02-27
9428,1190.2200,Card,2024-02-06
6821,261.4600,NetBanking,2024-02-22
8922,421.9500,Card,2024-02-02
12139,593.8100,Wallet,2024-02-05
9032,526.2100,UPI,2024-02-08
367,1234.4800,Card,2024-02-01
8063,1993.5900,Card,2024-02-22
2665,1495.2000,UPI,2024-02-13
12600,1371.8100,NetBanking,2024-01-02
6322,1472.5600,NetBanking,2024-02-15
18128,335.7700,Card,2024-02-09
18189,1377.5400,UPI,2024-02-03
5098,1669.3100,Card,2024-02-20
17669,1696.6700,Wallet,2024-02-12
9368,439.9700,Wallet,2024-02-12
19780,1166.0700,UPI,2024-01-19
9643,1413.6100,UPI,2024-01-21
9321,1071.7900,Wallet,2024-01-24
6872,299.6100,NetBanking,2024-02-05
6009,1630.4900,Wallet,2024-01-04
16902,1196.4400,UPI,2024-01-25
9306,166.0700,NetBanking,2024-01-30
2241,1248.4300,UPI,2024-01-20
1168,1404.5900,Card,2024-02-10
13190,1543.0200,UPI,2024-02-04
11900,455.5100,NetBanking,2024-03-01
14531,1669.3700,Card,2024-02-12
14291,553.6300,NetBanking,2024-01-06
3765,1167.7500,UPI,2024-01-03
12316,821.6600,Card,2024-01-15
7247,1948.4000,Card,2024-01-06
8145,980.3600,Card,2024-01-28
1199,1774.1700,UPI,2024-02-29
15410,475.8800,UPI,2024-02-14
15640,153.8000,Card,2024-02-04
14471,1070.4900,Card,2024-01-09
6597,245.9900,Card,2024-01-17
17922,703.6100,UPI,2024-01-22
18681,850.9600,Wallet,2024-01-09
15026,380.7300,UPI,2024-02-12
5842,640.6800,Wallet,2024-01-12
515,1707.0400,NetBanking,2024-01-07
5151,1790.8300,UPI,2024-03-01
15061,233.1100,NetBanking,2024-02-24
6892,1442.8700,UPI,2024-01-31
17108,1614.4900,Card,2024-02-25
10004,213.2800,UPI,2024-02-03
14984,423.4800,Card,2024-01-15
11811,1014.3800,UPI,2024-02-27
15280,312.0000,NetBanking,2024-01-06
2163,431.6700,UPI,2024-02-28
14578,942.7400,NetBanking,2024-01-12
8441,653.4000,NetBanking,2024-01-15
13542,1087.9500,Card,2024-02-08
526,1521.7400,UPI,2024-01-06
5744,1924.0900,Card,2024-01-03
3367,1207.3900,UPI,2024-01-14
6622,1757.8000,Card,2024-01-22
11504,1913.0700,UPI,2024-02-19
4366,1906.0400,UPI,2024-02-10
3798,1019.0300,Wallet,2024-03-01
16338,851.1700,Card,2024-01-23
8946,1811.9800,Wallet,2024-02-14
19293,492.5600,Card,2024-01-23
9918,700.5200,NetBanking,2024-02-15
19119,1809.3100,UPI,2024-02-23
2317,175.2800,NetBanking,2024-02-25
13101,1579.8800,Wallet,2024-02-25
4434,1647.4700,UPI,2024-02-10
4689,1107.0800,Wallet,2024-02-17
17567,932.9500,NetBanking,2024-02-13
13118,189.0400,Wallet,2024-01-16
9276,1284.5000,Wallet,2024-02-20
5926,1945.0700,Wallet,2024-01-17
4545,909.1600,Card,2024-01-17
9938,1520.9400,Card,2024-01-07
2079,813.6900,UPI,2024-02-13
10094,1361.5600,Wallet,2024-02-26
5187,1026.3500,Card,2024-02-29
6369,1615.9100,UPI,2024-02-05
16190,1303.0100,NetBanking,2024-02-14
9267,1369.6500,NetBanking,2024-02-08
4456,225.3900,NetBanking,2024-02-28
16571,1823.0000,NetBanking,2024-02-05
10877,1353.5700,UPI,2024-01-01
13616,1636.8200,Card,2024-01-08
19625,850.7800,Card,2024-01-16
927,1130.9200,Card,2024-01-11
3780,760.7600,NetBanking,2024-02-25
19188,317.9800,UPI,2024-01-08
19511,521.9500,Wallet,2024-02-09
16395,523.0600,UPI,2024-02-12
2874,696.7200,NetBanking,2024-01-24
9459,1237.2900,NetBanking,2024-01-18
10504,689.1800,Card,2024-02-12
14597,1217.8700,Wallet,2024-01-12
15647,242.1300,NetBanking,2024-02-04
16040,932.9500,Card,2024-02-26
9038,1741.4000,Wallet,2024-02-13
15118,1848.3000,NetBanking,2024-02-29
3183,701.0200,Card,2024-01-25
6447,828.3700,Wallet,2024-01-02
16639,571.4700,Card,2024-02-07
2973,180.8200,Card,2024-01-01
18027,1816.7800,NetBanking,2024-03-01
9293,819.7100,Card,2024-01-05
6656,1534.8800,Wallet,2024-01-15
18250,1472.6100,UPI,2024-02-02
9770,1121.5400,NetBanking,2024-01-22
14454,665.7800,NetBanking,2024-01-15
3942,609.4200,Card,2024-01-29
14090,1440.1800,UPI,2024-02-29
18948,1673.6200,UPI,2024-02-22
12727,224.4200,UPI,2024-01-05
19755,1598.8800,Card,2024-02-18
3970,1593.2600,Wallet,2024-02-22
5252,1974.1000,Card,2024-01-06
13772,626.7700,UPI,2024-01-13
12573,1271.6000,Card,2024-01-16
3236,594.1400,NetBanking,2024-02-18
2634,1997.2400,UPI,2024-01-07
6549,856.9100,UPI,2024-01-16
17757,950.0200,Card,2024-01-20
8714,1386.0600,UPI,2024-02-22
1283,1130.2800,UPI,2024-01-29
14621,1173.3000,Wallet,2024-02-04
8442,836.7000,Card,2024-02-14
18502,387.3600,Card,2024-02-24
7947,1431.4600,NetBanking,2024-01-04
14162,1790.1500,UPI,2024-01-27
4457,1575.6200,Card,2024-02-16
17824,1927.6000,NetBanking,2024-01-16
15146,528.6900,Card,2024-01-18
10776,853.6700,UPI,2024-02-20
12291,1429.4600,Wallet,2024-02-06
12399,1889.1700,Card,2024-02-13
13823,1774.9700,NetBanking,2024-02-20
10283,1137.5200,NetBanking,2024-02-11
11911,1706.3500,Card,2024-01-31
4241,1390.1500,Card,2024-02-22
6725,1006.0400,Card,2024-02-10
2229,271.9500,Card,2024-03-01
15573,1398.9100,Card,2024-02-11
19957,1645.0000,NetBanking,2024-02-26
8281,391.3500,NetBanking,2024-01-29
6378,1283.2900,Card,2024-01-17
4696,1354.7300,NetBanking,2024-02-16
11824,189.0200,Wallet,2024-01-06
16169,1180.3400,Card,2024-01-21
8761,259.4200,UPI,2024-02-02
3892,850.4900,UPI,2024-01-15
16612,1400.7500,NetBanking,2024-02-10
9675,1032.0400,Card,2024-02-26
14021,1263.2600,Wallet,2024-01-09
9146,279.7300,Wallet,2024-01-31
1230,1664.2200,Card,2024-02-27
6722,1700.5300,Wallet,2024-02-11
10886,285.5500,NetBanking,2024-01-18
4141,390.8300,NetBanking,2024-01-04
9439,1594.6900,NetBanking,2024-02-29
5962,1106.4800,Wallet,2024-02-16
13431,355.8800,Card,2024-02-17
19691,1680.6400,UPI,2024-02-02
4792,801.9700,Wallet,2024-01-24
9997,1271.6500,Card,2024-02-24
19009,1830.0700,Card,2024-02-02
5014,375.9300,Card,2024-01-08
17991,591.0900,Wallet,2024-01-19
7125,487.0900,NetBanking,2024-03-01
11047,1963.7200,NetBanking,2024-01-01
9408,1617.0900,Wallet,2024-02-18
14672,1619.0000,Wallet,2024-01-08
15297,1585.1900,UPI,2024-02-11
12251,1004.3700,Wallet,2024-02-18
6312,1229.5200,Wallet,2024-02-03
906,1806.1800,UPI,2024-02-18
9088,1968.9200,Card,2024-02-29
16116,679.8500,UPI,2024-01-25
14220,1890.5700,Wallet,2024-01-03
17438,1277.8200,Card,2024-02-19
547,608.6200,UPI,2024-01-31
4520,156.8300,Card,2024-02-28
18811,1979.4000,NetBanking,2024-02-26
9272,1663.9100,NetBanking,2024-01-06
5918,525.0200,Card,2024-02-12
13433,438.9800,UPI,2024-01-03
7323,1590.9900,UPI,2024-02-28
12284,1476.2500,NetBanking,2024-01-01
8401,953.6400,NetBanking,2024-01-21
12256,561.1500,Card,2024-02-02
12638,1331.1300,NetBanking,2024-02-19
6730,213.5100,Card,2024-02-25
18228,735.7900,NetBanking,2024-01-28
4797,1455.8100,UPI,2024-02-14
19696,1074.9700,Card,2024-01-20
3400,1863.7900,NetBanking,2024-01-06
11783,727.6900,Card,2024-02-06
12373,695.8100,NetBanking,2024-02-04
8881,232.1400,Card,2024-02-24
2743,921.2600,NetBanking,2024-02-15
1853,1086.2700,NetBanking,2024-01-15
19284,412.6600,Wallet,2024-01-16
13631,1603.6500,Card,2024-02-05
3808,240.1200,Card,2024-01-21
1653,997.3800,UPI,2024-01-13
10093,1535.6800,Card,2024-02-19
18959,1996.4100,NetBanking,2024-02-23
16931,1980.3700,Wallet,2024-01-20
8137,1721.3300,UPI,2024-01-08
12714,260.6900,Card,2024-01-23
16005,1870.8600,Wallet,2024-02-06
18812,574.3600,Wallet,2024-01-28
19729,1861.0700,Wallet,2024-02-10
16333,1497.4500,Card,2024-02-06
1299,1552.3700,NetBanking,2024-01-11
2492,1278.3400,Card,2024-02-20
10917,976.0100,NetBanking,2024-02-16
8753,351.0700,Wallet,2024-03-01
6152,734.3100,UPI,2024-02-07
19248,164.4000,Wallet,2024-02-21
9555,585.9400,UPI,2024-02-23
6343,1112.6600,Card,2024-02-28
718,1922.9400,Wallet,2024-02-06
4313,1182.6000,Card,2024-02-21
860,1408.4200,Card,2024-02-12
8500,1951.4600,Wallet,2024-01-14
5760,1964.7000,NetBanking,2024-02-25
12276,1949.7300,Wallet,2024-02-27
15764,522.8200,UPI,2024-01-09
19617,1077.4600,NetBanking,2024-01-27
14889,854.7200,Card,2024-01-15
10593,1991.6800,UPI,2024-02-27
8308,1399.8500,Card,2024-01-15
6056,1337.8000,Card,2024-02-14
9561,1455.8100,UPI,2024-02-29
5171,1547.0300,Wallet,2024-02-06
16484,1646.9400,Card,2024-02-26
7855,1635.2100,Card,2024-02-12
6826,895.6100,UPI,2024-02-08
8434,1912.5400,UPI,2024-02-16
3940,1085.9700,Card,2024-01-02
7244,194.5300,Card,2024-02-25
18026,1505.9500,Card,2024-02-26
4494,631.0000,UPI,2024-01-13
12958,1861.6800,NetBanking,2024-02-29
4803,1265.4600,Card,2024-01-01
1184,1913.1200,Wallet,2024-01-20
19072,888.2300,Wallet,2024-02-17
14242,681.8800,Card,2024-02-23
203,1014.3400,UPI,2024-01-20
5885,341.3400,UPI,2024-02-21
5397,1210.1500,Wallet,2024-01-05
19497,648.0800,NetBanking,2024-02-29
3225,665.6500,UPI,2024-01-24
12235,1723.4500,NetBanking,2024-02-20
16711,1395.4800,NetBanking,2024-02-01
2391,1600.5100,NetBanking,2024-01-17
1500,490.7700,UPI,2024-02-11
5847,1044.0500,Card,2024-02-29
6551,784.4200,Wallet,2024-02-23
11845,885.6000,NetBanking,2024-02-21
10265,724.8000,Wallet,2024-02-08
4022,1449.6800,UPI,2024-02-26
5164,381.9100,NetBanking,2024-02-22
10612,487.8700,Card,2024-02-28
17699,121.5000,Wallet,2024-01-27
19573,908.0200,Wallet,2024-02-01
12838,1309.8600,NetBanking,2024-01-04
19731,905.2900,UPI,2024-02-04
10292,1583.8000,Wallet,2024-01-15
1248,907.5500,Card,2024-01-01
17660,1701.0000,Wallet,2024-02-03
2682,271.4300,NetBanking,2024-02-10
299,1751.8400,Card,2024-01-29
11896,1826.0300,Card,2024-02-23
651,989.5200,Card,2024-02-23
15692,1656.4600,UPI,2024-02-06
5219,1288.7100,NetBanking,2024-02-22
11342,1212.5000,NetBanking,2024-01-05
14002,1928.2100,Wallet,2024-01-13
13465,1224.9600,Wallet,2024-02-12
13063,1629.3400,Card,2024-01-29
10435,586.7000,Wallet,2024-01-16
5304,685.7300,UPI,2024-01-15
1186,2121.0100,Card,2024-01-23
2183,1557.8000,Wallet,2024-01-28
1218,898.7700,Card,2024-01-01
8532,1893.1100,NetBanking,2024-02-15
14838,818.1500,Wallet,2024-02-04
1496,1558.8900,UPI,2024-02-24
7776,2169.4500,NetBanking,2024-01-22
15567,1849.8800,NetBanking,2024-02-21
1997,1331.3800,Wallet,2024-02-19
2646,896.0100,UPI,2024-02-09
3346,261.7100,NetBanking,2024-01-06
8543,687.2600,Wallet,2024-02-29
9091,153.0600,Card,2024-01-20
10044,1569.8100,Wallet,2024-01-12
17484,237.7900,Card,2024-02-28
14525,858.2000,Wallet,2024-01-07
7243,1051.6100,NetBanking,2024-01-20
19262,727.4000,NetBanking,2024-02-12
18564,266.1000,Card,2024-02-26
11353,1893.8300,Wallet,2024-02-08
19662,425.0300,UPI,2024-01-10
9256,1806.7400,Wallet,2024-02-19
9261,110.1700,Card,2024-02-20
11592,1762.9500,Wallet,2024-01-21
1812,1272.9400,UPI,2024-02-17
15810,1105.0500,Wallet,2024-02-18
15753,341.2800,Wallet,2024-01-25
10799,1130.6600,UPI,2024-02-26
15403,1776.1500,Card,2024-01-10
1523,1480.3700,Card,2024-02-07
5133,218.1000,Wallet,2024-01-20
12579,1523.6500,Wallet,2024-02-07
7067,1297.8600,UPI,2024-02-20
11370,1703.5700,Wallet,2024-01-30
9801,796.0100,Wallet,2024-03-01
12542,536.6400,UPI,2024-01-02
216,2366.5200,Wallet,2024-01-09
9929,195.0300,Card,2024-02-07
11653,1139.6300,Wallet,2024-01-03
12202,1212.7900,Card,2024-02-20
19102,917.7200,UPI,2024-01-12
18527,1221.8600,UPI,2024-01-18
12510,1486.3200,Card,2024-02-06
12473,1132.9900,UPI,2024-02-15
348,1988.6000,Card,2024-01-10
7022,914.0800,Card,2024-02-18
17588,255.4700,Wallet,2024-02-20
683,1728.5700,UPI,2024-01-16
4677,924.8100,NetBanking,2024-02-26
4465,1669.7900,NetBanking,2024-02-05
11650,1836.0400,NetBanking,2024-02-11
13667,132.4100,Card,2024-01-11
4160,476.9200,Card,2024-01-29
7650,788.9400,Card,2024-02-17
18628,167.6500,Wallet,2024-01-31
19858,1617.9900,UPI,2024-01-03
7449,321.6000,UPI,2024-02-18
7861,1677.5100,UPI,2024-02-19
12790,801.3400,Wallet,2024-01-21
17731,1055.1800,NetBanking,2024-01-08
1718,1961.6700,NetBanking,2024-03-01
14492,284.9200,UPI,2024-02-27
2859,1204.9000,UPI,2024-02-27
15247,1486.5300,Wallet,2024-02-19
11140,823.7000,NetBanking,2024-01-17
14723,729.9700,Wallet,2024-02-28
15055,277.9900,Card,2024-01-05
1766,1388.5500,Card,2024-02-10
17289,1570.8500,UPI,2024-02-09
13723,168.7300,UPI,2024-02-08
18271,853.5700,Wallet,2024-02-29
10979,1072.1600,Card,2024-01-22
17698,462.8600,Wallet,2024-02-29
31,1389.9400,UPI,2024-01-31
16407,499.9100,UPI,2024-01-17
15982,931.3500,NetBanking,2024-02-05
5267,1920.4400,NetBanking,2024-01-19
10705,1441.7400,NetBanking,2024-02-24
1665,778.4400,UPI,2024-01-20
10222,716.4800,Card,2024-02-29
11198,1500.8400,Card,2024-02-11
7119,616.9900,NetBanking,2024-01-01
4370,282.4700,Card,2024-02-17
3394,697.3500,NetBanking,2024-02-24
19566,1313.5200,UPI,2024-01-27
2041,1979.9700,Wallet,2024-02-17
5149,157.6600,UPI,2024-02-27
18498,549.3100,UPI,2024-02-01
16608,1172.6100,Card,2024-01-07
861,739.9800,Wallet,2024-03-01
17885,1686.0900,UPI,2024-02-24
14218,362.4100,Card,2024-01-04
9229,1360.1100,Card,2024-01-01
17519,334.4700,UPI,2024-02-03
13958,994.0800,UPI,2024-01-09
5188,1336.0500,UPI,2024-01-10
629,1852.4600,UPI,2024-01-10
7304,951.3500,NetBanking,2024-01-30
3834,190.5200,Wallet,2024-03-01
3228,967.0500,UPI,2024-01-30
18058,1809.4400,NetBanking,2024-01-30
7561,607.4000,UPI,2024-01-07
10743,1481.5000,Wallet,2024-02-05
10539,882.3100,NetBanking,2024-01-29
13647,1035.0700,Wallet,2024-01-17
7850,1007.6800,UPI,2024-02-12
365,412.1000,Wallet,2024-01-17
14197,276.7900,Wallet,2024-01-17
15011,1912.3700,UPI,2024-02-23
17705,1653.4000,Card,2024-01-31
5467,1804.6200,Card,2024-02-24
2830,1189.4700,NetBanking,2024-01-16
15478,1363.0500,UPI,2024-01-18
2330,1436.2800,Card,2024-02-04
5569,710.4800,NetBanking,2024-01-13
16798,1230.5700,UPI,2024-02-18
6904,121.7700,Wallet,2024-01-15
11537,1036.5200,Card,2024-01-21
2480,1126.8100,Wallet,2024-01-01
3964,1986.8600,UPI,2024-01-20
116,617.3100,Card,2024-02-25
4952,1828.0100,Card,2024-01-16
4920,1595.8600,Wallet,2024-02-22
7885,1600.2000,NetBanking,2024-01-03
5738,1063.1100,Card,2024-01-23
2899,589.5900,Wallet,2024-01-21
19305,295.4500,NetBanking,2024-01-14
12966,230.7800,UPI,2024-01-12
13639,588.5100,Wallet,2024-02-03
14686,638.3300,UPI,2024-01-03
10935,414.0300,Card,2024-01-19
517,349.4300,NetBanking,2024-01-18
13713,1842.1700,Wallet,2024-01-13
12960,638.1200,Card,2024-02-20
17740,1905.0200,NetBanking,2024-01-28
16534,787.5800,Wallet,2024-02-04
18340,615.0600,Card,2024-01-29
7844,1060.9200,Wallet,2024-01-24
13636,549.9500,UPI,2024-02-15
8718,738.3800,UPI,2024-02-04
9077,1245.9200,UPI,2024-02-11
7518,750.2400,Card,2024-01-26
6516,623.0300,UPI,2024-01-03
12682,1145.7100,Wallet,2024-01-08
17570,1127.8600,Card,2024-01-15
8050,1304.9900,NetBanking,2024-02-28
14212,1268.4400,NetBanking,2024-02-19
13140,591.8700,Card,2024-02-10
12920,871.8200,Card,2024-02-17
8328,848.1400,UPI,2024-01-24
2410,1740.8700,NetBanking,2024-02-27
7006,117.3600,Card,2024-01-01
11445,1418.9000,NetBanking,2024-02-23
16666,1361.2700,Wallet,2024-01-09
6623,345.1700,UPI,2024-02-15
13693,1284.4100,Wallet,2024-01-11
16525,1166.4000,UPI,2024-02-06
4585,1581.0100,UPI,2024-02-02
2989,1514.2700,NetBanking,2024-02-22
11728,1114.3500,NetBanking,2024-01-23
2362,116.5400,NetBanking,2024-01-24
10147,618.8100,Card,2024-02-23
8254,1016.3500,Wallet,2024-01-31
2100,223.4600,UPI,2024-03-01
9553,1391.8500,NetBanking,2024-02-20
14738,1927.4500,Wallet,2024-01-31
17090,1741.1800,UPI,2024-01-17
12125,1050.7800,Card,2024-02-24
12178,1557.7400,UPI,2024-01-10
5850,1886.3600,UPI,2024-02-17
14147,1633.4600,Card,2024-03-01
6381,767.0800,Card,2024-01-22
15872,696.5900,Wallet,2024-02-05
6146,336.1400,UPI,2024-02-01
19289,982.4600,UPI,2024-02-20
9712,1162.7200,Wallet,2024-01-27
14743,1358.2400,Card,2024-02-01
2048,774.5100,NetBanking,2024-02-15
6353,1386.0200,Card,2024-02-10
13789,1798.1000,UPI,2024-03-01
13691,1742.6100,Card,2024-01-17
5698,1110.0200,Card,2024-02-24
5209,950.2700,NetBanking,2024-01-21
19144,820.3600,NetBanking,2024-02-07
7787,963.2700,UPI,2024-02-10
2870,1639.7500,NetBanking,2024-01-05
11258,1284.4500,NetBanking,2024-01-18
14187,1670.5000,UPI,2024-01-19
9484,904.0800,UPI,2024-01-15
569,247.6300,NetBanking,2024-02-08
14656,345.3400,Wallet,2024-01-22
10965,799.3500,Card,2024-01-14
19845,1706.2700,Wallet,2024-02-02
10190,277.0200,Card,2024-02-17
2076,1058.9300,UPI,2024-01-31
18174,511.4700,NetBanking,2024-01-22
16212,773.2600,Card,2024-01-16
690,726.7700,UPI,2024-01-06
16166,1112.4700,Wallet,2024-01-30
15102,1192.4200,Wallet,2024-01-11
9499,1872.3400,Card,2024-01-12
7827,1073.2700,Card,2024-01-18
19487,473.7100,UPI,2024-02-27
1338,1120.1100,NetBanking,2024-01-08
10150,1335.3500,Card,2024-01-08
437,636.1500,Wallet,2024-01-19
12053,1735.3900,UPI,2024-01-22
2837,1637.3900,UPI,2024-02-10
13194,927.4900,Wallet,2024-02-16
10640,202.1900,Card,2024-01-14
1008,1975.2100,NetBanking,2024-02-26
14910,770.4000,Wallet,2024-02-20
9758,1016.5000,Card,2024-02-14
16076,290.1800,Card,2024-02-26
6927,1882.1800,NetBanking,2024-02-26
12219,269.3600,Card,2024-01-19
17961,1701.0700,NetBanking,2024-02-17
8478,558.1400,Card,2024-01-03
9602,138.7100,UPI,2024-02-26
18472,1868.8200,NetBanking,2024-02-02
3542,1001.3000,NetBanking,2024-02-11
10333,1010.0700,NetBanking,2024-01-09
14363,774.8800,Wallet,2024-01-24
3039,1879.5200,Wallet,2024-02-07
966,692.9200,UPI,2024-02-08
14891,572.2600,NetBanking,2024-02-11
4146,100.3800,Wallet,2024-02-25
11694,1772.6300,Wallet,2024-01-18
10884,1618.2700,Card,2024-01-07
13368,1135.4800,Wallet,2024-02-17
10634,1982.8100,NetBanking,2024-01-23
12396,1255.6000,UPI,2024-01-19
10403,1290.7900,Wallet,2024-01-08
5073,154.6800,UPI,2024-02-20
14536,461.1100,NetBanking,2024-01-30
17696,1629.7800,Card,2024-02-03
14323,663.2600,Wallet,2024-01-08
16206,1004.1800,Card,2024-01-03
8870,1049.6200,Card,2024-02-13
17916,835.2200,UPI,2024-01-31
297,1971.7200,NetBanking,2024-02-07
2991,1550.2400,Card,2024-01-07
19544,1005.5300,Wallet,2024-01-09
19217,1624.3900,Wallet,2024-01-31
7117,1384.2900,Card,2024-01-14
19824,423.9200,UPI,2024-01-23
15903,1526.5000,NetBanking,2024-01-06
17193,1906.5900,NetBanking,2024-02-28
4296,109.5100,Wallet,2024-01-22
7374,769.4500,Wallet,2024-02-22
4790,1868.9400,Wallet,2024-02-25
16736,1739.2600,UPI,2024-01-09
9315,626.5000,Wallet,2024-01-07
1924,616.1000,Card,2024-01-22
3667,646.6700,Wallet,2024-01-20
3840,1910.1600,UPI,2024-02-07
6601,391.0400,UPI,2024-01-13
2493,1115.2000,NetBanking,2024-01-30
16786,642.5900,NetBanking,2024-02-25
4714,473.8300,NetBanking,2024-01-16
10520,1953.8600,UPI,2024-01-10
6055,1803.8400,Wallet,2024-02-11
8294,1117.3800,UPI,2024-02-17
19605,742.8200,Wallet,2024-02-29
2792,617.9900,Wallet,2024-01-06
17767,313.5400,NetBanking,2024-01-31
4488,782.5200,Wallet,2024-02-01
8939,1414.5000,NetBanking,2024-01-09
9375,1153.5200,Wallet,2024-01-22
1578,1976.2100,Card,2024-01-03
9609,821.2900,UPI,2024-01-29
11008,1447.4100,UPI,2024-02-01
17457,433.3200,Wallet,2024-02-23
1280,1216.5700,Wallet,2024-01-10
12130,984.7800,Card,2024-01-16
12704,240.7900,NetBanking,2024-02-02
13544,1755.1600,Card,2024-01-09
16117,268.9000,Wallet,2024-02-05
10894,590.0600,Wallet,2024-02-16
8815,1480.9300,Card,2024-01-29
5009,614.5200,NetBanking,2024-01-26
17951,1521.6500,Wallet,2024-02-22
7963,872.8200,Wallet,2024-01-19
1302,1623.3700,Wallet,2024-01-03
11081,1476.9500,Wallet,2024-02-01
6418,102.1200,NetBanking,2024-01-01
4793,253.3800,UPI,2024-02-20
13543,881.2000,Card,2024-01-17
19659,1836.5400,UPI,2024-01-08
8327,1463.6100,Card,2024-01-29
11414,196.3100,Card,2024-02-27
2429,657.8400,UPI,2024-02-24
3414,1423.6200,Card,2024-01-15
4161,217.2200,UPI,2024-02-01
14308,1275.3500,Card,2024-02-12
17482,1480.2800,UPI,2024-01-28
1995,116.4000,NetBanking,2024-02-02
5428,808.0200,Wallet,2024-03-01
930,1465.3400,UPI,2024-02-14
8389,947.1300,NetBanking,2024-02-26
15177,1115.0600,Card,2024-03-01
15481,1098.7400,Card,2024-01-05
17248,845.9200,NetBanking,2024-01-16
13279,1714.8000,Wallet,2024-01-14
16406,1482.2100,Card,2024-02-08
8566,1189.5400,UPI,2024-01-31
3282,677.6000,Card,2024-01-19
2190,502.5400,Card,2024-01-22
1142,355.2500,UPI,2024-01-27
4018,194.2100,UPI,2024-02-18
19826,1086.8500,Wallet,2024-02-14
105,597.3200,Wallet,2024-01-31
14604,491.2100,Card,2024-01-29
11785,246.9100,UPI,2024-02-20
16866,1171.5200,UPI,2024-02-27
11798,485.4200,UPI,2024-02-28
12567,1032.4200,Card,2024-01-18
4814,774.4800,Card,2024-01-10
5032,311.8100,Wallet,2024-01-10
3898,1410.3400,Wallet,2024-02-27
10436,1802.0000,NetBanking,2024-01-20
16994,512.6800,UPI,2024-02-01
16100,1231.3700,UPI,2024-02-01
5029,1736.0300,NetBanking,2024-02-09
5444,327.7400,Card,2024-02-09
5917,1281.6900,Wallet,2024-02-28
14602,768.8300,Wallet,2024-01-03
14104,1499.4300,UPI,2024-01-02
12839,941.5500,Wallet,2024-01-05
8876,1868.6900,Wallet,2024-02-02
16551,1331.1500,UPI,2024-01-20
5626,370.0500,NetBanking,2024-02-05
6980,430.8600,NetBanking,2024-01-08
5390,1257.9200,UPI,2024-02-23
17717,922.6800,Wallet,2024-01-27
15538,1682.3100,UPI,2024-01-09
1891,390.5200,UPI,2024-02-28
7016,1404.7300,Card,2024-02-09
13711,203.5700,Card,2024-01-24
13462,112.4600,UPI,2024-02-02
421,897.5000,Wallet,2024-01-18
8549,1578.9900,UPI,2024-01-11
17929,1347.5100,NetBanking,2024-02-11
374,164.6000,UPI,2024-01-26
736,1834.2400,NetBanking,2024-02-26
15980,1102.5600,NetBanking,2024-01-22
17935,1785.9400,Card,2024-01-13
17365,1557.6400,Wallet,2024-01-22
17910,632.8400,NetBanking,2024-01-02
8595,462.3800,Wallet,2024-01-17
5411,485.5800,UPI,2024-02-26
18352,1876.1800,Card,2024-01-30
11836,503.2700,NetBanking,2024-02-11
6496,118.2200,UPI,2024-01-28
11505,415.6600,Card,2024-02-12
19156,515.0900,NetBanking,2024-01-17
15425,189.2800,UPI,2024-02-29
7028,1212.0700,Card,2024-01-31
6635,1516.9500,NetBanking,2024-02-06
13474,781.0500,NetBanking,2024-02-15
5081,1161.4900,NetBanking,2024-02-19
9685,1223.0700,Wallet,2024-01-02
10577,229.8700,Card,2024-02-09
14410,1910.5500,Card,2024-03-01
1214,1312.3100,Wallet,2024-01-09
5324,1904.4100,UPI,2024-02-21
5477,295.8500,Card,2024-02-14
1460,1180.2500,Card,2024-01-01
7375,284.3400,Wallet,2024-01-01
19805,788.4600,NetBanking,2024-01-29
386,1089.0700,Card,2024-02-25
16279,698.1500,NetBanking,2024-02-05
11479,1756.0800,Card,2024-02-21
12857,536.7900,Card,2024-01-30
2540,421.9000,NetBanking,2024-01-25
214,534.7400,Wallet,2024-01-09
14361,593.0300,NetBanking,2024-01-24
4425,1017.5100,UPI,2024-02-27
340,1358.3400,Card,2024-02-04
11483,1821.4400,Wallet,2024-01-04
4316,1576.8100,Card,2024-01-03
10581,1195.4200,Wallet,2024-01-18
16926,1698.7900,NetBanking,2024-02-10
10695,433.1000,Wallet,2024-01-01
4222,1246.7700,NetBanking,2024-01-16
2386,1242.5400,NetBanking,2024-01-05
19538,467.4500,Wallet,2024-02-06
14517,1039.0900,Card,2024-02-14
2003,779.5200,UPI,2024-01-01
9191,1065.8900,NetBanking,2024-02-25
12709,896.9400,UPI,2024-02-21
6338,112.3200,UPI,2024-01-06
9122,1306.6400,UPI,2024-02-09
10585,505.2200,Card,2024-02-19
278,244.3100,NetBanking,2024-01-11
6959,1433.4000,Wallet,2024-02-07
19127,1079.1500,UPI,2024-02-12
1376,282.9200,Card,2024-02-07
9919,919.4400,Wallet,2024-02-13
9635,713.3300,UPI,2024-01-02
8216,1506.1400,Wallet,2024-02-05
3411,1929.0900,UPI,2024-02-18
866,1081.5700,Card,2024-02-28
10007,1219.9100,NetBanking,2024-02-12
18129,1154.7400,Card,2024-02-09
9138,1569.8600,NetBanking,2024-02-10
11725,881.0900,Card,2024-01-10
10421,119.3700,NetBanking,2024-01-04
875,1125.6700,Card,2024-01-20
7934,1693.1100,NetBanking,2024-02-16
14165,1622.0400,UPI,2024-03-01
16093,453.4800,Wallet,2024-02-21
4132,1502.6600,Wallet,2024-02-24
14475,960.5500,NetBanking,2024-02-06
7035,371.3800,Card,2024-02-21
8731,1340.5200,Wallet,2024-01-03
10794,1232.4600,UPI,2024-02-23
13729,1416.0800,UPI,2024-02-20
12574,282.2300,UPI,2024-02-18
1537,587.7100,Card,2024-01-17
9322,1095.6000,Card,2024-02-21
16659,1717.9900,Card,2024-02-26
14384,235.3600,NetBanking,2024-02-23
1600,451.7500,NetBanking,2024-02-11
14175,1735.6400,Card,2024-03-01
19443,922.4100,NetBanking,2024-01-06
19954,1003.3500,Wallet,2024-01-05
15540,183.9600,Card,2024-02-13
12405,1988.7800,Card,2024-02-11
5001,297.9500,NetBanking,2024-01-20
18657,1466.6600,Wallet,2024-01-03
8867,879.6300,Wallet,2024-02-05
17963,1185.1700,Card,2024-01-17
6953,1928.8200,Wallet,2024-01-28
3733,761.0700,UPI,2024-01-22
12762,804.1500,UPI,2024-01-11
1392,1863.6600,NetBanking,2024-02-08
17355,1602.8000,Card,2024-01-15
2998,1108.5700,NetBanking,2024-01-25
4406,941.0600,Wallet,2024-01-07
13699,1533.4000,Wallet,2024-01-03
10146,171.6600,Card,2024-01-14
7910,879.1100,Wallet,2024-01-19
7274,1168.8300,UPI,2024-01-21
10851,237.7300,Card,2024-01-05
11753,1877.1000,NetBanking,2024-01-14
9899,1074.8800,NetBanking,2024-02-15
19754,961.9100,NetBanking,2024-01-27
4474,1355.4700,Wallet,2024-01-16
6398,1969.5200,UPI,2024-02-20
13440,734.7300,Wallet,2024-02-27
18295,379.5300,Card,2024-01-17
19065,604.8600,Card,2024-02-02
4990,1279.7300,Card,2024-01-19
206,609.7800,Card,2024-01-17
7333,765.2700,UPI,2024-01-19
19631,775.9700,UPI,2024-01-11
7952,1430.2100,Wallet,2024-01-20
4590,1170.6100,Wallet,2024-02-14
8972,248.5700,Card,2024-02-06
3260,1906.3300,NetBanking,2024-01-29
15915,1419.6400,UPI,2024-01-18
13612,867.7100,NetBanking,2024-01-15
14884,535.0800,NetBanking,2024-02-23
6843,1483.5800,UPI,2024-02-24
13180,1894.3200,NetBanking,2024-01-13
17516,846.9000,UPI,2024-01-10
16225,1027.7400,Wallet,2024-02-18
12325,1288.8100,Card,2024-02-24
7571,281.9200,Card,2024-02-18
17592,338.9000,UPI,2024-01-27
18400,167.9200,Wallet,2024-01-22
12268,599.3800,NetBanking,2024-01-17
8465,270.5200,UPI,2024-01-18
12491,367.2800,NetBanking,2024-01-03
359,864.9800,Card,2024-01-10
15295,1472.7100,Card,2024-01-15
9622,1630.1100,UPI,2024-02-14
5108,1933.1200,Wallet,2024-01-23
1504,1633.4300,UPI,2024-01-24
1320,460.8600,Wallet,2024-02-12
5455,1529.8600,NetBanking,2024-01-26
4240,704.3000,NetBanking,2024-02-25
19397,1825.4400,NetBanking,2024-01-22
3585,1148.8700,Card,2024-02-18
4266,1966.0200,NetBanking,2024-01-20
1428,1683.4100,Card,2024-01-06
10856,915.2500,Card,2024-01-16
5852,1722.2600,UPI,2024-02-14
8315,1726.5200,Card,2024-02-04
4600,975.6200,Wallet,2024-01-21
17144,1918.1600,UPI,2024-01-11
11970,903.7000,NetBanking,2024-02-20
13193,1720.6100,Card,2024-02-03
19808,1322.4900,NetBanking,2024-01-22
9096,498.3000,UPI,2024-01-21
2637,807.5500,Card,2024-02-21
18884,1850.3900,UPI,2024-02-15
1696,413.3200,Wallet,2024-02-20
15073,1893.7600,Card,2024-01-17
11183,1609.8100,UPI,2024-01-02
12366,603.6400,NetBanking,2024-02-21
5266,1267.7500,Wallet,2024-01-23
3253,1607.1000,Wallet,2024-01-27
18627,728.2000,Card,2024-01-11
9023,526.2700,UPI,2024-02-09
19302,664.6500,Wallet,2024-02-05
13255,649.3300,UPI,2024-01-18
1481,1190.5200,Wallet,2024-02-27
7969,501.0500,Card,2024-01-16
9344,531.2300,Wallet,2024-01-26
11666,462.5500,Card,2024-01-17
9420,620.5200,UPI,2024-02-24
11965,1263.4600,Wallet,2024-01-03
19373,462.2000,Wallet,2024-01-09
972,1884.6400,NetBanking,2024-01-13
15442,651.7900,UPI,2024-02-22
8995,1342.7500,UPI,2024-02-28
4995,1913.5900,Wallet,2024-01-15
15289,1710.3400,NetBanking,2024-03-01
18854,162.3100,Card,2024-01-30
3055,616.0300,UPI,2024-03-01
3583,223.4500,Wallet,2024-01-09
9676,1383.1200,NetBanking,2024-02-25
948,345.3600,Card,2024-01-13
10056,1400.0900,Wallet,2024-02-25
6254,1151.0900,UPI,2024-01-26
10618,117.6800,Card,2024-02-21
18,602.4000,Card,2024-01-27
14806,585.5200,Card,2024-01-01
13385,1284.4200,UPI,2024-03-01
3949,1083.6300,NetBanking,2024-01-27
1055,1498.5100,NetBanking,2024-01-02
14824,1749.5100,Wallet,2024-02-24
14553,640.6000,UPI,2024-02-25
12064,1111.0600,Wallet,2024-01-16
2537,1994.2000,Card,2024-02-15
797,311.5200,UPI,2024-02-03
13338,318.6800,UPI,2024-02-18
14347,1448.0700,NetBanking,2024-01-02
11322,826.8100,UPI,2024-02-05
11454,712.9700,Wallet,2024-01-08
8405,339.4600,NetBanking,2024-02-20
1239,594.4100,NetBanking,2024-02-16
2206,845.8100,Card,2024-02-08
1917,1812.0700,NetBanking,2024-01-30
3818,885.0400,NetBanking,2024-02-18
11328,424.4000,Wallet,2024-02-26
17099,511.7500,Wallet,2024-02-16
19632,1192.3200,NetBanking,2024-02-12
344,1209.7000,Wallet,2024-01-21
10531,1938.2200,Card,2024-02-27
2287,864.6600,UPI,2024-02-13
16435,443.9800,Wallet,2024-01-16
18923,102.6000,UPI,2024-02-24
17976,1038.6200,UPI,2024-01-02
9221,1192.8700,Card,2024-01-19
1681,1874.8400,UPI,2024-01-25
10860,1397.0200,Card,2024-02-24
2243,795.8200,NetBanking,2024-01-10
11933,1740.5100,Card,2024-01-22
17371,1886.7500,Card,2024-01-10
9836,555.3900,Card,2024-02-09
5487,1860.2700,Card,2024-02-14
12831,213.6000,UPI,2024-01-05
15861,457.3800,UPI,2024-01-04
11076,1357.0100,UPI,2024-01-19
18029,241.6300,Wallet,2024-01-10
4422,558.4700,NetBanking,2024-01-27
15047,565.6500,NetBanking,2024-02-18
13227,1548.1900,UPI,2024-01-02
10215,1934.0100,UPI,2024-01-30
6183,1473.3100,NetBanking,2024-01-12
14961,1655.7300,NetBanking,2024-02-26
7148,440.3100,NetBanking,2024-02-23
14332,522.0500,Wallet,2024-02-01
7551,731.3700,Card,2024-02-08
10312,1784.9100,Wallet,2024-01-09
12673,407.3400,Wallet,2024-02-11
18848,396.2400,UPI,2024-02-06
16311,600.2500,NetBanking,2024-01-18
6452,773.7700,NetBanking,2024-02-25
13889,422.1700,UPI,2024-02-13
3432,980.2200,Wallet,2024-02-05
2806,1040.5200,Card,2024-01-15
13557,541.2400,NetBanking,2024-01-09
17352,126.1400,NetBanking,2024-02-21
6008,1720.0100,Wallet,2024-01-10
19616,385.6900,Wallet,2024-01-11
8741,1026.0400,Wallet,2024-02-19
10277,421.9700,Card,2024-02-13
5061,127.8700,NetBanking,2024-01-29
13362,1597.4000,UPI,2024-02-15
13964,1091.0800,Wallet,2024-01-22
8112,1946.6400,Wallet,2024-02-07
1222,286.6600,Wallet,2024-02-15
16141,785.9100,Card,2024-02-19
15625,768.3600,UPI,2024-02-04
17113,715.3500,Wallet,2024-02-15
1745,758.7400,NetBanking,2024-02-27
14245,1448.6300,Wallet,2024-02-28
909,1841.1200,NetBanking,2024-01-27
15986,1415.0600,Card,2024-02-28
1829,339.8100,UPI,2024-03-01
3946,1081.9300,Wallet,2024-01-23
7259,1498.9200,UPI,2024-03-01
7228,1725.0600,Wallet,2024-02-04
4325,721.4900,NetBanking,2024-02-17
18658,1502.5700,Card,2024-01-27
10078,1372.7900,NetBanking,2024-01-23
17123,238.3600,NetBanking,2024-01-05
13287,1487.6700,NetBanking,2024-02-25
11611,857.8800,NetBanking,2024-02-29
13191,115.1100,Wallet,2024-02-25
5531,201.8400,Card,2024-01-09
12295,1746.9500,Card,2024-01-27
3267,1458.9300,Card,2024-02-14
10890,1821.3200,Wallet,2024-01-05
14520,1399.1200,Card,2024-02-15
3652,365.7200,UPI,2024-01-04
2351,1750.9500,Wallet,2024-01-07
14880,595.3200,Card,2024-02-15
16013,1159.8500,UPI,2024-02-03
14141,1868.1900,Wallet,2024-01-04
11179,1016.3100,Card,2024-02-14
9813,502.6800,UPI,2024-02-12
7098,450.2500,UPI,2024-01-31
54,1124.9800,Card,2024-02-26
14909,1222.4700,NetBanking,2024-01-28
14719,419.0300,UPI,2024-01-01
11920,392.3400,NetBanking,2024-01-02
16831,296.9600,UPI,2024-02-08
4584,1809.4000,UPI,2024-01-17
18200,419.7500,UPI,2024-02-01
12333,1274.9300,Card,2024-02-01
8313,1479.5500,Card,2024-01-29
3098,692.6800,NetBanking,2024-01-05
14080,411.9700,UPI,2024-02-07
2208,1226.8900,UPI,2024-02-19
18388,102.2600,UPI,2024-01-15
10225,1307.1100,Card,2024-02-24
7289,1296.8800,UPI,2024-01-18
7143,385.4700,NetBanking,2024-02-21
7046,1399.8600,Wallet,2024-02-14
6444,226.9900,Card,2024-02-19
11942,507.7000,UPI,2024-01-15
9747,825.4500,Card,2024-02-09
8992,1977.1800,UPI,2024-02-29
1857,1310.7800,UPI,2024-02-09
13786,1521.3500,NetBanking,2024-01-11
6371,712.2400,Wallet,2024-01-16
7983,406.1600,Card,2024-01-29
7509,312.5400,Card,2024-02-05
12029,1189.6400,Wallet,2024-01-13
911,887.5200,Card,2024-01-10
14622,325.8700,Wallet,2024-01-12
14441,981.8000,UPI,2024-02-08
14845,1371.1200,NetBanking,2024-02-09
4643,131.3200,UPI,2024-02-12
8270,1809.4800,UPI,2024-02-11
12159,1965.9500,Card,2024-01-07
8160,1882.9900,Wallet,2024-01-13
487,313.5800,Wallet,2024-02-10
6679,720.0600,Card,2024-01-30
18067,1109.7200,Card,2024-02-12
15119,1234.9400,UPI,2024-01-18
16298,1776.7400,Wallet,2024-01-21
17616,552.5100,UPI,2024-01-13
1399,1300.2300,UPI,2024-02-09
16858,1305.7600,Wallet,2024-02-14
3162,847.9700,UPI,2024-01-26
6666,1589.8500,NetBanking,2024-02-20
13156,1263.2900,UPI,2024-01-14
4162,944.4800,NetBanking,2024-01-25
673,1092.2800,NetBanking,2024-02-05
2001,485.6200,Wallet,2024-02-11
12391,961.8900,Card,2024-01-15
5864,440.0800,UPI,2024-02-26
10139,1960.9100,Card,2024-01-28
10805,616.1800,Card,2024-02-10
10970,1580.6300,UPI,2024-01-27
14210,1278.6500,Card,2024-02-20
2288,1362.9400,Card,2024-02-22
7246,1720.2200,UPI,2024-01-30
17552,1791.0200,Wallet,2024-01-22
7106,1397.8900,NetBanking,2024-01-02
737,479.4600,UPI,2024-02-27
13455,1388.2300,Card,2024-01-21
4770,1240.3200,Card,2024-02-18
406,1222.3200,UPI,2024-02-01
4648,130.7000,Wallet,2024-02-24
12267,1459.7000,Card,2024-02-12
6367,124.9400,Card,2024-02-22
3139,1093.3900,UPI,2024-01-31
3405,375.2800,NetBanking,2024-01-21
18639,1086.1700,UPI,2024-01-27
15372,282.9500,Card,2024-02-21
19889,578.5600,Wallet,2024-01-12
6276,820.6800,NetBanking,2024-02-01
11742,748.0900,NetBanking,2024-02-17
17957,678.6900,Wallet,2024-02-10
9334,299.7700,Wallet,2024-01-16
1943,1341.5300,Card,2024-01-28
16978,1979.2100,UPI,2024-01-06
7300,191.4900,Wallet,2024-02-23
11862,1491.9800,NetBanking,2024-01-09
11691,935.0000,UPI,2024-01-30
18422,1549.1200,Wallet,2024-02-19
11418,875.6900,NetBanking,2024-02-27
5196,1592.0300,Card,2024-01-02
9903,327.4200,Wallet,2024-01-29
7709,424.3000,Card,2024-02-27
9369,590.9400,UPI,2024-01-01
15723,396.9300,Card,2024-01-15
7043,847.4700,Card,2024-02-22
9454,1327.8700,UPI,2024-01-04
11595,957.3600,NetBanking,2024-01-29
10915,1985.0600,Card,2024-02-26
17351,1769.3500,NetBanking,2024-01-22
3830,964.4500,NetBanking,2024-02-18
5964,544.0400,Wallet,2024-01-10
18873,529.3000,Card,2024-02-04
18075,1157.6700,Wallet,2024-02-16
9853,546.3800,Card,2024-02-17
15105,732.0600,Wallet,2024-01-26
12332,1413.7900,Wallet,2024-01-25
10732,1637.0600,UPI,2024-02-08
17800,1954.8700,NetBanking,2024-01-27
16400,1696.0000,Wallet,2024-01-20
17420,1200.0200,UPI,2024-01-08
18191,754.0200,Wallet,2024-01-31
61,114.7200,NetBanking,2024-01-30
5109,823.3000,NetBanking,2024-02-01
12906,1318.4900,NetBanking,2024-02-10
13244,338.1400,Card,2024-01-29
18249,1526.9700,NetBanking,2024-01-03
16849,1537.6200,Card,2024-01-29
9761,1034.6900,UPI,2024-01-09
15515,1028.9400,Card,2024-01-29
7940,631.9500,Wallet,2024-01-04
12227,1321.8300,NetBanking,2024-02-14
19216,745.9100,UPI,2024-01-07
17702,171.7800,UPI,2024-01-01
16043,388.5100,Wallet,2024-02-24
15491,247.0200,NetBanking,2024-01-08
15387,1246.8700,Wallet,2024-01-27
9954,561.3400,Card,2024-02-03
10541,607.4000,Card,2024-01-10
6801,932.1700,Card,2024-02-11
3086,1265.8400,UPI,2024-02-17
6384,1730.7800,UPI,2024-02-01
13355,1801.9800,Card,2024-01-21
11109,1062.9900,Wallet,2024-01-05
7307,795.6800,Card,2024-01-25
13990,1118.0800,Card,2024-01-23
2516,1034.5900,Card,2024-02-17
17165,1337.2000,UPI,2024-01-17
1429,109.0500,UPI,2024-02-08
13532,278.5300,Card,2024-01-29
3287,532.6300,UPI,2024-02-07
4691,453.9100,NetBanking,2024-01-16
1022,478.0200,NetBanking,2024-01-18
13982,1458.4700,NetBanking,2024-01-10
16034,1833.1200,UPI,2024-02-12
8601,1551.2300,UPI,2024-01-26
8630,1491.2800,NetBanking,2024-01-22
2680,125.7200,UPI,2024-01-12
7602,394.7900,Wallet,2024-01-05
8033,1990.4400,Wallet,2024-01-21
3606,1825.0900,UPI,2024-01-27
3973,1010.1500,Wallet,2024-02-04
5086,1048.3300,Wallet,2024-01-02
850,825.2100,NetBanking,2024-01-15
3220,1319.4500,Wallet,2024-01-14
10484,338.6600,Wallet,2024-02-23
15709,1243.9400,Card,2024-01-27
19080,1740.3200,Card,2024-01-20
18279,578.9100,Card,2024-02-05
16604,329.1800,Card,2024-02-02
9652,1836.8000,UPI,2024-02-14
12245,567.5400,UPI,2024-01-22
13872,1712.3400,Card,2024-01-12
11157,249.7500,UPI,2024-01-24
2803,100.6000,NetBanking,2024-01-01
942,711.0800,Card,2024-01-14
19990,2054.4600,Card,2024-01-11
19049,297.7300,NetBanking,2024-02-27
13495,688.7900,Wallet,2024-02-19
1236,1541.8300,Card,2024-01-18
10530,1977.1100,UPI,2024-01-01
12461,646.7400,Card,2024-01-04
12664,1110.9600,UPI,2024-01-02
6457,774.6500,Wallet,2024-02-23
9330,230.3900,UPI,2024-02-18
6051,443.3300,Card,2024-02-28
9016,1691.6500,Card,2024-01-29
15381,1238.9600,Card,2024-02-09
4206,1962.6600,UPI,2024-02-28
4771,884.2300,Card,2024-02-28
12557,687.8200,NetBanking,2024-02-11
1840,1090.6300,Card,2024-02-08
7589,959.8800,Card,2024-02-12
9814,758.9100,NetBanking,2024-01-25
7735,836.6100,Card,2024-02-14
12501,1799.9000,Wallet,2024-02-24
11066,1326.6900,NetBanking,2024-02-13
7147,1642.0000,Wallet,2024-02-11
4343,567.7300,Wallet,2024-01-17
12731,472.3500,Card,2024-02-07
18016,1844.5500,Wallet,2024-02-15
17262,243.4300,UPI,2024-01-05
15888,719.0900,NetBanking,2024-02-18
19940,356.4400,UPI,2024-02-28
2433,816.0800,NetBanking,2024-01-24
8274,1380.9100,UPI,2024-01-28
10514,1501.2800,UPI,2024-02-29
2402,1421.0400,Card,2024-01-11
14322,500.7700,NetBanking,2024-02-15
18584,1719.3400,Wallet,2024-01-13
6366,806.5100,NetBanking,2024-02-19
19599,1567.3200,UPI,2024-02-05
16480,1573.0100,Wallet,2024-01-10
16591,312.3900,Card,2024-02-07
15269,232.2000,Wallet,2024-02-27
6591,1879.3700,Card,2024-02-18
9668,1712.8800,UPI,2024-02-20
18476,1140.3300,Card,2024-02-20
14467,1998.2600,Wallet,2024-01-09
12752,1227.0300,Wallet,2024-02-07
11667,1420.3400,NetBanking,2024-01-16
6811,1665.4200,Card,2024-02-27
1880,1002.7100,NetBanking,2024-02-10
3499,130.0200,Wallet,2024-01-15
10830,1258.7800,NetBanking,2024-01-13
6836,1441.0900,NetBanking,2024-01-30
2781,1457.0200,Card,2024-02-22
17045,1221.8300,Wallet,2024-02-05
7492,1459.9600,Wallet,2024-02-17
14156,862.2700,Card,2024-01-20
16154,568.9500,UPI,2024-01-29
8226,1456.7800,Wallet,2024-02-13
19524,1437.5000,Wallet,2024-01-01
19947,673.1200,UPI,2024-02-15
1287,652.2900,Card,2024-01-23
12945,1393.2300,Wallet,2024-01-06
17261,1692.9800,Wallet,2024-02-26
17875,1452.1400,UPI,2024-01-02
3133,1919.1000,UPI,2024-02-27
10874,1760.8000,Card,2024-01-18
11159,1744.8500,UPI,2024-02-24
6174,751.8900,NetBanking,2024-01-20
4223,195.3500,NetBanking,2024-02-02
3951,253.4700,Wallet,2024-01-15
11147,222.4600,Wallet,2024-02-11
4328,1421.9200,UPI,2024-02-16
4842,833.4000,UPI,2024-03-01
8229,1711.5900,NetBanking,2024-02-06
8290,1597.5600,UPI,2024-02-02
9766,1792.8000,Card,2024-02-14
8330,2223.0400,UPI,2024-01-01
4112,893.4200,Wallet,2024-02-20
4119,1482.3500,NetBanking,2024-01-23
8456,1626.4600,Card,2024-03-01
6676,548.1500,Wallet,2024-01-03
10698,1364.7600,UPI,2024-01-17
7251,982.0100,NetBanking,2024-02-08
3855,1694.0700,Card,2024-01-17
5901,199.7800,UPI,2024-01-12
10009,1276.3500,Card,2024-01-19
1652,547.8600,Wallet,2024-02-06
3863,1539.4700,Wallet,2024-02-03
6279,2102.7200,UPI,2024-02-19
4041,1654.0900,UPI,2024-01-13
10231,356.4500,UPI,2024-02-08
18779,655.1900,Card,2024-01-11
17879,1023.1400,NetBanking,2024-02-06
6266,575.9000,UPI,2024-01-09
7476,1471.7000,Wallet,2024-02-14
19737,935.8400,NetBanking,2024-02-16
15525,991.6400,UPI,2024-01-29
7270,1085.4900,Card,2024-02-21
10724,1872.7300,Wallet,2024-02-03
11907,1272.6100,Card,2024-02-07
7107,158.6000,NetBanking,2024-02-11
13245,891.1500,Wallet,2024-02-12
10143,1320.7300,Card,2024-02-25
9525,1735.4900,NetBanking,2024-01-02
3326,1065.0600,Wallet,2024-02-11
852,667.8000,NetBanking,2024-01-12
12549,1952.4000,Wallet,2024-02-04
6016,217.0000,Wallet,2024-02-03
5347,1583.1200,UPI,2024-02-11
18523,1058.6300,Card,2024-01-18
5211,1144.9500,Wallet,2024-01-22
18992,357.3600,NetBanking,2024-01-19
6095,1114.1400,Card,2024-01-04
14362,1054.7400,UPI,2024-02-02
224,1985.3400,Wallet,2024-01-21
528,1332.8500,NetBanking,2024-02-26
13957,981.9600,Card,2024-01-07
6130,1610.8000,NetBanking,2024-02-04
18568,601.7900,NetBanking,2024-02-12
6090,1835.7400,Card,2024-01-07
13248,738.8300,Wallet,2024-02-04
13147,1680.3200,Card,2024-01-18
17927,1708.8300,UPI,2024-02-01
7540,229.8600,Wallet,2024-01-16
1099,723.3600,Card,2024-02-07
17035,1572.3500,NetBanking,2024-02-12
14599,247.7800,Card,2024-01-01
4794,1285.5400,Card,2024-02-06
16517,1047.6500,Wallet,2024-01-04
14371,932.7300,NetBanking,2024-01-27
1081,1121.1500,Wallet,2024-01-12
17901,1022.0600,NetBanking,2024-02-26
18803,1311.2500,UPI,2024-02-09
3880,1337.3900,Card,2024-02-09
244,1755.3300,UPI,2024-01-28
1859,1396.1800,Wallet,2024-02-23
18193,658.2900,UPI,2024-01-20
10022,1576.0900,Wallet,2024-02-19
4933,708.9800,Card,2024-02-16
6186,1755.0100,NetBanking,2024-02-25
18462,430.6300,UPI,2024-02-11
11951,1047.9700,Card,2024-01-25
4808,353.7400,NetBanking,2024-02-19
8265,1001.5500,Wallet,2024-01-05
12606,163.5000,NetBanking,2024-02-23
4738,556.6200,NetBanking,2024-01-21
8856,234.9500,Card,2024-01-20
16955,1073.2500,UPI,2024-01-30
11755,1025.7500,Card,2024-02-28
13307,2034.4100,NetBanking,2024-02-08
10711,1035.3200,UPI,2024-01-15
5103,600.6000,Card,2024-02-23
16895,1401.3400,Wallet,2024-02-05
7758,1588.1200,Card,2024-02-10
3615,1744.7200,Card,2024-01-18
6222,1546.3400,NetBanking,2024-01-27
17950,1042.3600,NetBanking,2024-01-03
8135,1664.0100,UPI,2024-02-04
17752,1142.0800,NetBanking,2024-01-11
6759,1898.9200,UPI,2024-01-22
13972,370.1200,NetBanking,2024-01-30
10967,908.4300,NetBanking,2024-01-03
10050,456.5900,Wallet,2024-03-01
10096,530.6500,NetBanking,2024-01-27
398,401.7600,UPI,2024-02-28
9187,1405.9600,NetBanking,2024-01-24
9397,687.4200,NetBanking,2024-01-30
9273,1584.6000,UPI,2024-02-22
16660,1564.4400,NetBanking,2024-01-03
18601,949.1900,Card,2024-02-26
7127,1351.1000,Card,2024-02-12
3297,1350.3700,Card,2024-02-14
19993,337.7800,UPI,2024-01-08
9090,1309.1000,Card,2024-01-19
7157,1702.0000,NetBanking,2024-01-15
16494,750.7700,UPI,2024-02-29
8194,781.3600,NetBanking,2024-01-17
11417,1789.9300,UPI,2024-02-06
11356,386.4000,Card,2024-01-16
9783,379.5800,Wallet,2024-01-17
7216,706.9500,NetBanking,2024-02-27
3433,1454.1700,Wallet,2024-01-18
161,1028.8700,Card,2024-01-01
6606,687.0300,UPI,2024-01-09
18320,949.6300,NetBanking,2024-02-05
825,406.3000,Card,2024-02-25
15265,136.4500,UPI,2024-02-15
5306,1263.2500,UPI,2024-02-04
19700,1169.9000,Wallet,2024-01-09
3774,561.0000,UPI,2024-02-02
288,668.6500,Card,2024-01-10
887,598.8200,Wallet,2024-01-29
19063,996.9200,Card,2024-01-19
13274,1580.6200,UPI,2024-01-05
7201,731.8600,Card,2024-02-02
15237,1702.3800,UPI,2024-01-17
13788,503.8000,NetBanking,2024-03-01
10903,1456.8700,Card,2024-02-18
7132,1658.4600,Wallet,2024-02-04
7062,1259.7900,UPI,2024-01-31
17778,827.4000,Card,2024-02-02
11890,980.0000,NetBanking,2024-02-21
16485,1425.9400,Card,2024-01-10
18733,1136.9000,Card,2024-02-12
6795,2060.1900,NetBanking,2024-01-22
9101,296.0600,NetBanking,2024-02-26
1673,588.8900,Card,2024-01-31
8893,1186.8600,UPI,2024-02-09
5617,1631.8200,Wallet,2024-01-08
10631,190.9100,Wallet,2024-02-12
1580,689.9100,Wallet,2024-01-14
15065,1469.2000,Card,2024-02-06
10521,1331.6300,Wallet,2024-01-17
17239,1462.1100,Wallet,2024-02-14
8865,1524.3900,NetBanking,2024-02-06
1242,1645.8600,UPI,2024-02-18
7484,1504.1400,UPI,2024-01-14
2867,1976.4100,UPI,2024-02-01
5943,1914.1800,Wallet,2024-02-15
16868,1954.8300,Wallet,2024-01-09
10806,492.9600,Wallet,2024-01-06
2908,1670.4700,Card,2024-03-01
11431,1047.5200,Card,2024-02-08
1088,786.8600,NetBanking,2024-02-07
672,1245.6400,NetBanking,2024-01-17
14548,1436.2600,UPI,2024-01-10
9219,1935.7500,Wallet,2024-01-06
12987,1226.4600,UPI,2024-01-05
2188,481.1500,Card,2024-01-31
6335,1881.3400,Card,2024-01-22
16486,975.9000,UPI,2024-02-17
837,604.8800,NetBanking,2024-01-29
8293,563.2700,NetBanking,2024-01-07
393,1345.4800,NetBanking,2024-02-22
320,1489.0000,UPI,2024-02-23
11392,463.1300,UPI,2024-02-22
11672,691.9000,Card,2024-02-24
17468,1967.0200,NetBanking,2024-01-27
8111,1959.9600,NetBanking,2024-02-15
4402,1672.0800,NetBanking,2024-01-15
19783,1494.0800,Wallet,2024-02-14
17118,1155.4000,NetBanking,2024-01-07
13960,1234.8300,Wallet,2024-02-21
973,1178.8400,UPI,2024-01-11
2801,684.0100,Wallet,2024-01-28
2205,129.3600,NetBanking,2024-02-12
8123,834.2100,Wallet,2024-02-03
10652,342.8400,Wallet,2024-02-15
9796,1272.6300,UPI,2024-01-24
6791,1458.8000,NetBanking,2024-01-01
5967,1554.4700,Card,2024-02-19
819,179.0400,Card,2024-02-11
18293,1218.3600,NetBanking,2024-02-13
998,1132.2700,Card,2024-02-22
1957,1157.9800,Card,2024-02-13
13242,1164.7100,UPI,2024-02-21
13884,380.9900,UPI,2024-02-14
1620,684.1500,Wallet,2024-02-02
16234,213.2800,Card,2024-02-21
8108,1656.9300,UPI,2024-02-06
15433,1937.6500,NetBanking,2024-02-01
8461,493.4200,NetBanking,2024-01-07
14898,1912.7100,UPI,2024-02-25
9627,333.6500,UPI,2024-01-25
15637,1378.4800,NetBanking,2024-01-15
12484,1907.0200,NetBanking,2024-02-24
8090,161.2900,NetBanking,2024-01-27
3979,200.2800,Wallet,2024-01-24
18463,763.6000,NetBanking,2024-01-28
19688,1969.2300,Wallet,2024-01-08
12914,278.3000,NetBanking,2024-01-06
19622,939.0700,Wallet,2024-01-20
7232,941.9500,NetBanking,2024-01-03
15030,1912.7500,Wallet,2024-02-24
19030,388.5900,Card,2024-02-06
6210,209.4200,Wallet,2024-02-06
856,1969.0200,Card,2024-01-29
13890,639.2600,NetBanking,2024-02-18
12577,1763.6100,NetBanking,2024-01-19
271,1910.0600,Card,2024-03-01
17475,1266.7900,Card,2024-02-17
19787,1710.5800,Wallet,2024-01-08
9119,1896.7200,UPI,2024-02-27
10188,1300.8600,Wallet,2024-01-22
13512,1450.2700,UPI,2024-02-10
3835,907.3300,UPI,2024-02-11
15436,1437.5800,Card,2024-02-13
11880,274.5500,NetBanking,2024-01-23
5491,810.9600,NetBanking,2024-01-13
15924,1224.3800,NetBanking,2024-01-15
14495,907.1100,UPI,2024-02-09
7604,1366.9800,Wallet,2024-01-22
12032,638.7600,UPI,2024-02-09
10668,1246.3500,NetBanking,2024-01-27
3839,1926.6900,UPI,2024-01-29
18010,1927.2700,UPI,2024-01-27
15285,758.7600,Wallet,2024-01-13
731,1821.6600,NetBanking,2024-02-05
9697,499.6500,Card,2024-02-07
14494,793.3500,NetBanking,2024-02-20
5144,751.0400,Wallet,2024-01-17
18163,1856.9800,Wallet,2024-02-27
15890,420.7000,NetBanking,2024-01-01
2081,995.8200,NetBanking,2024-02-01
3691,1167.8500,Wallet,2024-02-19
19976,1452.8300,UPI,2024-01-02
12812,1736.9400,NetBanking,2024-02-27
11736,1816.3900,NetBanking,2024-02-03
16904,1905.0000,NetBanking,2024-01-16
13485,1808.9600,UPI,2024-02-08
19045,1471.8300,Wallet,2024-01-17
8627,928.8000,Wallet,2024-02-07
4304,1413.4200,UPI,2024-02-03
19215,699.5800,NetBanking,2024-01-13
4727,592.9400,Wallet,2024-01-15
3924,472.1600,Wallet,2024-01-27
14623,638.2100,Card,2024-01-21
18519,1375.8300,Wallet,2024-02-27
11999,1033.1900,Card,2024-02-24
2596,1629.0400,Wallet,2024-01-23
16244,1128.8400,NetBanking,2024-02-23
5891,261.0300,Wallet,2024-01-16
14865,1150.4300,NetBanking,2024-01-22
11957,1225.1400,NetBanking,2024-02-26
7513,531.7900,Card,2024-02-10
16465,2175.1200,UPI,2024-02-03
13464,952.6200,NetBanking,2024-01-07
15906,1875.7700,UPI,2024-02-11
2802,1275.8600,Card,2024-02-28
17676,1370.2200,UPI,2024-01-21
9140,1851.5900,UPI,2024-01-05
2486,177.4300,NetBanking,2024-02-28
740,1557.8200,NetBanking,2024-02-19
19019,1276.9900,Wallet,2024-02-15
3873,1461.0600,Wallet,2024-01-25
18028,267.2900,Wallet,2024-02-05
15864,976.6000,NetBanking,2024-02-26
10046,1950.4100,UPI,2024-01-13
18516,730.2900,NetBanking,2024-02-21
2173,1335.4500,Card,2024-01-19
15246,1412.2300,Card,2024-02-05
13674,944.5800,UPI,2024-02-09
13802,1522.3300,UPI,2024-01-03
13072,412.6500,Card,2024-03-01
19338,1966.6900,UPI,2024-01-07
12403,1589.6800,Wallet,2024-01-25
11078,1433.9700,Card,2024-02-12
1407,347.7800,Card,2024-02-26
19466,891.7300,Wallet,2024-01-11
975,1861.0900,UPI,2024-02-17
9225,984.3700,Card,2024-01-11
17333,374.0300,UPI,2024-02-12
7594,1494.2900,NetBanking,2024-01-04
6337,807.5200,Wallet,2024-01-19
19211,316.9400,Wallet,2024-02-14
5516,950.6600,Wallet,2024-02-28
11332,1514.7700,UPI,2024-01-11
10320,1561.1600,NetBanking,2024-01-26
14387,1394.9900,Wallet,2024-02-27
4595,1496.7700,Wallet,2024-01-16
3538,1236.1900,Wallet,2024-02-13
6407,386.5800,UPI,2024-02-05
14818,1830.3100,UPI,2024-02-18
14510,629.0400,Card,2024-01-19
17883,134.6300,Card,2024-01-08
7647,1273.2700,Wallet,2024-02-28
5536,1769.7300,Card,2024-01-09
6931,560.5500,UPI,2024-02-01
8324,607.8800,NetBanking,2024-02-24
1273,522.0900,NetBanking,2024-01-26
19122,857.6500,Card,2024-01-17
4107,852.3300,Wallet,2024-02-03
15831,1761.0600,Card,2024-02-13
16469,1967.6300,UPI,2024-02-05
12091,671.4700,UPI,2024-01-08
12968,148.5700,Wallet,2024-02-26
12971,1876.7600,UPI,2024-01-09
1365,1736.1700,NetBanking,2024-02-11
12515,1744.5600,Card,2024-02-14
17441,631.9500,Wallet,2024-01-15
5140,1658.6000,Card,2024-01-30
11574,848.9800,Wallet,2024-01-28
1265,683.4700,Wallet,2024-03-01
12274,736.8300,Card,2024-01-07
18022,1144.8700,NetBanking,2024-02-23
7305,1423.1900,UPI,2024-02-08
8968,690.4100,UPI,2024-02-09
11963,877.2100,Card,2024-01-15
12273,1864.0200,Wallet,2024-02-04
13199,922.2300,NetBanking,2024-02-08
18045,1113.0100,NetBanking,2024-01-24
8804,680.6000,Wallet,2024-01-10
6231,1653.2100,NetBanking,2024-02-21
4632,1819.7300,Card,2024-01-25
13867,1477.6400,NetBanking,2024-01-26
5750,206.6400,UPI,2024-01-01
2539,899.8800,UPI,2024-02-23
4067,613.7200,Wallet,2024-01-03
925,1262.9200,Card,2024-01-25
17230,192.1900,Card,2024-02-08
1458,1247.5400,NetBanking,2024-02-01
1285,164.8400,NetBanking,2024-02-03
14781,1488.4000,UPI,2024-01-04
9650,533.1500,Wallet,2024-01-16
11218,1516.7700,Wallet,2024-01-21
19980,1752.5200,UPI,2024-02-12
1821,1866.0100,Wallet,2024-01-16
18596,388.7800,Card,2024-01-29
16754,1181.2800,Card,2024-02-25
7714,1307.9200,NetBanking,2024-01-14
491,757.2900,Card,2024-01-19
4394,834.9900,NetBanking,2024-02-29
12297,1404.3700,NetBanking,2024-01-19
13688,1065.6400,Wallet,2024-01-11
8380,288.4700,UPI,2024-03-01
5131,182.6200,Card,2024-01-02
1152,1411.6400,Card,2024-01-12
12520,1111.5200,Card,2024-01-22
18823,862.9400,Wallet,2024-01-28
16337,309.0300,UPI,2024-01-26
15111,129.0700,Card,2024-01-30
7775,1186.8100,Card,2024-02-20
16974,947.5300,Card,2024-01-22
764,1260.7000,Card,2024-02-07
276,1664.4700,Card,2024-02-09
10197,1560.5900,Card,2024-01-14
18304,1500.0900,Wallet,2024-01-19
811,411.9700,NetBanking,2024-02-17
11451,358.6800,Card,2024-01-23
12648,1719.3800,NetBanking,2024-01-08
3014,1687.9000,Wallet,2024-02-22
8610,686.7700,Card,2024-02-18
5398,1936.6200,NetBanking,2024-02-12
17210,677.5700,UPI,2024-02-10
2915,1752.0400,Wallet,2024-01-13
7507,143.5600,NetBanking,2024-02-18
2716,369.6700,NetBanking,2024-01-19
16880,441.6000,Card,2024-01-15
15925,1253.4700,Card,2024-02-18
13379,921.9500,Wallet,2024-02-28
11912,1669.2600,UPI,2024-02-05
16601,691.2000,Card,2024-02-07
9492,173.6700,Wallet,2024-02-01
16890,1195.4900,NetBanking,2024-01-17
11641,859.9800,Card,2024-02-14
4641,809.3400,Card,2024-02-28
5758,179.3900,Wallet,2024-01-23
3010,1121.5800,Card,2024-01-23
1463,1259.0700,UPI,2024-01-04
12001,1624.6500,Wallet,2024-01-16
19569,1791.0700,Wallet,2024-01-29
3029,1286.1300,Card,2024-02-15
8093,1936.7800,NetBanking,2024-01-28
15164,871.2900,NetBanking,2024-02-25
2517,997.3700,NetBanking,2024-01-24
17547,1100.8200,NetBanking,2024-02-01
10081,967.3900,NetBanking,2024-02-15
5691,1815.4500,NetBanking,2024-01-18
14,1258.3500,Card,2024-01-03
13295,1533.1900,UPI,2024-02-01
19714,974.3700,NetBanking,2024-02-07
15401,510.1700,UPI,2024-01-18
4479,1922.0000,NetBanking,2024-01-07
4295,1833.5600,UPI,2024-02-17
9910,1673.8900,Card,2024-01-20
15447,728.1300,NetBanking,2024-01-09
19469,525.2300,NetBanking,2024-02-29
1866,1713.0400,UPI,2024-02-05
943,1978.5000,Card,2024-02-20
13213,733.6400,Wallet,2024-01-07
3489,1204.8900,Card,2024-01-18
267,1779.4300,Card,2024-02-21
18469,794.2400,Card,2024-02-20
13214,879.6000,Wallet,2024-02-24
16984,1606.7800,Wallet,2024-01-24
14970,1397.3900,Card,2024-01-06
15058,1919.0600,NetBanking,2024-01-28
15844,1861.6600,UPI,2024-01-19
2326,1602.8500,Card,2024-02-03
15346,1624.8300,UPI,2024-01-16
1373,354.9500,Card,2024-01-11
4740,1609.1300,UPI,2024-02-23
5442,777.6500,NetBanking,2024-01-07
6445,1006.9500,NetBanking,2024-01-24
10751,871.8900,NetBanking,2024-01-30
399,1681.6500,UPI,2024-01-29
13081,1442.8500,NetBanking,2024-01-02
18652,1219.8300,NetBanking,2024-02-01
13879,1542.7800,Wallet,2024-02-02
18137,1574.0000,UPI,2024-02-21
154,1222.1800,Wallet,2024-02-12
16075,937.9100,NetBanking,2024-01-31
14796,1037.7900,NetBanking,2024-01-05
5385,1879.4900,UPI,2024-01-07
6006,393.1300,Wallet,2024-01-28
5995,1418.8900,NetBanking,2024-02-01
8411,1701.4300,Wallet,2024-02-24
9955,1017.0700,Card,2024-02-08
3640,1246.3200,NetBanking,2024-01-31
17258,1270.8200,Wallet,2024-01-01
10201,1681.3000,Wallet,2024-01-30
13424,1964.1400,Wallet,2024-01-01
10036,512.3300,Wallet,2024-01-17
16283,972.6400,Card,2024-01-02
10660,1655.2200,UPI,2024-01-18
14782,1172.6200,UPI,2024-02-09
8914,471.0600,UPI,2024-02-02
3303,1203.3400,NetBanking,2024-01-08
964,616.0400,UPI,2024-02-16
1357,1541.2700,UPI,2024-01-22
14954,1815.0300,NetBanking,2024-02-18
8047,312.3000,NetBanking,2024-02-09
1012,1098.5400,Card,2024-02-24
18490,1888.3000,Wallet,2024-02-02
7013,1362.4800,NetBanking,2024-02-21
2474,787.3800,Card,2024-01-27
14931,171.1700,NetBanking,2024-02-04
2944,200.0700,UPI,2024-01-17
8934,1487.1900,NetBanking,2024-02-11
9177,422.4100,Card,2024-01-29
2323,331.9600,NetBanking,2024-01-01
8512,1481.9900,Wallet,2024-02-21
11471,1500.2700,UPI,2024-02-01
1703,565.6100,Wallet,2024-01-26
865,1777.4600,NetBanking,2024-02-14
9866,698.7700,NetBanking,2024-02-04
19291,1991.5800,UPI,2024-01-26
14256,702.6400,Wallet,2024-01-13
1544,1722.2100,UPI,2024-02-27
19134,1222.9100,NetBanking,2024-02-26
995,950.3600,NetBanking,2024-01-04
10261,928.3300,UPI,2024-01-23
1790,660.6700,NetBanking,2024-02-20
7502,400.6500,Wallet,2024-01-14
5249,1472.6100,NetBanking,2024-02-17
16713,594.9300,Card,2024-02-15
327,1056.9200,NetBanking,2024-01-08
16793,1791.8700,Wallet,2024-03-01
12823,501.3500,UPI,2024-02-15
11658,1411.2400,NetBanking,2024-02-10
15483,1519.6800,UPI,2024-01-08
19090,874.1200,NetBanking,2024-01-15
1044,404.9500,UPI,2024-02-08
3175,296.8000,UPI,2024-02-21
19946,746.3300,Wallet,2024-02-21
19809,1295.4900,UPI,2024-02-05
1045,1364.3200,Wallet,2024-02-04
8635,1881.2800,NetBanking,2024-01-23
18475,1545.1400,NetBanking,2024-01-18
10423,1273.0900,UPI,2024-02-12
2811,1509.2100,Card,2024-02-20
3961,1595.0900,NetBanking,2024-02-17
15901,612.5900,Card,2024-02-13
11478,1670.5900,NetBanking,2024-02-06
17895,1712.5600,Wallet,2024-01-15
11436,627.8100,Card,2024-01-11
5938,1300.7400,Wallet,2024-02-02
14863,1561.5400,NetBanking,2024-02-05
7277,1987.7600,UPI,2024-02-21
1447,414.3700,UPI,2024-01-03
10279,1462.9000,UPI,2024-02-13
13545,1049.2200,NetBanking,2024-01-31
10014,1116.6500,Wallet,2024-02-12
4574,245.6400,Wallet,2024-01-10
17559,149.7400,UPI,2024-02-24
15984,919.5600,Card,2024-02-29
17180,726.8400,Card,2024-01-28
18361,1414.6600,UPI,2024-01-15
11681,1028.1900,Card,2024-02-20
379,1368.1700,Card,2024-01-04
14751,523.2000,Wallet,2024-01-13
10158,1520.9300,NetBanking,2024-01-06
18020,1614.6100,NetBanking,2024-01-21
4951,1009.3900,NetBanking,2024-01-23
6671,1553.6200,UPI,2024-02-13
456,1332.2300,UPI,2024-01-21
11158,899.3400,Wallet,2024-02-13
7813,876.7900,Wallet,2024-01-15
4392,1259.7400,UPI,2024-02-10
15513,1154.6500,NetBanking,2024-01-31
14030,290.5500,Wallet,2024-01-13
13710,1013.1900,Wallet,2024-01-23
8720,1523.2800,Card,2024-02-12
750,406.5100,Wallet,2024-02-10
10852,544.9100,Wallet,2024-02-14
6435,120.5300,Card,2024-02-21
986,1910.9300,Card,2024-02-15
19867,1999.7900,Card,2024-02-07
2252,819.5400,NetBanking,2024-01-24
16104,1670.1100,Card,2024-01-27
10691,1647.5200,Card,2024-01-16
8211,1340.1700,Wallet,2024-01-05
8124,1564.0300,Wallet,2024-01-31
9789,576.7500,Wallet,2024-02-24
2825,1710.4500,Card,2024-02-20
717,378.1200,Wallet,2024-01-14
11628,1224.0100,Card,2024-01-30
6137,287.0000,UPI,2024-02-03
14088,481.3900,UPI,2024-02-06
17416,1224.5900,Card,2024-01-27
537,1670.6100,Card,2024-01-25
2460,181.5000,Wallet,2024-01-28
8207,553.1100,NetBanking,2024-02-29
12486,1440.5700,Wallet,2024-01-19
4286,1947.1800,UPI,2024-02-12
17573,1592.2700,NetBanking,2024-01-22
13970,493.6300,Card,2024-02-16
13602,797.2300,Wallet,2024-02-27
18971,1184.7100,NetBanking,2024-01-31
3621,189.8200,Card,2024-02-02
13818,1696.7500,NetBanking,2024-01-06
18375,376.5200,Wallet,2024-01-27
3370,1739.6400,Wallet,2024-02-05
4412,1175.3700,NetBanking,2024-01-26
7185,105.3000,Wallet,2024-02-16
16718,228.6700,UPI,2024-02-27
18790,1796.8000,NetBanking,2024-01-13
4575,405.7300,Wallet,2024-02-18
12122,646.1500,Wallet,2024-02-12
4639,318.6500,Card,2024-02-11
3140,705.2300,Card,2024-01-09
5930,1774.6900,UPI,2024-02-20
12105,966.7000,UPI,2024-02-22
5871,226.3900,UPI,2024-02-13
529,1719.1400,UPI,2024-02-07
13427,158.6400,NetBanking,2024-01-02
17622,1769.9200,NetBanking,2024-02-03
13148,537.0300,UPI,2024-02-02
7401,1014.6000,Wallet,2024-01-03
18782,1460.5100,Card,2024-01-26
16146,1819.0800,UPI,2024-02-20
12523,1386.7200,Card,2024-01-29
4028,1906.1000,Card,2024-01-27
18185,1325.9000,Wallet,2024-02-21
895,1197.7800,Wallet,2024-02-24
18824,224.1400,Wallet,2024-01-04
12653,1141.5400,UPI,2024-02-02
15582,423.2800,Card,2024-01-06
7860,778.0400,Card,2024-01-04
7168,860.3000,Card,2024-01-01
16806,172.0000,UPI,2024-01-22
383,1117.3100,Wallet,2024-02-28
2159,1479.2800,UPI,2024-01-22
938,1777.1900,UPI,2024-01-14
15197,523.4300,UPI,2024-02-01
2431,1965.1100,UPI,2024-01-15
2057,1355.3400,Card,2024-02-21
14789,878.1800,NetBanking,2024-01-31
6880,1141.9800,Card,2024-01-28
12917,1566.3100,NetBanking,2024-02-12
10592,130.4800,Wallet,2024-01-03
5805,193.7000,Card,2024-01-01
19094,1716.6100,Wallet,2024-01-19
9556,1688.3700,NetBanking,2024-01-01
18646,1479.3200,NetBanking,2024-01-02
12160,1740.9600,Card,2024-02-29
11286,1369.2000,Wallet,2024-01-23
4802,987.1300,NetBanking,2024-01-26
19927,1080.9200,NetBanking,2024-02-21
7359,1060.1200,UPI,2024-01-30
10052,1096.0700,UPI,2024-02-16
7437,1609.7800,NetBanking,2024-01-24
4470,840.3800,Card,2024-02-27
2481,452.3100,Wallet,2024-02-12
7309,1629.7100,Wallet,2024-02-05
12371,825.6700,Wallet,2024-02-02
12023,1756.6700,Wallet,2024-01-09
6110,829.1000,Wallet,2024-01-19
12544,336.3500,NetBanking,2024-02-06
13568,1166.4000,Wallet,2024-02-17
15826,621.1100,Card,2024-02-25
7258,1515.0500,Card,2024-02-14
4890,414.3300,UPI,2024-01-11
9421,736.3500,Card,2024-01-17
2687,158.5500,Wallet,2024-02-05
13657,1540.5400,NetBanking,2024-01-05
18792,1197.9100,NetBanking,2024-01-15
7980,280.5900,Card,2024-02-02
2744,1880.9900,Wallet,2024-02-14
3713,833.2100,Wallet,2024-02-22
4539,717.1300,Wallet,2024-02-23
16896,280.3400,Wallet,2024-02-07
13342,1065.8300,Card,2024-02-19
9114,396.8900,UPI,2024-01-30
12667,1431.4300,Card,2024-01-08
16852,340.0100,Card,2024-01-02
11612,550.1100,Wallet,2024-01-07
17312,1994.1500,Wallet,2024-02-03
18297,648.6700,NetBanking,2024-02-12
6482,1755.2000,NetBanking,2024-02-22
4407,838.2900,Wallet,2024-02-07
8830,794.9900,NetBanking,2024-01-02
10399,1317.6600,UPI,2024-02-21
15228,1346.0000,Wallet,2024-02-21
18509,1139.1200,NetBanking,2024-02-12
7433,774.0800,NetBanking,2024-01-04
14815,785.5900,UPI,2024-02-28
1479,1710.6400,Wallet,2024-03-01
12569,214.6100,Card,2024-01-30
9638,846.3700,NetBanking,2024-01-17
18995,1657.6800,UPI,2024-02-05
14756,1161.1500,UPI,2024-02-24
13080,1893.4700,NetBanking,2024-02-10
11676,1754.9700,NetBanking,2024-02-23
4123,944.0300,Wallet,2024-02-18
17611,1308.6700,Card,2024-01-01
19951,1192.5900,Wallet,2024-02-20
12076,156.5100,Wallet,2024-01-04
8574,1280.9200,Card,2024-02-26
15554,1464.4800,NetBanking,2024-01-24
9849,591.9700,UPI,2024-02-20
14134,1889.5800,NetBanking,2024-02-12
7403,1914.1100,Card,2024-01-08
5436,1471.8700,UPI,2024-02-06
18833,1588.8100,Wallet,2024-01-23
5453,1918.7200,NetBanking,2024-02-28
463,1671.6000,Card,2024-02-12
343,1463.1400,Card,2024-01-20
4097,103.9600,Card,2024-02-02
1104,794.0700,NetBanking,2024-02-20
4485,287.7800,Card,2024-01-15
6629,1755.9300,UPI,2024-01-01
14728,1050.0000,Wallet,2024-01-21
5471,204.7200,Wallet,2024-01-19
9554,635.9300,Card,2024-01-23
17274,941.0700,NetBanking,2024-01-13
1002,709.4400,NetBanking,2024-02-19
3706,853.6000,UPI,2024-01-10
4237,107.6800,Card,2024-01-23
9200,578.6500,Wallet,2024-01-16
1781,981.7100,Card,2024-02-29
16908,544.9500,Card,2024-02-01
8987,1391.6800,Card,2024-01-04
19819,1190.3600,UPI,2024-01-27
3661,266.8200,UPI,2024-02-10
9048,1947.2000,UPI,2024-02-17
19916,141.1000,UPI,2024-02-08
385,592.6400,UPI,2024-01-11
7975,210.8800,UPI,2024-01-17
17174,468.8600,Card,2024-02-17
17466,1788.0000,UPI,2024-01-07
6277,1151.4100,UPI,2024-01-03
15530,1715.4400,Wallet,2024-01-17
11613,1529.2600,Wallet,2024-01-16
8789,595.0400,UPI,2024-02-07
14385,1923.2800,NetBanking,2024-01-23
8981,358.0700,Card,2024-02-20
8733,938.9700,NetBanking,2024-02-07
10287,1602.5800,UPI,2024-02-09
1274,825.2400,UPI,2024-01-10
2571,692.9800,Wallet,2024-01-09
11854,1223.1700,UPI,2024-01-17
12800,280.1500,Wallet,2024-02-23
7146,1316.1100,Card,2024-02-03
13558,1105.6000,NetBanking,2024-01-12
15894,975.7900,Wallet,2024-01-03
15028,313.7100,Wallet,2024-01-13
6564,624.5100,UPI,2024-01-01
6581,1620.4300,UPI,2024-02-22
12724,1914.6400,Wallet,2024-02-08
14994,108.5000,Card,2024-02-20
4720,679.2900,Card,2024-02-17
3152,211.1000,Wallet,2024-02-12
5087,886.2200,UPI,2024-01-18
18962,636.4700,NetBanking,2024-01-07
11050,394.2800,NetBanking,2024-02-21
1803,840.7100,Wallet,2024-02-29
4552,1112.0400,Card,2024-01-21
7641,736.6000,NetBanking,2024-01-31
3522,1993.4200,Card,2024-02-03
15008,864.8100,Card,2024-02-14
9605,436.8400,UPI,2024-01-04
3488,1693.0400,UPI,2024-02-18
11923,199.7700,UPI,2024-01-20
6878,743.6400,UPI,2024-02-13
16727,1196.5100,UPI,2024-02-06
5038,2076.7600,Wallet,2024-02-04
17278,1988.2200,Wallet,2024-02-03
6136,1718.1700,NetBanking,2024-02-16
19639,1355.4400,UPI,2024-02-12
10028,1500.6100,Wallet,2024-01-30
17078,1210.9900,Card,2024-01-11
9282,1561.0800,Card,2024-02-27
15035,547.2700,UPI,2024-02-09
17497,1731.6200,UPI,2024-02-29
9350,1564.6200,NetBanking,2024-01-16
11132,331.8100,NetBanking,2024-02-01
13700,1326.4400,Wallet,2024-01-11
17421,901.9400,NetBanking,2024-02-21
8181,1000.6900,NetBanking,2024-02-23
4976,325.5900,Card,2024-01-23
17221,1372.5300,UPI,2024-01-15
8075,737.6300,UPI,2024-01-02
13246,993.7400,UPI,2024-01-05
17132,813.2900,NetBanking,2024-02-09
9448,289.4200,Card,2024-01-20
3682,466.9400,NetBanking,2024-01-31
18329,1677.0000,Wallet,2024-02-14
9195,200.1200,Wallet,2024-01-12
10491,1790.7600,NetBanking,2024-01-24
997,954.3200,Wallet,2024-01-14
9993,170.9800,Card,2024-01-10
17178,1696.3600,Wallet,2024-02-03
1301,1737.4900,Wallet,2024-01-20
6500,1141.2100,NetBanking,2024-02-29
6969,1141.9300,UPI,2024-01-24
8412,189.0300,Wallet,2024-01-31
4342,1697.3700,Wallet,2024-01-09
11152,194.8400,NetBanking,2024-02-01
15778,560.1400,NetBanking,2024-02-15
1715,1631.1600,UPI,2024-02-26
1900,262.3300,Card,2024-01-17
8154,1072.9000,NetBanking,2024-02-08
7796,485.5800,UPI,2024-02-23
13450,407.8000,UPI,2024-01-04
6075,695.7200,UPI,2024-02-06
18913,1906.6700,Wallet,2024-02-06
3126,1147.0600,Card,2024-01-04
15078,1238.6600,Card,2024-02-28
14900,395.8000,Wallet,2024-01-26
16719,1175.7500,UPI,2024-01-01
15067,1041.8000,Card,2024-01-22
7321,764.9000,Wallet,2024-02-22
9363,1353.5900,UPI,2024-02-19
12874,435.1100,Card,2024-01-01
10753,1965.1200,NetBanking,2024-02-13
7055,1688.1300,Card,2024-01-06
5338,946.8800,Wallet,2024-01-29
11359,795.8800,UPI,2024-01-07
3695,1089.6100,NetBanking,2024-01-16
724,279.2500,UPI,2024-02-03
2612,966.3900,Wallet,2024-02-15
14084,1464.5300,NetBanking,2024-02-06
240,1262.5700,Card,2024-01-11
17418,1403.9700,UPI,2024-02-13
6311,1548.7500,NetBanking,2024-01-14
14714,1622.1400,Wallet,2024-01-30
6885,1128.9200,UPI,2024-01-20
12808,1378.6400,UPI,2024-01-04
9170,422.9900,Card,2024-02-21
2602,366.3000,UPI,2024-02-13
18431,137.5400,UPI,2024-01-12
11864,1621.5100,NetBanking,2024-02-17
15338,1740.2300,UPI,2024-02-18
18775,1115.5500,NetBanking,2024-02-25
18581,497.4000,Card,2024-02-16
2168,1099.1000,UPI,2024-02-11
1147,272.4000,UPI,2024-02-21
18366,794.7000,UPI,2024-02-04
3511,1681.1800,Card,2024-01-29
12157,1313.5800,Wallet,2024-02-20
5356,1692.9000,NetBanking,2024-02-21
7381,1135.1900,NetBanking,2024-01-16
15434,828.8900,UPI,2024-02-15
9473,1901.1800,UPI,2024-01-23
14652,150.2500,UPI,2024-02-07
5963,1237.5700,Wallet,2024-03-01
795,208.4500,UPI,2024-01-31
9168,1472.6600,Wallet,2024-02-27
13782,1678.8900,UPI,2024-02-06
1926,1974.1600,Card,2024-01-21
11598,1438.9200,Wallet,2024-01-24
13311,1975.8500,NetBanking,2024-02-17
6556,466.8100,UPI,2024-01-05
9597,1774.0900,NetBanking,2024-01-15
12025,370.6600,UPI,2024-01-31
13732,1092.4900,UPI,2024-01-14
11829,594.1700,Card,2024-02-13
16965,938.3200,NetBanking,2024-02-08
1986,818.3500,NetBanking,2024-02-14
4318,671.3900,Wallet,2024-02-03
14443,198.6100,UPI,2024-02-26
5279,1071.1400,Wallet,2024-01-07
19523,897.1500,Card,2024-02-28
16973,927.6900,Wallet,2024-01-27
12718,1881.6200,UPI,2024-02-27
19857,1923.8800,UPI,2024-02-23
15274,758.6700,NetBanking,2024-02-19
18141,1347.5000,Wallet,2024-01-14
9995,830.3300,UPI,2024-02-23
3537,1347.5400,UPI,2024-02-05
14785,148.4700,UPI,2024-02-18
16230,1391.0800,Card,2024-02-21
4058,374.0500,NetBanking,2024-03-01
16583,1037.7500,Wallet,2024-02-08
5722,1906.0400,UPI,2024-01-18
5525,1590.5600,Card,2024-02-23
2737,1579.5100,Card,2024-01-28
3817,1861.3500,NetBanking,2024-02-05
19579,1170.1100,Card,2024-01-30
846,374.2300,Card,2024-02-16
5781,405.5400,NetBanking,2024-02-11
11553,763.8900,NetBanking,2024-01-24
16998,177.1000,Wallet,2024-01-29
17011,303.2800,UPI,2024-01-22
18939,1553.9600,NetBanking,2024-02-25
18492,1152.3500,Card,2024-01-12
4735,153.4600,Wallet,2024-02-14
16628,1142.2100,Wallet,2024-01-24
8295,280.3100,Card,2024-02-18
17772,1828.1300,Wallet,2024-02-09
14572,268.8500,UPI,2024-01-29
3910,1172.5300,NetBanking,2024-02-14
5988,1501.1800,NetBanking,2024-02-18
5448,1375.1300,Card,2024-02-23
11199,1280.1800,UPI,2024-02-14
1266,1625.3900,NetBanking,2024-01-24
18037,773.1700,Wallet,2024-02-10
7290,1514.8300,NetBanking,2024-01-24
10492,1064.6200,Card,2024-02-19
19386,1257.1200,NetBanking,2024-01-06
5089,348.6100,Card,2024-01-19
1032,578.8600,NetBanking,2024-01-27
7908,256.5000,UPI,2024-01-08
7064,1727.8000,NetBanking,2024-01-23
10644,1232.4400,UPI,2024-01-16
15977,1956.1600,Card,2024-02-29
8773,260.3500,Card,2024-02-03
2827,1544.2900,Wallet,2024-02-14
10677,857.7100,UPI,2024-01-03
1235,394.3800,Wallet,2024-01-31
14472,1976.1300,Card,2024-02-26
15385,227.6400,UPI,2024-01-07
3500,1483.9800,Card,2024-02-05
2741,431.6900,NetBanking,2024-03-01
15044,220.6100,Wallet,2024-01-20
8024,1462.1300,Wallet,2024-02-29
6318,1123.2000,UPI,2024-01-19
3687,745.7100,Wallet,2024-01-19
2746,797.1000,Wallet,2024-02-11
8158,917.1400,Card,2024-02-21
12716,1284.0300,NetBanking,2024-02-02
4408,1915.5200,NetBanking,2024-01-05
13052,1184.3500,UPI,2024-02-05
6866,1412.6100,UPI,2024-01-25
4219,1699.5700,Card,2024-02-29
16509,494.9600,Card,2024-01-19
13013,812.5800,UPI,2024-02-04
16251,130.3000,NetBanking,2024-02-16
3270,1335.6000,NetBanking,2024-02-21
19914,218.0800,Wallet,2024-01-01
19813,1490.5200,Card,2024-02-21
15116,1820.5500,Wallet,2024-02-23
19790,592.9200,NetBanking,2024-03-01
10107,1390.0800,Wallet,2024-02-21
14392,1350.6800,NetBanking,2024-01-18
3753,329.3000,UPI,2024-02-21
19852,1445.5900,Wallet,2024-01-25
8013,1219.5100,Wallet,2024-02-08
12932,1724.7600,Card,2024-02-12
9457,1605.9200,Wallet,2024-01-07
7806,616.9600,NetBanking,2024-02-12
17280,1033.9800,UPI,2024-01-13
5785,620.1800,Card,2024-02-12
2361,1171.9000,NetBanking,2024-01-13
7128,323.6600,Wallet,2024-01-27
18651,941.1700,Wallet,2024-02-09
2221,1957.3200,NetBanking,2024-02-28
12187,664.6700,Card,2024-01-15
13398,338.8500,NetBanking,2024-02-11
11507,1415.1700,Card,2024-01-11
13168,269.1800,Wallet,2024-01-14
10092,777.1700,UPI,2024-01-15
134,940.5900,Card,2024-01-17
9362,945.6500,NetBanking,2024-02-15
6884,457.7800,NetBanking,2024-01-13
9099,1102.4800,UPI,2024-01-25
993,1041.2300,UPI,2024-01-28
2550,1114.8100,NetBanking,2024-02-22
11947,1072.9200,UPI,2024-02-23
1511,1288.7000,Card,2024-01-26
10948,835.1600,Wallet,2024-01-13
8864,861.7900,UPI,2024-02-16
347,219.2000,Card,2024-01-02
17412,1260.3100,Wallet,2024-01-13
9577,1138.2000,Wallet,2024-02-14
16454,1711.5200,UPI,2024-02-22
11472,1724.7300,NetBanking,2024-02-05
16729,587.1900,NetBanking,2024-02-26
7033,806.0800,Card,2024-01-25
1083,886.5900,NetBanking,2024-01-27
17535,375.7800,NetBanking,2024-02-25
18081,1132.2300,UPI,2024-02-20
6562,1695.8500,NetBanking,2024-02-26
5042,683.1500,UPI,2024-01-01
2187,481.8700,Card,2024-02-01
2677,619.5100,NetBanking,2024-01-14
7727,1153.2100,NetBanking,2024-01-09
14228,1009.8100,Wallet,2024-02-27
7260,1977.5400,Card,2024-01-01
2766,392.8800,Wallet,2024-01-24
12043,1702.4500,Card,2024-02-25
10099,983.8600,UPI,2024-02-05
16308,779.7300,Wallet,2024-02-19
12841,423.4800,Card,2024-01-20
10756,607.8100,Wallet,2024-01-13
14586,1987.9400,Card,2024-01-11
18867,112.3900,Wallet,2024-02-18
10739,1963.2300,UPI,2024-01-23
1124,359.0600,NetBanking,2024-01-02
6728,240.7100,UPI,2024-02-25
14185,1755.3700,NetBanking,2024-01-12
11282,601.5000,Wallet,2024-02-27
15848,1697.4000,NetBanking,2024-01-11
3241,1709.6400,NetBanking,2024-01-16
3080,322.3300,Card,2024-01-31
1272,1188.5000,UPI,2024-01-12
7802,740.4900,NetBanking,2024-01-13
5803,1594.9000,NetBanking,2024-02-13
6135,465.8600,Wallet,2024-01-29
11099,960.9500,Card,2024-01-09
3013,1552.4800,NetBanking,2024-02-03
13243,680.2200,Wallet,2024-01-07
13272,1160.4900,Card,2024-02-20
3655,478.2300,Card,2024-01-13
7601,221.3800,Wallet,2024-01-31
7737,1650.3600,Wallet,2024-01-16
3968,1939.8500,UPI,2024-02-23
11633,151.9900,Card,2024-02-23
15369,1578.3000,NetBanking,2024-02-26
15600,575.2300,UPI,2024-01-15
118,818.4200,NetBanking,2024-01-21
9011,1712.3700,UPI,2024-01-11
1704,776.9700,Card,2024-02-10
11715,1609.6900,UPI,2024-01-22
6914,1188.5100,Card,2024-01-08
2904,727.3600,Card,2024-01-09
7085,1416.6600,Card,2024-01-11
10507,503.7700,Card,2024-01-02
13896,798.2200,Card,2024-01-24
14992,521.8000,Wallet,2024-01-26
17168,1531.1000,Card,2024-01-05
15877,281.5200,NetBanking,2024-02-07
19910,1875.2300,NetBanking,2024-02-20
16523,1196.5900,Wallet,2024-01-23
12554,369.5600,Wallet,2024-01-11
4427,1852.4400,Wallet,2024-02-05
7634,1355.2600,Card,2024-02-10
13056,1483.4600,Wallet,2024-02-29
11077,1474.8200,Card,2024-01-30
227,398.0400,Wallet,2024-01-07
19898,1914.8200,Wallet,2024-02-20
19311,1884.5300,NetBanking,2024-01-06
19303,1686.1800,NetBanking,2024-01-26
5761,1109.8700,Card,2024-02-05
11858,201.4100,Card,2024-02-24
11708,884.6600,Card,2024-01-29
14409,1604.0000,Wallet,2024-01-28
3304,646.3200,NetBanking,2024-01-04
14635,961.3300,UPI,2024-01-24
9816,1745.6300,NetBanking,2024-02-20
8907,1123.8400,Card,2024-01-29
16510,1407.4600,Card,2024-02-20
4807,750.2900,Card,2024-01-27
15136,122.4900,Wallet,2024-01-21
3290,726.4700,Wallet,2024-01-26
7421,1697.9800,Wallet,2024-01-12
9936,741.5200,UPI,2024-02-04
3911,117.5300,Wallet,2024-01-03
15182,1833.7600,Wallet,2024-02-15
6455,523.0300,UPI,2024-02-22
563,539.3400,Card,2024-02-01
962,752.3000,UPI,2024-02-14
6480,1953.8200,Card,2024-02-13
17598,840.6700,Wallet,2024-01-31
16748,1282.2000,UPI,2024-01-05
5169,1981.0500,NetBanking,2024-01-31
5929,913.5000,Wallet,2024-02-14
17098,1479.4000,NetBanking,2024-02-01
2988,1226.6700,NetBanking,2024-01-20
5746,334.8300,NetBanking,2024-01-18
917,1615.7900,UPI,2024-01-19
17214,1517.4600,Card,2024-01-17
14267,1805.3500,Card,2024-01-22
18357,1167.1400,UPI,2024-01-17
19732,449.7600,UPI,2024-01-25
12310,824.2200,NetBanking,2024-01-21
15634,1741.6100,UPI,2024-02-23
14920,1652.8400,UPI,2024-02-15
12621,1629.6000,UPI,2024-02-08
18934,1976.0700,Wallet,2024-01-29
14940,151.4300,NetBanking,2024-01-14
13241,1269.6400,Card,2024-02-06
8390,1011.7200,Wallet,2024-02-25
14834,577.9300,Wallet,2024-02-06
5808,134.8600,Wallet,2024-01-08
17088,717.1900,Wallet,2024-01-26
13222,784.8700,NetBanking,2024-01-22
5584,1890.6800,UPI,2024-01-27
2096,625.1000,NetBanking,2024-02-23
3425,1257.9600,Card,2024-01-20
15501,362.8000,UPI,2024-01-23
9651,1416.1200,UPI,2024-01-22
18787,1978.8400,NetBanking,2024-02-02
5974,1969.9900,Wallet,2024-01-21
10304,1622.9100,NetBanking,2024-01-30
15822,923.9800,UPI,2024-02-08
19911,627.1300,Card,2024-02-20
11399,919.0600,UPI,2024-02-26
10714,1347.4200,UPI,2024-01-07
9017,1639.0700,UPI,2024-02-11
5284,973.3800,UPI,2024-02-15
5337,209.1400,NetBanking,2024-01-18
15321,1493.9700,NetBanking,2024-01-12
19430,917.5400,Card,2024-02-25
12642,463.7100,NetBanking,2024-01-10
11193,1167.3000,Card,2024-02-20
17880,168.0100,Card,2024-02-27
17781,835.3500,NetBanking,2024-01-27
17388,460.2200,NetBanking,2024-02-20
3155,222.8100,Card,2024-02-18
108,408.8000,Card,2024-01-25
14595,1930.6200,Wallet,2024-03-01
18183,232.2100,UPI,2024-01-08
6947,1408.2500,UPI,2024-02-04
13175,617.5200,Card,2024-02-18
6803,1620.7400,Card,2024-01-19
18373,1873.7500,Wallet,2024-02-17
8725,1374.0900,Wallet,2024-01-21
10976,278.2000,Card,2024-01-14
4473,1138.5700,Card,2024-01-13
16033,1543.9700,UPI,2024-02-17
9222,631.8900,UPI,2024-02-08
18006,1705.2600,Wallet,2024-02-18
2932,856.6000,Card,2024-02-26
7429,1044.0000,Wallet,2024-02-13
2114,1817.0100,UPI,2024-01-22
12477,1727.1600,Wallet,2024-01-23
10396,1206.5600,UPI,2024-01-10
1148,1971.6900,Wallet,2024-01-21
5845,361.3200,UPI,2024-01-19
3410,649.9500,UPI,2024-01-07
13679,774.7900,NetBanking,2024-01-09
6228,1011.1800,NetBanking,2024-02-02
19734,1705.6300,Wallet,2024-02-22
3409,1026.4900,Card,2024-02-07
1680,1918.1000,UPI,2024-01-07
12123,414.8500,Wallet,2024-01-03
11515,1641.3600,UPI,2024-02-06
15514,1270.9100,Wallet,2024-02-19
5331,1860.5200,UPI,2024-01-23
7172,284.0100,NetBanking,2024-01-12
3371,419.2600,NetBanking,2024-02-26
6323,1491.5600,NetBanking,2024-01-08
17489,1661.9500,UPI,2024-02-08
14406,568.8400,UPI,2024-01-09
19110,1319.0400,Wallet,2024-01-09
11306,1693.0900,Wallet,2024-01-31
19594,131.8200,NetBanking,2024-01-11
13579,137.7800,Wallet,2024-01-19
6792,1175.6700,Wallet,2024-02-15
14250,1033.0500,Card,2024-01-04
15830,1054.2300,Card,2024-02-08
18972,426.9400,Wallet,2024-02-10
12443,1113.0900,NetBanking,2024-02-29
11026,963.2100,Card,2024-02-19
7674,1016.7400,NetBanking,2024-01-29
15657,144.7700,NetBanking,2024-01-01
15192,1060.2100,NetBanking,2024-01-27
770,789.4600,Card,2024-02-22
17891,1237.6800,UPI,2024-02-18
2080,963.6700,NetBanking,2024-02-13
2379,1678.5000,Card,2024-01-19
10111,1498.9800,Card,2024-01-29
12770,170.1600,UPI,2024-02-24
17182,1904.3800,Card,2024-01-04
6406,1368.2000,Card,2024-01-05
5101,1057.6900,Wallet,2024-01-23
14886,177.3900,Card,2024-01-23
3626,742.4700,UPI,2024-01-10
5429,1216.0900,Wallet,2024-01-06
10326,1188.0000,Card,2024-01-25
754,1231.3400,NetBanking,2024-02-24
7461,1158.9700,UPI,2024-01-24
7226,1757.9800,Card,2024-01-30
16962,1794.5300,Card,2024-01-01
2667,1778.6600,NetBanking,2024-01-09
12180,491.6000,Card,2024-02-22
6612,1265.1600,NetBanking,2024-02-04
17066,1528.9400,NetBanking,2024-01-13
11513,467.4900,Wallet,2024-01-20
2945,345.1500,Wallet,2024-02-24
10862,1565.8200,UPI,2024-01-16
7913,1210.3600,NetBanking,2024-01-31
3031,452.4300,UPI,2024-02-16
5828,1640.8300,UPI,2024-01-25
19384,1813.8800,Wallet,2024-01-26
5238,1245.8300,Wallet,2024-01-15
16402,1750.3800,NetBanking,2024-02-15
10645,1260.3000,Card,2024-02-19
16772,1721.0000,NetBanking,2024-02-15
11730,1413.2800,NetBanking,2024-02-04
14666,1863.7000,UPI,2024-02-29
6888,1750.3300,Wallet,2024-01-20
6993,1897.1500,Wallet,2024-02-05
15457,378.1500,Card,2024-01-04
10888,1800.2600,UPI,2024-02-10
4239,1232.7800,NetBanking,2024-01-01
17650,997.9300,Card,2024-02-28
3173,1494.6800,UPI,2024-02-12
685,1849.6500,UPI,2024-02-19
3427,1054.7900,Card,2024-01-05
10853,421.7200,Wallet,2024-01-17
19833,184.9800,NetBanking,2024-02-11
3768,107.7400,Card,2024-01-11
2804,578.9600,UPI,2024-01-15
14288,1878.2200,UPI,2024-02-12
10249,1063.2400,UPI,2024-02-24
18829,523.5100,NetBanking,2024-02-09
3051,1552.5400,Card,2024-02-12
3180,824.7200,Wallet,2024-02-10
18395,1075.8200,Wallet,2024-01-10
17507,1442.1400,NetBanking,2024-01-02
16256,1754.8800,Card,2024-03-01
13563,986.6900,UPI,2024-01-23
1027,1882.3900,Card,2024-01-23
4468,356.1400,Card,2024-01-30
2868,1935.2800,NetBanking,2024-01-13
17644,1971.9800,NetBanking,2024-02-10
17969,1541.0500,Card,2024-01-14
16440,566.3400,UPI,2024-01-29
17584,1891.7600,Card,2024-01-06
6248,769.9400,Wallet,2024-02-11
2753,954.4900,UPI,2024-01-11
5614,928.2200,Card,2024-01-16
16306,1169.2500,UPI,2024-01-29
14540,223.2500,Wallet,2024-02-22
13228,1227.3200,Card,2024-01-12
5139,796.3400,NetBanking,2024-01-22
19438,478.0700,Wallet,2024-01-15
17554,551.9500,NetBanking,2024-01-31
1278,1568.8800,NetBanking,2024-02-01
14927,1358.7900,UPI,2024-01-07
1822,692.2700,UPI,2024-01-17
3921,126.2600,Wallet,2024-01-24
15318,1973.8700,NetBanking,2024-02-24
19556,1745.5900,Wallet,2024-01-14
6427,1121.3500,Wallet,2024-02-17
39,932.5700,Wallet,2024-01-20
3386,1972.6100,Card,2024-01-23
17223,423.6100,Card,2024-01-18
18820,962.0100,UPI,2024-01-27
15036,959.0500,Card,2024-02-18
12383,1211.8700,NetBanking,2024-01-06
14809,1477.5700,Card,2024-01-14
937,1777.2900,Wallet,2024-01-09
10676,1711.3700,UPI,2024-02-21
11475,479.2700,UPI,2024-01-15
7425,604.9000,UPI,2024-02-09
4200,1636.6900,UPI,2024-02-15
2072,482.0000,Wallet,2024-01-02
19884,464.1400,Wallet,2024-01-22
1645,1743.0600,Card,2024-01-23
3132,710.6800,Wallet,2024-02-26
9867,1136.7000,UPI,2024-01-14
12088,1634.0500,UPI,2024-02-03
13919,1799.6500,Wallet,2024-01-11
2471,1461.0800,NetBanking,2024-01-16
1811,276.3200,Wallet,2024-01-27
6527,1294.1000,UPI,2024-02-22
1676,813.4500,NetBanking,2024-02-22
17545,1951.0700,Wallet,2024-01-14
14264,1560.9900,Wallet,2024-02-28
10880,128.1700,NetBanking,2024-02-14
10574,395.3200,Card,2024-02-18
1710,479.1400,UPI,2024-01-06
19336,360.2100,NetBanking,2024-01-31
16057,1722.8200,Card,2024-02-02
17494,423.0100,UPI,2024-01-12
16836,1168.7200,Card,2024-02-14
8962,1069.6900,Card,2024-02-24
16436,478.4600,Wallet,2024-01-26
10098,1461.2100,Wallet,2024-01-31
9800,648.9500,Wallet,2024-02-28
8480,608.4400,Card,2024-02-15
18170,1752.3100,UPI,2024-01-23
19086,843.0700,Wallet,2024-01-11
4476,923.0200,Wallet,2024-01-23
7564,1567.6000,Card,2024-02-15
10153,935.2900,UPI,2024-01-21
18838,1725.8200,UPI,2024-02-04
14275,1413.4300,NetBanking,2024-01-25
13620,1475.8500,UPI,2024-01-19
2925,533.6600,UPI,2024-01-20
5026,1232.3200,Card,2024-01-04
12419,1083.2100,Card,2024-01-18
4464,1370.9400,Wallet,2024-01-27
10913,372.7900,Card,2024-02-10
10661,328.0800,UPI,2024-02-09
8540,1703.6100,Card,2024-02-22
3190,1518.0100,UPI,2024-02-26
14937,491.2800,Card,2024-02-16
376,1614.8200,Wallet,2024-02-11
16363,1619.5400,NetBanking,2024-01-08
18561,1269.9500,Card,2024-01-01
15307,1505.5900,NetBanking,2024-01-06
13198,808.7300,UPI,2024-02-15
708,1581.2000,Wallet,2024-02-29
13924,329.4100,NetBanking,2024-02-11
7657,1841.2900,NetBanking,2024-01-17
18235,1913.3300,Card,2024-02-07
6968,1088.4500,Wallet,2024-02-29
4732,815.1100,UPI,2024-01-29
9176,528.7500,Card,2024-01-15
812,1270.8800,NetBanking,2024-02-05
650,1869.3800,UPI,2024-01-11
19534,1129.4200,Wallet,2024-01-16
10626,240.0000,Wallet,2024-01-01
19823,1753.1700,NetBanking,2024-02-04
5333,1392.3300,UPI,2024-02-07
17714,1489.5900,NetBanking,2024-01-19
11213,1041.3300,NetBanking,2024-01-07
17826,1032.3600,UPI,2024-01-19
2369,1815.3300,NetBanking,2024-01-05
10060,1035.3700,Wallet,2024-01-22
17012,891.7500,NetBanking,2024-02-03
9765,1771.6300,Card,2024-01-08
5546,937.9900,Card,2024-02-20
12296,559.3900,Wallet,2024-02-19
15786,1735.7500,Card,2024-02-28
14466,1486.1200,Wallet,2024-02-29
16285,1429.1400,NetBanking,2024-01-18
1329,1719.0000,NetBanking,2024-01-24
1845,1299.4200,NetBanking,2024-02-12
902,1577.3000,NetBanking,2024-02-12
8915,1898.6400,NetBanking,2024-02-06
16211,1922.0000,NetBanking,2024-01-15
18120,110.9800,Wallet,2024-01-10
14725,1200.3300,Card,2024-01-20
11012,1502.4300,UPI,2024-02-07
886,1033.1400,Card,2024-02-27
14582,1167.3700,NetBanking,2024-02-12
9671,614.3400,Card,2024-01-13
2095,1114.5700,Wallet,2024-02-24
16572,191.0700,Card,2024-01-14
4683,1597.0900,UPI,2024-02-09
10549,1433.8800,Wallet,2024-02-06
16742,1554.8200,UPI,2024-02-01
4866,722.8700,NetBanking,2024-02-03
1375,1838.5300,NetBanking,2024-01-04
3328,335.4700,Wallet,2024-01-09
262,694.1000,Card,2024-01-30
16035,1158.3300,Card,2024-02-10
9075,2023.5400,NetBanking,2024-03-01
19002,1398.5800,UPI,2024-02-26
17025,1637.7700,NetBanking,2024-02-25
16928,1711.2500,UPI,2024-02-16
13541,240.7400,UPI,2024-02-16
14516,185.0400,NetBanking,2024-01-01
2524,1546.3900,UPI,2024-02-05
2333,805.1200,Card,2024-01-12
18642,1479.9100,NetBanking,2024-02-11
2515,418.6900,Wallet,2024-01-01
14154,883.2300,UPI,2024-01-03
14928,1903.0800,Wallet,2024-02-25
8819,586.7600,Wallet,2024-02-13
15633,846.1000,Wallet,2024-01-08
17727,1400.0500,Card,2024-02-23
9113,1525.4200,UPI,2024-01-14
2435,603.9600,Wallet,2024-02-13
12842,1664.5000,Card,2024-01-10
17130,1792.2800,UPI,2024-01-31
12756,1682.9900,Wallet,2024-01-01
9478,1990.4500,Wallet,2024-02-29
2739,1985.5600,Card,2024-01-24
18030,1730.8000,Wallet,2024-02-15
18234,1419.6700,NetBanking,2024-02-27
698,1806.3100,Wallet,2024-01-02
10704,709.8600,Card,2024-01-26
10815,108.1400,Card,2024-02-24
18374,1270.4000,NetBanking,2024-02-28
7770,1279.6800,UPI,2024-01-27
6167,952.9500,UPI,2024-01-16
19651,1960.1100,Card,2024-01-19
13650,1130.4500,NetBanking,2024-02-21
17397,129.6800,NetBanking,2024-01-15
16124,747.8700,Card,2024-02-22
4772,1386.7100,Card,2024-01-27
16235,817.3800,UPI,2024-01-20
19501,583.4300,UPI,2024-02-09
9043,1385.1700,Card,2024-01-24
19917,1973.8700,NetBanking,2024-01-02
17801,191.9300,Wallet,2024-01-24
18439,736.1000,NetBanking,2024-01-02
7338,1424.1300,NetBanking,2024-01-21
5403,379.1000,NetBanking,2024-02-10
4023,1842.9800,UPI,2024-02-15
14771,1635.4600,Wallet,2024-02-19
15715,1278.0900,UPI,2024-01-14
6065,829.1600,Card,2024-01-22
5894,1618.8900,Card,2024-02-26
1538,800.0500,Card,2024-02-04
7687,1667.6000,Wallet,2024-01-12
15788,273.2500,UPI,2024-01-02
15552,1566.1400,Wallet,2024-01-01
5801,1499.2700,NetBanking,2024-01-27
11699,1835.2200,Wallet,2024-01-10
9637,1502.5800,UPI,2024-01-07
9063,1796.3800,Wallet,2024-02-15
3060,1717.3700,NetBanking,2024-01-06
5201,468.1300,NetBanking,2024-01-13
7711,1710.1100,UPI,2024-01-03
17531,378.8800,Wallet,2024-01-30
1843,1925.7300,UPI,2024-03-01
10617,950.7900,Card,2024-01-16
3831,1089.7600,Wallet,2024-02-12
14341,429.8200,Card,2024-02-21
15577,1525.2000,Wallet,2024-02-24
15879,215.8600,Wallet,2024-01-21
5763,1931.0900,Card,2024-02-17
1872,889.9700,NetBanking,2024-01-24
15718,280.7000,NetBanking,2024-02-13
14473,428.5700,NetBanking,2024-02-02
1980,725.0200,Card,2024-01-08
16665,1193.9300,NetBanking,2024-01-23
16216,1650.1800,Card,2024-02-26
15121,1091.7600,UPI,2024-01-11
2355,1113.0400,Card,2024-02-28
5976,956.6200,NetBanking,2024-01-13
14354,474.3400,UPI,2024-03-01
2120,539.8800,UPI,2024-02-11
15340,501.8200,NetBanking,2024-02-14
12288,1243.9400,Card,2024-01-02
7456,248.8800,Card,2024-01-28
12034,1713.7100,NetBanking,2024-01-08
10589,1194.1000,UPI,2024-01-05
12390,982.9300,UPI,2024-01-30
19630,935.8600,NetBanking,2024-02-13
11030,734.9900,NetBanking,2024-01-21
12689,752.0500,Card,2024-01-22
5551,1212.5700,Wallet,2024-02-14
14163,100.8700,Card,2024-02-17
19694,234.9700,Wallet,2024-01-20
103,1020.0900,Card,2024-02-06
1056,158.7600,UPI,2024-02-19
8785,535.1100,Wallet,2024-02-02
3360,887.9800,UPI,2024-01-19
3645,862.8600,UPI,2024-01-28
18169,308.4500,UPI,2024-02-24
4718,637.4600,Card,2024-02-05
1394,1348.1900,UPI,2024-01-20
1210,868.5600,Wallet,2024-02-01
17273,1426.4800,Card,2024-02-21
8479,830.6500,Card,2024-01-26
1249,210.7800,UPI,2024-03-01
4744,428.9900,Card,2024-01-17
10594,328.3700,Wallet,2024-01-20
2657,1356.7700,NetBanking,2024-02-01
4924,142.1200,Wallet,2024-01-31
14111,899.4100,NetBanking,2024-01-08
10217,481.8800,UPI,2024-02-02
14569,857.7100,Wallet,2024-02-09
13895,634.6100,UPI,2024-01-07
6355,671.5600,Wallet,2024-02-06
18319,988.2300,Card,2024-02-16
10735,902.8000,NetBanking,2024-01-31
573,328.4400,UPI,2024-01-19
10133,1625.1600,Wallet,2024-02-01
4533,262.0500,Card,2024-01-16
11581,1950.0300,NetBanking,2024-02-22
5767,1384.2300,NetBanking,2024-01-21
13662,871.1700,UPI,2024-01-14
5941,1336.8700,Card,2024-01-22
18280,1822.3800,UPI,2024-01-14
16413,1702.7100,Wallet,2024-02-13
5795,211.2900,Card,2024-01-09
7661,566.6400,UPI,2024-02-02
12835,1126.9600,Wallet,2024-02-22
208,892.0600,NetBanking,2024-01-20
17372,1477.7800,UPI,2024-01-20
1883,1087.7000,Card,2024-01-13
4270,1423.0700,UPI,2024-02-02
18222,1079.6400,UPI,2024-02-15
14293,1270.4300,NetBanking,2024-02-27
18114,1693.2300,Card,2024-02-01
11333,295.1300,NetBanking,2024-01-19
7897,913.8300,Wallet,2024-01-07
2906,1936.5100,Card,2024-02-08
1382,583.3400,NetBanking,2024-02-08
17018,115.4500,UPI,2024-01-14
3047,119.2400,UPI,2024-01-21
11182,1394.1600,Card,2024-01-19
12108,1477.6800,Wallet,2024-02-11
913,832.2500,Wallet,2024-01-12
5503,2096.9500,Wallet,2024-02-04
15025,876.3100,UPI,2024-02-28
8643,1013.8600,NetBanking,2024-01-16
11500,280.2900,NetBanking,2024-02-08
14469,2279.3500,Card,2024-02-23
17338,1407.0500,NetBanking,2024-01-15
2180,1752.9800,NetBanking,2024-01-19
12436,579.2700,Wallet,2024-02-23
5313,824.7800,UPI,2024-01-08
16790,1358.3500,NetBanking,2024-03-01
8730,1073.4000,Card,2024-02-15
19357,1980.5800,Card,2024-01-23
7925,944.5300,Card,2024-02-04
9056,1538.9800,Wallet,2024-01-07
22,135.8000,UPI,2024-02-09
4970,751.0500,Wallet,2024-01-09
11884,1076.5800,Card,2024-01-28
14690,1921.0400,UPI,2024-02-28
11064,1802.2400,Wallet,2024-01-09
13684,690.2900,Wallet,2024-02-01
17724,1167.3000,NetBanking,2024-02-26
7837,1344.1200,Card,2024-02-26
15432,630.9000,Wallet,2024-02-23
11062,155.3600,Card,2024-01-21
3026,1246.9300,NetBanking,2024-01-10
1658,481.7000,NetBanking,2024-02-10
2528,1749.4300,NetBanking,2024-01-25
15841,1536.1300,UPI,2024-02-29
19894,242.4800,UPI,2024-02-26
1350,1106.4500,UPI,2024-02-16
8528,778.3700,Wallet,2024-01-24
6858,1171.6700,UPI,2024-02-08
17848,283.7900,UPI,2024-02-18
16562,1323.7000,UPI,2024-01-22
9908,1675.8000,Card,2024-01-03
19178,1852.5700,UPI,2024-01-01
2016,1308.2400,NetBanking,2024-01-29
7003,695.4400,Card,2024-02-08
6358,184.4300,NetBanking,2024-01-29
11148,807.4000,Card,2024-02-18
17194,630.4000,NetBanking,2024-01-26
13704,785.8800,Card,2024-02-29
4625,434.9000,Wallet,2024-01-12
6987,969.5900,NetBanking,2024-02-10
14847,245.1700,Wallet,2024-02-25
9545,1008.2000,Wallet,2024-01-30
10687,1762.4400,NetBanking,2024-01-23
97,965.8800,Card,2024-01-21
505,227.3400,Wallet,2024-01-09
15811,1769.9200,UPI,2024-01-10
16590,474.5600,UPI,2024-01-15
16940,1094.0200,Card,2024-02-06
4115,1935.7500,Card,2024-01-20
15720,349.2200,Card,2024-02-19
2399,1969.8700,UPI,2024-01-23
15445,581.9800,Wallet,2024-02-06
6380,134.2100,UPI,2024-02-14
5094,1213.3400,Wallet,2024-02-05
17394,1265.6300,Wallet,2024-01-04
18109,1111.9000,Card,2024-02-11
4268,722.2300,NetBanking,2024-01-23
18701,1729.2200,UPI,2024-01-05
11071,989.4200,NetBanking,2024-01-24
2783,243.0400,Card,2024-02-19
17465,924.8800,NetBanking,2024-01-24
16656,1637.8800,UPI,2024-02-22
16990,330.0400,Wallet,2024-01-04
11319,467.4000,Card,2024-02-05
15874,1247.9400,UPI,2024-01-16
3024,102.4600,Card,2024-01-01
18975,585.6300,UPI,2024-02-14
9121,1852.2600,Wallet,2024-02-15
7794,621.0200,Card,2024-02-20
9821,777.1800,NetBanking,2024-01-12
9314,1191.0600,Wallet,2024-01-28
14786,372.4400,Card,2024-01-01
14368,244.7500,UPI,2024-02-12
4360,845.6400,NetBanking,2024-02-03
18899,1800.7200,NetBanking,2024-01-22
4036,1595.5400,UPI,2024-01-31
14248,1685.1700,Wallet,2024-01-07
1655,848.9600,UPI,2024-02-09
18805,180.1800,NetBanking,2024-01-12
18909,316.6700,UPI,2024-01-12
14370,686.1600,Card,2024-01-03
10792,1513.8000,NetBanking,2024-02-13
2263,1228.2800,UPI,2024-02-03
3463,186.7900,Card,2024-01-27
3740,1018.6800,Wallet,2024-01-18
17506,147.1100,Wallet,2024-01-08
6875,1620.6100,NetBanking,2024-01-27
19758,234.4300,NetBanking,2024-02-11
16236,1997.9400,Card,2024-01-04
16671,616.5200,Card,2024-02-09
7689,1584.4800,Card,2024-02-25
17864,397.7600,NetBanking,2024-01-30
10274,1727.5400,NetBanking,2024-01-14
18496,2088.3300,NetBanking,2024-01-19
12708,1312.0400,UPI,2024-01-14
17745,296.0700,Wallet,2024-02-08
12306,441.8300,Card,2024-01-18
5420,220.2700,Card,2024-01-30
5401,1764.9900,Card,2024-02-15
16819,687.6100,UPI,2024-02-21
7084,1122.5800,Wallet,2024-01-18
11393,1633.8800,Wallet,2024-01-03
1722,1413.9300,NetBanking,2024-01-14
10954,1387.1100,NetBanking,2024-02-20
6600,243.5900,Card,2024-01-14
14430,1365.0800,Card,2024-02-08
13456,955.9300,Card,2024-01-17
2341,143.3200,Wallet,2024-02-15
8554,1856.4200,NetBanking,2024-01-02
475,1881.1400,UPI,2024-01-28
1476,323.7700,Card,2024-01-31
19977,737.8400,UPI,2024-02-29
5665,115.9500,Wallet,2024-01-16
14579,1559.4300,Wallet,2024-01-06
18460,1793.6700,Card,2024-02-03
14227,1015.8100,Wallet,2024-01-15
19806,1738.4500,Card,2024-02-11
16616,1865.2100,Card,2024-01-02
10726,1519.6500,NetBanking,2024-01-02
13561,491.5300,Wallet,2024-01-09
9370,926.1900,Card,2024-01-03
8190,1719.1400,Card,2024-01-05
19341,718.0300,Wallet,2024-01-03
19508,1391.7800,Card,2024-03-01
11979,947.7900,Wallet,2024-02-09
8820,607.8900,UPI,2024-01-29
12504,1493.6900,Card,2024-01-18
17657,1497.5800,NetBanking,2024-01-01
14103,1783.8000,Wallet,2024-01-09
8715,635.2400,Wallet,2024-01-25
17694,1526.2600,UPI,2024-01-01
16835,944.0700,Wallet,2024-02-23
3750,1155.5800,UPI,2024-01-27
15066,1623.7100,NetBanking,2024-01-13
18057,118.3200,UPI,2024-01-26
14634,1390.5800,NetBanking,2024-02-06
13614,1689.2500,Wallet,2024-02-21
13256,1701.8000,Card,2024-02-05
11403,637.1500,Card,2024-01-29
18667,1829.2500,NetBanking,2024-01-30
10556,134.2300,UPI,2024-01-12
14753,1874.4200,UPI,2024-01-31
10345,590.4100,Wallet,2024-02-17
7339,1296.9500,Wallet,2024-01-16
3058,1997.5400,UPI,2024-01-21
18143,1897.4700,UPI,2024-01-15
17131,1794.3400,NetBanking,2024-01-15
11185,1261.5100,Wallet,2024-01-01
14883,1324.3400,UPI,2024-01-19
2293,323.3500,Wallet,2024-02-14
19984,530.0300,Card,2024-01-25
17283,1974.6900,NetBanking,2024-01-08
18608,1989.7300,Card,2024-01-08
12624,654.6200,NetBanking,2024-02-12
10205,138.0500,UPI,2024-01-20
18480,425.5300,Wallet,2024-02-16
4063,1844.3900,NetBanking,2024-02-24
1125,807.7300,NetBanking,2024-03-01
15927,227.5900,NetBanking,2024-02-02
16271,1250.7400,UPI,2024-01-06
9559,1968.8000,Card,2024-01-20
782,1439.2100,UPI,2024-02-11
7027,1468.8000,UPI,2024-01-24
15363,686.3800,UPI,2024-01-23
2253,772.8500,UPI,2024-01-03
3632,1702.3200,UPI,2024-02-17
16634,1422.5400,NetBanking,2024-01-12
19693,644.3700,NetBanking,2024-01-19
2866,151.4100,UPI,2024-01-06
2980,239.6300,NetBanking,2024-01-19
4423,1905.8900,UPI,2024-01-24
3314,1144.7600,UPI,2024-01-15
410,253.2300,Wallet,2024-02-19
462,662.7700,Wallet,2024-02-10
17719,1896.3900,Card,2024-02-04
11281,1419.7300,NetBanking,2024-02-15
12453,1579.6900,Wallet,2024-01-29
3160,970.6200,UPI,2024-02-27
15232,1236.7200,NetBanking,2024-01-14
12615,1030.3700,UPI,2024-01-28
6677,535.9600,UPI,2024-01-09
414,1204.0700,NetBanking,2024-01-22
1930,999.9600,Card,2024-02-09
4050,1893.5400,Wallet,2024-01-29
15966,1320.8300,Card,2024-01-17
13331,502.5100,Wallet,2024-01-17
12020,1891.0500,Wallet,2024-01-10
1113,181.5200,NetBanking,2024-01-01
7522,1008.8000,NetBanking,2024-02-29
15601,1546.3400,UPI,2024-01-02
11547,526.1100,NetBanking,2024-02-05
17536,1392.0500,UPI,2024-02-03
11446,1216.8000,Card,2024-02-21
17043,329.4300,Wallet,2024-01-20
12042,352.3900,Card,2024-02-06
1478,100.5100,Wallet,2024-02-21
5729,106.0100,Wallet,2024-02-11
5731,1143.5700,NetBanking,2024-02-08
6548,1081.1400,NetBanking,2024-01-05
38,190.3700,Card,2024-02-14
4361,1688.5600,UPI,2024-02-24
4324,1377.6500,Card,2024-02-26
9901,1121.6200,Wallet,2024-01-31
11583,1924.1800,Wallet,2024-02-03
3900,1692.3100,UPI,2024-02-20
19118,1821.7200,NetBanking,2024-02-19
5629,1908.1100,Wallet,2024-01-11
3722,1182.5200,NetBanking,2024-01-31
10227,403.7000,NetBanking,2024-01-22
19671,666.1200,UPI,2024-02-27
9599,577.2200,UPI,2024-02-16
7110,430.2900,UPI,2024-01-23
6768,1661.3900,NetBanking,2024-01-06
10554,953.7800,UPI,2024-02-15
7208,1308.2800,Wallet,2024-02-08
12404,1867.3400,UPI,2024-02-29
11576,394.4000,UPI,2024-01-30
4235,358.2000,Wallet,2024-01-02
18481,1629.6000,Card,2024-02-28
2614,477.4700,Card,2024-01-22
2207,785.5500,UPI,2024-01-28
9977,1675.0200,Wallet,2024-01-10
19241,1879.4300,Wallet,2024-01-09
16898,1051.9900,Wallet,2024-03-01
9672,1213.6500,Card,2024-01-19
2437,510.9100,Card,2024-02-10
8333,770.7100,Wallet,2024-02-23
3901,1064.4900,Card,2024-02-22
7968,678.4600,NetBanking,2024-01-05
12863,197.7400,NetBanking,2024-01-27
11527,855.9000,UPI,2024-02-14
2419,1057.1300,Card,2024-02-19
2782,619.3300,UPI,2024-02-06
12671,649.1700,Wallet,2024-02-23
4592,172.5900,Wallet,2024-02-19
6955,1974.9300,NetBanking,2024-02-27
17212,1340.3200,NetBanking,2024-02-02
16544,1549.0300,NetBanking,2024-01-27
12805,962.2600,NetBanking,2024-02-02
5237,1390.5100,Wallet,2024-02-19
8848,250.7900,Card,2024-02-06
8391,1538.3100,UPI,2024-02-11
19143,1989.2700,NetBanking,2024-02-05
1521,1608.1700,Card,2024-01-14
13945,1283.9300,Card,2024-02-16
14329,1937.1100,NetBanking,2024-01-04
15700,686.1500,NetBanking,2024-02-06
9102,724.1000,NetBanking,2024-01-05
16913,1352.4300,NetBanking,2024-02-24
9286,900.8300,Wallet,2024-01-13
9828,327.5300,Wallet,2024-01-09
11090,355.1400,Card,2024-01-16
1252,768.9100,UPI,2024-02-06
11032,1311.6200,UPI,2024-01-05
12172,793.8600,UPI,2024-01-14
19073,1327.8800,Card,2024-02-07
18213,865.3900,UPI,2024-02-03
19236,1162.5600,Wallet,2024-02-26
10674,670.6600,Card,2024-02-21
17754,908.7700,UPI,2024-02-11
2523,510.1300,Wallet,2024-01-01
5700,1399.7500,Card,2024-02-03
2506,1452.8600,Card,2024-01-02
17477,1486.4400,Wallet,2024-02-23
9287,1828.7500,Card,2024-01-29
15684,1752.8400,NetBanking,2024-02-25
4521,386.0100,Card,2024-01-03
958,1264.2200,UPI,2024-01-09
9070,838.6300,UPI,2024-02-03
2342,1876.1200,Card,2024-02-23
12586,1352.8300,Wallet,2024-02-26
17395,426.2300,Wallet,2024-01-28
1656,859.7900,Wallet,2024-01-25
7935,638.6600,Card,2024-02-22
19498,1537.9000,UPI,2024-01-22
11386,174.9100,UPI,2024-01-28
11826,860.1000,NetBanking,2024-02-15
5254,147.7700,Wallet,2024-01-10
1527,810.9100,Card,2024-01-04
1286,204.0200,Card,2024-01-19
13963,1033.0100,NetBanking,2024-01-02
3148,618.9700,UPI,2024-02-01
18054,1790.6200,Card,2024-01-27
17432,1516.7600,NetBanking,2024-02-15
12250,705.2500,Card,2024-02-03
12604,287.0600,UPI,2024-01-15
14951,1483.2100,Card,2024-01-06
4723,1135.9600,NetBanking,2024-02-06
15732,1017.7800,Card,2024-02-29
13452,1959.6600,Wallet,2024-02-15
12278,182.3100,Card,2024-01-14
10335,1251.5200,Wallet,2024-02-09
835,552.5400,Wallet,2024-01-02
4260,1982.8900,NetBanking,2024-01-25
19007,578.1800,Wallet,2024-01-15
2415,1311.4400,NetBanking,2024-02-07
18719,237.5100,Wallet,2024-02-16
13100,140.5400,Wallet,2024-02-26
12379,1069.2900,NetBanking,2024-01-20
11378,132.3700,NetBanking,2024-01-19
7510,549.4900,Wallet,2024-01-12
3335,1902.5500,NetBanking,2024-01-04
18891,1874.5500,UPI,2024-02-01
19363,1574.1900,Wallet,2024-02-20
3560,730.2100,Card,2024-01-20
8175,577.2900,UPI,2024-02-09
2652,596.5900,NetBanking,2024-02-29
10599,1904.7100,Card,2024-02-09
13866,665.6500,UPI,2024-02-26
5936,1606.8500,NetBanking,2024-02-06
10162,1965.3800,UPI,2024-02-03
7189,727.1300,Wallet,2024-01-12
6317,1552.5300,UPI,2024-02-03
8590,542.7900,Card,2024-01-09
13706,784.1500,Wallet,2024-01-15
12124,213.9400,Card,2024-02-12
4666,1725.1400,UPI,2024-01-31
7628,1414.8700,Wallet,2024-01-02
18575,723.5200,NetBanking,2024-01-22
2846,1221.2500,Wallet,2024-01-25
155,205.3000,Wallet,2024-01-03
19743,1309.0000,Wallet,2024-01-08
6598,191.1400,UPI,2024-01-02
1183,1718.5300,Wallet,2024-02-16
3380,833.5200,UPI,2024-01-03
19679,1267.8400,Wallet,2024-01-03
10290,285.9500,UPI,2024-02-10
6571,1650.6500,UPI,2024-01-15
5577,204.0900,Wallet,2024-02-01
19812,1279.9700,Wallet,2024-01-11
13497,473.8200,Wallet,2024-01-14
5843,386.1200,Card,2024-01-12
11165,1676.8600,Wallet,2024-01-31
1910,926.1500,UPI,2024-01-08
18418,1831.7900,Card,2024-02-17
10655,1849.5700,Card,2024-01-11
10603,1440.3400,NetBanking,2024-01-18
14679,1893.0600,NetBanking,2024-02-09
12707,1730.4100,NetBanking,2024-01-28
15376,1507.3600,NetBanking,2024-03-01
1671,1270.5500,Wallet,2024-01-12
8728,741.1400,NetBanking,2024-01-07
5968,591.0800,Card,2024-02-05
15615,677.0600,UPI,2024-01-06
1176,1995.2500,UPI,2024-01-24
17662,391.6200,Wallet,2024-01-24
19705,254.1400,NetBanking,2024-02-21
17561,1915.0300,UPI,2024-02-16
9234,1739.7100,NetBanking,2024-02-10
13030,1418.1600,NetBanking,2024-01-19
8969,1435.8000,Card,2024-02-03
19319,1434.5700,Card,2024-02-07
4895,494.1500,Card,2024-01-09
4709,1378.6700,Card,2024-01-08
19370,1007.0100,Wallet,2024-02-29
18410,273.9200,Card,2024-01-27
7376,104.0200,Card,2024-02-15
14348,761.1800,UPI,2024-02-04
4307,1220.3900,Card,2024-01-24
215,329.3700,UPI,2024-02-04
11075,1148.6300,UPI,2024-01-14
17467,1437.0400,NetBanking,2024-02-08
9772,1622.0600,Wallet,2024-01-20
9974,1000.4200,Card,2024-02-26
2964,1013.7500,Wallet,2024-02-06
13170,1943.7700,Wallet,2024-01-05
16554,1212.7900,NetBanking,2024-02-02
8794,938.5200,Wallet,2024-01-24
2316,1347.8500,Card,2024-02-14
6306,754.9800,Card,2024-01-14
2931,1690.7600,NetBanking,2024-01-17
7592,1590.7100,Card,2024-02-20
7931,1195.7800,Wallet,2024-01-23
2371,1826.8700,Wallet,2024-01-23
4254,553.0600,Card,2024-02-29
12354,204.3400,Wallet,2024-01-26
5717,1418.5300,Card,2024-02-20
9861,971.6300,UPI,2024-03-01
326,1749.0400,Card,2024-01-05
10179,1173.6300,Card,2024-01-21
19426,1874.3000,Wallet,2024-01-17
18337,1644.6600,NetBanking,2024-02-16
13261,880.5700,Wallet,2024-01-19
12460,927.1300,Card,2024-02-08
19259,467.5000,Wallet,2024-02-14
14477,626.8500,UPI,2024-02-02
13403,1557.5700,Wallet,2024-01-12
9145,903.3900,Wallet,2024-01-09
14641,1949.6200,NetBanking,2024-02-03
12038,502.9500,Wallet,2024-01-06
9402,537.1900,UPI,2024-02-10
252,1585.4400,Wallet,2024-02-14
7501,1136.6600,UPI,2024-02-26
14888,1790.5900,UPI,2024-01-11
5594,992.1000,UPI,2024-01-25
2876,458.6700,UPI,2024-01-01
17125,764.3900,Card,2024-02-11
13088,1221.0000,NetBanking,2024-01-26
17049,450.4300,Card,2024-02-22
7579,1697.6500,UPI,2024-03-01
8950,520.2000,Wallet,2024-02-09
1107,1963.7800,NetBanking,2024-02-03
13805,1404.7400,NetBanking,2024-01-02
2898,650.6000,NetBanking,2024-01-10
14583,742.1900,NetBanking,2024-01-25
12141,1272.1500,Card,2024-02-23
11967,1100.0000,UPI,2024-01-01
6207,1326.8200,UPI,2024-01-10
18025,1705.5500,Wallet,2024-02-22
13551,1004.0600,Wallet,2024-01-20
13382,215.0300,UPI,2024-02-07
10000,453.5300,NetBanking,2024-02-06
15968,943.7700,Wallet,2024-01-15
12439,1080.7700,Wallet,2024-01-12
548,933.7700,UPI,2024-01-12
18556,728.3700,NetBanking,2024-02-24
13778,1453.6800,Wallet,2024-01-08
9304,1551.8600,UPI,2024-01-01
845,975.8700,Card,2024-02-05
19919,106.5700,NetBanking,2024-01-06
6935,805.9300,UPI,2024-02-18
16800,1127.6600,Card,2024-02-28
15225,845.0800,NetBanking,2024-02-14
19326,866.8200,Card,2024-01-06
11988,1075.1200,NetBanking,2024-01-27
3905,1534.3800,UPI,2024-01-17
12495,926.8300,NetBanking,2024-01-06
1024,1090.1500,Card,2024-01-25
8109,1037.4600,UPI,2024-01-31
17718,1416.6400,Wallet,2024-01-21
18024,1902.1500,NetBanking,2024-01-29
11871,687.9100,UPI,2024-01-23
17234,562.9600,Wallet,2024-01-14
3363,1728.0000,Wallet,2024-01-06
316,1683.3300,NetBanking,2024-01-22
13582,896.3400,Card,2024-01-12
18786,1846.1600,Card,2024-01-08
8926,982.7200,NetBanking,2024-02-10
7853,1277.6300,NetBanking,2024-02-21
10994,1965.5600,Wallet,2024-01-06
12012,380.1000,NetBanking,2024-01-15
14618,1575.6000,UPI,2024-02-28
11841,227.2000,Card,2024-01-25
3401,141.3000,NetBanking,2024-02-11
4300,763.8300,Wallet,2024-01-08
11695,446.9400,Card,2024-02-02
123,1412.1200,Card,2024-02-27
11422,1449.9000,NetBanking,2024-01-05
11201,1305.9200,NetBanking,2024-02-29
9812,1132.3900,Wallet,2024-02-27
12007,243.3900,Wallet,2024-01-02
16091,1292.5100,UPI,2024-01-10
12104,557.7100,NetBanking,2024-02-09
15456,1421.6500,Card,2024-01-07
10786,1750.4300,UPI,2024-01-13
10867,210.7000,Wallet,2024-02-10
4563,1424.5100,UPI,2024-01-26
2684,1742.6900,Wallet,2024-01-24
11000,1013.2200,UPI,2024-01-02
6764,1640.1600,Wallet,2024-01-31
2109,1331.6900,Wallet,2024-02-22
11010,1142.9100,Card,2024-01-02
6830,1378.2700,Wallet,2024-01-29
12855,1502.8100,UPI,2024-02-11
7411,1533.4900,Card,2024-02-25
11914,318.6000,NetBanking,2024-01-21
9414,1350.7800,NetBanking,2024-01-01
2589,507.5700,UPI,2024-02-17
6223,408.3800,Card,2024-01-06
19486,1440.8400,UPI,2024-01-18
10861,983.2000,Card,2024-02-07
15100,786.8700,Card,2024-02-21
13339,896.9000,UPI,2024-02-19
4210,759.7300,UPI,2024-01-13
4069,482.2600,NetBanking,2024-02-23
594,270.0800,Wallet,2024-02-28
12199,608.3100,Wallet,2024-02-18
10247,266.7800,UPI,2024-02-25
2773,678.6600,Card,2024-01-07
7660,1681.4200,Wallet,2024-01-13
18034,1150.8900,UPI,2024-01-14
5168,1527.0800,Card,2024-01-30
1240,878.9600,NetBanking,2024-03-01
6976,229.2700,NetBanking,2024-02-13
17783,808.2600,UPI,2024-01-31
2426,1511.0700,Card,2024-01-03
7877,263.2100,UPI,2024-02-01
3932,1649.1100,UPI,2024-01-21
3207,988.0500,UPI,2024-02-10
13319,362.1400,Card,2024-01-04
8631,1043.7800,NetBanking,2024-01-25
17010,518.5600,Card,2024-01-07
936,1306.0100,UPI,2024-01-27
4868,1707.8000,NetBanking,2024-01-06
2786,1352.5700,Card,2024-01-29
15128,1529.5100,NetBanking,2024-02-22
608,446.0700,Card,2024-02-25
15012,475.1900,NetBanking,2024-02-14
18406,1326.2400,NetBanking,2024-02-12
11786,500.7400,UPI,2024-01-05
5495,1782.5800,Card,2024-02-21
9303,555.3200,UPI,2024-01-21
6567,1205.1900,NetBanking,2024-02-29
14958,1267.1600,Wallet,2024-02-27
7726,1250.3500,Card,2024-02-28
15290,1716.7700,NetBanking,2024-01-10
11838,329.9200,NetBanking,2024-01-25
12612,1685.5900,NetBanking,2024-02-09
15967,964.4700,NetBanking,2024-01-24
4692,1108.4300,Wallet,2024-01-21
12548,456.4800,NetBanking,2024-02-26
13878,560.3700,Card,2024-02-01
5345,897.5100,UPI,2024-02-26
13058,1791.9100,UPI,2024-02-02
4894,374.7300,UPI,2024-01-18
7121,1846.5500,Card,2024-02-20
6262,1416.7900,UPI,2024-01-30
14593,655.4600,Card,2024-01-04
4733,702.4400,Wallet,2024-01-01
17141,190.3400,NetBanking,2024-01-18
16723,1854.3000,UPI,2024-01-11
17206,180.5300,NetBanking,2024-01-03
16370,1625.4500,NetBanking,2024-02-03
13902,873.6700,NetBanking,2024-01-02
14989,1643.2200,Wallet,2024-01-19
6348,903.7200,NetBanking,2024-02-03
1319,1291.4800,Card,2024-01-18
17436,1429.4100,Card,2024-02-27
17133,1282.6300,Wallet,2024-01-17
12016,506.6100,Wallet,2024-02-08
9806,1884.0100,NetBanking,2024-02-14
4150,1613.2300,UPI,2024-01-05
14423,1982.3200,NetBanking,2024-02-28
433,990.6900,Wallet,2024-01-09
10072,412.9300,UPI,2024-01-27
14518,1701.5600,NetBanking,2024-01-13
19971,229.9300,Wallet,2024-01-05
2958,1525.9300,UPI,2024-02-02
571,905.0500,Wallet,2024-01-22
17667,1007.4900,NetBanking,2024-01-16
1244,1896.7200,UPI,2024-01-28
16765,1678.5800,Card,2024-02-14
9184,163.8400,Wallet,2024-02-27
2248,943.2200,NetBanking,2024-01-03
4356,1509.7000,Card,2024-01-31
13536,964.4200,UPI,2024-01-02
483,1092.2500,UPI,2024-01-26
799,918.1600,NetBanking,2024-01-12
18291,1789.6000,UPI,2024-01-25
18898,239.9600,UPI,2024-02-25
17042,349.0200,Wallet,2024-01-13
5508,928.2100,Wallet,2024-01-27
3738,478.1400,UPI,2024-01-27
9228,328.6200,NetBanking,2024-01-06
15273,528.2600,Card,2024-02-27
14435,828.3100,Wallet,2024-01-17
18327,1439.1900,Card,2024-02-27
4004,1869.6300,NetBanking,2024-02-27
13736,1206.6600,NetBanking,2024-01-12
16192,323.4400,Wallet,2024-02-04
13475,1861.3900,NetBanking,2024-01-02
13749,907.8300,Card,2024-02-01
16910,212.3000,Wallet,2024-01-07
12252,1400.0900,NetBanking,2024-02-08
17244,717.0400,UPI,2024-01-29
11361,390.8400,NetBanking,2024-01-10
12438,1889.4000,Card,2024-01-08
985,380.7300,UPI,2024-02-18
17254,551.7700,Card,2024-02-12
9013,853.6000,NetBanking,2024-02-03
8115,1758.6800,Card,2024-02-27
15506,155.5500,UPI,2024-02-29
12677,149.1200,NetBanking,2024-01-20
11037,752.9500,NetBanking,2024-01-24
9674,832.7100,Card,2024-02-17
762,1373.2700,Wallet,2024-02-06
18530,334.6700,Card,2024-01-02
1588,449.3300,NetBanking,2024-02-15
16171,1509.1500,Wallet,2024-02-13
14085,1409.5700,UPI,2024-01-24
10251,571.4600,NetBanking,2024-01-24
8588,1821.1000,Card,2024-02-07
2983,1004.4500,Wallet,2024-01-24
1020,820.4500,Card,2024-01-08
5437,1265.8800,UPI,2024-01-14
14460,1916.7200,Wallet,2024-02-26
14340,124.8700,Wallet,2024-02-25
6991,1707.7000,NetBanking,2024-02-04
9109,136.2100,Wallet,2024-01-11
3174,1930.9500,Card,2024-02-19
510,1843.5500,UPI,2024-03-01
8958,1282.9900,NetBanking,2024-01-23
18722,1396.6200,NetBanking,2024-01-13
5007,409.4100,Card,2024-02-15
1200,649.8800,Wallet,2024-01-08
158,1526.3500,Card,2024-01-29
12309,1800.1600,Wallet,2024-01-05
9064,803.5900,Card,2024-02-23
1792,1705.2600,Wallet,2024-01-28
9030,753.4200,Wallet,2024-02-21
6605,567.0900,Card,2024-02-23
5716,319.2900,UPI,2024-02-16
1721,1391.2500,NetBanking,2024-01-08
6150,925.1900,Card,2024-01-25
6138,1564.5500,Card,2024-02-19
13216,164.4200,NetBanking,2024-02-15
12634,1364.1000,Wallet,2024-02-22
13480,720.6000,Card,2024-01-05
1579,1697.0000,UPI,2024-02-14
17902,1408.1700,NetBanking,2024-01-05
6579,1175.5500,Wallet,2024-01-16
2102,1559.2800,Card,2024-02-13
18407,1214.8300,NetBanking,2024-01-26
16564,1935.8900,NetBanking,2024-01-01
18347,1451.3900,Card,2024-01-16
18926,1935.5600,Wallet,2024-03-01
9729,1567.5300,NetBanking,2024-01-17
18331,1572.7100,Wallet,2024-01-25
1202,1041.3600,Wallet,2024-01-25
11091,1860.1500,Card,2024-01-15
8273,1055.5200,Card,2024-01-18
7591,1600.4300,UPI,2024-02-21
11757,916.5900,NetBanking,2024-02-25
4864,1967.3100,Wallet,2024-02-26
11765,1200.6900,Card,2024-02-03
15972,1783.6700,Card,2024-02-06
12261,265.8100,UPI,2024-02-18
12423,359.4900,Wallet,2024-02-08
5321,1641.5700,Card,2024-02-06
8603,1262.6700,Card,2024-02-02
7442,1379.8700,NetBanking,2024-01-26
19870,1934.2600,Wallet,2024-01-07
10478,1174.1400,Wallet,2024-01-10
14211,1293.1300,NetBanking,2024-01-27
9181,648.7400,UPI,2024-03-01
8067,1596.0600,Card,2024-02-13
682,386.6600,NetBanking,2024-01-28
15679,1736.8300,UPI,2024-02-22
6260,588.8600,Card,2024-02-09
6424,341.0900,Card,2024-02-16
11240,1522.5800,Wallet,2024-02-28
14702,1939.1400,Wallet,2024-01-23
15311,1981.6100,NetBanking,2024-01-21
6820,566.2800,Wallet,2024-01-12
13281,128.5500,Wallet,2024-01-06
11535,923.6900,UPI,2024-02-10
8703,110.8900,Wallet,2024-01-05
12782,728.0400,Card,2024-01-07
10221,583.3500,Card,2024-01-11
19081,919.0200,NetBanking,2024-02-25
3082,163.6400,Card,2024-02-21
5096,1616.7600,UPI,2024-01-11
7701,966.6900,NetBanking,2024-01-07
11860,451.3000,Card,2024-02-28
5893,736.1700,Card,2024-01-17
7982,1048.1100,Card,2024-02-15
16581,711.1800,UPI,2024-01-19
13399,507.1400,UPI,2024-01-07
11311,670.2300,Wallet,2024-01-04
319,378.2900,UPI,2024-01-08
19904,173.5500,Wallet,2024-01-16
4428,1766.2400,Card,2024-01-13
13642,665.9800,Wallet,2024-02-17
2611,283.3600,UPI,2024-01-10
4972,1543.7800,NetBanking,2024-02-26
8408,562.3000,Wallet,2024-02-06
19042,1129.6200,Card,2024-01-29
14851,1684.0700,UPI,2024-01-07
2752,506.7800,UPI,2024-01-27
40,1193.6700,Card,2024-03-01
2510,1713.9500,NetBanking,2024-01-21
13417,1856.3800,Card,2024-02-05
19060,657.9400,Wallet,2024-01-02
838,1347.5400,Card,2024-02-28
1751,567.6700,UPI,2024-01-30
4663,1126.1500,Wallet,2024-02-18
2834,584.2200,NetBanking,2024-01-05
175,1117.0800,UPI,2024-02-14
13626,572.6400,UPI,2024-02-19
7165,1470.0300,Wallet,2024-01-13
388,1299.6200,UPI,2024-01-15
14034,970.8300,Card,2024-01-06
2390,1851.3500,Wallet,2024-01-07
2620,868.4100,UPI,2024-01-17
17814,1431.6300,NetBanking,2024-02-12
4460,964.9700,Wallet,2024-02-28
15308,699.8800,Wallet,2024-01-03
6297,1691.6800,Card,2024-02-23
5545,111.0300,Wallet,2024-01-05
2888,1751.5700,Card,2024-01-17
16914,797.2800,Card,2024-02-08
15730,520.7900,UPI,2024-01-07
17990,1281.3200,UPI,2024-02-01
2939,1937.2500,Wallet,2024-01-28
2392,895.2600,UPI,2024-01-12
9392,420.7000,NetBanking,2024-02-06
13783,621.3300,Card,2024-01-19
292,1305.7700,Wallet,2024-02-19
17476,793.3400,NetBanking,2024-02-27
16901,1122.3000,Card,2024-02-01
18405,1625.8100,UPI,2024-02-27
14314,1709.1300,Card,2024-01-02
1925,1167.8400,UPI,2024-02-19
18466,1991.3900,NetBanking,2024-02-06
9805,787.1200,Card,2024-01-15
11704,686.2500,NetBanking,2024-01-18
6566,454.0700,Card,2024-02-02
5494,1026.6000,NetBanking,2024-03-01
9092,570.9400,UPI,2024-02-21
12647,258.7500,UPI,2024-02-17
14258,1311.4200,Wallet,2024-02-25
5973,1265.3900,NetBanking,2024-02-07
11011,277.9200,Card,2024-01-08
1867,594.1500,Card,2024-01-21
3423,1777.5500,Wallet,2024-01-30
5285,1834.6000,NetBanking,2024-02-22
6685,1440.5000,Wallet,2024-01-07
9445,1650.9700,Card,2024-01-25
12075,307.0200,Card,2024-01-12
12609,1050.1500,UPI,2024-01-25
19574,1264.5100,UPI,2024-02-29
4591,195.5900,Wallet,2024-01-20
3657,1513.5900,NetBanking,2024-01-25
5791,1020.3300,Wallet,2024-02-25
3111,146.2500,UPI,2024-01-08
14946,156.2000,Card,2024-02-21
16245,393.0300,NetBanking,2024-02-24
19572,1263.5200,Card,2024-01-09
3012,1917.2900,NetBanking,2024-01-25
5683,479.7700,Wallet,2024-01-27
3938,383.9200,UPI,2024-02-03
17562,1271.0800,Wallet,2024-02-02
3192,393.9500,UPI,2024-02-12
7428,116.3400,UPI,2024-01-31
1833,659.2300,UPI,2024-02-26
16107,1673.0600,UPI,2024-01-27
7512,1518.3100,Wallet,2024-02-06
14830,291.0600,Wallet,2024-02-02
1628,1393.8500,Card,2024-02-19
6816,1269.3000,UPI,2024-01-26
2459,1730.3800,Card,2024-02-21
11590,1015.2200,UPI,2024-01-03
14456,1835.8500,Wallet,2024-02-20
8183,1232.5000,UPI,2024-01-27
10772,1443.2200,Wallet,2024-02-06
11703,1394.6400,UPI,2024-01-24
15465,1028.9400,UPI,2024-01-12
13870,1784.6600,UPI,2024-02-03
8559,1799.0900,UPI,2024-01-10
2887,971.5800,Wallet,2024-01-23
120,1570.3700,Wallet,2024-02-25
12680,1960.6200,NetBanking,2024-01-06
10298,515.6200,Wallet,2024-01-02
3276,344.1200,Card,2024-01-07
8788,1761.4200,UPI,2024-02-09
17373,978.8600,Wallet,2024-01-14
9598,1732.1200,Wallet,2024-01-03
10414,819.6200,Card,2024-01-19
12406,1063.6300,UPI,2024-02-27
8518,741.6300,NetBanking,2024-01-06
4484,479.2200,NetBanking,2024-02-23
8766,1789.9800,NetBanking,2024-02-18
164,1309.1900,Card,2024-01-24
3789,1051.1800,UPI,2024-01-12
7026,1129.6200,NetBanking,2024-01-22
14521,1759.9100,UPI,2024-02-26
3094,241.9300,Card,2024-02-08
2432,1451.5100,Wallet,2024-01-30
3006,1538.0400,UPI,2024-02-08
9586,1762.7900,Wallet,2024-01-26
6938,169.8800,NetBanking,2024-02-04
2724,1453.4300,Wallet,2024-02-14
6745,600.8900,Card,2024-01-17
8199,1680.2400,Card,2024-02-13
1171,143.7500,NetBanking,2024-02-07
16255,1075.4600,NetBanking,2024-02-16
19283,757.5600,NetBanking,2024-01-27
3105,1952.4500,UPI,2024-01-29
15560,591.9700,NetBanking,2024-02-02
7679,1011.5700,Card,2024-02-26
12983,104.3700,Card,2024-01-10
7183,758.0600,UPI,2024-02-11
14453,1150.1200,Card,2024-01-15
1577,1960.5000,UPI,2024-02-24
12098,306.1800,NetBanking,2024-02-03
18507,1404.0600,Card,2024-02-24
2660,1749.1400,UPI,2024-02-09
11177,612.2100,UPI,2024-02-15
10649,1608.1700,Card,2024-02-15
19856,1535.7800,NetBanking,2024-01-11
5465,1033.2800,UPI,2024-02-16
9873,486.3900,Card,2024-01-27
4442,549.6400,UPI,2024-01-18
5807,1266.3700,Wallet,2024-02-28
15680,1080.5700,UPI,2024-01-01
2191,1888.1900,NetBanking,2024-02-29
3782,1735.4800,Wallet,2024-02-15
6471,1136.1100,Wallet,2024-01-20
209,591.5100,Card,2024-01-01
11740,923.0800,Wallet,2024-02-27
17847,209.3900,Wallet,2024-01-11
4614,822.2300,UPI,2024-01-23
6304,1483.3200,Wallet,2024-02-25
11296,1054.2400,UPI,2024-01-17
10278,1964.8400,NetBanking,2024-01-10
3727,1089.7100,NetBanking,2024-03-01
3507,570.8100,Card,2024-01-03
18069,1149.4900,UPI,2024-01-11
9097,1761.8100,UPI,2024-01-30
5268,725.0900,Card,2024-01-21
19627,604.5800,Wallet,2024-01-28
13921,1476.1700,NetBanking,2024-01-25
19431,1213.4600,UPI,2024-01-17
967,1159.9200,NetBanking,2024-02-07
10419,968.3100,Card,2024-02-09
2123,457.4700,Wallet,2024-01-25
12224,429.0400,Card,2024-02-13
15212,1414.6400,Wallet,2024-02-15
10409,1663.8700,UPI,2024-01-27
16179,1165.7000,NetBanking,2024-01-27
19240,1932.5700,Card,2024-01-30
1933,918.6900,Card,2024-02-28
18273,1364.4300,NetBanking,2024-01-24
2268,1566.4100,Card,2024-02-06
9664,1035.1500,Card,2024-01-08
6422,378.8400,Card,2024-02-01
17861,735.0900,Card,2024-01-21
19660,1953.6200,Wallet,2024-01-30
6698,1833.7800,UPI,2024-02-16
428,1162.1100,Wallet,2024-02-27
824,762.3700,UPI,2024-01-08
695,1621.3500,Card,2024-02-24
13207,1670.8500,Wallet,2024-02-25
14181,1520.0900,UPI,2024-02-12
10062,1747.1500,Card,2024-01-14
10380,808.5700,Card,2024-02-01
9062,372.6900,NetBanking,2024-02-19
14563,970.8600,Card,2024-02-02
6718,155.4400,Wallet,2024-02-29
13340,580.4200,UPI,2024-01-24
2707,228.6700,Card,2024-01-01
15562,830.5300,UPI,2024-02-29
4226,703.8600,Wallet,2024-01-20
11621,1493.8800,NetBanking,2024-01-05
13158,1394.7900,NetBanking,2024-01-18
5635,1549.5000,Card,2024-02-23
16357,579.6200,NetBanking,2024-01-02
17271,341.0200,UPI,2024-01-24
10833,580.1900,Card,2024-02-23
5513,129.0800,UPI,2024-01-22
8222,844.4100,Wallet,2024-01-21
6845,349.9800,Wallet,2024-02-21
9213,692.2100,Card,2024-01-19
16795,1769.0100,Card,2024-01-01
11909,481.0500,Card,2024-02-24
5383,437.9200,Wallet,2024-02-09
19404,1182.7400,UPI,2024-01-01
5590,1611.9200,UPI,2024-02-10
14797,1294.0500,NetBanking,2024-02-16
3459,935.8200,Wallet,2024-01-31
16881,764.8500,Wallet,2024-02-29
5028,1590.5400,Card,2024-02-28
8956,1654.1700,Wallet,2024-02-04
19490,837.9200,NetBanking,2024-01-30
2283,1148.3200,Wallet,2024-01-01
13975,1816.1300,Card,2024-01-05
6414,675.0700,Wallet,2024-01-30
2655,1394.7400,Card,2024-02-10
19614,1541.4700,UPI,2024-02-14
8970,207.6000,Card,2024-01-26
17959,1964.1500,UPI,2024-02-25
11540,1419.5600,Card,2024-02-20
296,222.6500,UPI,2024-01-22
6780,646.4000,UPI,2024-01-01
4631,1640.3800,NetBanking,2024-02-02
6093,1734.5900,NetBanking,2024-02-20
16029,282.1300,Wallet,2024-01-29
7332,636.2700,NetBanking,2024-01-07
18274,1194.2200,UPI,2024-01-14
11133,1466.2700,Wallet,2024-01-16
9804,1587.3100,Wallet,2024-02-13
9593,1721.6800,UPI,2024-01-10
11330,1243.5400,UPI,2024-01-12
15062,1317.3300,Wallet,2024-01-28
6557,100.3200,NetBanking,2024-01-15
12457,1310.2500,Wallet,2024-01-11
6053,692.3600,NetBanking,2024-02-26
5493,1738.9900,Card,2024-01-21
10216,1288.8800,UPI,2024-02-02
1035,1394.1200,Wallet,2024-01-08
18247,499.1200,Card,2024-02-14
8258,912.1900,UPI,2024-01-12
5658,891.9700,UPI,2024-01-17
2012,1536.6100,UPI,2024-01-29
928,1345.0000,NetBanking,2024-02-09
18789,792.9600,Card,2024-02-04
9721,199.8000,NetBanking,2024-02-25
2381,1896.2800,Wallet,2024-01-02
9831,520.4700,Wallet,2024-01-13
18437,257.6700,UPI,2024-02-05
19563,1567.8800,Wallet,2024-01-07
7150,1440.5800,Card,2024-01-04
3988,1283.6700,NetBanking,2024-01-11
10080,742.8100,Wallet,2024-02-19
14571,1925.4300,UPI,2024-01-07
13534,1034.3100,UPI,2024-01-27
11313,1709.3900,UPI,2024-02-16
28,1301.6100,Wallet,2024-01-15
14300,1263.7900,Card,2024-02-08
19160,470.3500,Wallet,2024-01-12
17892,1092.5300,Card,2024-01-29
17460,537.2300,UPI,2024-02-25
1406,1547.1300,NetBanking,2024-02-13
17828,1396.8500,Card,2024-01-10
11293,1800.8700,Card,2024-01-17
10615,820.1200,Wallet,2024-01-21
13425,979.7700,NetBanking,2024-01-04
3266,1914.1200,Wallet,2024-01-26
15296,1595.3800,UPI,2024-01-01
4234,933.1700,NetBanking,2024-02-29
11307,370.7100,NetBanking,2024-01-13
19057,1289.4500,UPI,2024-01-14
2226,1970.8000,Wallet,2024-02-04
5116,1367.9500,Wallet,2024-02-10
18145,1107.3200,Card,2024-01-09
1881,1594.1100,NetBanking,2024-01-07
13549,2012.3200,NetBanking,2024-02-28
16122,722.7500,UPI,2024-01-04
16919,1471.0500,Card,2024-01-23
34,254.1500,UPI,2024-01-17
10019,1270.6200,UPI,2024-02-11
12166,1275.1800,NetBanking,2024-01-23
8492,1774.2200,UPI,2024-02-09
12854,1287.1700,UPI,2024-02-01
16038,1769.2200,Wallet,2024-01-21
13489,1948.8500,NetBanking,2024-01-26
9365,1720.1300,NetBanking,2024-01-14
6061,945.3800,UPI,2024-01-17
3997,648.1400,Card,2024-02-13
1464,1835.9300,NetBanking,2024-01-12
10230,1666.4100,NetBanking,2024-02-07
15566,866.2900,Card,2024-01-15
6842,1441.7700,Wallet,2024-01-07
15048,1405.5900,UPI,2024-02-01
19915,217.0500,Wallet,2024-01-04
5158,1064.9300,Wallet,2024-01-23
12828,1838.4300,NetBanking,2024-02-20
3797,1867.4500,UPI,2024-02-22
1748,1521.9400,Wallet,2024-01-14
13753,1326.0700,Wallet,2024-01-11
5932,1489.3600,Card,2024-01-18
6952,942.4600,Wallet,2024-02-20
19273,238.4400,Wallet,2024-01-27
12167,1489.8600,Card,2024-02-27
12483,746.7200,Card,2024-01-08
16944,704.6400,Wallet,2024-02-12
874,899.1600,Card,2024-01-24
13996,1697.3800,Card,2024-01-27
9636,1581.1700,UPI,2024-02-08
8607,1614.7200,Wallet,2024-01-10
10505,452.1100,Wallet,2024-01-26
10159,1021.1200,NetBanking,2024-02-01
9932,1202.7300,NetBanking,2024-02-29
18666,1245.3300,Card,2024-01-23
9216,166.4200,NetBanking,2024-03-01
10224,1292.6200,NetBanking,2024-01-16
10331,765.4500,Wallet,2024-01-16
9265,1724.0300,UPI,2024-02-12
19781,1152.8700,UPI,2024-01-25
29,1026.5400,Wallet,2024-02-17
15278,679.5200,Wallet,2024-01-08
13122,1855.0800,NetBanking,2024-02-21
9288,1252.9000,NetBanking,2024-02-08
3711,790.9500,Wallet,2024-02-15
779,1767.6900,UPI,2024-02-18
5051,1092.5400,NetBanking,2024-01-14
3928,590.7400,Wallet,2024-02-11
5873,1907.8600,NetBanking,2024-02-28
17865,793.5800,NetBanking,2024-02-14
18922,1930.2500,Card,2024-01-07
3607,757.5900,UPI,2024-02-22
7284,775.1900,NetBanking,2024-02-16
2118,1388.3500,NetBanking,2024-02-11
13916,1065.6300,NetBanking,2024-01-08
5377,1821.9300,NetBanking,2024-01-08
3322,1544.3400,Wallet,2024-01-02
5159,1845.0800,Wallet,2024-02-26
8982,1889.7100,UPI,2024-01-11
12441,1538.0600,UPI,2024-01-20
15526,1704.4500,Wallet,2024-02-24
615,388.7900,Card,2024-02-16
14020,1168.8700,Card,2024-02-22
8902,799.9800,Wallet,2024-02-03
142,535.2900,Wallet,2024-02-18
5079,992.2800,Card,2024-02-16
16364,174.4600,Card,2024-01-20
18495,996.7200,Wallet,2024-01-18
9154,774.5100,NetBanking,2024-02-26
3637,1190.8200,Card,2024-02-25
18478,939.8500,Card,2024-01-30
5796,1893.2300,NetBanking,2024-01-23
3309,1948.3000,UPI,2024-02-28
6121,345.3100,UPI,2024-02-25
6197,669.1900,NetBanking,2024-01-07
3089,372.2000,UPI,2024-02-16
18160,1198.1400,NetBanking,2024-02-28
5707,1310.4800,UPI,2024-02-09
17058,1533.4200,Wallet,2024-01-26
2775,593.4500,Wallet,2024-02-03
5776,1298.1500,UPI,2024-01-01
2066,1180.8500,NetBanking,2024-02-15
3752,388.8600,Wallet,2024-01-18
6940,807.2300,Card,2024-02-05
4927,1414.5400,Wallet,2024-02-15
9167,1387.8900,UPI,2024-01-24
14324,1211.6500,Wallet,2024-01-25
19882,924.5700,NetBanking,2024-01-11
6127,1363.0800,NetBanking,2024-02-13
62,1810.3300,Card,2024-02-17
12145,324.1400,Wallet,2024-02-15
10064,1217.3500,UPI,2024-02-21
13744,793.3600,Card,2024-01-27
6799,373.9500,Wallet,2024-01-09
12982,1137.8800,Wallet,2024-02-02
13577,1509.2100,Card,2024-02-03
16240,1091.1900,NetBanking,2024-01-24
7544,210.1100,Card,2024-02-13
18155,1593.4300,Card,2024-02-22
14643,247.3300,NetBanking,2024-01-03
9854,1941.7200,Wallet,2024-01-13
9826,951.9500,NetBanking,2024-02-17
6017,589.6200,Card,2024-01-29
18118,1077.5500,UPI,2024-02-17
6217,1104.6800,Wallet,2024-02-19
7086,1050.2400,UPI,2024-01-20
6620,1106.1700,UPI,2024-02-03
2487,167.6800,NetBanking,2024-02-13
3775,604.5900,Wallet,2024-01-07
15590,722.6200,Wallet,2024-02-19
14428,617.7400,UPI,2024-01-28
4911,957.1900,Wallet,2024-01-26
2632,561.6500,NetBanking,2024-02-19
10360,1302.1000,Card,2024-02-08
13090,1429.6800,NetBanking,2024-02-11
14244,1303.8800,Card,2024-01-31
3281,120.9500,Wallet,2024-01-21
9983,407.1900,Wallet,2024-02-02
18731,1709.2500,Wallet,2024-02-04
19368,1738.5600,UPI,2024-02-28
10717,1669.8700,Card,2024-02-11
5555,565.3600,NetBanking,2024-02-05
16366,870.9700,UPI,2024-01-17
5837,307.9900,UPI,2024-01-26
15712,1759.5000,NetBanking,2024-02-25
13103,666.6300,UPI,2024-01-08
8413,1604.3900,UPI,2024-01-28
9049,1586.5900,Wallet,2024-02-11
17044,112.9300,UPI,2024-01-27
4812,1835.1600,Wallet,2024-02-25
1535,241.9800,Card,2024-02-12
982,601.4700,NetBanking,2024-01-12
14684,1811.6200,NetBanking,2024-01-01
18202,420.7600,Wallet,2024-01-27
160,1490.9400,UPI,2024-02-29
8320,1787.4600,Card,2024-01-26
3417,807.0100,UPI,2024-01-28
19596,973.6300,UPI,2024-01-30
1231,984.1100,NetBanking,2024-01-19
13893,473.8900,Card,2024-01-23
15819,223.4000,Wallet,2024-01-23
9949,1694.2200,Wallet,2024-02-27
11038,344.3600,NetBanking,2024-01-12
16809,1795.8700,UPI,2024-01-27
11541,1043.7400,UPI,2024-02-14
13917,1649.6500,NetBanking,2024-01-06
9401,1064.2000,UPI,2024-01-11
1956,1378.0900,UPI,2024-02-24
7532,568.7900,NetBanking,2024-01-11
12786,1736.1300,UPI,2024-01-28
2826,1137.9800,Card,2024-02-08
7623,1738.8500,UPI,2024-02-07
8608,1473.7400,NetBanking,2024-01-27
6977,1313.1600,Wallet,2024-01-20
12071,851.0000,UPI,2024-01-09
13291,152.4300,Wallet,2024-02-08
13469,864.0400,NetBanking,2024-01-16
1177,821.3800,Card,2024-01-24
3159,453.0500,Card,2024-02-23
15701,1795.7400,NetBanking,2024-01-22
18491,1784.8000,Wallet,2024-01-15
4779,660.6200,NetBanking,2024-01-23
14555,1192.5000,NetBanking,2024-02-25
18874,1149.3900,NetBanking,2024-01-03
12881,636.2700,NetBanking,2024-02-09
8579,101.9500,UPI,2024-01-05
8342,1805.9300,Wallet,2024-02-29
13506,158.1300,NetBanking,2024-02-25
18837,1994.3900,UPI,2024-02-24
6082,786.0700,UPI,2024-01-11
11085,1997.5000,Wallet,2024-01-18
15141,550.3600,Wallet,2024-01-08
15550,1804.2100,Wallet,2024-01-13
12231,1373.6300,UPI,2024-02-29
2708,1242.7800,UPI,2024-01-04
4883,1441.8500,NetBanking,2024-02-06
3072,424.3200,NetBanking,2024-01-01
19634,1518.3200,Wallet,2024-02-11
19230,1220.4200,Card,2024-02-04
14962,1935.9100,UPI,2024-01-17
5951,1556.4800,UPI,2024-02-28
180,1436.0400,NetBanking,2024-01-11
4071,1593.1800,Wallet,2024-01-04
8782,718.5500,NetBanking,2024-01-08
18312,692.6400,Card,2024-01-02
17300,1509.7900,Wallet,2024-02-03
11291,1494.5400,UPI,2024-01-04
1828,1959.1200,Card,2024-01-21
13217,250.5200,Wallet,2024-01-22
19682,470.7300,NetBanking,2024-02-23
4889,1201.9600,Wallet,2024-02-29
1838,925.7500,NetBanking,2024-02-24
2007,1332.9800,Wallet,2024-02-17
12605,1624.0000,NetBanking,2024-02-17
5874,493.5800,NetBanking,2024-01-02
16704,983.4000,Wallet,2024-02-13
5572,1459.1100,NetBanking,2024-01-19
723,685.0800,UPI,2024-03-01
17148,1634.3400,Wallet,2024-01-08
16186,679.8300,Card,2024-02-29
14840,510.7900,UPI,2024-02-15
11802,308.9500,UPI,2024-01-29
18807,1587.5300,Card,2024-01-11
5221,1631.4600,Wallet,2024-02-25
13580,1830.3400,Card,2024-02-12
1992,1675.5700,NetBanking,2024-02-07
8443,1055.2900,Wallet,2024-01-11
7191,866.1200,Wallet,2024-01-21
12017,995.6100,Wallet,2024-01-15
9880,1015.0400,Wallet,2024-02-04
6974,683.6300,Wallet,2024-01-12
3757,1573.0300,Wallet,2024-02-07
19333,742.6700,Wallet,2024-02-27
17122,298.4700,UPI,2024-01-03
10557,1010.3900,NetBanking,2024-01-22
16059,1211.7800,UPI,2024-02-25
1605,453.6700,Wallet,2024-01-21
17323,816.4800,Wallet,2024-01-06
6886,1478.2700,UPI,2024-02-06
13777,1046.9600,Card,2024-01-10
3854,1701.3300,Card,2024-02-03
579,158.6800,UPI,2024-01-03
16515,1433.2800,Wallet,2024-01-07
10881,251.8700,NetBanking,2024-02-11
8906,575.6300,Card,2024-02-27
3355,1610.2100,NetBanking,2024-02-26
12760,560.0400,UPI,2024-02-03
7915,336.7100,Wallet,2024-02-25
4758,1487.7600,UPI,2024-02-27
14061,1001.8500,UPI,2024-01-09
2546,1076.6300,Card,2024-02-17
17613,1293.8600,UPI,2024-02-23
9979,234.3400,Card,2024-01-27
12536,171.1400,Card,2024-01-06
6659,881.5900,Wallet,2024-01-14
8366,918.1700,UPI,2024-02-03
6882,1362.6700,UPI,2024-01-28
16257,238.6000,NetBanking,2024-02-24
5473,1728.8800,NetBanking,2024-02-14
2017,1755.5000,Wallet,2024-01-22
16438,672.4000,NetBanking,2024-01-24
10834,1084.7900,NetBanking,2024-02-08
10703,1320.8000,NetBanking,2024-02-10
15878,441.4500,NetBanking,2024-01-12
9604,2115.2000,UPI,2024-01-18
19359,1572.8200,UPI,2024-01-16
1587,902.3000,Wallet,2024-01-28
9692,438.4000,Wallet,2024-01-08
10237,1217.9600,Wallet,2024-01-15
13981,752.2400,Card,2024-01-27
5960,1625.6500,Wallet,2024-02-26
2042,1393.4800,Card,2024-01-10
18044,787.1700,Card,2024-01-01
16301,1165.1500,NetBanking,2024-01-11
9670,1077.9600,NetBanking,2024-01-15
12628,1421.5900,Wallet,2024-01-25
9065,1115.5600,Wallet,2024-01-29
2722,1436.0600,Card,2024-02-05
10229,909.9700,UPI,2024-02-21
5229,1682.1800,NetBanking,2024-02-25
4086,595.7500,UPI,2024-01-26
19773,222.6000,NetBanking,2024-01-28
11432,1268.8500,NetBanking,2024-02-01
21,1312.1200,UPI,2024-01-12
4581,123.6000,Wallet,2024-02-12
2621,583.3300,Card,2024-02-27
10322,409.5500,Wallet,2024-01-22
12825,712.9500,Wallet,2024-01-19
18441,1725.0300,UPI,2024-02-10
7965,1589.8000,UPI,2024-01-19
1050,1562.2100,UPI,2024-02-02
15455,990.6500,Wallet,2024-01-02
19227,878.0600,NetBanking,2024-03-01
17530,797.5600,Wallet,2024-02-09
11684,816.0700,NetBanking,2024-01-10
19109,960.6400,NetBanking,2024-01-23
9699,346.6300,UPI,2024-02-04
12941,1603.7600,Wallet,2024-01-28
10136,917.1200,UPI,2024-01-24
12679,128.7400,NetBanking,2024-01-16
3445,1160.3100,NetBanking,2024-02-11
10389,1671.7600,NetBanking,2024-02-15
7875,1039.7100,NetBanking,2024-01-15
9648,1627.2400,NetBanking,2024-02-22
8664,628.1100,UPI,2024-02-13
5539,733.7900,Card,2024-02-15
18339,1722.0600,NetBanking,2024-01-13
4250,1351.9800,UPI,2024-01-09
6806,194.5400,UPI,2024-02-12
14449,1220.0500,UPI,2024-02-04
11591,132.8700,NetBanking,2024-02-15
2038,645.1700,UPI,2024-01-28
17496,1559.6800,UPI,2024-01-12
14550,1149.5000,Wallet,2024-02-25
1060,1343.2600,Wallet,2024-01-25
18090,294.6800,UPI,2024-02-03
16372,544.1500,UPI,2024-02-27
16735,1999.0000,NetBanking,2024-02-29
13369,446.1300,NetBanking,2024-01-31
14589,454.1500,NetBanking,2024-01-19
14839,1489.5300,Card,2024-02-11
3170,212.3700,Wallet,2024-02-24
8139,1010.3500,Wallet,2024-02-07
4988,1755.8500,UPI,2024-01-22
15904,1706.7200,NetBanking,2024-01-22
13358,419.6100,UPI,2024-01-30
11978,457.9300,NetBanking,2024-02-21
14127,1260.7600,Card,2024-01-01
7272,1880.9800,NetBanking,2024-01-21
4819,1780.4600,NetBanking,2024-02-18
18267,1261.3200,Wallet,2024-02-25
1182,1519.6700,Card,2024-02-10
4742,1321.1700,Wallet,2024-01-05
613,1317.4000,Wallet,2024-01-28
621,1524.2100,UPI,2024-01-18
4358,889.0300,Wallet,2024-02-19
17341,713.6700,Card,2024-02-07
518,753.8400,Card,2024-01-03
4054,275.4100,UPI,2024-02-14
12921,1151.1700,NetBanking,2024-01-23
16508,157.4000,UPI,2024-01-10
19906,880.4900,Wallet,2024-02-26
10128,1425.5100,Card,2024-02-15
15480,1676.8400,Card,2024-01-01
576,1073.3400,Wallet,2024-02-11
7324,347.8100,Wallet,2024-01-23
16889,1362.3200,NetBanking,2024-01-03
5597,762.5700,NetBanking,2024-01-01
14814,561.2200,UPI,2024-01-02
11498,1493.1500,Wallet,2024-01-24
12173,1250.7600,NetBanking,2024-01-12
15114,1576.3700,Wallet,2024-02-24
5955,1550.2100,Wallet,2024-01-24
18379,1697.7600,UPI,2024-02-16
18933,1314.6500,UPI,2024-01-08
13683,254.7600,NetBanking,2024-01-29
1292,263.4500,Wallet,2024-01-05
18544,655.2900,Wallet,2024-02-24
19226,566.7500,Wallet,2024-01-18
14476,502.3700,NetBanking,2024-01-06
6126,1841.7000,Card,2024-01-28
17115,627.2400,Wallet,2024-01-18
4233,455.6800,NetBanking,2024-01-26
4815,1156.2000,Card,2024-01-14
16598,795.5600,Card,2024-01-13
17856,2161.4000,NetBanking,2024-02-17
10,816.0500,Wallet,2024-01-03
14328,796.8200,NetBanking,2024-03-01
8238,1253.8200,Card,2024-02-24
4288,425.5600,NetBanking,2024-01-11
10537,660.0800,UPI,2024-01-16
15766,578.6000,UPI,2024-01-03
6797,1844.8500,Card,2024-01-10
1756,893.9500,UPI,2024-02-13
19477,1800.2000,UPI,2024-01-17
9235,1104.7500,Wallet,2024-02-15
2186,1111.2700,Card,2024-02-12
11823,536.4100,Card,2024-02-15
2854,1874.8000,UPI,2024-02-25
18677,1646.9200,Card,2024-01-24
4185,845.4200,UPI,2024-02-06
5295,405.7700,Card,2024-01-17
6068,1030.3300,Wallet,2024-02-01
970,1358.6800,NetBanking,2024-02-05
2279,1524.7200,Card,2024-01-28
18043,1211.9400,Wallet,2024-03-01
17510,1032.2100,Card,2024-01-22
13914,1489.9700,UPI,2024-01-11
14367,881.4600,NetBanking,2024-02-07
17703,686.9000,NetBanking,2024-02-13
5824,1367.4300,NetBanking,2024-01-28
6932,249.8200,NetBanking,2024-03-01
8030,568.7400,Wallet,2024-02-08
7263,1621.9600,Wallet,2024-01-07
257,1655.1900,Wallet,2024-01-04
5069,605.3000,NetBanking,2024-02-11
5734,1977.5000,Wallet,2024-01-23
19028,1333.6000,Card,2024-01-18
2583,662.3600,NetBanking,2024-02-05
17695,991.9300,UPI,2024-01-05
56,407.3200,Card,2024-01-10
10718,220.5300,UPI,2024-02-24
3137,1302.2000,NetBanking,2024-02-18
12778,946.1300,Card,2024-02-18
7448,1341.2900,UPI,2024-01-16
12177,1111.8700,UPI,2024-02-11
17311,1835.9600,NetBanking,2024-02-07
8957,352.4500,Card,2024-02-27
12785,1590.8100,NetBanking,2024-02-22
11051,139.1300,Card,2024-01-02
13483,266.0700,UPI,2024-01-19
16336,1480.5700,UPI,2024-01-23
12311,1421.5800,Card,2024-02-20
18095,1490.8700,UPI,2024-02-15
19452,1946.4400,Card,2024-01-05
18102,1502.9500,Wallet,2024-01-12
15294,159.9400,UPI,2024-02-23
3628,1460.6300,Card,2024-02-02
17029,1959.4500,Wallet,2024-01-23
5690,1870.9500,Wallet,2024-02-11
1289,366.6600,NetBanking,2024-01-23
12792,1615.1900,Wallet,2024-01-18
7269,1440.3000,UPI,2024-01-23
4073,1972.3800,Wallet,2024-02-19
13332,1510.6700,Card,2024-02-03
3531,1975.5100,NetBanking,2024-01-22
16046,1265.6300,Wallet,2024-01-14
9567,256.9300,UPI,2024-03-01
1360,1868.0200,NetBanking,2024-01-20
2301,848.9800,NetBanking,2024-01-03
15849,1307.5500,NetBanking,2024-01-17
1551,695.4300,Wallet,2024-02-16
12538,389.4100,UPI,2024-02-05
19419,1972.4100,UPI,2024-01-31
7088,163.4600,UPI,2024-01-10
990,384.2800,NetBanking,2024-02-18
14703,1020.5100,Card,2024-01-18
15670,629.4600,Wallet,2024-02-22
17264,1621.2700,UPI,2024-01-11
4502,947.5000,UPI,2024-01-06
9381,1698.9600,Card,2024-01-26
3891,217.1100,UPI,2024-01-20
11055,1150.4100,Wallet,2024-02-01
735,210.6900,Wallet,2024-01-07
11166,1206.4700,UPI,2024-02-17
2157,1464.1100,Wallet,2024-02-22
798,1421.3300,Wallet,2024-01-17
17350,1441.9200,UPI,2024-01-21
2285,1044.7700,NetBanking,2024-01-15
4781,191.2000,NetBanking,2024-01-01
692,234.7200,Wallet,2024-01-29
957,1207.3300,UPI,2024-01-30
7929,433.6300,NetBanking,2024-01-03
4281,1246.8600,Wallet,2024-02-06
2880,692.8100,Card,2024-01-17
10510,1962.2000,Wallet,2024-01-29
1836,1889.2000,UPI,2024-02-25
10802,1124.2600,NetBanking,2024-01-25
3679,1700.3500,Wallet,2024-02-26
5282,1166.1200,Card,2024-01-27
12533,1937.6100,Wallet,2024-03-01
6042,960.3200,Wallet,2024-02-29
9645,1738.8900,Wallet,2024-01-09
177,364.7700,NetBanking,2024-01-22
5724,1598.4200,Card,2024-01-10
1098,100.3000,UPI,2024-02-12
3023,1205.2900,Wallet,2024-02-08
8999,1916.9600,Card,2024-02-17
15261,1768.0500,Wallet,2024-02-17
8215,561.3700,UPI,2024-02-23
1250,1994.4700,Card,2024-01-06
8942,1439.4800,Wallet,2024-03-01
12940,1766.6300,UPI,2024-02-09
17470,1710.9500,Card,2024-02-20
4524,1765.3700,Wallet,2024-02-11
3795,1834.6000,UPI,2024-01-24
5418,983.6300,NetBanking,2024-01-07
12140,1700.1700,Card,2024-02-23
8808,404.0300,NetBanking,2024-01-16
8560,1273.4500,UPI,2024-02-09
18958,738.9900,Wallet,2024-01-28
14896,976.6500,NetBanking,2024-01-09
6324,1256.0600,Card,2024-01-31
603,728.5200,Card,2024-01-02
8904,431.0300,Card,2024-01-10
18930,1822.5600,Card,2024-01-29
17634,1699.2100,Wallet,2024-02-10
4690,629.9100,Card,2024-01-07
14033,609.1200,Wallet,2024-01-23
1570,1565.4300,Wallet,2024-02-19
13859,1801.6100,NetBanking,2024-02-03
9874,824.5300,Card,2024-02-01
15444,1496.4100,Wallet,2024-01-07
13179,280.2100,UPI,2024-01-10
4916,1773.5400,Wallet,2024-01-01
17150,543.6100,NetBanking,2024-01-16
4583,1639.2900,Wallet,2024-01-23
2025,1970.3300,NetBanking,2024-01-10
4954,1235.9900,Wallet,2024-01-20
8429,1686.4000,Card,2024-01-23
4430,1012.0500,UPI,2024-02-26
18521,1500.2000,UPI,2024-01-10
3859,1958.1400,Card,2024-01-07
11329,419.9400,Card,2024-02-26
15034,1025.6600,Card,2024-01-06
11131,1932.4600,Card,2024-01-25
18064,269.4400,UPI,2024-01-12
17998,146.0800,Card,2024-01-18
17026,1321.9500,UPI,2024-01-27
17211,552.5200,NetBanking,2024-02-29
1109,314.5900,Wallet,2024-01-07
2581,1374.3800,NetBanking,2024-02-08
15389,1533.2700,NetBanking,2024-01-02
6957,650.7200,NetBanking,2024-02-03
16555,966.9700,Card,2024-01-30
14934,1719.4700,UPI,2024-01-19
11301,1597.9400,Card,2024-02-10
9736,1704.6700,NetBanking,2024-02-11
1737,1732.2100,Wallet,2024-02-21
14741,160.1500,Wallet,2024-01-31
14179,1842.4300,Card,2024-02-01
14667,162.5600,Card,2024-02-15
6839,564.1600,Wallet,2024-01-07
12275,387.5900,UPI,2024-02-14
8609,360.9500,Wallet,2024-01-24
1293,631.3600,UPI,2024-02-01
16286,192.5100,Card,2024-02-26
14612,1939.1800,UPI,2024-02-29
3307,1301.2600,Card,2024-03-01
15827,1581.6700,UPI,2024-02-24
9290,1038.1300,Card,2024-01-01
16531,1930.8300,UPI,2024-01-27
65,1630.0600,Card,2024-02-16
5118,1530.4100,NetBanking,2024-01-29
2427,1022.0800,UPI,2024-02-02
8897,957.6000,Wallet,2024-03-01
1410,1641.4100,UPI,2024-01-23
5450,1636.3300,Card,2024-01-01
14735,743.9100,Card,2024-01-06
13821,1456.3100,NetBanking,2024-02-12
3502,198.4200,UPI,2024-01-04
7286,1155.3000,Card,2024-02-28
8812,993.0900,NetBanking,2024-01-03
5236,1765.3400,Card,2024-02-21
13984,1079.5600,Wallet,2024-03-01
14036,986.3700,Wallet,2024-02-11
17286,1239.0900,UPI,2024-01-08
7278,1326.6200,UPI,2024-01-16
11631,162.0200,Card,2024-01-27
8739,1309.4000,Card,2024-02-01
19089,1108.4100,NetBanking,2024-02-16
15440,775.0600,Wallet,2024-01-28
16924,1554.2800,UPI,2024-02-16
19719,1328.8800,Card,2024-02-08
11993,1366.5800,UPI,2024-02-07
9159,982.0300,Wallet,2024-01-06
11467,1375.7800,NetBanking,2024-01-11
18346,547.3600,Wallet,2024-01-14
10310,1631.3000,UPI,2024-01-22
5757,1609.7800,UPI,2024-01-14
18688,903.9000,Card,2024-01-20
1255,238.2500,NetBanking,2024-02-07
439,1366.1900,Wallet,2024-01-01
3981,1857.1500,Card,2024-01-06
11642,802.1100,NetBanking,2024-02-26
14708,1487.8600,NetBanking,2024-01-30
3214,1512.9100,NetBanking,2024-01-18
2548,1153.3900,NetBanking,2024-02-21
854,1002.7800,UPI,2024-01-10
3952,1373.3200,UPI,2024-01-08
5280,1542.4200,UPI,2024-01-16
15583,878.3700,UPI,2024-01-10
10453,189.7000,Wallet,2024-02-05
8909,1709.9800,NetBanking,2024-02-26
13441,707.3700,Card,2024-01-16
8822,225.8200,UPI,2024-02-08
17793,1138.4800,Wallet,2024-02-25
16073,1913.9500,Wallet,2024-01-25
556,995.0200,UPI,2024-01-24
3762,913.9000,Wallet,2024-02-27
5375,1008.5400,NetBanking,2024-02-04
1835,209.1600,UPI,2024-01-12
8306,752.8500,Wallet,2024-01-17
409,476.4000,Card,2024-02-28
3458,333.8800,NetBanking,2024-02-12
18603,1400.9200,NetBanking,2024-01-24
5510,712.1300,NetBanking,2024-01-30
18257,1448.2300,Wallet,2024-01-11
10766,1766.0000,Wallet,2024-01-12
5215,429.5800,Wallet,2024-01-25
15467,1937.9300,Wallet,2024-01-08
17354,1424.5800,Card,2024-02-01
12875,1878.9400,UPI,2024-01-09
623,1637.2400,Wallet,2024-02-09
14252,550.0300,Wallet,2024-02-20
19264,1218.9000,Card,2024-02-27
5627,135.1300,Wallet,2024-01-11
6762,1272.9200,UPI,2024-02-01
12669,436.0200,NetBanking,2024-02-15
4245,273.0500,Wallet,2024-02-01
14981,1611.4900,Wallet,2024-01-27
17741,1288.1500,Wallet,2024-01-16
3622,1238.2900,NetBanking,2024-01-26
412,181.6300,NetBanking,2024-01-19
4746,1180.0700,Card,2024-02-25
16826,1490.7800,Card,2024-02-16
18951,979.0100,NetBanking,2024-02-29
8648,1629.6800,Card,2024-02-09
534,1433.9800,Card,2024-02-18
19901,699.3900,Card,2024-02-05
19463,1222.6500,Card,2024-01-31
8309,1211.2100,Wallet,2024-02-19
15731,1495.5600,Wallet,2024-01-24
14872,403.8100,UPI,2024-02-02
720,1053.9100,Card,2024-01-14
15930,1445.3700,NetBanking,2024-02-25
1978,1942.3700,Card,2024-02-10
4962,376.7100,UPI,2024-02-16
3776,892.6300,Card,2024-02-05
7011,387.0700,UPI,2024-02-14
17952,773.6900,NetBanking,2024-02-11
2372,1845.2700,NetBanking,2024-02-21
18515,1446.4600,NetBanking,2024-02-20
2555,1271.6700,Card,2024-02-19
4289,614.4700,Wallet,2024-02-18
9862,821.2600,Wallet,2024-02-10
1729,716.4300,Wallet,2024-01-13
15174,1835.1500,Card,2024-01-10
13824,342.7000,NetBanking,2024-02-20
10428,208.7200,UPI,2024-02-09
14731,1391.5200,Wallet,2024-02-29
4703,826.6100,Wallet,2024-01-24
12902,663.3600,UPI,2024-01-05
4835,157.8100,Card,2024-02-01
2184,1035.0900,NetBanking,2024-02-16
16606,804.0400,NetBanking,2024-02-22
9802,618.0200,Wallet,2024-02-26
777,1106.8300,UPI,2024-02-13
657,1992.7100,Card,2024-01-23
3984,1399.4500,Card,2024-02-06
16145,1844.0600,Card,2024-01-08
2145,568.3500,NetBanking,2024-01-31
12408,1386.8400,Card,2024-01-24
8651,1920.0100,Wallet,2024-02-02
16717,1385.4400,Card,2024-02-19
17272,1586.8000,Wallet,2024-02-09
11835,440.7100,UPI,2024-02-25
11588,1825.1500,Card,2024-01-15
15,1573.9800,Card,2024-02-12
5787,239.3500,Wallet,2024-02-21
1893,467.1400,UPI,2024-01-08
6750,768.4600,NetBanking,2024-02-08
5666,1763.7500,UPI,2024-01-17
17638,277.3300,Card,2024-01-01
5642,1642.3200,UPI,2024-02-06
9511,108.1300,Card,2024-01-24
18115,1667.9500,UPI,2024-01-18
1348,1287.9000,NetBanking,2024-01-11
19687,123.7700,NetBanking,2024-02-15
15040,1939.5300,NetBanking,2024-01-09
7071,1218.8300,Wallet,2024-02-20
17932,1014.7900,NetBanking,2024-02-13
5197,1575.4100,NetBanking,2024-02-04
638,859.2900,Card,2024-01-06
13922,793.1900,NetBanking,2024-02-19
17610,408.1300,Wallet,2024-01-17
4957,946.7500,NetBanking,2024-02-17
11316,678.9100,UPI,2024-02-12
19506,977.4500,Card,2024-02-12
3315,1876.5200,Card,2024-01-31
13251,149.2200,UPI,2024-01-29
6143,1325.3700,Wallet,2024-01-27
9754,1303.5900,NetBanking,2024-01-09
15742,1642.2600,UPI,2024-02-05
7066,1000.2000,Wallet,2024-02-15
17872,404.6000,UPI,2024-01-21
6013,1741.8200,Wallet,2024-01-27
18656,880.1300,Card,2024-02-29
18529,1681.5800,Card,2024-02-25
6951,192.1300,Card,2024-02-03
3693,831.8000,NetBanking,2024-02-28
19652,848.7800,Wallet,2024-01-02
1412,181.6600,UPI,2024-01-10
1975,1609.5600,NetBanking,2024-02-02
15738,520.6200,Card,2024-02-02
11830,1480.0700,Wallet,2024-01-03
16894,1322.2300,Wallet,2024-01-23
13998,388.1300,NetBanking,2024-01-15
746,834.9700,NetBanking,2024-02-04
11850,1956.2400,Card,2024-01-24
17755,1469.8700,UPI,2024-02-18
14056,1995.4600,Wallet,2024-02-24
9876,1404.9900,Card,2024-02-05
3298,737.3400,UPI,2024-01-31
9166,985.6500,NetBanking,2024-02-27
17967,228.5600,Wallet,2024-01-18
15632,588.9300,NetBanking,2024-01-16
4811,1253.1400,Card,2024-02-24
2062,1117.7200,UPI,2024-02-18
6879,789.1800,Wallet,2024-02-05
1417,340.2100,Card,2024-01-08
2185,576.1400,Wallet,2024-02-06
2026,205.1300,Card,2024-02-15
17537,1734.8200,Wallet,2024-01-23
5833,492.2900,Card,2024-01-19
5228,1998.8500,NetBanking,2024-02-19
9894,1818.6200,NetBanking,2024-01-03
19804,1066.6300,NetBanking,2024-01-25
1326,473.8300,Wallet,2024-01-16
1851,1381.2700,Card,2024-01-13
8310,1666.3900,UPI,2024-01-11
15179,749.6200,Wallet,2024-01-06
5497,1543.7600,UPI,2024-02-01
7755,205.3600,Wallet,2024-01-29
13994,232.6300,UPI,2024-01-13
19580,1595.0900,Wallet,2024-02-18
9521,1500.5200,Card,2024-01-08
7495,1441.6400,Wallet,2024-02-22
17553,232.7700,Wallet,2024-01-15
10263,251.3100,NetBanking,2024-02-29
17785,1953.8300,NetBanking,2024-02-03
14074,1834.5700,Card,2024-01-27
15866,1435.4800,Wallet,2024-02-02
10573,1695.0400,NetBanking,2024-01-08
14846,969.6600,Card,2024-02-07
14260,1506.8800,UPI,2024-02-02
12004,1846.3000,Card,2024-01-04
16893,1129.1200,NetBanking,2024-01-10
2217,248.2000,UPI,2024-02-29
6831,1913.2400,NetBanking,2024-02-11
16260,261.9300,UPI,2024-02-05
10412,599.6600,Wallet,2024-02-03
14054,908.8700,NetBanking,2024-02-12
5276,773.3600,Wallet,2024-02-08
16630,1403.0700,NetBanking,2024-01-12
12021,1755.8200,Card,2024-02-24
8015,489.9000,Card,2024-01-17
4327,216.6700,NetBanking,2024-02-29
18449,391.5300,Card,2024-02-13
7655,500.5300,Wallet,2024-02-12
7586,1116.9600,UPI,2024-01-06
497,1686.5500,UPI,2024-01-19
7267,479.5500,Wallet,2024-01-02
10020,141.1100,UPI,2024-02-09
3802,1057.6200,UPI,2024-02-07
7101,529.4400,Card,2024-03-01
5227,1750.0600,Card,2024-01-31
4965,1211.0700,UPI,2024-01-08
10605,1621.5900,NetBanking,2024-02-26
6438,1060.1000,Wallet,2024-02-14
19398,792.9800,Card,2024-01-16
9886,378.6800,Card,2024-01-25
8203,1084.8700,Card,2024-02-06
1612,1032.7200,Card,2024-01-25
6642,101.8500,UPI,2024-02-18
1047,574.6800,Wallet,2024-02-12
4298,1949.0500,Card,2024-02-23
13552,474.7100,Card,2024-02-21
16224,1390.1000,UPI,2024-02-07
3407,1407.7000,Wallet,2024-01-03
7745,165.1000,Card,2024-02-25
5011,303.6500,Wallet,2024-02-10
742,219.9200,NetBanking,2024-01-19
16111,279.7200,NetBanking,2024-02-05
676,939.7600,Card,2024-01-26
16552,1620.9300,UPI,2024-02-20
16360,1062.7100,Card,2024-02-17
7992,1032.7800,Wallet,2024-02-08
11895,1200.8000,UPI,2024-01-12
4654,992.7500,Wallet,2024-01-21
3629,567.4700,Wallet,2024-01-23
15588,1490.0900,Card,2024-02-03
10752,1282.5200,UPI,2024-02-22
4915,542.6400,UPI,2024-01-23
19702,1521.4200,NetBanking,2024-02-19
11057,1466.7400,NetBanking,2024-01-13
760,1484.9500,UPI,2024-02-29
16692,634.2200,NetBanking,2024-02-13
5780,1647.3500,Card,2024-01-10
17068,1158.6200,NetBanking,2024-01-23
10425,1184.0700,UPI,2024-01-14
10522,1349.0600,Wallet,2024-01-16
15332,429.3600,Card,2024-01-04
3554,279.3800,NetBanking,2024-01-30
11593,133.4000,Wallet,2024-02-29
14463,1198.3500,UPI,2024-02-19
2019,1180.9100,UPI,2024-01-20
14062,1181.7200,Card,2024-02-04
4950,1439.8800,Card,2024-01-11
6697,1452.8800,Card,2024-01-05
1062,1428.4600,UPI,2024-01-11
241,1129.3700,Card,2024-01-21
9329,1941.1400,UPI,2024-02-01
13755,904.9600,UPI,2024-02-07
19811,443.4500,Wallet,2024-03-01
19274,1528.8600,Wallet,2024-01-18
8831,727.7500,NetBanking,2024-02-22
16611,1661.9100,Card,2024-01-07
17709,1372.3600,Wallet,2024-01-13
18510,208.3800,UPI,2024-01-05
4455,103.6500,NetBanking,2024-01-17
6982,162.1400,Card,2024-02-26
6239,1961.1900,Wallet,2024-02-07
10926,1713.4900,NetBanking,2024-02-22
14029,741.1800,Card,2024-01-28
152,1036.2900,NetBanking,2024-01-27
12412,1840.3400,Wallet,2024-02-11
15839,1058.9100,NetBanking,2024-02-14
14953,726.7100,NetBanking,2024-01-01
16006,1824.7500,Card,2024-01-30
8151,549.0800,Wallet,2024-02-14
3193,1833.2000,Wallet,2024-02-19
7783,352.1700,Wallet,2024-01-22
5543,1450.9200,UPI,2024-02-26
361,1933.4900,Wallet,2024-01-08
7889,610.2100,Card,2024-02-27
15591,522.5300,Card,2024-02-20
17566,1994.6800,Card,2024-02-09
7144,1056.6700,UPI,2024-01-05
19250,821.5200,NetBanking,2024-02-08
14614,1315.3800,UPI,2024-01-02
17707,1017.4300,Wallet,2024-01-04
8476,1490.4800,Wallet,2024-02-02
1003,1232.3100,Wallet,2024-02-12
5660,1143.2200,Wallet,2024-01-14
17215,695.1300,UPI,2024-01-04
7463,1872.4100,NetBanking,2024-02-28
10909,1069.2700,UPI,2024-01-11
12220,1844.5000,UPI,2024-02-15
18827,1704.1500,UPI,2024-02-19
111,1476.6000,NetBanking,2024-02-24
6954,278.6000,NetBanking,2024-01-17
16420,1725.9100,Wallet,2024-02-05
15050,525.4700,Card,2024-01-01
3728,750.0200,NetBanking,2024-02-14
15243,201.7800,UPI,2024-01-07
2022,1875.3000,Card,2024-01-09
9254,386.5800,Wallet,2024-01-07
14117,1127.5200,NetBanking,2024-01-31
7666,736.1700,Card,2024-01-09
14190,916.1200,Wallet,2024-01-04
19623,1497.2700,Wallet,2024-02-20
13850,1119.6700,NetBanking,2024-01-07
6481,234.8700,Card,2024-01-27
15963,1545.5700,Wallet,2024-01-14
8002,400.4500,Card,2024-02-03
9153,1053.3200,Card,2024-01-10
5210,608.6300,Card,2024-01-26
2498,890.6000,NetBanking,2024-01-12
18323,1022.6700,Card,2024-01-16
17493,1341.7000,UPI,2024-02-15
10784,1172.2400,Wallet,2024-01-21
12133,1150.2300,NetBanking,2024-01-16
2479,650.2100,NetBanking,2024-02-14
13746,461.7000,Wallet,2024-01-08
5689,1684.9200,Card,2024-02-26
16725,307.9600,Card,2024-01-20
6465,508.8900,Card,2024-02-07
7685,717.1000,Card,2024-01-09
14078,602.5000,NetBanking,2024-02-14
10295,1481.6700,NetBanking,2024-02-19
13142,673.4800,Card,2024-01-22
17684,1751.7800,Wallet,2024-01-02
14234,1740.2900,UPI,2024-01-19
11299,988.0900,Wallet,2024-02-10
4359,633.3700,NetBanking,2024-02-10
173,1056.0900,UPI,2024-02-18
19831,1483.5200,Wallet,2024-01-05
19168,404.7700,NetBanking,2024-01-13
16715,265.0900,Card,2024-01-12
16513,163.0800,Card,2024-02-01
19193,1993.8400,Wallet,2024-01-22
14857,1587.6600,NetBanking,2024-02-01
2496,514.7300,NetBanking,2024-02-17
11727,1312.7500,UPI,2024-02-19
11501,1579.0100,UPI,2024-02-22
19198,446.9600,NetBanking,2024-01-13
893,1510.7100,Card,2024-02-05
4776,1886.6600,NetBanking,2024-01-09
3890,854.4500,UPI,2024-02-11
13102,1653.2900,Wallet,2024-01-09
16983,272.3300,Card,2024-01-09
13254,1150.5800,Wallet,2024-02-15
5835,1540.3800,Card,2024-03-01
372,152.2000,UPI,2024-02-14
17593,1946.5000,Card,2024-02-29
11349,1016.1400,Card,2024-01-21
18156,275.3200,UPI,2024-01-24
11773,1678.1200,UPI,2024-01-17
19558,1740.3800,NetBanking,2024-02-13
7194,1357.6700,Wallet,2024-01-24
8162,1602.0800,Wallet,2024-01-05
14562,1256.9000,Card,2024-02-10
12454,838.3700,Wallet,2024-02-01
7938,968.8600,Card,2024-02-28
17414,200.9800,NetBanking,2024-02-29
364,587.2200,Card,2024-02-16
15965,1666.5600,Wallet,2024-01-13
2357,1237.6000,Wallet,2024-01-09
9696,1095.8700,Card,2024-02-26
19395,1337.8300,Card,2024-01-31
1140,261.0100,UPI,2024-01-13
5681,1244.7600,Card,2024-01-14
18932,372.3400,Wallet,2024-02-26
11150,123.0600,UPI,2024-01-31
10760,409.6300,Card,2024-01-24
3543,112.5800,Wallet,2024-02-22
4042,235.5600,NetBanking,2024-01-11
19844,1439.1700,NetBanking,2024-01-01
14312,1121.3800,NetBanking,2024-02-28
15489,744.9900,NetBanking,2024-01-19
11339,640.4200,Wallet,2024-02-29
15333,538.8900,Card,2024-01-13
18532,151.7100,NetBanking,2024-02-28
1260,1880.7900,UPI,2024-01-13
3481,1269.5000,NetBanking,2024-02-19
14596,1371.9000,NetBanking,2024-01-13
6925,410.4800,Wallet,2024-03-01
1713,1443.8200,UPI,2024-01-18
10587,1246.1700,NetBanking,2024-02-21
50,503.4900,Card,2024-01-02
17149,1881.9300,UPI,2024-02-02
19204,221.5400,NetBanking,2024-02-18
3450,648.8900,Card,2024-02-02
6249,395.7200,Wallet,2024-01-07
3353,450.4400,UPI,2024-01-15
15094,214.5200,Card,2024-01-24
7974,1252.3500,Card,2024-01-20
17448,1853.9100,NetBanking,2024-01-02
5880,894.2500,NetBanking,2024-02-22
89,332.0800,Wallet,2024-01-08
8770,888.1800,NetBanking,2024-02-20
5391,402.6500,Card,2024-01-03
2170,1346.3400,Card,2024-01-20
10234,1338.9200,Card,2024-02-02
13585,1238.6700,UPI,2024-01-17
2815,257.8100,UPI,2024-01-05
4680,1005.0100,Wallet,2024-02-21
2558,181.6400,Wallet,2024-02-28
12526,1280.9700,Card,2024-02-12
7759,1075.5900,UPI,2024-01-01
5812,623.0000,UPI,2024-01-18
9198,291.7400,UPI,2024-01-05
9969,1211.0800,Wallet,2024-02-27
10316,1443.7100,Wallet,2024-01-15
7760,312.2500,UPI,2024-01-19
11222,1985.7000,UPI,2024-01-12
7950,436.5400,NetBanking,2024-01-03
5552,1522.4400,Card,2024-02-21
1768,1977.8700,Wallet,2024-02-28
16165,577.2200,Wallet,2024-01-03
1213,434.9000,Wallet,2024-01-18
6585,807.1200,Wallet,2024-01-27
4936,1879.7000,Card,2024-01-11
1450,1753.0600,Wallet,2024-01-07
6810,1712.5800,UPI,2024-02-18
14378,267.8900,NetBanking,2024-01-26
13798,1826.5800,Wallet,2024-01-28
4557,1955.5100,NetBanking,2024-01-28
19989,781.7200,Card,2024-01-26
13611,1788.8900,Wallet,2024-02-14
639,371.9500,Card,2024-01-11
17299,1441.4000,UPI,2024-01-25
1151,1418.3400,Wallet,2024-02-27
16064,229.5700,NetBanking,2024-01-10
11544,1891.5200,NetBanking,2024-02-09
8319,101.1200,Card,2024-02-24
9281,569.7100,UPI,2024-01-12
17423,162.6600,UPI,2024-02-26
18239,863.5400,UPI,2024-01-31
14565,1782.3700,UPI,2024-01-04
16916,1469.4400,Wallet,2024-01-02
13314,854.1800,UPI,2024-02-26
7912,1842.7600,UPI,2024-01-03
19335,113.0400,UPI,2024-01-15
17503,1966.2000,Card,2024-02-21
1364,245.7900,UPI,2024-01-20
17335,1944.3200,Wallet,2024-01-15
3090,262.6900,UPI,2024-01-19
84,1097.2400,Wallet,2024-01-08
19096,1945.4300,Card,2024-01-07
14805,1588.6600,UPI,2024-01-01
17605,1415.9400,Card,2024-02-26
5669,1003.2100,Card,2024-01-20
4566,1974.8200,NetBanking,2024-01-23
13367,1208.9000,NetBanking,2024-02-29
18409,1459.1600,NetBanking,2024-01-08
617,633.3200,NetBanking,2024-02-16
4314,1388.3600,UPI,2024-02-19
19464,719.4300,Card,2024-01-29
7465,983.1600,Wallet,2024-02-18
11163,1630.5500,UPI,2024-02-29
19362,291.9900,NetBanking,2024-02-03
4851,1880.8900,NetBanking,2024-02-11
8022,862.5800,Wallet,2024-01-07
11468,912.3500,Wallet,2024-01-25
4486,1808.7700,NetBanking,2024-01-20
17618,1081.9400,Card,2024-02-25
3171,1814.3500,Wallet,2024-02-13
4209,1865.8200,Wallet,2024-01-31
1666,625.0600,UPI,2024-01-30
8577,1168.5300,Wallet,2024-01-23
19663,955.3900,Card,2024-01-04
6628,1245.9600,Card,2024-02-09
8652,1389.0700,Card,2024-03-01
3377,870.1700,UPI,2024-02-26
16929,699.5500,UPI,2024-01-21
10434,480.9400,Card,2024-01-20
17983,377.6700,Wallet,2024-02-07
5585,1163.0900,Wallet,2024-02-24
9768,682.1900,Card,2024-02-29
1641,1435.4100,NetBanking,2024-02-15
1077,293.8800,Card,2024-03-01
6416,712.9000,Card,2024-01-09
19350,1399.7900,Wallet,2024-02-07
14226,1915.3900,NetBanking,2024-02-23
12690,1733.6000,Card,2024-01-06
8355,1967.7700,Card,2024-01-06
11608,795.7400,Card,2024-01-06
498,637.6900,Card,2024-01-03
104,1428.2200,Wallet,2024-01-09
10914,1176.9200,NetBanking,2024-02-04
3264,608.4800,NetBanking,2024-01-12
6362,418.7700,Card,2024-01-29
15090,1864.5400,Card,2024-01-16
18531,737.3700,NetBanking,2024-01-18
17524,1206.9300,Wallet,2024-02-19
19913,163.5100,NetBanking,2024-02-17
9653,622.2200,Card,2024-01-12
11035,745.1700,UPI,2024-01-03
17821,1827.8900,NetBanking,2024-01-01
2905,1497.1400,Card,2024-01-17
12616,1985.0300,Wallet,2024-02-12
3751,1771.7800,Card,2024-02-13
9218,639.5400,Wallet,2024-02-26
12963,735.1100,Card,2024-01-24
1157,373.5600,UPI,2024-02-08
11665,1272.6600,NetBanking,2024-01-24
15424,1450.0600,Wallet,2024-02-11
2650,1139.1700,Wallet,2024-01-11
17631,1182.3600,UPI,2024-02-07
9100,478.2100,Card,2024-02-24
7371,1539.9200,NetBanking,2024-02-29
8104,417.2400,NetBanking,2024-01-26
3487,1911.4300,NetBanking,2024-01-29
8676,147.1200,Card,2024-02-03
8583,1595.2100,Wallet,2024-01-09
15943,970.8600,Wallet,2024-02-20
17544,1376.9500,Card,2024-02-03
545,1073.5300,Wallet,2024-01-10
1626,1861.1600,UPI,2024-02-09
6164,1313.1800,UPI,2024-01-23
17016,317.8700,UPI,2024-02-29
14766,234.4100,UPI,2024-01-16
19552,1320.1900,Wallet,2024-02-23
5821,983.7700,NetBanking,2024-02-05
18799,448.4000,Card,2024-01-20
8100,1008.2000,NetBanking,2024-01-31
15602,271.7300,Wallet,2024-02-22
250,607.2600,UPI,2024-02-20
18112,416.5400,NetBanking,2024-02-02
16268,1431.5800,Wallet,2024-01-25
17804,1146.6500,Wallet,2024-02-18
18897,1719.1400,Card,2024-01-09
1033,145.0600,UPI,2024-01-10
12830,1455.0600,Wallet,2024-01-05
12691,1017.8100,NetBanking,2024-01-31
1294,512.8500,Wallet,2024-01-26
6303,1297.1200,Card,2024-01-23
2339,423.7400,Card,2024-01-18
13640,1361.5900,Card,2024-02-05
3919,285.8800,Card,2024-01-27
19513,939.2800,Card,2024-02-04
11526,1882.0000,Wallet,2024-02-24
3145,1672.2500,Card,2024-02-18
13289,1179.1900,Card,2024-01-11
452,1201.0200,UPI,2024-01-29
19661,1556.2700,Card,2024-02-22
1100,577.2600,Wallet,2024-02-27
18776,981.8200,NetBanking,2024-01-31
647,1812.1600,UPI,2024-01-07
11635,1187.1400,NetBanking,2024-02-19
14699,792.6600,NetBanking,2024-01-22
1968,1279.9000,UPI,2024-01-06
4560,1070.9500,UPI,2024-03-01
12225,224.1900,Wallet,2024-01-01
11464,1411.4100,Wallet,2024-02-04
19922,1779.9200,Card,2024-02-28
17671,985.1200,UPI,2024-01-08
2658,1470.1800,Wallet,2024-02-14
9922,310.5500,UPI,2024-02-13
6902,1743.8600,NetBanking,2024-02-15
8986,890.9200,Card,2024-02-14
2913,196.0700,Wallet,2024-01-17
9881,823.5000,Wallet,2024-01-25
6753,1846.8900,NetBanking,2024-01-06
4956,1279.4700,Wallet,2024-02-04
12347,256.0300,NetBanking,2024-02-25
19795,1549.4100,UPI,2024-01-15
9285,137.3700,NetBanking,2024-01-04
13008,332.1500,Card,2024-01-28
51,357.5400,Wallet,2024-02-18
16614,1430.9400,NetBanking,2024-02-05
12509,1004.6900,Wallet,2024-01-09
3234,1602.1900,UPI,2024-02-13
19225,1278.0200,Card,2024-02-21
14006,638.5700,UPI,2024-01-13
9152,1194.5300,NetBanking,2024-01-26
3448,556.1100,UPI,2024-02-15
4980,624.9100,Card,2024-02-06
14689,1707.2100,NetBanking,2024-02-26
14866,1619.1900,Card,2024-01-13
14542,905.7300,Wallet,2024-02-24
13656,647.7200,Card,2024-02-22
16163,1550.6500,NetBanking,2024-02-19
19478,924.7800,Card,2024-01-23
17854,1992.5500,UPI,2024-02-16
11972,686.3600,Wallet,2024-02-02
3790,1781.1100,Wallet,2024-02-24
16369,107.3900,UPI,2024-02-05
16643,1876.7500,Wallet,2024-02-16
15581,461.1800,Wallet,2024-01-01
14026,512.3000,Wallet,2024-01-27
16238,361.3300,UPI,2024-02-29
14391,1803.2200,Wallet,2024-02-16
3572,1508.6800,Wallet,2024-02-09
781,661.5300,NetBanking,2024-02-17
6755,331.4400,Card,2024-01-27
16661,1837.2300,Card,2024-02-21
6050,1201.0400,UPI,2024-02-04
9463,669.3100,NetBanking,2024-01-07
2975,1327.3400,Wallet,2024-02-12
17582,396.2400,NetBanking,2024-02-23
5727,1784.9200,UPI,2024-01-22
14437,330.5700,Wallet,2024-02-09
543,1006.9100,UPI,2024-02-02
2004,203.0900,UPI,2024-02-23
10758,1844.6100,NetBanking,2024-01-22
989,1308.5800,NetBanking,2024-01-12
12948,583.4900,UPI,2024-01-31
19163,1871.7200,Card,2024-01-04
6498,1522.6700,UPI,2024-02-29
17753,1556.2800,Wallet,2024-02-06
15504,754.4400,UPI,2024-02-07
1717,1357.2100,NetBanking,2024-01-22
11714,543.6200,Wallet,2024-01-21
15144,579.5300,NetBanking,2024-01-30
355,506.8100,Card,2024-01-22
8684,1980.9700,UPI,2024-02-18
18563,1996.5600,Wallet,2024-02-12
1072,1788.6300,Wallet,2024-01-19
2847,1812.6600,Wallet,2024-01-09
1699,1667.7700,Wallet,2024-01-11
4321,732.7400,NetBanking,2024-02-29
16371,562.4400,Wallet,2024-02-27
49,1353.3300,UPI,2024-02-12
15946,733.5500,Card,2024-01-18
4317,803.9000,NetBanking,2024-01-26
17628,1386.6200,UPI,2024-01-15
1018,1075.4800,Card,2024-01-16
11223,1837.1000,NetBanking,2024-01-02
5104,182.0000,NetBanking,2024-02-04
18158,1650.7500,Card,2024-02-18
13572,1416.9000,Wallet,2024-01-26
17292,1319.4400,UPI,2024-01-02
181,1526.2800,NetBanking,2024-01-24
3365,1613.6700,NetBanking,2024-02-01
9006,658.1400,Card,2024-01-22
121,605.2300,Wallet,2024-01-03
7391,1372.9000,UPI,2024-01-22
6887,862.3700,UPI,2024-02-18
6779,1923.8000,UPI,2024-02-06
5438,1412.5100,Card,2024-01-10
6184,1703.2400,Wallet,2024-02-09
8099,609.3200,Wallet,2024-01-16
17906,286.6300,Wallet,2024-01-28
16596,1980.7100,NetBanking,2024-01-05
19255,810.5300,Wallet,2024-01-25
18572,1827.5300,NetBanking,2024-01-27
16137,1857.0200,NetBanking,2024-01-12
12287,1457.0300,NetBanking,2024-01-05
18778,461.3500,UPI,2024-02-24
18822,1502.7500,NetBanking,2024-02-11
8692,507.9700,Wallet,2024-01-22
9433,543.0800,UPI,2024-01-20
10266,448.6100,Card,2024-01-20
8825,1121.8000,NetBanking,2024-02-20
17636,1697.0900,Card,2024-02-07
16682,194.4500,UPI,2024-01-15
12083,463.1700,NetBanking,2024-02-06
4602,1358.6000,UPI,2024-02-02
8356,1303.5200,Wallet,2024-02-21
2795,246.0700,Wallet,2024-02-19
10256,1146.9500,NetBanking,2024-01-08
5972,1560.8300,Wallet,2024-02-06
3916,135.4800,UPI,2024-01-04
12229,704.1100,Card,2024-01-13
1919,1498.1800,Wallet,2024-01-15
7361,1206.2000,UPI,2024-02-12
14024,1214.8000,Wallet,2024-02-11
16976,1712.0600,UPI,2024-01-13
11362,1892.1700,Wallet,2024-01-30
9257,218.7900,Card,2024-02-09
8126,368.1100,NetBanking,2024-01-23
10017,1345.0700,NetBanking,2024-01-09
6246,1683.0000,Wallet,2024-01-27
16693,1146.4800,Card,2024-01-21
4749,1416.5200,Wallet,2024-01-28
117,1081.9300,NetBanking,2024-02-10
17769,1923.6100,NetBanking,2024-01-14
11503,1002.2800,UPI,2024-02-11
1531,1058.1800,Wallet,2024-01-03
19100,936.5900,Card,2024-01-31
3156,1606.1000,Wallet,2024-01-16
14564,770.1400,Card,2024-02-02
9383,1055.3100,Card,2024-02-09
17888,979.3900,UPI,2024-01-30
2073,1458.6400,Wallet,2024-01-06
5167,1584.5600,NetBanking,2024-01-15
1630,1156.9200,Card,2024-02-09
14152,640.0600,Card,2024-01-21
17974,1093.8000,UPI,2024-01-08
6120,1960.9800,Card,2024-02-24
8195,285.6600,NetBanking,2024-02-06
14201,1099.3100,Wallet,2024-02-14
5126,1266.8400,UPI,2024-02-02
14999,1500.9800,UPI,2024-02-01
19943,1475.8900,UPI,2024-02-11
2388,168.5700,UPI,2024-02-11
3698,154.6100,Card,2024-01-25
9833,713.5500,NetBanking,2024-02-14
805,1255.2000,Wallet,2024-01-22
16747,1783.6800,Card,2024-02-20
15365,801.0900,NetBanking,2024-02-14
4569,234.3700,Wallet,2024-02-02
16397,1264.3700,Wallet,2024-01-06
1149,850.1900,Card,2024-02-16
3434,1603.9600,Wallet,2024-01-14
7173,1133.3500,UPI,2024-02-26
7871,1997.8200,NetBanking,2024-01-14
13054,1006.2000,Card,2024-01-04
1379,170.3700,Card,2024-01-23
13235,1120.9000,NetBanking,2024-01-15
19059,1304.3300,Card,2024-02-05
13790,383.6100,Wallet,2024-01-02
15953,1082.5800,Card,2024-02-11
1337,218.8800,Wallet,2024-01-06
18942,1639.1100,UPI,2024-01-09
239,1165.1700,Wallet,2024-01-13
8760,1746.0200,Wallet,2024-02-20
3792,1309.5600,Wallet,2024-02-16
13912,392.1600,NetBanking,2024-02-20
15154,1838.9300,Card,2024-01-25
8604,923.9200,Wallet,2024-01-06
19728,1603.8300,NetBanking,2024-02-16
13467,1670.2800,Wallet,2024-02-24
79,1791.0200,UPI,2024-01-13
259,1326.9100,NetBanking,2024-02-22
18615,1218.1900,NetBanking,2024-02-10
5701,1549.3400,NetBanking,2024-01-09
11807,657.4800,UPI,2024-02-14
9998,169.7400,Card,2024-01-09
14217,595.6800,UPI,2024-03-01
7671,521.0500,Wallet,2024-02-06
335,1627.7900,Wallet,2024-01-27
228,944.0100,UPI,2024-02-12
12813,202.7100,NetBanking,2024-02-08
15545,641.4300,UPI,2024-02-26
2456,1019.8400,Wallet,2024-01-16
827,1048.9700,Card,2024-02-07
17190,358.1500,Card,2024-02-26
8043,1712.3600,Card,2024-01-23
10232,791.0000,Card,2024-01-15
9815,718.5100,Wallet,2024-02-06
14959,715.8500,Card,2024-01-16
16536,1053.3900,UPI,2024-01-22
2009,580.5100,NetBanking,2024-02-07
7788,1180.4400,UPI,2024-01-01
15309,1495.0000,UPI,2024-02-26
1782,595.8500,NetBanking,2024-02-04
2140,102.7300,UPI,2024-01-17
9192,434.4600,Wallet,2024-02-20
16209,1441.6500,UPI,2024-01-23
93,1420.4600,UPI,2024-02-25
1305,554.2200,NetBanking,2024-02-27
17853,199.7000,Card,2024-01-12
5925,1055.6500,Card,2024-02-03
11476,1853.6100,UPI,2024-01-20
3441,1199.6300,UPI,2024-02-22
2572,1371.5600,Wallet,2024-02-08
13827,1084.6100,Card,2024-01-06
4411,1497.7000,Wallet,2024-02-04
4179,1150.7000,Card,2024-02-15
6519,466.3200,Wallet,2024-01-02
4124,244.9500,Wallet,2024-02-07
1071,758.3400,Wallet,2024-01-17
7575,1472.1900,NetBanking,2024-02-02
4900,364.3500,UPI,2024-02-28
13687,1756.2800,Card,2024-03-01
12508,1532.7900,Wallet,2024-02-24
1734,1796.1900,Card,2024-02-12
2675,682.7800,Wallet,2024-01-31
12005,499.9900,Card,2024-02-07
2434,727.8600,NetBanking,2024-02-21
5180,817.0900,NetBanking,2024-02-01
19003,218.1500,Wallet,2024-01-16
1648,1185.4800,Wallet,2024-01-23
10887,1839.8100,NetBanking,2024-01-24
2659,198.9200,UPI,2024-01-15
1480,414.8700,UPI,2024-01-22
443,1466.9900,NetBanking,2024-01-18
10047,1377.0900,Card,2024-02-06
9266,157.3600,UPI,2024-01-21
2651,1157.6500,NetBanking,2024-02-03
13540,377.1600,NetBanking,2024-01-22
7388,1020.6400,UPI,2024-01-15
1595,760.3400,Card,2024-01-24
7652,128.9600,Card,2024-02-17
9757,313.6700,UPI,2024-02-22
15335,1635.7200,Wallet,2024-02-21
5601,905.4900,Card,2024-01-15
14052,458.4200,UPI,2024-02-16
13178,1063.6500,Card,2024-01-13
11997,371.6300,UPI,2024-02-27
4789,943.6300,Card,2024-02-05
6827,1001.8900,NetBanking,2024-01-15
17834,321.3400,NetBanking,2024-01-20
12956,729.1100,Card,2024-01-15
3097,521.8200,UPI,2024-01-08
11732,1869.1500,NetBanking,2024-01-08
19427,610.9300,NetBanking,2024-01-22
19690,400.8600,NetBanking,2024-01-14
12,1294.4000,NetBanking,2024-01-15
9047,1176.6000,NetBanking,2024-01-01
11716,1085.0000,UPI,2024-01-21
15880,178.2600,NetBanking,2024-01-19
5721,608.0600,NetBanking,2024-02-28
15907,1087.2800,NetBanking,2024-01-12
14843,1139.9700,Card,2024-02-04
7116,787.7500,NetBanking,2024-01-17
5225,1736.1300,UPI,2024-01-26
5432,1410.4900,Card,2024-02-11
16732,1533.9400,UPI,2024-01-29
1644,255.2500,Wallet,2024-01-15
8791,1889.4500,NetBanking,2024-02-23
4969,1707.6800,UPI,2024-02-14
1651,1698.1000,UPI,2024-01-15
7122,508.0400,Wallet,2024-01-28
924,1843.9700,Wallet,2024-01-30
4993,1203.5800,UPI,2024-02-02
14913,1411.1700,Wallet,2024-02-21
13745,1307.3000,Wallet,2024-02-24
3532,1841.1100,NetBanking,2024-01-25
2230,552.9100,UPI,2024-02-16
153,1493.7100,Wallet,2024-02-26
3151,1553.6600,Wallet,2024-02-26
2117,1615.4100,Card,2024-01-21
18567,859.6100,Wallet,2024-02-13
16270,1520.9400,Card,2024-01-25
1618,1153.4000,Wallet,2024-01-03
159,1774.8700,NetBanking,2024-01-27
6142,469.5000,UPI,2024-02-23
12696,719.5500,UPI,2024-02-05
9475,635.9500,UPI,2024-01-16
2119,786.1700,NetBanking,2024-02-27
19309,1944.9500,Card,2024-01-31
4917,828.8500,UPI,2024-01-21
17322,1820.1200,NetBanking,2024-01-16
849,610.1600,UPI,2024-01-22
3257,1484.7800,Wallet,2024-02-01
751,383.0100,Card,2024-01-10
13025,1343.1000,UPI,2024-01-22
18537,1818.2800,Wallet,2024-02-05
3348,588.3800,Wallet,2024-02-07
16903,1397.7300,UPI,2024-01-14
8490,523.6900,Card,2024-01-13
15053,1914.9900,Wallet,2024-02-20
12575,613.2900,Card,2024-02-21
16341,755.5100,UPI,2024-02-25
6849,898.5700,UPI,2024-01-31
9120,297.6000,NetBanking,2024-02-04
5111,1230.0900,Card,2024-02-15
12913,1925.1300,UPI,2024-02-28
9386,700.4300,NetBanking,2024-01-24
19068,1181.3600,NetBanking,2024-02-09
2519,1074.0600,UPI,2024-02-08
14405,1526.8500,Wallet,2024-02-15
8582,1795.0700,UPI,2024-01-25
702,977.0100,NetBanking,2024-01-22
8944,1881.2500,Wallet,2024-02-15
3660,1971.3500,NetBanking,2024-02-08
16352,668.2500,Card,2024-02-25
1347,286.3700,NetBanking,2024-01-18
3325,716.0700,Card,2024-02-08
5786,1331.1400,NetBanking,2024-03-01
2872,1485.4500,NetBanking,2024-02-28
12335,314.8300,Wallet,2024-01-12
17933,438.1500,NetBanking,2024-02-18
13841,1682.3100,UPI,2024-03-01
255,1714.4900,NetBanking,2024-01-20
10242,1296.8200,NetBanking,2024-02-15
9494,1473.5600,Wallet,2024-01-18
11702,921.5300,Wallet,2024-01-31
706,707.4700,UPI,2024-02-08
4118,640.0400,UPI,2024-01-05
14042,1754.9000,Wallet,2024-01-08
11795,1202.4600,NetBanking,2024-02-12
2706,1363.5200,UPI,2024-01-05
4676,1855.8800,Wallet,2024-02-19
12957,1669.9000,Card,2024-02-14
3271,695.7800,Card,2024-01-08
7546,327.3900,NetBanking,2024-02-26
230,814.8800,Card,2024-01-22
2505,1797.0400,Card,2024-02-28
13807,325.8800,UPI,2024-01-17
8600,358.2800,NetBanking,2024-02-14
17038,1424.9000,NetBanking,2024-01-20
6662,617.6100,Card,2024-02-09
19364,1936.8400,Card,2024-01-19
6971,1730.9000,Card,2024-02-18
13132,574.0100,Wallet,2024-02-16
19932,745.5600,UPI,2024-01-17
3227,1725.4200,NetBanking,2024-01-13
10483,1143.1700,UPI,2024-02-13
16778,163.6800,UPI,2024-02-17
16764,714.2800,Wallet,2024-01-24
6909,1677.5000,Wallet,2024-01-15
521,1623.4600,NetBanking,2024-01-04
5563,1284.5800,Card,2024-01-06
11245,1109.3100,NetBanking,2024-01-02
15689,1432.9100,UPI,2024-01-17
19789,1371.6700,NetBanking,2024-02-08
12939,423.4600,NetBanking,2024-02-24
13950,1699.0200,Wallet,2024-02-29
17735,1882.0500,NetBanking,2024-02-06
557,1541.7200,NetBanking,2024-02-20
17509,150.6800,UPI,2024-02-08
448,221.3300,NetBanking,2024-01-06
1446,1598.7300,UPI,2024-02-19
14868,1305.8500,UPI,2024-02-09
1876,1089.9300,Wallet,2024-02-21
18788,1980.7800,Wallet,2024-02-13
17958,733.5700,UPI,2024-02-23
1890,1754.0700,NetBanking,2024-02-09
3793,1535.9100,Card,2024-01-25
18816,585.1400,NetBanking,2024-01-15
19459,1959.4700,NetBanking,2024-02-29
15607,614.9000,Wallet,2024-02-06
6602,919.8000,Wallet,2024-02-22
1241,755.0700,Card,2024-01-16
894,781.1500,Card,2024-02-11
2864,1099.1100,NetBanking,2024-01-18
411,1041.0100,Card,2024-02-08
14019,517.8200,UPI,2024-01-30
14942,331.0800,NetBanking,2024-02-21
10253,1313.6700,UPI,2024-01-11
15018,1345.3600,NetBanking,2024-02-28
2139,1264.4200,UPI,2024-01-26
14711,1696.7900,Wallet,2024-02-25
18106,1299.7500,NetBanking,2024-03-01
17600,901.7600,UPI,2024-01-26
12931,1582.9500,NetBanking,2024-02-28
18702,818.2900,Wallet,2024-01-15
637,1125.8800,UPI,2024-02-14
7053,1769.0800,NetBanking,2024-02-23
17367,1850.5400,UPI,2024-02-09
3059,1644.5900,UPI,2024-01-25
8337,1142.9200,Wallet,2024-01-01
8925,752.9900,Card,2024-01-21
13166,150.5000,Wallet,2024-01-10
5774,1067.2800,UPI,2024-01-07
11873,1764.7700,Wallet,2024-02-27
17672,402.2900,Card,2024-02-07
6715,571.0100,Card,2024-02-03
13854,1119.2400,Wallet,2024-02-26
10536,1494.7700,Card,2024-01-16
15429,1368.0800,NetBanking,2024-01-18
12816,745.0500,UPI,2024-01-19
3887,492.8200,Wallet,2024-02-18
4613,320.5500,UPI,2024-01-19
12560,981.3200,UPI,2024-01-07
19736,946.7400,Card,2024-02-15
9507,601.2900,Card,2024-02-13
10497,776.6000,Card,2024-01-05
14207,825.5400,UPI,2024-02-09
11129,936.2800,Card,2024-02-17
3329,1154.9900,Wallet,2024-01-24
14298,773.5900,Card,2024-01-11
19051,1876.5700,Wallet,2024-02-18
18055,680.7500,NetBanking,2024-02-29
9012,264.2600,Wallet,2024-01-20
1599,473.6300,Wallet,2024-02-16
14440,1496.2900,NetBanking,2024-01-04
2354,652.1600,NetBanking,2024-02-25
13022,599.9500,UPI,2024-02-22
11149,1401.8300,NetBanking,2024-02-21
3937,1086.2500,Wallet,2024-01-07
18689,1712.7300,UPI,2024-01-08
1724,153.0000,Card,2024-02-02
6078,908.1900,NetBanking,2024-01-28
18587,1595.6800,Card,2024-01-17
11600,802.3800,Card,2024-02-13
1175,1861.7200,UPI,2024-01-30
11620,1154.3300,UPI,2024-01-24
2691,1997.8200,Wallet,2024-01-23
16051,1398.2700,Card,2024-02-18
7644,1839.2600,Card,2024-02-20
18979,125.1300,Wallet,2024-01-21
2628,1653.7900,Card,2024-01-07
13795,1042.3000,Card,2024-01-07
3251,1502.7300,UPI,2024-01-18
5826,994.8300,Card,2024-01-01
13815,465.6800,Wallet,2024-01-14
12636,1039.1500,Card,2024-02-04
18757,886.8600,Wallet,2024-01-17
4369,1181.6000,Wallet,2024-02-28
17060,1397.2000,Wallet,2024-01-15
12236,269.4700,Wallet,2024-01-25
4282,1056.3900,NetBanking,2024-02-01
14873,1203.4500,NetBanking,2024-02-29
2108,1566.0600,UPI,2024-02-11
9355,1320.1300,Card,2024-01-11
18085,1656.0300,Card,2024-02-02
16575,665.4800,UPI,2024-01-01
13461,161.3900,Wallet,2024-02-25
8584,1123.2200,NetBanking,2024-02-08
8681,1710.4300,Card,2024-02-08
984,413.9700,NetBanking,2024-01-23
2090,1602.6700,Card,2024-01-01
1942,1341.3500,NetBanking,2024-01-30
17446,719.3200,UPI,2024-01-03
7040,328.6400,Wallet,2024-02-28
1076,378.0700,Wallet,2024-01-04
554,1976.1800,UPI,2024-02-28
1063,533.8500,NetBanking,2024-02-26
6637,1291.6800,Wallet,2024-01-20
15015,156.5100,Card,2024-02-08
16210,1609.8800,UPI,2024-01-26
6434,1291.5600,Wallet,2024-01-11
19575,1257.9900,UPI,2024-01-07
2382,544.8500,NetBanking,2024-02-14
950,1060.5100,Wallet,2024-01-06
12343,1141.4000,Wallet,2024-01-17
807,740.7900,NetBanking,2024-01-28
434,560.5200,Card,2024-01-11
1958,1847.9900,NetBanking,2024-01-21
18692,1583.7200,Wallet,2024-02-23
5856,732.0100,UPI,2024-01-08
1937,881.4500,Wallet,2024-02-11
11391,528.7900,Wallet,2024-01-11
10598,1022.0400,Wallet,2024-01-17
15941,532.3900,Card,2024-02-07
15558,706.0900,UPI,2024-01-30
2941,1610.1300,Wallet,2024-01-10
10672,937.6900,Card,2024-03-01
4189,1662.0200,UPI,2024-01-04
17599,2296.2400,NetBanking,2024-01-26
6085,1561.3500,Card,2024-02-18
4089,453.5000,NetBanking,2024-01-10
2705,972.4000,Card,2024-02-01
13074,1489.4700,NetBanking,2024-02-04
14611,1413.8000,Card,2024-01-23
2383,424.7600,Card,2024-02-06
3971,1051.8200,NetBanking,2024-02-25
3845,924.2900,Wallet,2024-02-22
229,1268.5400,UPI,2024-02-18
4586,1199.4700,Card,2024-01-14
9358,1942.3900,UPI,2024-01-11
6412,414.0000,Card,2024-01-07
4646,241.5100,Wallet,2024-01-04
10210,827.4500,UPI,2024-01-06
14072,736.4700,Wallet,2024-02-27
13869,1022.7200,Card,2024-01-26
10393,1505.1700,UPI,2024-02-18
5365,1297.8400,UPI,2024-01-26
1739,1452.9800,UPI,2024-01-03
11466,153.6700,UPI,2024-02-19
2259,2329.1800,NetBanking,2024-01-21
12611,1991.3400,Card,2024-01-04
13373,1539.5800,Wallet,2024-02-01
3624,1377.4700,Wallet,2024-02-19
14673,1768.5400,NetBanking,2024-02-09
18505,897.9900,Wallet,2024-01-07
14199,911.0400,UPI,2024-01-07
19530,744.3000,Wallet,2024-02-01
11278,846.2400,Wallet,2024-01-18
4843,910.4000,Card,2024-01-30
18726,827.4200,Card,2024-01-30
2074,880.6900,UPI,2024-02-19
10560,1578.6500,UPI,2024-01-18
15370,729.6700,Wallet,2024-01-03
11387,1098.6600,Wallet,2024-01-28
8062,717.8600,Card,2024-02-07
14669,1570.5400,Wallet,2024-01-04
15617,125.4300,Wallet,2024-02-24
4205,1709.4500,Card,2024-02-20
873,1414.3700,Card,2024-02-09
19851,1300.1700,Wallet,2024-01-26
10550,223.3000,Card,2024-01-31
17572,972.4100,Card,2024-01-25
8662,621.4800,UPI,2024-01-17
18325,469.5700,Card,2024-02-07
14357,1050.4800,UPI,2024-02-10
9788,1555.1100,Wallet,2024-01-23
4475,1429.0700,Wallet,2024-03-01
18442,828.8100,Card,2024-02-13
9620,834.2700,UPI,2024-01-25
11423,1464.9900,UPI,2024-01-31
10173,1586.6100,NetBanking,2024-01-02
14414,1793.2700,Card,2024-01-19
5423,1789.0300,UPI,2024-01-19
5315,1558.9000,UPI,2024-02-10
602,771.9400,UPI,2024-01-02
5466,1150.1200,UPI,2024-01-03
16125,162.9500,Card,2024-02-21
2994,272.9500,NetBanking,2024-01-15
10364,1301.4200,UPI,2024-01-20
8949,770.8800,Wallet,2024-01-29
13589,737.5600,UPI,2024-02-26
12909,893.4400,Card,2024-02-20
3729,1657.0300,Card,2024-01-02
354,704.9100,Wallet,2024-01-07
7667,566.5200,UPI,2024-01-21
11044,160.9400,Card,2024-02-20
1772,558.0600,Wallet,2024-01-16
17746,413.7200,UPI,2024-02-26
11762,988.8000,UPI,2024-01-05
3638,818.7900,UPI,2024-02-17
733,1287.1500,NetBanking,2024-02-24
4828,945.1000,Card,2024-01-08
7215,1449.3800,UPI,2024-02-14
14986,1807.1400,UPI,2024-02-18
16579,877.0500,Card,2024-01-03
9474,634.5800,Card,2024-02-13
6873,1700.7800,NetBanking,2024-02-29
5296,291.3200,UPI,2024-01-26
19114,1862.7900,Card,2024-02-01
13046,708.8600,UPI,2024-01-31
15621,1420.7200,Wallet,2024-01-13
12552,1275.3000,UPI,2024-01-17
18552,1269.8300,NetBanking,2024-01-31
15251,395.2200,UPI,2024-01-10
9014,767.4500,NetBanking,2024-01-31
18623,1429.6700,Card,2024-01-29
16373,1886.4300,UPI,2024-02-18
14196,1243.3500,UPI,2024-01-17
15584,1841.9800,Wallet,2024-01-09
2494,869.6000,Card,2024-02-24
16265,232.1200,NetBanking,2024-02-02
9007,1079.7800,Wallet,2024-01-30
15546,511.0800,NetBanking,2024-02-16
16089,1413.7500,UPI,2024-01-28
11042,131.4400,Card,2024-01-12
10049,1957.3100,UPI,2024-02-22
14556,1627.1900,Card,2024-03-01
9909,1847.5000,NetBanking,2024-01-18
7747,201.7700,Wallet,2024-01-08
687,512.3000,Card,2024-01-02
11530,1440.5800,UPI,2024-02-02
15799,707.7800,NetBanking,2024-01-17
13513,571.0600,UPI,2024-02-14
18448,937.6900,NetBanking,2024-01-09
4074,959.2700,Card,2024-02-22
466,647.1800,Card,2024-02-20
2414,389.2400,Wallet,2024-02-25
8161,486.6900,Card,2024-01-17
15482,1153.3400,Wallet,2024-02-21
8952,948.9100,NetBanking,2024-01-01
14470,110.4000,UPI,2024-02-09
3457,764.6000,Wallet,2024-02-17
4992,1696.4600,UPI,2024-02-16
6883,1830.6200,UPI,2024-01-25
12970,1926.3500,Wallet,2024-02-01
12893,270.8600,UPI,2024-02-22
6818,878.4200,Wallet,2024-01-15
6711,2179.1000,Card,2024-02-20
15129,931.7200,Wallet,2024-02-12
14744,219.7800,UPI,2024-01-22
12171,1030.6600,Wallet,2024-02-11
15462,1774.4100,UPI,2024-01-16
13106,727.2700,UPI,2024-02-03
5752,1262.7900,NetBanking,2024-02-17
2116,1963.5600,NetBanking,2024-01-05
12095,293.9900,NetBanking,2024-01-05
14082,1272.2000,Card,2024-01-10
13329,1527.7200,NetBanking,2024-01-21
18230,1459.4100,Wallet,2024-02-08
9327,1055.5300,UPI,2024-01-20
124,446.9900,Card,2024-01-12
16854,1605.0100,NetBanking,2024-01-24
9008,1268.2800,NetBanking,2024-02-12
11233,212.8900,Card,2024-02-05
16042,727.3700,NetBanking,2024-01-14
12759,1997.7100,Wallet,2024-02-27
12192,430.1800,NetBanking,2024-02-06
7849,701.7600,NetBanking,2024-01-08
19742,1616.1900,NetBanking,2024-01-30
179,612.4800,NetBanking,2024-02-10
4515,1185.2500,Card,2024-01-19
10937,252.2300,UPI,2024-02-16
12844,1839.6800,Wallet,2024-02-20
7337,342.5900,Wallet,2024-02-14
4966,331.4600,Card,2024-02-16
18056,1616.6300,UPI,2024-02-25
7167,642.0800,Card,2024-02-04
16600,624.7700,Wallet,2024-02-21
16561,1197.2800,NetBanking,2024-01-15
8940,1035.4500,Wallet,2024-02-08
2393,1667.5200,Card,2024-01-26
9603,1438.8200,NetBanking,2024-02-12
6895,125.2500,UPI,2024-02-18
2446,208.8900,NetBanking,2024-01-12
14263,1802.3300,UPI,2024-01-18
7820,1649.3100,Wallet,2024-01-05
14012,1423.0300,UPI,2024-01-13
15592,224.9000,Card,2024-01-04
18791,1092.3000,NetBanking,2024-01-21
18597,565.4300,Wallet,2024-02-28
11969,1894.9300,NetBanking,2024-01-16
15969,831.6200,Card,2024-02-14
18214,1886.6700,UPI,2024-02-15
6044,207.4700,Card,2024-01-04
14636,1069.0000,Wallet,2024-01-07
7397,1382.5000,Wallet,2024-01-29
19698,471.8300,Card,2024-01-11
10163,972.7900,UPI,2024-03-01
5302,1396.0900,NetBanking,2024-01-04
15091,1186.5300,UPI,2024-02-27
4231,1157.8800,Wallet,2024-02-26
16158,1061.8900,UPI,2024-02-17
11981,469.4700,NetBanking,2024-01-22
544,675.6500,Wallet,2024-02-06
8858,1553.3000,Card,2024-01-01
5319,1665.6100,Wallet,2024-01-11
17626,498.3800,Wallet,2024-01-25
9241,2072.0900,NetBanking,2024-01-22
11428,1077.2600,NetBanking,2024-02-25
4208,1151.4000,Card,2024-02-05
9284,382.5300,NetBanking,2024-02-03
13020,264.3900,Wallet,2024-01-07
4517,711.0800,UPI,2024-02-15
17877,1962.9700,NetBanking,2024-01-06
18616,1481.5100,Card,2024-01-04
9186,255.8500,Wallet,2024-01-31
16777,503.2400,UPI,2024-01-20
3388,1779.1100,UPI,2024-02-05
6494,978.1700,NetBanking,2024-02-12
15551,1879.7600,UPI,2024-02-19
17580,572.4000,Wallet,2024-01-02
18682,1689.2000,Card,2024-02-16
1518,1001.5200,Card,2024-02-02
512,398.4700,NetBanking,2024-01-04
2250,1406.1700,Card,2024-02-06
1468,262.3900,Wallet,2024-01-23
16556,195.7500,Wallet,2024-01-05
8303,1835.6700,Card,2024-02-27
14123,553.0500,Card,2024-02-22
5253,355.3300,UPI,2024-02-23
19669,1906.6200,Wallet,2024-01-26
10178,203.9500,Wallet,2024-01-18
6329,259.1200,Card,2024-02-13
17909,1985.9600,Wallet,2024-01-28
369,1836.8900,NetBanking,2024-02-16
4767,1703.4400,NetBanking,2024-02-04
15654,1310.2400,Wallet,2024-02-29
5041,1124.2500,NetBanking,2024-02-17
16368,792.8700,NetBanking,2024-01-22
19595,743.6500,Card,2024-01-27
10610,493.7400,UPI,2024-01-30
6019,748.2400,UPI,2024-01-08
1380,1318.7400,NetBanking,2024-01-27
10441,322.5100,Card,2024-02-18
5631,719.3400,UPI,2024-01-24
19820,1440.1100,Card,2024-01-10
13389,1196.1400,Card,2024-02-23
4391,1375.4800,Wallet,2024-03-01
6663,403.8600,Card,2024-01-23
8197,1929.3800,NetBanking,2024-01-20
13845,1346.1800,UPI,2024-02-10
1383,335.3000,Wallet,2024-02-17
10352,302.0100,NetBanking,2024-01-25
3451,103.5200,UPI,2024-01-04
17240,1021.7800,Wallet,2024-01-26
8615,887.4200,UPI,2024-02-25
2380,504.6500,Card,2024-02-17
17512,1192.7900,Card,2024-01-02
14243,999.7100,UPI,2024-02-17
1509,1044.9500,NetBanking,2024-01-11
8282,1130.5300,Wallet,2024-02-10
6555,1551.4200,UPI,2024-02-13
13041,1437.4700,Wallet,2024-01-29
2567,1405.9000,UPI,2024-01-30
12633,1763.4800,NetBanking,2024-02-22
12427,1775.2900,Card,2024-02-22
17296,1328.0900,UPI,2024-02-04
6499,168.3700,UPI,2024-03-01
14310,207.1600,Card,2024-01-19
272,1369.2000,Wallet,2024-02-24
2247,324.8500,NetBanking,2024-01-03
19526,307.3200,UPI,2024-02-04
1494,189.7100,Wallet,2024-02-08
7503,143.3200,Wallet,2024-01-19
2570,830.2000,Card,2024-02-10
1711,1335.9100,NetBanking,2024-02-18
11268,1994.2800,Wallet,2024-01-16
5012,461.1400,NetBanking,2024-01-07
1426,1029.1800,NetBanking,2024-02-11
15769,310.2200,Wallet,2024-01-11
1123,365.7700,Card,2024-01-06
8495,466.3000,Wallet,2024-02-28
7382,1461.8700,Wallet,2024-02-03
450,1565.1500,Wallet,2024-03-01
5898,1730.2000,Wallet,2024-02-10
9687,721.9600,NetBanking,2024-02-11
16789,466.4800,Card,2024-01-26
670,1060.0300,Wallet,2024-02-23
11429,699.0800,Card,2024-02-15
15503,761.1600,Wallet,2024-01-16
1007,1473.2100,Wallet,2024-01-25
18557,1276.5700,NetBanking,2024-02-17
13091,1098.0500,Wallet,2024-02-11
12924,483.9700,UPI,2024-01-31
17659,1236.7100,UPI,2024-01-01
12478,1276.8500,Wallet,2024-01-23
2525,1389.5300,NetBanking,2024-02-03
10659,1578.0400,UPI,2024-01-25
312,1484.3400,NetBanking,2024-01-27
3201,1404.3600,NetBanking,2024-02-17
401,321.1000,NetBanking,2024-02-14
5659,294.5900,NetBanking,2024-01-29
15173,1037.8600,NetBanking,2024-01-21
8777,734.6400,UPI,2024-01-02
13275,129.5900,UPI,2024-01-04
10740,146.1800,Card,2024-01-19
18317,538.0600,UPI,2024-01-19
19132,1858.6700,NetBanking,2024-01-24
4105,280.9100,Wallet,2024-01-14
11863,1648.3700,NetBanking,2024-02-06
6625,1505.1900,Card,2024-01-24
9615,1924.6500,Card,2024-01-07
1381,252.0800,Wallet,2024-01-26
15729,1336.2500,Card,2024-01-04
11710,600.8300,UPI,2024-02-26
81,1460.9700,Card,2024-01-29
2309,1701.8300,NetBanking,2024-01-02
4737,1659.2800,Wallet,2024-01-02
13350,1333.2800,Wallet,2024-02-25
11962,414.5700,Card,2024-02-06
10401,649.1700,Card,2024-01-12
11938,108.9900,UPI,2024-01-20
1741,1197.4100,UPI,2024-01-31
12170,1594.7300,Card,2024-01-16
5386,1866.0400,UPI,2024-01-15
334,491.3500,Wallet,2024-03-01
4253,702.7300,Card,2024-01-28
14237,760.1700,Card,2024-01-06
15703,939.6500,UPI,2024-01-21
16804,1735.6600,Card,2024-02-10
18594,1644.2800,Card,2024-02-14
8880,1440.3700,NetBanking,2024-02-19
19545,1073.7300,UPI,2024-02-24
13525,805.7900,Wallet,2024-02-10
3993,757.8700,Card,2024-03-01
16496,422.8800,UPI,2024-02-20
18912,1995.8600,NetBanking,2024-01-22
19670,1868.4900,NetBanking,2024-02-25
11244,425.1600,Card,2024-02-02
10452,1764.2800,NetBanking,2024-01-17
12620,1696.7600,NetBanking,2024-01-25
5020,131.5500,Card,2024-01-12
9906,921.9200,NetBanking,2024-02-09
11276,1641.6300,NetBanking,2024-01-23
19231,1747.8200,NetBanking,2024-01-28
2078,1882.6300,NetBanking,2024-01-11
618,641.9100,UPI,2024-02-29
19265,1259.3800,Card,2024-03-01
10848,826.2700,Card,2024-01-25
16491,1243.7000,UPI,2024-02-03
6773,1999.3100,UPI,2024-02-01
4572,599.8800,UPI,2024-01-30
2239,285.8500,Card,2024-02-01
7798,1110.3600,UPI,2024-01-02
18497,887.6100,Wallet,2024-02-01
15644,619.0300,Card,2024-01-04
4729,1293.1500,Wallet,2024-02-05
18538,1999.9700,Card,2024-01-31
5404,1190.3000,Card,2024-01-25
19972,1032.6100,NetBanking,2024-02-01
19800,136.4400,NetBanking,2024-01-04
17594,705.3100,Wallet,2024-02-03
19772,1293.2700,Card,2024-02-16
4682,1185.1300,Card,2024-01-21
7700,344.8400,Wallet,2024-02-25
15722,1018.5100,Wallet,2024-02-19
3256,1809.9100,NetBanking,2024-01-04
11421,1918.1900,NetBanking,2024-02-08
18765,1899.9500,UPI,2024-02-01
3926,1090.3100,NetBanking,2024-02-18
16289,984.8600,Wallet,2024-02-19
918,1176.8500,NetBanking,2024-02-19
19673,455.2500,Wallet,2024-01-30
16620,1429.8100,UPI,2024-02-04
15884,764.9800,UPI,2024-01-28
19301,971.3600,NetBanking,2024-02-29
6876,1419.2800,Wallet,2024-02-09
12266,1395.7500,Wallet,2024-01-21
15409,824.6200,UPI,2024-02-13
6413,1705.1300,Card,2024-02-12
3084,1166.2100,Wallet,2024-02-21
5357,471.0800,UPI,2024-01-11
9666,605.3500,Card,2024-02-09
11206,1459.7300,UPI,2024-01-24
1224,1665.2200,Card,2024-02-03
18048,1709.4700,Wallet,2024-01-11
12368,902.5300,NetBanking,2024-01-04
4617,1358.2100,Card,2024-02-15
6934,1890.3800,UPI,2024-02-20
12969,360.4600,UPI,2024-01-28
17697,306.6700,Card,2024-01-23
15957,380.6200,NetBanking,2024-02-17
8749,1600.1300,Wallet,2024-01-03
5373,723.4900,Wallet,2024-01-24
7379,988.4200,Wallet,2024-02-10
7740,1222.7100,Card,2024-01-22
4642,1981.4400,Card,2024-02-25
11799,1203.8900,NetBanking,2024-01-07
2692,1573.4700,NetBanking,2024-01-08
7717,1029.7400,Card,2024-02-13
4532,1493.2200,NetBanking,2024-02-23
3857,155.1000,Wallet,2024-02-12
10757,470.7800,UPI,2024-02-25
17163,683.9400,UPI,2024-02-27
8811,1459.2700,Card,2024-01-14
588,163.1100,Card,2024-02-07
862,1880.4800,Card,2024-02-04
11974,1688.0400,UPI,2024-02-16
13887,1166.0400,UPI,2024-01-07
4937,1284.7700,Wallet,2024-01-31
8688,1586.1600,NetBanking,2024-02-21
5431,1696.7100,UPI,2024-02-01
9882,1642.6500,Card,2024-02-20
10404,879.0900,NetBanking,2024-02-03
11744,678.5000,UPI,2024-02-28
484,506.5900,Card,2024-02-10
19720,362.9100,UPI,2024-01-10
7351,1272.5800,Wallet,2024-02-20
1706,1380.8400,NetBanking,2024-01-25
19666,582.8400,Card,2024-01-02
17520,691.2300,Wallet,2024-01-29
14524,1606.3100,Card,2024-02-15
2685,1931.1500,Wallet,2024-02-24
9661,1378.3800,NetBanking,2024-02-29
8445,1165.8800,NetBanking,2024-01-23
5000,1186.7400,NetBanking,2024-01-15
3584,1776.8300,UPI,2024-02-02
1079,1894.2600,UPI,2024-02-14
5588,437.3600,NetBanking,2024-02-04
11623,1586.0200,Wallet,2024-01-09
10325,1439.7600,Wallet,2024-02-04
2499,1003.1000,UPI,2024-02-13
15622,1179.4600,Card,2024-02-29
14848,1224.3100,NetBanking,2024-01-30
5652,1048.4600,Card,2024-02-01
4482,1623.5100,Card,2024-02-05
9794,318.9900,UPI,2024-01-20
16345,294.6200,Card,2024-01-12
19087,1631.4300,Card,2024-01-24
10929,1861.2100,UPI,2024-01-24
3764,1792.2700,Card,2024-01-02
3165,678.5400,NetBanking,2024-02-16
13304,357.8400,NetBanking,2024-02-25
11601,1878.7700,NetBanking,2024-02-06
16007,1904.3400,UPI,2024-01-15
15394,1822.6800,NetBanking,2024-02-03
12981,266.5200,Card,2024-01-18
18248,573.4300,Wallet,2024-02-18
48,1384.6700,Card,2024-02-29
15014,340.9400,Wallet,2024-01-10
201,875.8700,UPI,2024-02-24
5998,566.9100,NetBanking,2024-01-06
9748,776.3300,Card,2024-02-29
14677,1139.9300,UPI,2024-01-04
16557,1875.7200,Wallet,2024-02-14
19937,159.8100,Card,2024-02-21
6125,944.9000,NetBanking,2024-01-20
11739,257.7000,Card,2024-02-06
17651,257.7800,UPI,2024-02-02
17345,1148.4000,UPI,2024-02-29
10142,520.5000,Card,2024-02-03
17481,224.6700,Wallet,2024-01-29
11325,532.7400,UPI,2024-02-20
6504,460.2500,UPI,2024-01-19
6584,898.7000,Wallet,2024-02-01
17256,972.7700,Wallet,2024-02-12
19474,1317.2700,NetBanking,2024-01-19
19676,760.5800,Wallet,2024-01-15
11054,1492.5100,UPI,2024-01-21
357,607.4000,UPI,2024-02-29
8432,1833.1100,UPI,2024-02-26
12074,911.4900,Wallet,2024-02-12
12819,1562.3700,Card,2024-02-13
6746,1334.0000,NetBanking,2024-02-10
12279,274.9300,UPI,2024-02-04
2591,299.8800,Wallet,2024-01-12
3007,327.0500,NetBanking,2024-02-03
2198,1054.8800,UPI,2024-01-06
19069,1702.2300,Wallet,2024-01-20
10034,1999.6800,Wallet,2024-01-05
9246,1191.1300,Card,2024-02-07
2836,299.5600,Card,2024-02-03
11571,1575.5300,Card,2024-02-01
18124,1973.9200,UPI,2024-02-27
6576,1890.0800,Wallet,2024-01-19
305,1608.9200,Card,2024-02-26
558,688.5800,UPI,2024-01-09
17776,1235.3500,Card,2024-02-23
138,421.4000,Card,2024-02-06
7477,433.7900,UPI,2024-02-24
3107,326.2200,NetBanking,2024-02-22
6913,1035.6800,Wallet,2024-02-21
7393,251.4300,UPI,2024-02-07
12590,1760.4700,NetBanking,2024-01-26
5568,1700.6100,NetBanking,2024-02-01
10983,750.9300,NetBanking,2024-02-02
1114,1763.0600,Card,2024-02-02
16701,222.0500,Wallet,2024-01-12
8506,972.0800,UPI,2024-02-09
11270,560.9900,Wallet,2024-02-11
18665,1019.7700,Wallet,2024-01-29
16393,1295.1200,NetBanking,2024-01-27
8515,1493.0600,NetBanking,2024-02-19
7534,831.2400,NetBanking,2024-01-17
19462,660.8600,Wallet,2024-02-21
18384,1358.4400,NetBanking,2024-01-28
7730,1066.0800,UPI,2024-02-11
2305,857.8900,Wallet,2024-01-20
18675,836.0800,Card,2024-01-04
16524,521.7100,Card,2024-01-27
12617,799.4600,UPI,2024-01-23
16081,1600.0400,UPI,2024-01-04
9852,969.0400,Wallet,2024-02-12
3250,549.1400,UPI,2024-02-29
2176,1860.4600,Wallet,2024-01-07
14297,1160.9600,UPI,2024-02-06
10925,1471.2800,NetBanking,2024-02-07
12190,993.1100,NetBanking,2024-02-03
11968,1422.3600,Card,2024-01-09
5062,705.5000,NetBanking,2024-01-11
12498,1677.2200,Wallet,2024-01-21
10151,1701.9200,NetBanking,2024-01-10
7367,1033.0000,UPI,2024-01-03
8545,1433.3000,Wallet,2024-03-01
5946,1127.9200,NetBanking,2024-02-17
14712,848.5000,Card,2024-02-26
17640,870.8700,NetBanking,2024-01-29
17407,635.3500,Wallet,2024-02-23
10057,909.4100,NetBanking,2024-02-29
11797,1051.9200,Card,2024-02-24
212,1255.7600,Wallet,2024-01-26
17402,805.5000,UPI,2024-01-17
3418,1786.6300,Wallet,2024-01-31
17938,289.5800,UPI,2024-01-10
9447,1002.1500,Wallet,2024-02-26
14944,400.4100,Wallet,2024-01-31
2428,1624.5300,Wallet,2024-01-13
13734,1066.7000,NetBanking,2024-01-14
11839,170.4900,Wallet,2024-02-21
2091,599.4700,UPI,2024-01-22
13504,1661.9600,NetBanking,2024-01-13
4909,153.4200,UPI,2024-01-16
8218,849.4100,Card,2024-02-07
5770,1086.4800,Card,2024-01-26
3395,1247.1500,NetBanking,2024-01-19
5593,1381.7400,Wallet,2024-02-03
17195,563.5400,Wallet,2024-02-17
15847,1919.9400,NetBanking,2024-02-14
3743,447.1100,Wallet,2024-01-14
6946,1202.3900,UPI,2024-01-07
18078,762.4900,Card,2024-01-15
16707,1001.7700,Wallet,2024-01-10
6101,1434.0800,Wallet,2024-01-22
16185,1646.7200,UPI,2024-02-02
8419,1606.7100,NetBanking,2024-02-22
12282,1352.6000,Card,2024-02-26
13721,105.6700,Card,2024-02-16
8917,1065.6500,UPI,2024-02-13
17297,1624.1700,Card,2024-02-27
19033,1806.4200,Wallet,2024-01-23
16702,952.2700,UPI,2024-02-12
7999,695.8200,UPI,2024-01-06
5177,793.4300,Card,2024-01-18
18534,1990.0900,NetBanking,2024-01-06
5150,254.7600,NetBanking,2024-02-08
10010,1865.7600,Card,2024-02-09
15081,205.7700,NetBanking,2024-01-04
1603,1338.5700,NetBanking,2024-02-08
16273,1459.0200,Card,2024-02-26
712,295.1000,Card,2024-01-06
2796,1554.1400,UPI,2024-01-09
3803,571.9800,NetBanking,2024-01-21
11337,1728.3700,Wallet,2024-01-29
12880,1895.2600,Wallet,2024-02-08
8496,571.5700,Card,2024-01-11
7380,1179.9200,NetBanking,2024-02-14
19959,583.6900,Card,2024-01-16
13874,282.1800,UPI,2024-02-18
373,1696.6600,NetBanking,2024-01-26
3536,1506.3200,NetBanking,2024-01-15
18266,1108.1200,Wallet,2024-01-07
392,1613.5800,NetBanking,2024-02-06
10538,183.2800,Card,2024-01-12
19078,592.9100,NetBanking,2024-01-31
6173,452.2500,Card,2024-02-28
11398,1117.3000,NetBanking,2024-02-13
13237,856.6100,Wallet,2024-01-31
7082,367.4500,NetBanking,2024-01-08
1694,1646.3700,Wallet,2024-02-12
9338,1774.8100,NetBanking,2024-01-06
9215,604.4800,NetBanking,2024-02-15
15392,1383.3500,Wallet,2024-01-16
4611,1111.6400,UPI,2024-02-19
17357,1323.9200,UPI,2024-01-02
10692,1798.1100,NetBanking,2024-02-26
5458,535.9800,Wallet,2024-01-13
9076,1505.5000,NetBanking,2024-02-12
8016,273.7800,Wallet,2024-01-12
15082,1762.8300,NetBanking,2024-01-04
3777,1333.9600,NetBanking,2024-01-01
4514,1199.9900,Card,2024-01-14
6633,1050.6400,Card,2024-01-06
12866,1644.3700,UPI,2024-01-09
1817,857.9600,UPI,2024-02-04
16753,708.2000,Wallet,2024-02-29
19875,1930.4000,Wallet,2024-02-22
16507,862.7300,Wallet,2024-01-15
9139,1768.3000,UPI,2024-01-31
17398,1152.1300,UPI,2024-01-28
7627,1606.5700,Wallet,2024-02-18
2154,1497.4400,Card,2024-03-01
19313,372.6500,UPI,2024-02-28
1341,729.8800,Wallet,2024-02-25
11015,411.8100,UPI,2024-02-11
13681,1283.8800,NetBanking,2024-02-02
15528,1440.3900,Wallet,2024-02-23
1257,701.2200,NetBanking,2024-01-09
8018,263.7500,NetBanking,2024-02-16
8637,1246.1000,Wallet,2024-01-14
17966,1666.2000,NetBanking,2024-01-23
13621,1187.8700,UPI,2024-01-02
317,865.4500,UPI,2024-02-03
17171,1596.8000,Card,2024-01-31
14184,249.8400,Wallet,2024-02-06
19412,1272.8000,NetBanking,2024-02-09
18344,666.1300,Card,2024-01-26
3824,712.9700,Card,2024-01-14
16153,1064.8400,UPI,2024-01-30
6168,1148.3500,Card,2024-01-11
8916,849.9900,Wallet,2024-01-08
16638,405.7800,Card,2024-02-03
8343,1325.3500,UPI,2024-02-17
2855,1515.5300,Wallet,2024-02-16
16768,1660.8200,UPI,2024-01-01
14388,1293.4500,NetBanking,2024-02-02
10149,1244.0400,NetBanking,2024-02-05
1746,223.2400,NetBanking,2024-02-07
2547,973.5800,Card,2024-02-17
18946,651.4900,Card,2024-02-26
4142,1338.0200,Wallet,2024-02-21
11190,218.7100,Card,2024-02-27
12506,1163.1300,Card,2024-02-27
4629,964.1000,NetBanking,2024-02-02
13635,206.6500,UPI,2024-01-19
10999,207.0400,Wallet,2024-02-02
15928,1415.3600,NetBanking,2024-02-12
2666,137.3400,NetBanking,2024-01-23
2673,1310.6200,UPI,2024-02-02
11272,988.0100,Card,2024-01-29
4685,717.9300,Wallet,2024-01-27
6288,234.8200,Card,2024-02-04
3490,998.6600,NetBanking,2024-01-22
7383,128.5100,NetBanking,2024-02-15
14819,1013.7600,UPI,2024-01-02
9354,942.6400,Card,2024-01-20
18290,400.6700,UPI,2024-01-21
17386,1068.8300,Wallet,2024-01-16
10280,1480.9900,UPI,2024-01-09
15268,836.7500,Wallet,2024-01-23
14215,1401.5700,Card,2024-01-30
11174,732.2500,UPI,2024-01-01
18698,1381.3000,NetBanking,2024-01-18
6218,1392.0300,Wallet,2024-01-20
7643,1726.0700,NetBanking,2024-01-22
10239,1202.6000,NetBanking,2024-01-01
5978,200.8200,Wallet,2024-01-06
1483,293.5300,UPI,2024-01-30
11616,1047.5100,NetBanking,2024-01-15
5342,1746.5500,Wallet,2024-02-15
4331,720.6500,Card,2024-01-31
10796,1936.8900,NetBanking,2024-03-01
15755,128.9900,NetBanking,2024-02-19
11171,894.8700,Wallet,2024-01-21
7640,1568.1000,NetBanking,2024-02-14
11617,1954.1800,Wallet,2024-01-12
16426,1407.8600,NetBanking,2024-02-03
19611,1830.0300,NetBanking,2024-01-12
18447,1213.2000,Card,2024-01-30
17040,1492.3200,UPI,2024-02-06
15458,762.1300,Card,2024-02-21
12688,936.6100,Card,2024-02-10
3825,1384.2600,NetBanking,2024-02-22
6076,1968.2800,NetBanking,2024-01-17
268,596.7800,Card,2024-01-26
6357,1528.0000,Wallet,2024-01-21
15863,844.3400,Wallet,2024-01-07
14551,1892.4100,NetBanking,2024-01-03
18353,1533.1700,UPI,2024-02-13
17364,1260.8700,NetBanking,2024-02-07
8300,1169.4600,NetBanking,2024-01-19
19778,1558.1000,NetBanking,2024-02-03
16180,119.2400,Wallet,2024-01-16
1794,226.7700,Wallet,2024-01-14
11175,1905.7200,Card,2024-02-06
15286,627.9500,UPI,2024-02-01
9883,359.2600,Card,2024-02-02
17021,1125.5900,Card,2024-02-15
10841,816.0400,Wallet,2024-01-26
16871,137.6900,Wallet,2024-02-22
8298,395.0900,NetBanking,2024-02-28
7693,892.2000,Wallet,2024-02-12
4447,313.1100,Card,2024-01-10
6848,646.9700,NetBanking,2024-02-23
2133,175.8200,Wallet,2024-01-14
10415,1919.5300,Card,2024-02-11
513,1231.4400,Wallet,2024-02-18
11846,1594.0700,Wallet,2024-02-27
16084,1997.6100,UPI,2024-01-01
10144,1816.2500,NetBanking,2024-03-01
11215,1114.9000,UPI,2024-01-15
7903,886.4200,Wallet,2024-01-20
17347,453.7800,Card,2024-02-03
2817,1881.0400,Card,2024-02-01
13833,1415.4500,Card,2024-02-29
14995,1905.1400,Card,2024-02-29
8008,267.6800,UPI,2024-01-21
16414,499.4900,NetBanking,2024-02-25
7436,632.3200,NetBanking,2024-01-15
247,1892.8900,NetBanking,2024-02-21
9107,1297.3500,Card,2024-01-31
8527,803.0400,Wallet,2024-02-28
12065,874.0000,UPI,2024-02-25
5612,948.0200,NetBanking,2024-02-07
790,1193.5700,Card,2024-01-10
16997,1340.8700,NetBanking,2024-01-13
5638,1134.0500,UPI,2024-02-18
8418,1537.2900,UPI,2024-01-28
15206,1957.0300,Wallet,2024-01-11
7905,1952.9900,Card,2024-01-23
1128,1590.1700,Card,2024-02-07
13372,463.7500,Wallet,2024-02-11
472,993.9900,Card,2024-01-24
3641,949.6300,Card,2024-02-20
6668,1259.3400,Card,2024-02-09
16249,1160.7600,Wallet,2024-02-26
1497,737.4300,NetBanking,2024-03-01
10955,1040.2800,Wallet,2024-01-03
16302,1031.7600,NetBanking,2024-02-27
8046,1276.3500,Card,2024-02-21
8708,655.7400,Wallet,2024-02-28
11021,1873.4400,Card,2024-01-24
5890,752.2300,Card,2024-01-08
18225,764.2900,UPI,2024-02-04
19933,1033.2100,UPI,2024-01-27
8805,659.7100,Card,2024-01-23
10810,890.9500,NetBanking,2024-01-08
18206,1004.7700,NetBanking,2024-01-01
10737,396.7000,NetBanking,2024-01-23
11315,734.1100,NetBanking,2024-02-05
3408,920.9500,NetBanking,2024-02-15
10089,310.3100,Wallet,2024-02-26
5915,808.0800,Wallet,2024-02-21
12601,1321.7200,Wallet,2024-02-03
5483,1096.5200,Wallet,2024-02-27
6949,1769.6800,NetBanking,2024-01-02
11374,465.2100,NetBanking,2024-01-04
7529,1865.8300,UPI,2024-01-06
10084,1245.7800,NetBanking,2024-02-25
7151,121.2700,NetBanking,2024-01-28
3761,1443.3700,Wallet,2024-02-11
6777,1626.8600,UPI,2024-02-24
19480,553.4700,Card,2024-02-25
17151,1172.9600,Wallet,2024-02-07
15920,1967.8200,Wallet,2024-02-08
3784,192.5300,UPI,2024-01-03
14585,1466.2000,UPI,2024-02-13
6208,769.4600,NetBanking,2024-01-26
16930,1891.9100,UPI,2024-02-10
16811,570.5700,NetBanking,2024-02-17
6923,1093.8300,Card,2024-02-25
16031,1947.7800,UPI,2024-02-28
18815,1887.1600,NetBanking,2024-02-02
92,1339.1700,Wallet,2024-02-19
8924,1598.6200,Card,2024-02-14
7945,1619.7700,Wallet,2024-01-09
8505,1288.8900,Card,2024-02-06
9735,861.3100,Card,2024-01-08
11495,433.3000,Wallet,2024-02-25
1430,261.1700,UPI,2024-02-09
13104,1018.5400,NetBanking,2024-02-16
15926,260.0600,Card,2024-01-28
16745,612.1100,Wallet,2024-01-17
8055,1581.9000,UPI,2024-01-04
15773,474.4700,Card,2024-02-17
1585,520.0800,NetBanking,2024-01-17
322,1432.3800,UPI,2024-01-04
14091,927.7300,Card,2024-02-06
12054,1640.4800,NetBanking,2024-02-25
6502,1070.9200,NetBanking,2024-02-03
18350,1513.9100,Wallet,2024-02-20
11217,465.3900,NetBanking,2024-01-07
9582,1361.8900,Wallet,2024-01-28
17339,223.5700,Wallet,2024-01-22
17689,1935.9400,Wallet,2024-02-15
14279,1012.1900,Card,2024-01-25
12463,1505.1200,Card,2024-02-01
2397,924.1100,Card,2024-02-09
8534,711.2100,NetBanking,2024-02-13
19559,715.9600,NetBanking,2024-01-07
7187,676.1000,NetBanking,2024-02-27
9301,1271.5500,Wallet,2024-01-12
12801,361.0300,NetBanking,2024-01-05
16246,1777.4400,Wallet,2024-03-01
7096,1028.1300,Card,2024-01-22
7659,140.4900,UPI,2024-02-18
5058,1042.8500,UPI,2024-02-27
19973,481.0100,NetBanking,2024-01-06
13488,509.1500,Card,2024-01-01
6189,1704.4100,Wallet,2024-01-07
17777,723.8400,NetBanking,2024-01-02
2455,1186.5600,NetBanking,2024-01-06
17962,483.0700,Wallet,2024-01-01
678,1326.0400,Card,2024-01-12
9260,1559.7100,Card,2024-01-19
7857,124.9300,NetBanking,2024-01-23
3478,1725.2500,Wallet,2024-01-25
5655,840.7900,NetBanking,2024-01-15
15488,167.1000,Wallet,2024-01-11
12099,999.9100,Wallet,2024-02-19
10762,1379.0300,UPI,2024-01-19
12783,809.2000,Card,2024-02-24
3749,1303.0100,Wallet,2024-01-28
6004,1211.9300,NetBanking,2024-01-29
747,975.2600,NetBanking,2024-02-17
10565,554.4200,UPI,2024-01-24
9940,342.8200,UPI,2024-02-29
14747,1690.4500,UPI,2024-02-28
15724,1203.4500,NetBanking,2024-02-15
14534,411.2000,Wallet,2024-01-20
7313,1231.8700,NetBanking,2024-02-23
15473,114.9300,Card,2024-02-05
3123,1395.8100,UPI,2024-01-14
16069,357.4200,NetBanking,2024-02-01
19315,1454.5200,Card,2024-01-15
19358,113.1800,Card,2024-02-18
10734,1230.9600,UPI,2024-02-14
11126,899.1300,Card,2024-01-16
14149,1602.9100,UPI,2024-01-06
6251,1568.5400,NetBanking,2024-01-07
11207,1456.5500,Card,2024-01-20
10621,1628.7700,NetBanking,2024-01-20
112,168.3900,UPI,2024-02-14
2411,1351.0400,NetBanking,2024-02-21
745,171.2200,Card,2024-01-29
8071,1753.5200,NetBanking,2024-01-13
9851,256.4900,NetBanking,2024-01-25
3723,1809.9200,Wallet,2024-01-23
6834,1127.6100,UPI,2024-02-19
11274,596.9900,NetBanking,2024-01-21
8110,1780.4200,Wallet,2024-01-28
2348,1538.8600,Wallet,2024-01-27
4419,1099.5000,Wallet,2024-02-03
2554,736.1400,Card,2024-01-24
18321,1200.6100,NetBanking,2024-01-05
8188,918.0700,NetBanking,2024-02-24
6433,1709.0300,NetBanking,2024-01-10
13598,1350.6900,Card,2024-01-07
19221,1983.5400,Wallet,2024-02-22
8068,1061.0600,UPI,2024-01-07
15794,1326.5700,UPI,2024-01-23
15175,1594.5900,NetBanking,2024-01-18
19678,1245.4900,Wallet,2024-02-17
14022,1360.7700,Wallet,2024-02-06
15931,1104.4800,Wallet,2024-02-04
19147,1991.1000,Card,2024-02-03
8965,1283.7700,Wallet,2024-01-13
11994,1988.9600,Card,2024-01-12
8164,893.0800,UPI,2024-01-01
14169,1483.6600,UPI,2024-02-10
9482,774.7200,UPI,2024-01-30
16050,1942.7100,UPI,2024-02-20
9526,1565.2400,Card,2024-02-03
18378,353.9000,UPI,2024-01-16
10721,1494.6700,NetBanking,2024-02-16
19454,1791.7900,NetBanking,2024-02-12
14860,672.4000,NetBanking,2024-01-03
12788,673.9100,UPI,2024-01-08
16522,1636.2800,UPI,2024-02-08
6854,343.3100,UPI,2024-02-18
15051,1787.0000,UPI,2024-01-19
951,1684.0300,Wallet,2024-01-05
7193,695.0600,Wallet,2024-02-27
1101,393.9300,UPI,2024-01-28
16870,1264.7500,Wallet,2024-01-31
4841,898.3500,Wallet,2024-01-23
14515,1074.8100,NetBanking,2024-02-26
9243,1043.0500,UPI,2024-02-01
8871,237.6600,UPI,2024-01-04
8239,876.1900,Wallet,2024-02-21
1097,301.6100,NetBanking,2024-02-03
5769,372.6300,NetBanking,2024-02-19
669,927.5100,UPI,2024-01-23
17483,578.0500,Card,2024-02-12
8467,625.2200,Wallet,2024-01-05
15850,248.5800,NetBanking,2024-02-15
14003,551.9500,NetBanking,2024-01-12
1208,260.5100,Card,2024-02-01
16276,1765.6300,NetBanking,2024-01-24
12789,1139.2700,UPI,2024-01-16
3590,1695.9600,NetBanking,2024-02-15
17222,879.2700,Card,2024-01-29
5387,1585.5300,Wallet,2024-01-12
6165,226.8600,Card,2024-02-27
664,652.2100,Wallet,2024-02-18
5875,1967.6700,Wallet,2024-01-30
3311,399.9100,NetBanking,2024-02-16
11523,1726.1100,UPI,2024-01-28
2835,1618.2300,NetBanking,2024-02-05
13567,391.0200,Card,2024-01-24
5300,1888.9600,Wallet,2024-02-01
14251,433.9400,Card,2024-01-19
18548,1200.2400,NetBanking,2024-01-21
4267,1650.1200,UPI,2024-02-07
6180,1478.8400,NetBanking,2024-02-01
77,912.5700,UPI,2024-01-07
10637,313.8900,UPI,2024-02-18
19342,304.5000,Card,2024-02-03
16134,1564.0100,Card,2024-01-03
17988,1215.8300,Card,2024-01-17
18825,125.4800,Wallet,2024-02-24
4487,153.8700,NetBanking,2024-01-01
13292,1235.0000,UPI,2024-02-18
19192,866.5600,UPI,2024-01-28
18096,979.7500,Wallet,2024-01-24
2671,1235.5700,Card,2024-02-08
300,958.3600,Wallet,2024-01-29
13055,242.2700,Card,2024-02-04
15594,405.3500,Wallet,2024-02-29
12694,1695.8500,UPI,2024-02-02
8991,983.5000,UPI,2024-02-09
3649,194.3400,UPI,2024-01-25
4238,140.2300,UPI,2024-01-12
19548,638.0000,UPI,2024-03-01
12417,1074.1500,Wallet,2024-02-14
899,1117.9500,UPI,2024-02-16
18737,1633.9900,UPI,2024-02-20
11460,344.4400,UPI,2024-01-25
8370,372.4700,UPI,2024-02-27
6203,1962.9700,Wallet,2024-02-06
3114,1773.9400,NetBanking,2024-01-27
19718,629.3800,NetBanking,2024-02-12
17404,987.7300,Card,2024-01-17
5056,1497.7500,Wallet,2024-02-04
18382,1389.1900,Wallet,2024-02-29
10308,1449.3800,Card,2024-01-01
11792,581.6900,UPI,2024-01-06
16239,1216.9600,Card,2024-01-12
18862,145.8900,NetBanking,2024-01-05
7414,1282.0100,Wallet,2024-01-09
11908,1355.9100,Wallet,2024-02-24
17167,368.2900,NetBanking,2024-01-02
11074,164.7200,NetBanking,2024-01-18
7847,201.7700,UPI,2024-02-18
9991,1314.2000,Card,2024-01-13
16710,1570.5500,NetBanking,2024-02-23
12928,134.8900,Wallet,2024-01-17
18952,562.0300,NetBanking,2024-02-27
8200,1833.2500,UPI,2024-02-28
8210,1059.0600,UPI,2024-01-06
17578,1157.9900,UPI,2024-02-19
15616,442.9900,NetBanking,2024-01-15
4221,1592.4900,UPI,2024-01-05
18910,588.6600,NetBanking,2024-01-11
2423,1304.0800,Wallet,2024-01-29
6877,1158.1300,NetBanking,2024-01-15
18149,1883.1600,Card,2024-02-09
15323,1511.2900,Card,2024-02-28
17720,621.5800,Wallet,2024-01-28
6191,533.6900,Card,2024-01-19
13458,926.2200,Wallet,2024-02-27
10828,1502.7000,Wallet,2024-01-10
19607,1034.7500,UPI,2024-01-15
7068,990.2300,NetBanking,2024-02-13
14675,897.5200,NetBanking,2024-01-31
10117,758.7800,NetBanking,2024-01-27
8234,868.6100,NetBanking,2024-02-25
1467,1910.7800,NetBanking,2024-02-18
13608,758.4000,UPI,2024-01-14
12409,100.0300,NetBanking,2024-01-28
6451,1510.6500,Card,2024-01-27
16346,814.4300,UPI,2024-02-09
17000,441.7100,UPI,2024-01-10
17984,578.9100,UPI,2024-01-09
14862,721.2400,Wallet,2024-01-26
16492,991.1800,UPI,2024-02-05
1799,844.4500,UPI,2024-02-08
9019,421.1200,NetBanking,2024-02-27
17751,1242.5400,Wallet,2024-01-30
5154,298.2200,UPI,2024-02-06
18893,1124.9000,Card,2024-02-13
13064,144.4300,Card,2024-01-01
4362,999.2600,UPI,2024-02-08
4809,863.3100,UPI,2024-02-05
12022,1263.9500,Wallet,2024-01-15
13503,1892.1500,NetBanking,2024-02-04
1771,1331.1400,Card,2024-01-03
15492,1189.7000,UPI,2024-01-21
2593,799.8800,NetBanking,2024-02-13
10439,743.3900,NetBanking,2024-01-16
11622,1192.0900,NetBanking,2024-02-20
1378,1786.2000,Wallet,2024-02-13
18604,311.0100,NetBanking,2024-01-21
13686,1861.9100,Card,2024-01-25
3415,1163.2400,Card,2024-01-03
9430,151.7000,Wallet,2024-01-01
10754,929.8400,Card,2024-01-18
14241,1297.5600,UPI,2024-02-19
427,1649.3400,NetBanking,2024-02-29
7,1755.4800,UPI,2024-02-14
13885,1721.4100,Card,2024-01-31
19816,183.7800,UPI,2024-01-13
17390,794.0400,Card,2024-01-07
13784,1784.8300,UPI,2024-01-26
1103,961.6000,Card,2024-01-16
6911,1811.7000,UPI,2024-02-03
17508,748.7600,Wallet,2024-02-25
17391,1140.2900,UPI,2024-01-24
3412,1607.1200,Card,2024-02-20
8088,482.0500,UPI,2024-01-27
10030,1223.7400,Card,2024-02-19
9310,1365.4000,UPI,2024-01-09
4852,606.0400,NetBanking,2024-01-23
16734,162.3300,NetBanking,2024-03-01
7684,1782.0300,Wallet,2024-01-17
881,1839.1100,UPI,2024-01-21
8042,1048.4600,NetBanking,2024-02-13
10878,394.7700,NetBanking,2024-02-09
11910,1978.0500,Card,2024-02-05
4181,1151.2000,Wallet,2024-02-10
7156,426.4100,Wallet,2024-02-05
19379,687.9900,NetBanking,2024-02-10
4390,1357.0600,NetBanking,2024-02-02
10591,1829.2600,Wallet,2024-02-23
8357,1045.6000,Wallet,2024-01-20
18730,1658.2700,UPI,2024-01-07
3709,997.8800,UPI,2024-02-25
5560,1678.1300,NetBanking,2024-01-02
14966,1297.2000,UPI,2024-02-17
8014,1066.7700,Wallet,2024-01-13
6096,1060.3200,NetBanking,2024-02-07
7105,1092.8000,Wallet,2024-02-07
5399,532.9300,Card,2024-02-28
7725,1054.7600,Wallet,2024-01-16
11358,1569.7600,Wallet,2024-01-07
7394,212.4500,Wallet,2024-02-15
4997,696.9300,Wallet,2024-01-31
2647,134.7500,Card,2024-01-27
8945,335.3500,UPI,2024-01-02
12372,1288.0300,Wallet,2024-02-20
13349,1127.1600,Wallet,2024-02-10
11983,123.8900,UPI,2024-02-07
4083,975.7700,UPI,2024-01-02
15085,889.2100,Card,2024-02-12
17997,1169.9900,Wallet,2024-02-21
12926,979.7000,NetBanking,2024-01-13
18101,681.5500,NetBanking,2024-02-10
644,1049.7600,Card,2024-01-06
16905,1236.3600,Card,2024-01-06
17796,573.1300,Card,2024-01-29
1826,442.2200,Card,2024-02-17
2353,1552.5500,Card,2024-02-12
16030,1392.5100,NetBanking,2024-02-08
16092,1920.8400,Wallet,2024-02-28
14380,281.6800,NetBanking,2024-02-19
18691,337.1300,Card,2024-01-09
6010,807.9500,NetBanking,2024-01-07
2055,291.9400,Card,2024-02-16
12746,580.8100,NetBanking,2024-01-05
7007,391.7600,NetBanking,2024-02-26
2833,770.4600,Wallet,2024-01-27
16948,1629.9900,NetBanking,2024-01-01
7662,643.8200,Card,2024-02-21
5311,468.6400,UPI,2024-01-06
2594,663.8200,Wallet,2024-02-23
4713,1773.2000,UPI,2024-01-20
2147,1214.0900,NetBanking,2024-02-28
783,1029.8600,Wallet,2024-01-24
3742,1682.6400,Card,2024-01-16
13851,1336.4200,Card,2024-01-22
17107,1804.2700,Card,2024-01-05
1279,1516.7100,UPI,2024-01-24
12466,1727.6200,Wallet,2024-02-05
7424,474.3700,Card,2024-01-01
7719,1693.7100,Wallet,2024-03-01
9232,1941.1200,NetBanking,2024-02-03
19389,1071.7300,UPI,2024-02-11
18256,1975.1000,Card,2024-01-15
13042,354.1900,Card,2024-01-13
9061,754.4700,Wallet,2024-02-12
7458,206.5600,Wallet,2024-01-24
17843,1617.1400,UPI,2024-01-14
7720,1084.3100,Wallet,2024-02-04
2286,1259.9600,UPI,2024-02-18
16935,829.0000,Wallet,2024-01-15
13491,344.5300,Wallet,2024-01-05
9875,109.9800,UPI,2024-02-29
9360,1913.3100,NetBanking,2024-01-25
13247,1936.0400,UPI,2024-01-11
3056,1836.5500,Wallet,2024-01-27
18840,1006.5500,UPI,2024-02-08
13939,1975.9900,NetBanking,2024-01-16
14655,1465.7100,NetBanking,2024-01-17
1584,1335.6700,Card,2024-02-04
9046,1472.3500,UPI,2024-01-03
17474,1565.8300,UPI,2024-01-04
16277,1825.8700,UPI,2024-01-02
3492,1835.1200,UPI,2024-01-22
16493,740.8100,UPI,2024-01-07
10666,858.0900,Card,2024-01-27
4831,1961.2500,Wallet,2024-02-03
13095,1041.7600,Wallet,2024-02-22
2204,849.6100,UPI,2024-02-14
18281,1733.7200,Card,2024-01-23
19173,825.0700,Wallet,2024-02-03
1110,2259.5100,Card,2024-02-28
3185,1066.5400,NetBanking,2024-02-29
10564,1692.5100,Wallet,2024-02-28
17956,1770.8300,UPI,2024-02-29
1133,723.7500,Card,2024-01-17
5396,849.5800,Wallet,2024-01-29
4452,949.7300,Wallet,2024-02-26
19609,1920.5300,NetBanking,2024-02-07
10943,273.4300,Card,2024-01-25
18459,1542.3100,Wallet,2024-02-09
5810,605.0400,UPI,2024-02-24
4982,295.9400,Card,2024-01-07
7450,1832.0800,Card,2024-02-29
1689,625.2000,UPI,2024-02-10
7145,609.9800,UPI,2024-01-19
19533,1151.0800,UPI,2024-02-29
6040,1486.7600,UPI,2024-01-30
12705,1240.8400,Card,2024-02-28
7630,858.3600,Card,2024-02-22
2463,645.7400,Card,2024-02-15
16011,1165.2700,UPI,2024-01-28
19246,1521.8400,NetBanking,2024-02-22
1197,1030.6700,NetBanking,2024-01-13
18083,1458.4200,UPI,2024-01-18
10725,589.3500,NetBanking,2024-02-14
13530,1192.5600,Wallet,2024-01-28
5115,271.7800,UPI,2024-01-19
7020,948.8300,Wallet,2024-01-26
17284,306.1600,UPI,2024-01-20
12815,1312.6200,UPI,2024-02-14
15531,965.5700,NetBanking,2024-02-05
17737,1474.2500,UPI,2024-02-29
10135,475.8100,UPI,2024-01-28
5323,231.2500,Card,2024-02-17
3118,441.0400,Wallet,2024-02-10
119,1618.2300,UPI,2024-01-11
13678,932.8600,UPI,2024-01-08
4857,1259.6600,NetBanking,2024-01-13
5412,1901.5300,UPI,2024-02-01
19179,742.0600,Card,2024-01-11
7642,1324.6400,Wallet,2024-01-06
12849,1899.4500,NetBanking,2024-02-26
13659,1979.5900,NetBanking,2024-01-29
18328,1036.7400,NetBanking,2024-01-09
6394,1994.2600,NetBanking,2024-01-17
4216,935.9900,Wallet,2024-01-09
8679,298.9200,Card,2024-01-04
7573,1113.4800,UPI,2024-01-25
686,1093.2900,NetBanking,2024-02-02
6680,414.1700,Card,2024-01-03
16456,880.7500,UPI,2024-01-20
5682,1287.0900,Card,2024-02-29
13817,1670.0400,UPI,2024-02-04
541,489.6700,Card,2024-01-06
13061,347.8300,Wallet,2024-01-10
3602,577.7900,NetBanking,2024-01-15
17894,123.7800,Card,2024-02-26
10294,151.0300,Wallet,2024-01-30
6695,594.3700,UPI,2024-01-16
15867,707.6800,NetBanking,2024-01-11
10120,1229.4800,UPI,2024-02-27
4786,305.2200,NetBanking,2024-01-09
9489,1615.0600,Card,2024-02-26
3149,829.1600,Card,2024-01-25
11851,887.4700,UPI,2024-02-08
8524,447.3200,Wallet,2024-02-15
12392,1475.6900,NetBanking,2024-02-13
14693,921.3200,NetBanking,2024-01-20
1691,1829.9700,Wallet,2024-02-04
5957,656.9700,NetBanking,2024-01-16
10906,531.3600,Wallet,2024-02-08
16143,1196.1700,NetBanking,2024-02-25
10131,1284.8400,Card,2024-01-19
19828,1452.0400,Wallet,2024-01-04
13655,1018.7300,Card,2024-01-06
1727,1905.0900,Card,2024-02-25
7555,819.7700,Card,2024-01-25
12253,460.0300,Wallet,2024-02-27
11321,231.7200,Card,2024-02-06
17759,515.5000,Wallet,2024-02-21
12755,367.2300,UPI,2024-02-15
18945,772.8100,NetBanking,2024-01-24
13900,175.8100,Card,2024-02-25
1067,1025.3500,NetBanking,2024-02-08
7097,1873.1000,NetBanking,2024-01-05
18839,840.8400,UPI,2024-02-19
5389,1113.8000,Card,2024-03-01
8377,386.9200,UPI,2024-02-22
1377,1080.3600,Card,2024-01-05
16275,259.7800,Wallet,2024-02-13
15978,397.5600,NetBanking,2024-02-04
15188,1834.3800,Card,2024-01-05
6841,837.7000,UPI,2024-01-02
1486,871.6000,Wallet,2024-01-27
1552,752.1500,NetBanking,2024-01-11
15276,340.3000,Wallet,2024-01-09
6383,1676.3800,Wallet,2024-01-19
6080,1358.7400,UPI,2024-02-07
19637,102.1500,Card,2024-02-25
14678,1647.4800,NetBanking,2024-01-12
12720,1345.3600,NetBanking,2024-01-13
19900,1766.7700,UPI,2024-02-15
5112,199.9400,UPI,2024-01-02
11745,1703.8700,Card,2024-02-12
6788,655.4300,Wallet,2024-03-01
11463,1938.0500,Wallet,2024-01-04
6649,962.2400,UPI,2024-02-27
11376,672.6700,NetBanking,2024-02-17
17140,1354.8900,NetBanking,2024-02-26
10651,813.5000,UPI,2024-01-17
6339,1142.9100,UPI,2024-02-26
2897,635.7300,NetBanking,2024-01-13
16838,1447.6200,NetBanking,2024-01-14
12496,1379.9700,Card,2024-01-26
1565,1811.0300,Card,2024-01-24
18704,641.6200,UPI,2024-01-20
15498,1675.2700,Wallet,2024-02-21
13954,163.8800,UPI,2024-02-07
694,206.2100,Card,2024-01-21
9959,1212.4400,Wallet,2024-01-16
11961,315.2400,Wallet,2024-02-27
10184,1670.4700,NetBanking,2024-02-11
3844,821.3900,NetBanking,2024-01-26
4229,657.0100,NetBanking,2024-02-24
15638,1198.7400,NetBanking,2024-02-19
18834,1247.7600,Card,2024-02-25
12535,1466.6300,Wallet,2024-02-06
10252,266.0200,Wallet,2024-02-26
8052,951.7900,Card,2024-02-08
2588,1403.4400,NetBanking,2024-02-28
5346,1251.3000,UPI,2024-01-24
8028,621.2700,Card,2024-02-04
16872,1694.1400,NetBanking,2024-02-23
6350,1632.3900,NetBanking,2024-01-14
18914,1642.6100,Wallet,2024-01-04
12977,956.2800,NetBanking,2024-01-08
19276,891.5200,UPI,2024-02-25
125,391.3700,Card,2024-01-14
5779,1009.1700,NetBanking,2024-01-17
19665,1231.8600,Card,2024-02-26
2404,901.6900,Wallet,2024-02-05
2030,1225.6300,Wallet,2024-01-21
13533,159.1300,Wallet,2024-01-07
8053,1193.4100,Wallet,2024-02-04
4168,501.3100,Wallet,2024-01-16
5999,1853.0200,UPI,2024-02-14
4340,1697.0400,NetBanking,2024-02-03
2195,1989.3800,Card,2024-01-19
2291,1803.6400,Wallet,2024-01-01
91,571.6800,UPI,2024-02-25
1530,1154.6700,Wallet,2024-02-17
16821,1749.8100,UPI,2024-01-10
2276,1268.7800,Wallet,2024-02-01
10843,698.6400,NetBanking,2024-02-25
4865,1942.2000,Wallet,2024-01-26
5260,1695.7600,NetBanking,2024-02-04
63,1088.4000,Wallet,2024-01-27
15496,1791.9100,Card,2024-02-23
9523,1191.5500,NetBanking,2024-01-09
12146,1474.3700,Wallet,2024-02-01
10282,1610.7500,UPI,2024-01-15
8691,1560.1400,UPI,2024-02-15
5454,1763.7600,Wallet,2024-02-18
1019,1232.2300,Card,2024-02-04
14485,754.0900,UPI,2024-01-17
10936,1602.7900,Wallet,2024-01-13
5592,1282.7100,Wallet,2024-02-12
16110,579.1400,Card,2024-01-13
17917,1220.1600,UPI,2024-02-02
9981,171.6900,Wallet,2024-01-16
3102,1551.4700,UPI,2024-01-26
9005,492.4600,UPI,2024-02-12
5735,615.4200,UPI,2024-01-26
14016,447.4200,Wallet,2024-01-23
2272,914.9300,Wallet,2024-01-07
4597,1746.7000,UPI,2024-02-13
17129,1814.6500,Card,2024-01-06
17945,1084.1500,Card,2024-02-29
4730,343.8300,UPI,2024-02-25
11056,130.2900,Wallet,2024-02-21
3485,1316.5200,NetBanking,2024-01-12
13966,276.4300,Wallet,2024-02-12
12779,1468.8500,Card,2024-01-27
13089,884.1400,UPI,2024-01-04
14461,245.1300,Wallet,2024-02-05
5556,1380.2800,Card,2024-01-12
8636,380.3700,Wallet,2024-01-14
5621,328.1200,NetBanking,2024-01-08
165,958.7000,UPI,2024-02-12
9227,1888.0500,Wallet,2024-02-26
5618,1498.8300,UPI,2024-02-13
14150,1837.2900,NetBanking,2024-02-17
10722,426.7000,UPI,2024-02-25
11519,244.0600,Card,2024-02-08
14820,390.1200,NetBanking,2024-02-04
16062,1790.3700,Card,2024-02-27
14304,1951.1300,Card,2024-02-09
6023,1160.1200,UPI,2024-01-09
1325,174.0100,Card,2024-02-15
16294,1562.6900,NetBanking,2024-02-25
7572,809.5000,UPI,2024-03-01
3273,592.0800,UPI,2024-01-09
8979,1587.9100,Card,2024-01-26
2935,581.9800,Wallet,2024-02-05
2613,1719.0000,NetBanking,2024-02-27
15959,501.3600,Wallet,2024-01-28
5692,1909.1300,NetBanking,2024-01-08
98,1082.1400,UPI,2024-03-01
12732,1790.4600,Card,2024-02-14
9518,642.4800,Card,2024-02-19
12302,515.9800,Wallet,2024-01-09
6505,214.3600,UPI,2024-02-12
19272,751.3600,Wallet,2024-02-16
18399,155.8000,NetBanking,2024-01-04
6263,1779.7400,Wallet,2024-03-01
12062,1694.3400,Card,2024-01-03
9752,245.0800,Card,2024-02-02
2201,1943.6100,Card,2024-01-23
2963,888.0200,Card,2024-01-19
18555,305.1600,NetBanking,2024-01-14
1466,857.2100,Wallet,2024-01-08
8497,1120.3300,NetBanking,2024-01-22
10866,1352.7600,NetBanking,2024-02-15
16155,1965.8200,Wallet,2024-02-14
4928,1452.6000,NetBanking,2024-01-22
19924,517.8600,Card,2024-01-08
15328,1696.8400,Card,2024-02-02
14812,1894.0600,Card,2024-01-27
3680,1458.8400,UPI,2024-02-19
18139,1172.0600,Card,2024-01-28
2912,1308.8500,UPI,2024-01-31
3717,1310.3700,NetBanking,2024-01-24
2412,1213.5100,Card,2024-01-19
4637,1883.4000,NetBanking,2024-02-14
7462,1993.9000,UPI,2024-02-28
12654,873.2900,UPI,2024-02-23
14193,1852.7500,Wallet,2024-01-25
6531,356.5800,Wallet,2024-01-13
10296,369.2700,Card,2024-01-23
12551,1313.9000,NetBanking,2024-01-01
9684,593.3600,Wallet,2024-01-25
17270,1357.0700,UPI,2024-01-14
187,622.2600,NetBanking,2024-01-03
3758,428.5600,UPI,2024-02-03
8544,1775.7500,UPI,2024-02-03
14598,1597.1100,UPI,2024-02-27
6541,461.0300,Wallet,2024-02-19
18735,1631.5600,UPI,2024-02-05
2275,450.8500,Wallet,2024-01-12
15404,764.6300,UPI,2024-02-20
6430,1310.0100,Card,2024-01-27
1560,1418.3200,UPI,2024-02-04
141,367.7700,Card,2024-02-14
5241,1972.8600,Card,2024-01-22
16820,1383.5100,UPI,2024-02-01
12522,832.1300,UPI,2024-01-23
13581,329.1900,UPI,2024-01-03
1974,143.1600,NetBanking,2024-02-03
6889,1394.1700,NetBanking,2024-02-08
18275,1485.9300,Wallet,2024-01-02
15838,943.6100,Wallet,2024-01-17
3134,387.1300,NetBanking,2024-02-09
14481,737.2400,UPI,2024-01-05
2733,263.4200,Card,2024-01-24
11033,1507.2800,Card,2024-01-20
15123,1159.2900,Card,2024-02-22
3215,1289.2600,UPI,2024-01-29
13953,1620.7900,Card,2024-01-28
10391,517.4800,Card,2024-01-18
14737,768.0300,UPI,2024-01-11
169,351.8500,Wallet,2024-02-13
9550,1785.0300,NetBanking,2024-02-26
19154,1444.5400,UPI,2024-01-08
418,1205.1900,Card,2024-01-08
12304,1775.3200,NetBanking,2024-01-11
6690,546.9800,UPI,2024-02-06
9027,568.0100,Card,2024-01-07
11897,1411.6800,Card,2024-02-01
16460,887.8100,UPI,2024-01-07
10854,650.5600,NetBanking,2024-01-04
1043,320.0000,UPI,2024-02-26
19782,812.0000,Card,2024-01-27
17768,869.9100,UPI,2024-01-31
3976,735.3600,Wallet,2024-03-01
291,633.7400,Wallet,2024-01-30
19547,605.4200,Card,2024-02-12
9149,1707.6400,Card,2024-01-14
16631,482.3200,NetBanking,2024-02-21
17949,576.1200,NetBanking,2024-01-12
6752,869.2400,UPI,2024-02-13
1633,485.1700,Wallet,2024-01-04
3255,1466.5300,NetBanking,2024-02-18
19185,119.4700,Wallet,2024-02-28
13892,902.7800,UPI,2024-02-13
15138,1718.3600,NetBanking,2024-01-22
5460,1784.7100,Card,2024-03-01
7894,1154.7000,NetBanking,2024-01-20
12232,419.2600,Wallet,2024-01-16
19128,1326.7700,Card,2024-02-18
4133,1372.4900,UPI,2024-02-22
6859,1571.8300,Wallet,2024-02-04
4214,185.8100,UPI,2024-02-15
11936,1469.6900,UPI,2024-01-26
4599,471.2400,NetBanking,2024-01-10
4871,665.4700,Card,2024-02-24
14975,1723.4500,UPI,2024-02-26
16405,1580.9000,Card,2024-02-11
13571,417.4300,Wallet,2024-02-23
6575,907.9800,UPI,2024-02-29
19467,328.7900,UPI,2024-01-18
6131,791.0600,Wallet,2024-01-06
1095,471.7500,Card,2024-01-25
13566,774.3100,Wallet,2024-03-01
12651,1409.3200,NetBanking,2024-02-17
17970,909.1300,Card,2024-01-30
16381,135.0100,NetBanking,2024-02-28
10291,473.2100,UPI,2024-02-20
16471,1336.7400,UPI,2024-01-12
3664,1836.7700,UPI,2024-01-17
6423,1603.6600,Wallet,2024-02-20
18536,1605.1700,Wallet,2024-02-04
6268,738.0200,NetBanking,2024-02-22
5066,1296.4600,Card,2024-02-19
14724,237.2900,UPI,2024-02-27
8675,1686.0800,NetBanking,2024-01-18
18140,445.7500,NetBanking,2024-02-16
6856,1507.2000,Card,2024-01-27
10995,1858.0000,UPI,2024-02-24
11675,992.0700,NetBanking,2024-02-24
2477,1435.8900,NetBanking,2024-01-21
9654,254.6500,Wallet,2024-01-18
3003,1762.1400,NetBanking,2024-02-02
16837,215.8700,Card,2024-01-31
5517,1760.8800,Card,2024-02-18
11006,745.8700,UPI,2024-02-16
18925,832.9700,Wallet,2024-02-04
13623,1599.3500,UPI,2024-01-03
5802,1088.2200,Wallet,2024-02-13
6046,1746.4600,Wallet,2024-01-24
11022,1395.5400,UPI,2024-02-12
16299,1966.5800,Card,2024-01-12
8004,944.7200,NetBanking,2024-01-18
9964,1188.6500,Card,2024-01-01
16741,1415.3000,NetBanking,2024-02-18
3248,311.2700,NetBanking,2024-01-25
18364,996.8200,Wallet,2024-02-09
2511,1140.2500,UPI,2024-01-06
3229,1912.9300,NetBanking,2024-01-15
923,855.4900,UPI,2024-02-15
19629,1813.8400,Wallet,2024-01-17
18718,1068.2100,NetBanking,2024-02-15
7570,1827.7600,NetBanking,2024-01-20
14159,353.9600,Card,2024-01-13
3117,1728.2800,Card,2024-02-18
4547,1047.5300,UPI,2024-01-08
4977,227.0200,NetBanking,2024-02-02
7138,525.6600,UPI,2024-01-15
2902,1165.8000,Wallet,2024-01-21
5152,899.0200,NetBanking,2024-01-01
1837,1898.3700,Card,2024-01-23
18814,1654.7000,UPI,2024-01-08
5343,645.0700,NetBanking,2024-02-02
11413,724.9700,Card,2024-01-03
18994,1583.4600,NetBanking,2024-01-17
2059,895.7300,NetBanking,2024-02-27
17089,1283.8200,NetBanking,2024-01-30
14338,1779.8900,Wallet,2024-01-20
1778,1495.5100,Card,2024-02-29
